timestamp,FR_Hip,FR_Thigh,FR_Calf,FL_Hip,FL_Thigh,FL_Calf,BR_Hip,BR_Thigh,BR_Calf,BL_Hip,BL_Thigh,BL_Calf
1782329008.571,90.00,43.54,116.03,93.00,129.63,65.80,97.00,46.53,116.60,97.00,121.87,66.01
1782329008.684,90.00,43.55,116.03,93.00,129.67,65.78,97.00,46.57,116.57,97.00,121.88,66.01
1782329008.798,90.00,43.56,116.02,93.00,129.70,65.75,97.00,46.61,116.53,97.00,121.89,66.00
1782329008.910,90.00,43.56,116.01,93.00,129.74,65.72,97.00,46.65,116.50,97.00,121.89,65.99
1782329009.023,90.00,43.57,116.01,93.00,129.77,65.69,97.00,46.69,116.47,97.00,121.90,65.99
1782329009.135,90.00,43.58,116.00,93.00,129.81,65.66,97.00,46.73,116.43,97.00,121.91,65.98
1782329009.251,90.00,43.59,116.00,93.00,129.85,65.63,97.00,46.77,116.40,97.00,121.92,65.98
1782329009.364,90.00,43.60,115.99,93.00,129.88,65.61,97.00,46.81,116.37,97.00,121.92,65.97
1782329009.476,90.00,43.60,115.98,93.00,129.92,65.58,97.00,46.85,116.33,97.00,121.93,65.96
1782329009.750,90.00,43.62,115.97,93.00,130.00,65.51,97.00,46.95,116.25,97.00,121.95,65.95
1782329009.862,90.00,43.63,115.96,93.00,130.04,65.48,97.00,46.99,116.22,97.00,121.96,65.94
1782329009.974,90.00,43.64,115.96,93.00,130.07,65.45,97.00,47.03,116.19,97.00,121.96,65.94
1782329010.086,90.00,43.64,115.95,93.00,130.11,65.42,97.00,47.07,116.15,97.00,121.97,65.93
1782329010.203,90.00,43.65,115.94,93.00,130.15,65.40,97.00,47.11,116.12,97.00,121.98,65.93
1782329010.316,90.00,43.66,115.94,93.00,130.18,65.37,97.00,47.16,116.09,97.00,121.99,65.92
1782329010.428,90.00,43.67,115.93,93.00,130.22,65.34,97.00,47.20,116.05,97.00,121.99,65.91
1782329010.926,90.00,43.70,115.90,93.00,130.38,65.22,97.00,47.38,115.90,97.00,122.03,65.89
1782329011.037,90.00,43.71,115.90,93.00,130.41,65.19,97.00,47.42,115.87,97.00,122.03,65.88
1782329011.152,90.00,43.72,115.89,93.00,130.45,65.16,97.00,47.46,115.84,97.00,122.04,65.88
1782329011.264,90.00,43.73,115.88,93.00,130.48,65.13,97.00,47.50,115.80,97.00,122.05,65.87
1782329011.377,90.00,43.73,115.88,93.00,130.52,65.10,97.00,47.54,115.77,97.00,122.06,65.86
1782329011.489,90.00,43.74,115.87,93.00,130.55,65.08,97.00,47.58,115.74,97.00,122.06,65.86
1782329011.718,90.00,43.76,115.86,93.00,130.62,65.02,97.00,47.67,115.67,97.00,122.08,65.85
1782329011.831,90.00,43.76,115.85,93.00,130.66,64.99,97.00,47.71,115.63,97.00,122.09,65.84
1782329011.944,90.00,43.77,115.85,93.00,130.70,64.96,97.00,47.75,115.60,97.00,122.09,65.83
1782329012.057,90.00,43.78,115.84,93.00,130.73,64.94,97.00,47.79,115.57,97.00,122.10,65.83
1782329012.169,90.00,43.79,115.83,93.00,130.77,64.91,97.00,47.83,115.53,97.00,122.11,65.82
1782329012.282,90.00,43.80,115.83,93.00,130.80,64.88,97.00,47.87,115.50,97.00,122.11,65.82
1782329012.394,90.00,43.80,115.82,93.00,130.84,64.85,97.00,47.92,115.47,97.00,122.12,65.81
1782329012.529,90.00,43.81,115.81,93.00,130.88,64.82,97.00,47.97,115.42,97.00,122.13,65.80
1782329012.641,90.00,43.82,115.81,93.00,130.91,64.79,97.00,48.01,115.39,97.00,122.14,65.80
1782329012.755,90.00,43.83,115.80,93.00,130.95,64.76,97.00,48.05,115.36,97.00,122.15,65.79
1782329012.867,90.00,43.84,115.79,93.00,130.99,64.74,97.00,48.09,115.32,97.00,122.15,65.78
1782329012.980,90.00,43.84,115.79,93.00,131.02,64.71,97.00,48.13,115.29,97.00,122.16,65.78
1782329013.092,90.00,43.85,115.78,93.00,131.06,64.68,97.00,48.17,115.26,97.00,122.17,65.77
1782329013.207,90.00,43.86,115.78,93.00,131.09,64.65,97.00,48.22,115.22,97.00,122.18,65.77
1782329013.319,90.00,43.87,115.77,93.00,131.13,64.63,97.00,48.26,115.19,97.00,122.18,65.76
1782329013.431,90.00,43.87,115.76,93.00,131.16,64.60,97.00,48.30,115.15,97.00,122.19,65.76
1782329013.680,90.00,58.02,118.28,93.00,133.65,96.99,97.00,34.35,92.01,97.00,108.10,62.48
1782329013.791,90.00,57.65,117.92,93.00,137.96,94.58,97.00,30.04,94.42,97.00,108.50,62.85
1782329013.903,90.00,56.64,117.18,93.00,141.56,91.80,97.00,26.44,97.20,97.00,109.31,63.87
1782329014.015,90.00,55.40,115.74,93.00,144.29,88.62,97.00,23.71,100.38,97.00,110.81,65.19
1782329014.128,90.00,53.92,113.70,93.00,146.01,85.04,97.00,21.99,103.96,97.00,112.83,66.90
1782329014.240,90.00,51.70,111.66,93.00,146.57,81.08,97.00,21.43,107.92,97.00,114.71,69.45
1782329014.352,90.00,49.82,108.83,93.00,145.92,76.81,97.00,22.08,112.19,97.00,117.22,72.00
1782329014.464,90.00,47.66,105.93,93.00,144.09,72.41,97.00,23.91,116.59,97.00,119.54,75.04
1782329014.777,90.00,45.56,104.68,93.00,142.48,69.82,97.00,25.52,119.18,97.00,120.12,77.48
1782329014.889,90.00,44.00,101.24,93.00,139.12,65.84,97.00,28.88,123.16,97.00,122.69,80.43
1782329015.001,90.00,42.15,98.18,93.00,135.16,62.56,97.00,32.84,126.44,97.00,124.56,83.66
1782329015.114,90.00,40.61,95.27,93.00,130.91,60.30,97.00,37.09,128.70,97.00,126.19,86.68
1782329015.227,90.00,39.72,92.49,93.00,126.62,59.23,97.00,41.38,129.77,97.00,127.84,89.20
1782329015.339,90.00,38.90,90.27,93.00,122.45,59.41,97.00,45.55,129.59,97.00,128.95,91.38
1782329015.451,90.00,38.24,88.68,93.00,118.48,60.77,97.00,49.52,128.23,97.00,129.62,93.05
1782329015.856,90.00,38.15,87.94,93.00,116.21,62.09,97.00,51.79,126.91,97.00,130.05,93.67
1782329015.967,90.00,38.14,87.28,93.00,112.62,65.02,97.00,55.38,123.98,97.00,130.46,94.18
1782329016.080,90.00,32.15,90.15,93.00,117.95,59.39,97.00,63.91,115.42,97.00,130.85,93.85
1782329016.192,90.00,28.17,92.74,93.00,118.93,59.79,97.00,63.71,114.51,97.00,134.83,91.26
1782329016.304,90.00,24.98,95.71,93.00,119.73,61.58,97.00,61.97,114.10,97.00,138.02,88.29
1782329016.416,90.00,22.73,99.09,93.00,121.73,63.15,97.00,60.89,112.32,97.00,140.27,84.91
1782329016.532,90.00,21.70,102.08,93.00,123.24,65.15,97.00,59.27,111.05,97.00,141.30,81.92
1782329016.644,90.00,21.49,106.15,93.00,126.34,67.23,97.00,58.42,108.04,97.00,141.51,77.85
1782329016.756,90.00,22.49,110.48,93.00,128.03,70.99,97.00,55.29,106.39,97.00,140.51,73.52
1782329016.867,90.00,24.65,114.86,93.00,130.05,74.68,97.00,52.67,104.06,97.00,138.35,69.14
1782329016.979,90.00,27.77,118.99,93.00,132.34,78.19,97.00,50.66,101.20,97.00,135.23,65.01
1782329017.091,90.00,31.58,122.53,93.00,135.29,81.24,97.00,49.92,97.65,97.00,131.42,61.47
1782329017.203,90.00,35.76,125.13,93.00,137.24,84.53,97.00,48.53,94.79,97.00,127.24,58.87
1782329017.517,90.00,40.07,126.57,93.00,138.93,87.47,97.00,47.51,92.14,97.00,122.93,57.43
1782329017.628,90.00,44.29,126.78,93.00,140.21,89.99,97.00,46.69,89.90,97.00,118.71,57.22
1782329017.741,90.00,48.32,125.77,93.00,140.90,92.00,97.00,45.84,88.31,97.00,114.68,58.23
1782329017.853,90.00,52.13,123.67,93.00,142.12,93.05,97.00,46.31,86.75,97.00,110.87,60.33
1782329017.969,90.00,55.69,120.68,93.00,141.77,93.79,97.00,45.43,86.64,97.00,107.31,63.32
1782329018.081,90.00,58.54,117.46,93.00,136.24,95.63,97.00,31.76,93.37,97.00,108.87,61.99
1782329018.193,90.00,58.28,116.41,93.00,140.16,93.00,97.00,27.84,96.00,97.00,109.95,62.30
1782329018.305,90.00,57.17,115.25,93.00,143.27,89.99,97.00,24.73,99.01,97.00,111.21,63.50
1782329018.506,90.00,56.26,114.98,93.00,144.26,88.68,97.00,23.74,100.32,97.00,111.54,64.42
1782329018.618,90.00,54.60,113.15,93.00,145.99,85.10,97.00,22.01,103.90,97.00,113.39,66.32
1782329018.729,90.00,53.12,110.53,93.00,146.57,81.14,97.00,21.43,107.86,97.00,115.93,68.34
1782329018.842,90.00,50.61,108.28,93.00,145.94,76.88,97.00,22.06,112.12,97.00,117.88,71.41
1782329018.957,90.00,48.74,105.22,93.00,144.13,72.48,97.00,23.87,116.52,97.00,120.47,74.30
1782329019.070,90.00,46.14,102.55,93.00,141.28,68.23,97.00,26.72,120.77,97.00,122.26,77.87
1782329019.181,90.00,45.00,98.97,93.00,137.65,64.48,97.00,30.35,124.52,97.00,125.06,80.73
1782329019.298,90.00,43.32,95.99,93.00,133.55,61.56,97.00,34.45,127.44,97.00,126.89,83.95
1782329019.501,90.00,42.33,93.00,93.00,129.26,59.74,97.00,38.74,129.26,97.00,128.80,86.72
1782329019.616,90.00,41.00,90.73,93.00,125.00,59.15,97.00,43.00,129.85,97.00,129.82,89.40
1782329019.728,90.00,39.70,89.05,93.00,120.90,59.80,97.00,47.10,129.20,97.00,130.26,91.65
1782329019.840,90.00,38.78,87.88,93.00,117.02,61.58,97.00,50.98,127.42,97.00,130.48,93.23
1782329019.952,90.00,39.70,86.60,93.00,113.38,64.32,97.00,54.62,124.68,97.00,131.85,93.52
1782329020.065,90.00,33.10,89.64,93.00,118.53,58.55,97.00,64.99,114.57,97.00,129.90,94.36
1782329020.177,90.00,28.97,92.15,93.00,119.35,58.88,97.00,64.85,113.81,97.00,134.03,91.85
1782329020.290,90.00,25.59,95.04,93.00,120.36,60.24,97.00,63.64,113.13,97.00,137.41,88.96
1782329020.402,90.00,23.12,98.32,93.00,121.84,62.19,97.00,61.99,112.03,97.00,139.88,85.68
1782329020.521,90.00,21.91,101.25,93.00,123.70,63.75,97.00,61.00,110.38,97.00,141.09,82.75
1782329020.632,90.00,21.43,105.24,93.00,124.61,67.62,97.00,57.19,109.84,97.00,141.57,78.76
1782329020.744,90.00,22.17,109.53,93.00,127.42,70.35,97.00,55.65,107.01,97.00,140.83,74.47
1782329020.855,90.00,24.09,113.92,93.00,129.92,73.67,97.00,53.62,104.31,97.00,138.91,70.08
1782329020.968,90.00,27.02,118.14,93.00,133.10,76.70,97.00,52.66,100.77,97.00,135.98,65.86
1782329021.080,90.00,30.71,121.83,93.00,135.76,80.02,97.00,51.46,97.53,97.00,132.29,62.17
1782329021.193,90.00,34.84,124.66,93.00,138.29,83.18,97.00,50.68,94.29,97.00,128.16,59.34
1782329021.305,90.00,39.14,126.37,93.00,139.57,86.47,97.00,48.95,91.98,97.00,123.86,57.63
1782329021.418,90.00,43.39,126.84,93.00,140.94,89.12,97.00,48.09,89.67,97.00,119.61,57.16
1782329021.603,90.00,46.67,126.33,93.00,141.58,90.91,97.00,47.35,88.29,97.00,116.33,57.67
1782329021.714,90.00,50.57,124.67,93.00,142.58,92.39,97.00,47.28,86.71,97.00,112.43,59.33
1782329021.826,90.00,54.24,122.02,93.00,143.17,93.18,97.00,47.35,85.81,97.00,108.76,61.98
1782329021.939,90.00,59.92,116.34,93.00,134.42,96.61,97.00,33.58,92.39,97.00,109.80,60.70
1782329022.052,90.00,59.94,115.46,93.00,138.62,94.14,97.00,29.38,94.86,97.00,110.69,60.76
1782329022.163,90.00,58.70,114.83,93.00,142.08,91.29,97.00,25.92,97.71,97.00,111.49,62.04
1782329022.277,90.00,57.63,113.16,93.00,144.66,88.05,97.00,23.34,100.95,97.00,113.27,63.35
1782329022.504,90.00,56.88,112.56,93.00,145.40,86.64,97.00,22.60,102.36,97.00,113.92,64.19
1782329022.615,90.00,55.13,110.50,93.00,146.48,82.83,97.00,21.52,106.17,97.00,116.03,66.39
1782329022.726,90.00,52.77,108.38,93.00,146.35,78.68,97.00,21.65,110.32,97.00,118.03,69.31
1782329022.839,90.00,51.19,105.27,93.00,145.02,74.31,97.00,22.98,114.69,97.00,120.86,71.98
1782329022.956,90.00,48.87,102.52,93.00,142.58,69.96,97.00,25.42,119.04,97.00,123.02,75.39
1782329023.069,90.00,47.44,99.16,93.00,139.24,65.96,97.00,28.76,123.04,97.00,125.69,78.47
1782329023.181,90.00,45.52,96.28,93.00,135.29,62.65,97.00,32.71,126.35,97.00,127.53,81.89
1782329023.294,90.00,43.91,93.52,93.00,131.05,60.35,97.00,36.95,128.65,97.00,129.13,85.07
1782329023.406,90.00,43.05,90.79,93.00,126.75,59.25,97.00,41.25,129.75,97.00,130.81,87.71
1782329023.594,90.00,42.47,88.51,93.00,122.58,59.39,97.00,45.42,129.61,97.00,132.14,89.91
1782329023.706,90.00,41.40,87.16,93.00,118.60,60.71,97.00,49.40,128.29,97.00,132.47,91.80
1782329023.817,90.00,47.25,113.01,93.00,132.82,63.31,97.00,50.33,113.50,97.00,125.26,63.31
1782329023.928,90.00,46.24,113.83,93.00,134.07,62.35,97.00,51.93,112.20,97.00,124.37,64.01
1782329024.039,90.00,47.12,113.11,93.00,133.10,63.10,97.00,50.68,113.22,97.00,125.15,63.39
1782329024.150,90.00,46.72,113.44,93.00,133.76,62.59,97.00,51.53,112.53,97.00,124.80,63.67
1782329024.260,90.00,47.00,113.21,93.00,133.31,62.93,97.00,50.94,113.00,97.00,125.05,63.48
1782329024.372,90.00,46.67,113.48,93.00,133.64,62.68,97.00,51.37,112.66,97.00,124.76,63.70
1782329024.506,90.00,46.92,113.27,93.00,133.49,62.79,97.00,51.18,112.81,97.00,124.98,63.53
1782329024.617,90.00,46.89,113.30,93.00,133.57,62.73,97.00,51.28,112.73,97.00,124.95,63.55
1782329024.728,90.00,46.97,113.24,93.00,133.56,62.74,97.00,51.27,112.74,97.00,125.02,63.50
1782329024.839,90.00,46.93,113.27,93.00,133.64,62.68,97.00,51.38,112.65,97.00,124.99,63.52
1782329024.950,90.00,47.01,113.21,93.00,133.64,62.68,97.00,51.37,112.66,97.00,125.05,63.47
1782329025.061,90.00,47.01,113.21,93.00,134.03,62.38,97.00,51.89,112.24,97.00,125.05,63.47
1782329025.174,90.00,47.04,113.18,93.00,133.72,62.62,97.00,51.47,112.57,97.00,125.09,63.44
1782329025.285,90.00,47.01,113.21,93.00,133.80,62.55,97.00,51.59,112.48,97.00,125.05,63.47
1782329025.508,90.00,47.07,113.15,93.00,133.86,62.51,97.00,51.66,112.43,97.00,125.11,63.42
1782329025.620,90.00,47.07,113.16,93.00,133.85,62.52,97.00,51.65,112.43,97.00,125.11,63.43
1782329025.731,90.00,47.10,113.13,93.00,133.94,62.45,97.00,51.77,112.34,97.00,125.13,63.41
1782329025.842,90.00,47.09,113.14,93.00,133.94,62.45,97.00,51.76,112.34,97.00,125.13,63.41
1782329025.953,90.00,47.12,113.12,93.00,133.97,62.43,97.00,51.80,112.31,97.00,125.15,63.39
1782329026.064,90.00,47.15,113.09,93.00,133.99,62.41,97.00,51.83,112.28,97.00,125.18,63.37
1782329026.174,90.00,47.17,113.07,93.00,134.02,62.39,97.00,51.87,112.26,97.00,125.20,63.35
1782329026.286,90.00,47.17,113.08,93.00,134.08,62.35,97.00,51.95,112.19,97.00,125.19,63.36
1782329026.398,90.00,47.23,113.03,93.00,134.08,62.35,97.00,51.94,112.20,97.00,125.25,63.32
1782329026.510,90.00,47.22,113.03,93.00,134.14,62.30,97.00,52.02,112.13,97.00,125.24,63.32
1782329026.621,90.00,47.28,112.98,93.00,134.13,62.31,97.00,52.02,112.14,97.00,125.29,63.28
1782329026.732,90.00,47.27,112.99,93.00,134.19,62.26,97.00,52.09,112.07,97.00,125.29,63.29
1782329026.844,90.00,47.13,113.10,93.00,134.36,62.14,97.00,52.32,111.90,97.00,125.16,63.38
1782329026.955,90.00,47.33,112.94,93.00,134.25,62.22,97.00,52.17,112.01,97.00,125.33,63.25
1782329027.066,90.00,47.36,112.92,93.00,134.27,62.20,97.00,52.21,111.98,97.00,125.36,63.23
1782329027.179,90.00,47.38,112.90,93.00,134.30,62.18,97.00,52.24,111.95,97.00,125.38,63.21
1782329027.289,90.00,47.41,112.88,93.00,134.33,62.15,97.00,52.28,111.92,97.00,125.40,63.19
1782329027.401,90.00,47.43,112.86,93.00,134.36,62.13,97.00,52.32,111.89,97.00,125.42,63.18
1782329027.647,90.00,47.49,112.81,93.00,134.42,62.08,97.00,52.40,111.82,97.00,125.48,63.14
1782329027.761,90.00,47.52,112.79,93.00,134.45,62.06,97.00,52.44,111.79,97.00,125.50,63.12
1782329027.873,90.00,47.55,112.77,93.00,134.48,62.04,97.00,52.48,111.76,97.00,125.52,63.10
1782329027.984,90.00,47.57,112.74,93.00,134.51,62.02,97.00,52.52,111.73,97.00,125.54,63.08
1782329028.096,90.00,47.60,112.72,93.00,134.54,62.00,97.00,52.56,111.70,97.00,125.57,63.06
1782329028.207,90.00,47.63,112.70,93.00,134.57,61.98,97.00,52.60,111.67,97.00,125.59,63.05
1782329028.318,90.00,47.65,112.68,93.00,134.60,61.96,97.00,52.64,111.64,97.00,125.61,63.03
1782329028.504,90.00,47.70,112.64,93.00,134.64,61.92,97.00,52.70,111.59,97.00,125.65,63.00
1782329028.616,90.00,47.72,112.62,93.00,134.67,61.90,97.00,52.74,111.56,97.00,125.67,62.98
1782329028.730,90.00,47.75,112.60,93.00,134.70,61.88,97.00,52.78,111.52,97.00,125.70,62.96
1782329028.844,90.00,47.82,112.55,93.00,134.70,61.88,97.00,52.77,111.53,97.00,125.75,62.92
1782329028.958,90.00,47.85,112.52,93.00,134.73,61.86,97.00,52.81,111.50,97.00,125.78,62.90
1782329029.070,90.00,47.87,112.50,93.00,134.75,61.84,97.00,52.85,111.47,97.00,125.80,62.88
1782329029.186,90.00,47.90,112.47,93.00,134.78,61.82,97.00,52.89,111.44,97.00,125.83,62.86
1782329029.299,90.00,47.93,112.45,93.00,134.81,61.79,97.00,52.92,111.41,97.00,125.85,62.84
1782329029.411,90.00,47.96,112.43,93.00,134.84,61.77,97.00,52.96,111.38,97.00,125.88,62.82
1782329029.526,90.00,47.99,112.40,93.00,134.86,61.75,97.00,53.00,111.35,97.00,125.90,62.80
1782329029.639,90.00,48.02,112.38,93.00,134.89,61.73,97.00,53.03,111.32,97.00,125.93,62.78
1782329029.754,90.00,47.97,112.42,93.00,134.92,61.71,97.00,53.07,111.29,97.00,125.89,62.81
1782329029.866,90.00,48.04,112.37,93.00,134.98,61.67,97.00,53.15,111.22,97.00,125.94,62.77
1782329029.978,90.00,48.06,112.34,93.00,135.01,61.65,97.00,53.19,111.19,97.00,125.96,62.75
1782329030.090,90.00,48.09,112.32,93.00,135.03,61.63,97.00,53.23,111.16,97.00,125.99,62.73
1782329030.204,90.00,48.12,112.30,93.00,135.06,61.60,97.00,53.27,111.13,97.00,126.01,62.72
1782329221.133,90.00,42.32,117.02,93.00,129.44,65.96,97.00,42.32,120.02,97.00,120.68,66.98,-0.18,-0.17,-0.18,-0.18
1782329221.245,90.00,42.32,117.02,93.00,129.46,65.94,97.00,42.32,120.02,97.00,120.68,66.98,-0.18,-0.17,-0.18,-0.18
1782329221.358,90.00,42.32,117.02,93.00,129.49,65.92,97.00,42.32,120.02,97.00,120.68,66.98,-0.18,-0.17,-0.18,-0.18
1782329221.473,90.00,42.32,117.02,93.00,129.52,65.89,97.00,42.32,120.02,97.00,120.68,66.98,-0.18,-0.17,-0.18,-0.18
1782329221.585,90.00,42.32,117.02,93.00,129.54,65.87,97.00,42.32,120.02,97.00,120.68,66.98,-0.18,-0.17,-0.18,-0.18
1782329221.698,90.00,42.32,117.02,93.00,129.57,65.85,97.00,42.32,120.02,97.00,120.68,66.98,-0.18,-0.17,-0.18,-0.18
1782329221.814,90.00,42.32,117.02,93.00,129.60,65.83,97.00,42.32,120.02,97.00,120.68,66.98,-0.18,-0.17,-0.18,-0.18
1782329221.926,90.00,42.32,117.02,93.00,129.63,65.81,97.00,42.32,120.02,97.00,120.68,66.98,-0.18,-0.17,-0.18,-0.18
1782329222.040,90.00,42.32,117.02,93.00,129.65,65.79,97.00,42.32,120.02,97.00,120.68,66.98,-0.18,-0.17,-0.18,-0.18
1782329222.154,90.00,42.32,117.02,93.00,129.68,65.76,97.00,42.32,120.02,97.00,120.68,66.98,-0.18,-0.17,-0.18,-0.18
1782329222.256,90.00,42.32,117.02,93.00,129.70,65.75,97.00,42.32,120.02,97.00,120.68,66.98,-0.18,-0.17,-0.18,-0.18
1782329222.370,90.00,42.32,117.02,93.00,129.73,65.72,97.00,42.32,120.02,97.00,120.68,66.98,-0.18,-0.17,-0.18,-0.18
1782329222.482,90.00,42.32,117.02,93.00,129.76,65.70,97.00,42.32,120.02,97.00,120.68,66.98,-0.18,-0.17,-0.18,-0.18
1782329222.595,90.00,42.32,117.02,93.00,129.79,65.68,97.00,42.32,120.02,97.00,120.68,66.98,-0.18,-0.17,-0.18,-0.18
1782329222.706,90.00,42.32,117.02,93.00,129.81,65.66,97.00,42.32,120.02,97.00,120.68,66.98,-0.18,-0.17,-0.18,-0.18
1782329222.818,90.00,42.32,117.02,93.00,129.84,65.64,97.00,42.32,120.02,97.00,120.68,66.98,-0.18,-0.17,-0.18,-0.18
1782329222.931,90.00,42.32,117.02,93.00,129.87,65.62,97.00,42.32,120.02,97.00,120.68,66.98,-0.18,-0.17,-0.18,-0.18
1782329223.044,90.00,42.32,117.02,93.00,129.89,65.60,97.00,42.32,120.02,97.00,120.68,66.98,-0.18,-0.17,-0.18,-0.18
1782329223.157,90.00,42.32,117.02,93.00,129.92,65.58,97.00,42.32,120.02,97.00,120.68,66.98,-0.18,-0.17,-0.18,-0.18
1782329223.269,90.00,42.32,117.02,93.00,129.95,65.55,97.00,42.32,120.02,97.00,120.68,66.98,-0.18,-0.17,-0.18,-0.18
1782329223.380,90.00,42.32,117.02,93.00,129.97,65.53,97.00,42.32,120.02,97.00,120.68,66.98,-0.18,-0.17,-0.18,-0.18
1782329223.493,90.00,42.32,117.02,93.00,130.00,65.51,97.00,42.32,120.02,97.00,120.68,66.98,-0.18,-0.17,-0.18,-0.18
1782329223.607,90.00,42.32,117.02,93.00,130.03,65.49,97.00,42.32,120.02,97.00,120.68,66.98,-0.18,-0.17,-0.18,-0.18
1782329223.719,90.00,42.32,117.02,93.00,130.05,65.47,97.00,42.32,120.02,97.00,120.68,66.98,-0.18,-0.17,-0.18,-0.18
1782329223.830,90.00,44.07,115.60,93.00,130.08,65.45,97.00,47.04,116.18,97.00,122.38,65.60,-0.19,-0.17,-0.20,-0.18
1782329223.943,90.00,43.72,115.89,93.00,130.78,64.90,97.00,47.85,115.52,97.00,122.05,65.87,-0.19,-0.16,-0.20,-0.18
1782329224.055,90.00,44.37,115.36,93.00,130.44,65.17,97.00,47.45,115.85,97.00,122.66,65.38,-0.19,-0.16,-0.20,-0.17
1782329224.166,90.00,44.24,115.46,93.00,130.34,65.25,97.00,47.33,115.94,97.00,122.54,65.47,-0.19,-0.17,-0.20,-0.17
1782329224.280,90.00,44.14,115.55,93.00,130.19,65.36,97.00,47.16,116.08,97.00,122.44,65.55,-0.19,-0.17,-0.20,-0.18
1782329224.392,90.00,44.31,115.41,93.00,130.07,65.46,97.00,47.02,116.19,97.00,122.61,65.42,-0.19,-0.17,-0.20,-0.17
1782329224.506,90.00,44.17,115.52,93.00,130.24,65.32,97.00,47.22,116.03,97.00,122.47,65.53,-0.19,-0.17,-0.20,-0.17
1782329224.619,90.00,44.15,115.54,93.00,130.30,65.27,97.00,47.29,115.98,97.00,122.45,65.54,-0.19,-0.17,-0.20,-0.18
1782329224.731,90.00,44.17,115.52,93.00,130.33,65.25,97.00,47.32,115.95,97.00,122.47,65.53,-0.19,-0.17,-0.20,-0.17
1782329224.842,90.00,44.15,115.54,93.00,130.32,65.26,97.00,47.32,115.95,97.00,122.45,65.55,-0.19,-0.17,-0.20,-0.18
1782329224.953,90.00,44.20,115.50,93.00,130.38,65.21,97.00,47.39,115.90,97.00,122.50,65.51,-0.19,-0.17,-0.20,-0.17
1782329225.065,90.00,44.18,115.52,93.00,130.38,65.21,97.00,47.38,115.90,97.00,122.48,65.52,-0.19,-0.17,-0.20,-0.17
1782329225.178,90.00,44.19,115.50,93.00,130.41,65.19,97.00,47.41,115.88,97.00,122.49,65.51,-0.19,-0.17,-0.20,-0.17
1782329225.293,90.00,44.05,115.62,93.00,130.29,65.28,97.00,47.28,115.99,97.00,122.35,65.62,-0.19,-0.17,-0.20,-0.18
1782329225.405,90.00,44.22,115.48,93.00,130.46,65.15,97.00,47.48,115.82,97.00,122.52,65.49,-0.19,-0.16,-0.20,-0.17
1782329225.517,90.00,44.23,115.47,93.00,130.49,65.13,97.00,47.51,115.80,97.00,122.53,65.48,-0.19,-0.16,-0.20,-0.17
1782329225.630,90.00,44.25,115.46,93.00,130.51,65.11,97.00,47.54,115.77,97.00,122.54,65.47,-0.19,-0.16,-0.20,-0.17
1782329225.742,90.00,44.26,115.45,93.00,130.54,65.09,97.00,47.57,115.75,97.00,122.56,65.46,-0.19,-0.16,-0.20,-0.17
1782329225.854,90.00,44.27,115.44,93.00,130.57,65.06,97.00,47.60,115.72,97.00,122.57,65.45,-0.19,-0.16,-0.20,-0.17
1782329225.966,90.00,44.29,115.43,93.00,130.59,65.04,97.00,47.63,115.70,97.00,122.58,65.44,-0.19,-0.16,-0.20,-0.17
1782329226.079,90.00,44.30,115.42,93.00,130.62,65.02,97.00,47.66,115.67,97.00,122.60,65.43,-0.19,-0.16,-0.20,-0.17
1782329226.191,90.00,44.31,115.40,93.00,130.65,65.00,97.00,47.69,115.65,97.00,122.61,65.42,-0.19,-0.16,-0.20,-0.17
1782329226.303,90.00,44.33,115.39,93.00,130.67,64.98,97.00,47.72,115.62,97.00,122.62,65.41,-0.19,-0.16,-0.20,-0.17
1782329226.415,90.00,44.34,115.38,93.00,130.70,64.96,97.00,47.75,115.60,97.00,122.63,65.40,-0.19,-0.16,-0.20,-0.17
1782329226.528,90.00,44.36,115.37,93.00,130.73,64.94,97.00,47.78,115.57,97.00,122.65,65.39,-0.19,-0.16,-0.20,-0.17
1782329226.640,90.00,44.37,115.36,93.00,130.75,64.92,97.00,47.82,115.55,97.00,122.66,65.38,-0.19,-0.16,-0.20,-0.17
1782329226.753,90.00,44.38,115.35,93.00,130.78,64.90,97.00,47.85,115.52,97.00,122.67,65.37,-0.19,-0.16,-0.20,-0.17
1782329226.864,90.00,44.40,115.34,93.00,130.80,64.88,97.00,47.88,115.50,97.00,122.69,65.36,-0.19,-0.16,-0.20,-0.17
1782329226.976,90.00,44.41,115.33,93.00,130.83,64.86,97.00,47.91,115.47,97.00,122.70,65.35,-0.19,-0.16,-0.20,-0.17
1782329227.089,90.00,44.42,115.32,93.00,130.86,64.84,97.00,47.94,115.45,97.00,122.71,65.34,-0.19,-0.16,-0.20,-0.17
1782329227.203,90.00,44.44,115.30,93.00,130.88,64.81,97.00,47.97,115.42,97.00,122.72,65.33,-0.19,-0.16,-0.20,-0.17
1782329227.314,90.00,44.45,115.29,93.00,130.91,64.79,97.00,48.00,115.39,97.00,122.74,65.32,-0.19,-0.16,-0.20,-0.17
1782329227.427,90.00,44.46,115.28,93.00,130.94,64.77,97.00,48.03,115.37,97.00,122.75,65.31,-0.19,-0.16,-0.20,-0.17
1782329227.541,90.00,44.48,115.27,93.00,130.96,64.75,97.00,48.06,115.34,97.00,122.76,65.30,-0.19,-0.16,-0.20,-0.17
1782329227.654,90.00,44.49,115.26,93.00,130.99,64.73,97.00,48.10,115.32,97.00,122.78,65.28,-0.19,-0.16,-0.20,-0.17
1782329227.767,90.00,58.69,117.29,93.00,136.31,95.59,97.00,31.69,93.41,97.00,109.02,61.84,-0.21,-0.19,-0.19,-0.19
1782329227.880,90.00,57.35,117.30,93.00,140.21,92.96,97.00,27.79,96.04,97.00,109.15,63.16,-0.21,-0.18,-0.18,-0.20
1782329227.993,90.00,56.55,115.79,93.00,143.31,89.94,97.00,24.69,99.06,97.00,110.71,64.04,-0.21,-0.17,-0.17,-0.19
1782329228.105,90.00,55.36,113.82,93.00,145.45,86.52,97.00,22.55,102.48,97.00,112.72,65.46,-0.21,-0.16,-0.16,-0.19
1782329228.219,90.00,53.14,112.07,93.00,146.49,82.71,97.00,21.51,106.29,97.00,114.41,67.96,-0.21,-0.16,-0.16,-0.19
1782329228.332,90.00,51.64,109.15,93.00,146.33,78.54,97.00,21.67,110.46,97.00,117.17,70.16,-0.21,-0.15,-0.15,-0.19
1782329228.446,90.00,49.32,106.52,93.00,144.96,74.17,97.00,23.04,114.83,97.00,119.35,73.25,-0.21,-0.15,-0.15,-0.19
1782329228.559,90.00,46.95,103.72,93.00,142.48,69.82,97.00,25.52,119.18,97.00,121.43,76.60,-0.21,-0.15,-0.15,-0.19
1782329228.669,90.00,45.02,100.59,93.00,139.12,65.84,97.00,28.88,123.16,97.00,123.65,79.85,-0.21,-0.15,-0.15,-0.19
1782329228.786,90.00,43.48,97.39,93.00,135.16,62.56,97.00,32.84,126.44,97.00,125.80,82.97,-0.21,-0.15,-0.15,-0.19
1782329228.897,90.00,41.53,94.76,93.00,130.91,60.30,97.00,37.09,128.70,97.00,127.06,86.23,-0.21,-0.16,-0.16,-0.19
1782329229.009,90.00,40.12,92.27,93.00,126.62,59.23,97.00,41.38,129.77,97.00,128.22,89.02,-0.21,-0.16,-0.16,-0.19
1782329229.120,90.00,39.71,89.86,93.00,122.45,59.41,97.00,45.55,129.59,97.00,129.71,91.04,-0.21,-0.17,-0.17,-0.19
1782329229.231,90.00,39.11,88.25,93.00,118.48,60.77,97.00,49.52,128.23,97.00,130.44,92.70,-0.21,-0.18,-0.18,-0.19
1782329229.344,90.00,39.03,87.15,93.00,114.75,63.16,97.00,53.25,125.84,97.00,131.10,93.60,-0.21,-0.19,-0.19,-0.19
1782329229.456,90.00,34.85,88.78,93.00,117.46,59.65,97.00,63.51,116.00,97.00,128.15,95.22,-0.20,-0.18,-0.22,-0.20
1782329229.567,90.00,30.48,91.14,93.00,118.41,59.31,97.00,64.11,114.91,97.00,132.52,92.86,-0.19,-0.18,-0.22,-0.19
1782329229.679,90.00,26.79,93.88,93.00,119.11,60.52,97.00,62.95,114.50,97.00,136.21,90.12,-0.18,-0.18,-0.22,-0.18
1782329229.790,90.00,23.95,97.01,93.00,119.30,63.34,97.00,59.96,114.86,97.00,139.05,86.99,-0.17,-0.18,-0.22,-0.17
1782329229.903,90.00,22.12,100.55,93.00,121.88,64.67,97.00,59.29,112.40,97.00,140.88,83.45,-0.16,-0.18,-0.22,-0.16
1782329230.015,90.00,21.43,104.48,93.00,124.09,67.18,97.00,57.44,110.35,97.00,141.57,79.52,-0.15,-0.18,-0.22,-0.15
1782329230.125,90.00,21.95,108.72,93.00,126.74,69.94,97.00,55.73,107.71,97.00,141.05,75.28,-0.15,-0.18,-0.22,-0.15
1782329230.237,90.00,23.66,113.12,93.00,129.47,73.03,97.00,54.00,104.81,97.00,139.34,70.88,-0.15,-0.18,-0.22,-0.15
1782329230.348,90.00,26.42,117.39,93.00,131.76,76.59,97.00,51.84,102.09,97.00,136.58,66.61,-0.15,-0.18,-0.22,-0.15
1782329230.460,90.00,29.99,121.21,93.00,133.47,80.39,97.00,49.35,99.59,97.00,133.01,62.79,-0.15,-0.18,-0.22,-0.15
1782329230.571,90.00,34.06,124.22,93.00,135.92,83.52,97.00,48.33,96.35,97.00,128.94,59.78,-0.15,-0.18,-0.22,-0.15
1782329230.683,90.00,38.35,126.14,93.00,137.42,86.72,97.00,46.80,93.78,97.00,124.65,57.86,-0.16,-0.18,-0.22,-0.16
1782329230.795,90.00,42.62,126.84,93.00,139.10,89.30,97.00,46.18,91.18,97.00,120.38,57.16,-0.16,-0.18,-0.22,-0.16
1782329230.909,90.00,46.74,126.31,93.00,140.11,91.48,97.00,45.45,89.25,97.00,116.26,57.69,-0.17,-0.18,-0.22,-0.17
1782329231.020,90.00,50.63,124.63,93.00,140.82,93.01,97.00,45.02,87.85,97.00,112.37,59.37,-0.18,-0.18,-0.22,-0.18
1782329231.132,90.00,54.30,121.97,93.00,141.20,93.83,97.00,44.82,87.08,97.00,108.70,62.03,-0.19,-0.18,-0.22,-0.19
1782329231.243,90.00,59.12,117.12,93.00,134.49,96.57,97.00,33.51,92.43,97.00,109.14,61.43,-0.21,-0.20,-0.20,-0.19
1782329231.354,90.00,58.26,117.07,93.00,138.68,94.10,97.00,29.32,94.90,97.00,109.29,62.28,-0.21,-0.19,-0.19,-0.19
1782329231.466,90.00,57.56,115.88,93.00,142.13,91.25,97.00,25.87,97.75,97.00,110.56,63.05,-0.21,-0.18,-0.18,-0.19
1782329231.579,90.00,56.47,114.17,93.00,144.69,88.00,97.00,23.31,101.00,97.00,112.33,64.32,-0.21,-0.17,-0.17,-0.19
1782329231.692,90.00,54.38,112.60,93.00,146.20,84.34,97.00,21.80,104.66,97.00,113.93,66.64,-0.21,-0.16,-0.16,-0.19
1782329231.804,90.00,52.35,110.34,93.00,146.55,80.31,97.00,21.45,108.69,97.00,116.07,69.13,-0.21,-0.15,-0.15,-0.19
1782329231.915,90.00,50.28,107.65,93.00,145.67,76.00,97.00,22.33,113.00,97.00,118.44,71.93,-0.21,-0.15,-0.15,-0.19
1782329232.026,90.00,48.11,104.77,93.00,143.64,71.61,97.00,24.36,117.39,97.00,120.75,75.07,-0.21,-0.15,-0.15,-0.19
1782329232.138,90.00,46.08,101.71,93.00,140.61,67.43,97.00,27.39,121.57,97.00,123.00,78.33,-0.21,-0.15,-0.15,-0.19
1782329232.250,90.00,44.44,98.49,93.00,136.86,63.82,97.00,31.14,125.18,97.00,125.26,81.50,-0.21,-0.15,-0.15,-0.19
1782329232.361,90.00,42.61,95.66,93.00,132.70,61.10,97.00,35.30,127.90,97.00,126.85,84.76,-0.21,-0.15,-0.15,-0.19
1782329232.472,90.00,41.80,92.65,93.00,128.40,59.52,97.00,39.60,129.48,97.00,128.82,87.40,-0.21,-0.16,-0.16,-0.19
1782329232.584,90.00,40.32,90.56,93.00,124.16,59.19,97.00,43.84,129.81,97.00,129.57,90.06,-0.21,-0.17,-0.17,-0.19
1782329232.697,90.00,40.04,88.49,93.00,120.10,60.07,97.00,47.90,128.93,97.00,130.82,91.80,-0.21,-0.18,-0.18,-0.19
1782329232.809,90.00,39.17,87.46,93.00,116.27,62.05,97.00,51.73,126.95,97.00,130.98,93.26,-0.21,-0.19,-0.19,-0.19
1782329232.922,90.00,38.98,86.88,93.00,112.68,64.96,97.00,55.32,124.04,97.00,131.24,93.85,-0.21,-0.20,-0.20,-0.19
1782329233.033,90.00,32.22,90.11,93.00,118.05,59.26,97.00,64.07,115.28,97.00,130.78,93.89,-0.19,-0.18,-0.22,-0.19
1782329233.145,90.00,28.23,92.69,93.00,118.54,60.20,97.00,63.16,115.02,97.00,134.77,91.31,-0.18,-0.18,-0.22,-0.18
1782329233.256,90.00,25.02,95.66,93.00,119.78,61.47,97.00,62.10,114.02,97.00,137.98,88.34,-0.17,-0.18,-0.22,-0.17
1782329233.368,90.00,22.75,99.03,93.00,121.85,62.97,97.00,61.13,112.17,97.00,140.25,84.97,-0.16,-0.18,-0.22,-0.16
1782329233.478,90.00,21.57,102.80,93.00,123.86,65.43,97.00,59.22,110.44,97.00,141.43,81.20,-0.16,-0.18,-0.22,-0.16
1782329233.592,90.00,21.58,106.93,93.00,126.43,68.09,97.00,57.53,108.01,97.00,141.42,77.07,-0.15,-0.18,-0.22,-0.15
1782329233.705,90.00,22.81,111.29,93.00,128.63,71.50,97.00,55.10,105.76,97.00,140.19,72.71,-0.15,-0.18,-0.22,-0.15
1782329233.819,90.00,25.16,115.65,93.00,131.02,74.97,97.00,52.97,103.07,97.00,137.84,68.35,-0.15,-0.18,-0.22,-0.15
1782329233.931,90.00,28.43,119.70,93.00,133.19,78.59,97.00,50.87,100.31,97.00,134.57,64.30,-0.15,-0.18,-0.22,-0.15
1782329234.045,90.00,32.33,123.08,93.00,135.37,82.01,97.00,49.27,97.34,97.00,130.67,60.92,-0.15,-0.18,-0.22,-0.15
1782329234.156,90.00,36.55,125.48,93.00,137.66,85.07,97.00,48.42,94.22,97.00,126.45,58.52,-0.15,-0.18,-0.22,-0.15
1782329234.270,90.00,40.85,126.70,93.00,139.81,87.73,97.00,48.12,91.26,97.00,122.15,57.30,-0.16,-0.18,-0.22,-0.16
1782329234.381,90.00,45.05,126.68,93.00,140.80,90.24,97.00,47.07,89.27,97.00,117.95,57.32,-0.17,-0.18,-0.22,-0.17
1782329234.495,90.00,49.04,125.46,93.00,141.42,92.15,97.00,46.25,87.80,97.00,113.96,58.54,-0.18,-0.18,-0.22,-0.18
1782329234.609,90.00,52.80,123.19,93.00,141.75,93.35,97.00,45.72,86.89,97.00,110.20,60.81,-0.19,-0.18,-0.22,-0.19
1782329234.722,90.00,56.33,120.04,93.00,142.15,93.68,97.00,45.89,86.39,97.00,106.67,63.96,-0.20,-0.18,-0.22,-0.20
1782329234.834,90.00,58.59,117.24,93.00,137.02,95.17,97.00,30.98,93.83,97.00,109.08,61.94,-0.21,-0.19,-0.19,-0.19
1782329234.948,90.00,58.63,115.73,93.00,140.80,92.48,97.00,27.20,96.52,97.00,110.59,62.01,-0.21,-0.18,-0.18,-0.19
1782329235.059,90.00,57.00,114.90,93.00,143.75,89.40,97.00,24.25,99.60,97.00,111.57,63.70,-0.21,-0.17,-0.17,-0.19
1782329235.171,90.00,55.83,112.83,93.00,145.71,85.91,97.00,22.29,103.09,97.00,113.70,65.17,-0.21,-0.16,-0.16,-0.19
1782329235.285,90.00,54.13,110.56,93.00,146.55,82.03,97.00,21.45,106.97,97.00,115.95,67.35,-0.21,-0.15,-0.15,-0.19
1782329235.397,90.00,52.07,108.08,93.00,146.18,77.82,97.00,21.82,111.18,97.00,118.26,70.07,-0.21,-0.15,-0.15,-0.19
1782329235.509,90.00,49.97,105.28,93.00,144.62,73.43,97.00,23.38,115.57,97.00,120.65,73.12,-0.21,-0.15,-0.15,-0.19
1782329235.622,90.00,47.50,102.59,93.00,141.97,69.12,97.00,26.03,119.88,97.00,122.61,76.61,-0.21,-0.15,-0.15,-0.19
1782329235.734,90.00,45.78,99.39,93.00,138.49,65.23,97.00,29.51,123.77,97.00,124.97,79.82,-0.21,-0.15,-0.15,-0.19
1782329235.848,90.00,44.14,96.33,93.00,134.46,62.10,97.00,33.54,126.90,97.00,126.96,83.03,-0.21,-0.15,-0.15,-0.19
1782329235.960,90.00,42.69,93.53,93.00,130.19,60.03,97.00,37.81,128.97,97.00,128.57,86.07,-0.21,-0.16,-0.16,-0.19
1782329236.075,90.00,41.67,90.96,93.00,125.91,59.17,97.00,42.09,129.83,97.00,130.00,88.69,-0.21,-0.16,-0.16,-0.19
1782329236.187,90.00,40.76,88.96,93.00,121.76,59.56,97.00,46.24,129.44,97.00,130.92,90.89,-0.21,-0.17,-0.17,-0.19
1782329236.303,90.00,40.52,87.31,93.00,117.84,61.10,97.00,50.16,127.90,97.00,131.88,92.35,-0.21,-0.18,-0.18,-0.19
1782329236.420,90.00,39.71,86.71,93.00,114.15,63.65,97.00,53.85,125.35,97.00,131.79,93.43,-0.21,-0.19,-0.19,-0.19
1782329236.531,90.00,34.07,89.15,93.00,118.42,58.58,97.00,64.92,114.70,97.00,128.93,94.85,-0.20,-0.18,-0.23,-0.20
1782329236.644,90.00,29.80,91.57,93.00,117.63,60.45,97.00,62.68,116.02,97.00,133.20,92.43,-0.19,-0.18,-0.22,-0.19
1782329236.762,90.00,26.25,94.38,93.00,119.03,61.06,97.00,62.34,114.72,97.00,136.75,89.62,-0.18,-0.18,-0.22,-0.18
1782329236.875,90.00,23.57,97.58,93.00,121.09,62.12,97.00,61.80,112.80,97.00,139.43,86.42,-0.17,-0.18,-0.22,-0.17
1782329236.986,90.00,21.92,101.18,93.00,123.60,63.77,97.00,60.93,110.49,97.00,141.08,82.82,-0.16,-0.18,-0.23,-0.16
1782329237.100,90.00,21.43,105.17,93.00,126.07,66.30,97.00,59.29,108.24,97.00,141.57,78.83,-0.15,-0.18,-0.23,-0.15
1782329237.212,90.00,22.15,109.46,93.00,128.32,69.59,97.00,56.95,106.11,97.00,140.85,74.54,-0.15,-0.18,-0.23,-0.15
1782329237.323,90.00,24.05,113.85,93.00,131.06,72.82,97.00,55.22,103.24,97.00,138.95,70.15,-0.15,-0.18,-0.23,-0.15
1782329237.437,90.00,26.97,118.08,93.00,133.28,76.51,97.00,52.98,100.63,97.00,136.03,65.92,-0.15,-0.18,-0.22,-0.15
1782329237.549,90.00,30.65,121.78,93.00,135.95,79.85,97.00,51.77,97.39,97.00,132.35,62.22,-0.15,-0.18,-0.23,-0.15
1782329237.661,90.00,34.77,124.62,93.00,137.82,83.33,97.00,50.12,94.68,97.00,128.23,59.38,-0.15,-0.18,-0.23,-0.15
1782329237.774,90.00,39.07,126.35,93.00,139.59,86.41,97.00,49.02,91.99,97.00,123.93,57.65,-0.16,-0.18,-0.23,-0.16
1782329237.885,90.00,43.32,126.84,93.00,140.96,89.07,97.00,48.16,89.68,97.00,119.68,57.16,-0.17,-0.18,-0.23,-0.17
1782329237.998,90.00,47.41,126.10,93.00,141.97,91.17,97.00,47.55,87.83,97.00,115.59,57.90,-0.18,-0.18,-0.23,-0.18
1782329238.110,90.00,51.27,124.25,93.00,142.64,92.61,97.00,47.19,86.54,97.00,111.73,59.75,-0.19,-0.18,-0.23,-0.19
1782329238.225,90.00,54.89,121.44,93.00,142.98,93.32,97.00,47.04,85.89,97.00,108.11,62.56,-0.20,-0.18,-0.23,-0.20
1782329238.336,90.00,60.05,116.12,93.00,135.24,96.18,97.00,32.76,92.82,97.00,110.00,60.58,-0.21,-0.19,-0.19,-0.19
1782329238.448,90.00,58.93,116.17,93.00,139.31,93.65,97.00,28.69,95.35,97.00,110.12,61.68,-0.21,-0.18,-0.18,-0.19
1782329238.560,90.00,58.02,115.03,93.00,142.63,90.73,97.00,25.37,98.27,97.00,111.36,62.68,-0.21,-0.17,-0.17,-0.19
1782329238.671,90.00,57.12,113.05,93.00,145.02,87.41,97.00,22.98,101.59,97.00,113.41,63.87,-0.21,-0.17,-0.17,-0.19
1782329238.783,90.00,55.53,110.98,93.00,146.34,83.69,97.00,21.66,105.31,97.00,115.55,65.87,-0.21,-0.16,-0.16,-0.19
1782329238.895,90.00,53.56,108.65,93.00,146.48,79.60,97.00,21.52,109.40,97.00,117.81,68.45,-0.21,-0.15,-0.15,-0.19
1782329239.006,90.00,51.49,105.99,93.00,145.41,75.26,97.00,22.59,113.74,97.00,120.21,71.40,-0.21,-0.15,-0.15,-0.19
1782329239.118,90.00,49.13,103.29,93.00,143.19,70.88,97.00,24.81,118.12,97.00,122.36,74.78,-0.21,-0.15,-0.15,-0.19
1782329239.230,90.00,47.17,100.25,93.00,140.02,66.77,97.00,27.98,122.23,97.00,124.64,78.10,-0.21,-0.15,-0.15,-0.19
1782329239.341,90.00,45.65,97.06,93.00,136.18,63.29,97.00,31.82,125.71,97.00,126.93,81.29,-0.21,-0.15,-0.15,-0.19
1782329239.454,90.00,44.16,94.14,93.00,131.98,60.75,97.00,36.02,128.25,97.00,128.74,84.44,-0.21,-0.15,-0.15,-0.19
1782329239.566,90.00,42.24,91.88,93.00,127.68,59.38,97.00,40.32,129.62,97.00,129.61,87.58,-0.21,-0.16,-0.16,-0.19
1782329239.679,90.00,42.02,89.25,93.00,123.46,59.25,97.00,44.54,129.75,97.00,131.39,89.69,-0.21,-0.17,-0.17,-0.19
1782329239.789,90.00,41.16,87.63,93.00,119.44,60.33,97.00,48.56,128.67,97.00,132.03,91.61,-0.21,-0.18,-0.18,-0.19
1782329239.904,90.00,40.73,86.52,93.00,115.65,62.48,97.00,52.35,126.52,97.00,132.50,92.81,-0.21,-0.19,-0.19,-0.19
1782329240.015,90.00,40.64,86.03,93.00,112.10,65.53,97.00,55.90,123.47,97.00,132.76,93.27,-0.21,-0.20,-0.20,-0.19
1782329240.127,90.00,31.50,90.52,93.00,119.07,58.24,97.00,65.49,113.91,97.00,131.50,93.48,-0.19,-0.17,-0.23,-0.19
1782329240.237,90.00,27.63,93.17,93.00,119.86,59.08,97.00,64.78,113.34,97.00,135.37,90.83,-0.18,-0.17,-0.23,-0.18
1782329240.352,90.00,24.57,96.20,93.00,121.42,60.28,97.00,63.97,112.03,97.00,138.43,87.80,-0.17,-0.17,-0.23,-0.17
1782329240.464,90.00,22.48,99.64,93.00,123.01,62.52,97.00,62.08,110.87,97.00,140.52,84.36,-0.16,-0.18,-0.23,-0.16
1782329240.576,90.00,21.49,103.47,93.00,125.52,64.74,97.00,60.76,108.62,97.00,141.51,80.53,-0.16,-0.17,-0.23,-0.16
1782329240.687,90.00,21.71,107.65,93.00,128.03,67.66,97.00,58.87,106.33,97.00,141.29,76.35,-0.15,-0.17,-0.23,-0.15
1782329240.798,90.00,23.13,112.03,93.00,130.80,70.83,97.00,57.17,103.58,97.00,139.87,71.97,-0.15,-0.17,-0.23,-0.15
1782329240.910,90.00,25.65,116.36,93.00,133.61,74.22,97.00,55.59,100.59,97.00,137.35,67.64,-0.15,-0.17,-0.23,-0.15
1782329241.022,90.00,29.05,120.33,93.00,135.86,77.94,97.00,53.59,97.88,97.00,133.95,63.67,-0.15,-0.17,-0.23,-0.15
1782329241.134,90.00,33.02,123.56,93.00,137.69,81.62,97.00,51.59,95.30,97.00,129.98,60.44,-0.15,-0.17,-0.23,-0.15
1782329241.246,90.00,37.28,125.78,93.00,139.58,84.89,97.00,50.35,92.56,97.00,125.72,58.22,-0.16,-0.17,-0.23,-0.16
1782329241.359,90.00,41.57,126.79,93.00,141.33,87.69,97.00,49.68,89.94,97.00,121.43,57.21,-0.16,-0.17,-0.23,-0.16
1782329241.469,90.00,46.51,113.61,93.00,133.79,62.57,97.00,51.56,112.50,97.00,124.62,63.81,-0.19,-0.15,-0.21,-0.17
1782329241.581,90.00,46.56,113.57,93.00,133.77,62.58,97.00,51.55,112.52,97.00,124.66,63.78,-0.19,-0.15,-0.21,-0.17
1782329241.691,90.00,46.38,113.72,93.00,133.62,62.70,97.00,51.35,112.68,97.00,124.50,63.91,-0.19,-0.15,-0.21,-0.17
1782329241.805,90.00,46.36,113.74,93.00,133.67,62.66,97.00,51.41,112.62,97.00,124.48,63.92,-0.19,-0.15,-0.21,-0.17
1782329241.917,90.00,46.41,113.70,93.00,133.72,62.62,97.00,51.48,112.57,97.00,124.53,63.89,-0.19,-0.15,-0.21,-0.17
1782329242.030,90.00,46.39,113.71,93.00,133.71,62.63,97.00,51.46,112.58,97.00,124.51,63.90,-0.19,-0.15,-0.21,-0.17
1782329242.142,90.00,46.44,113.67,93.00,133.76,62.59,97.00,51.53,112.53,97.00,124.55,63.87,-0.19,-0.15,-0.21,-0.17
1782329242.260,90.00,46.46,113.66,93.00,133.78,62.57,97.00,51.56,112.51,97.00,124.57,63.85,-0.19,-0.15,-0.21,-0.17
1782329242.372,90.00,46.43,113.67,93.00,133.83,62.53,97.00,51.63,112.45,97.00,124.55,63.87,-0.19,-0.15,-0.21,-0.17
1782329242.485,90.00,46.45,113.66,93.00,133.86,62.52,97.00,51.65,112.43,97.00,124.56,63.86,-0.19,-0.15,-0.21,-0.17
1782329242.602,90.00,46.46,113.65,93.00,133.88,62.50,97.00,51.68,112.40,97.00,124.57,63.85,-0.19,-0.15,-0.21,-0.17
1782329242.715,90.00,46.48,113.64,93.00,133.90,62.48,97.00,51.71,112.38,97.00,124.59,63.84,-0.19,-0.15,-0.21,-0.17
1782329242.829,90.00,46.49,113.63,93.00,133.92,62.46,97.00,51.74,112.36,97.00,124.60,63.83,-0.19,-0.15,-0.21,-0.17
1782329242.941,90.00,46.51,113.62,93.00,133.95,62.45,97.00,51.77,112.33,97.00,124.61,63.82,-0.19,-0.15,-0.21,-0.17
1782329243.054,90.00,46.52,113.60,93.00,133.97,62.43,97.00,51.80,112.31,97.00,124.63,63.81,-0.19,-0.15,-0.21,-0.17
1782329243.167,90.00,46.53,113.59,93.00,133.99,62.41,97.00,51.83,112.29,97.00,124.64,63.80,-0.19,-0.15,-0.21,-0.17
1782329243.281,90.00,46.55,113.58,93.00,134.01,62.40,97.00,51.86,112.26,97.00,124.65,63.79,-0.19,-0.15,-0.21,-0.17
1782329243.394,90.00,46.56,113.57,93.00,134.04,62.38,97.00,51.89,112.24,97.00,124.66,63.78,-0.19,-0.15,-0.21,-0.17
1782329243.508,90.00,46.58,113.56,93.00,134.06,62.36,97.00,51.92,112.21,97.00,124.68,63.77,-0.19,-0.15,-0.21,-0.17
1782329243.621,90.00,46.59,113.55,93.00,134.08,62.35,97.00,51.95,112.19,97.00,124.69,63.76,-0.19,-0.15,-0.21,-0.17
1782329243.734,90.00,46.61,113.53,93.00,134.10,62.33,97.00,51.98,112.17,97.00,124.70,63.75,-0.19,-0.15,-0.21,-0.17
1782329243.847,90.00,46.62,113.52,93.00,134.12,62.31,97.00,52.01,112.14,97.00,124.71,63.74,-0.19,-0.15,-0.21,-0.17
1782329243.961,90.00,46.63,113.51,93.00,134.15,62.29,97.00,52.04,112.12,97.00,124.73,63.73,-0.19,-0.15,-0.21,-0.17
1782329244.078,90.00,46.65,113.50,93.00,134.17,62.28,97.00,52.07,112.10,97.00,124.74,63.72,-0.19,-0.15,-0.21,-0.17
1782329244.192,90.00,46.63,113.52,93.00,134.22,62.24,97.00,52.14,112.04,97.00,124.72,63.73,-0.19,-0.15,-0.21,-0.17
1782329244.304,90.00,46.64,113.51,93.00,134.25,62.22,97.00,52.17,112.01,97.00,124.73,63.73,-0.19,-0.15,-0.21,-0.17
1782329244.416,90.00,46.65,113.50,93.00,134.27,62.20,97.00,52.20,111.99,97.00,124.74,63.72,-0.19,-0.15,-0.21,-0.17
1782329244.531,90.00,46.66,113.49,93.00,134.30,62.18,97.00,52.23,111.96,97.00,124.75,63.71,-0.19,-0.15,-0.21,-0.17
1782329244.643,90.00,46.68,113.48,93.00,134.32,62.16,97.00,52.26,111.94,97.00,124.76,63.70,-0.19,-0.15,-0.21,-0.17
1782329244.756,90.00,46.69,113.47,93.00,134.34,62.15,97.00,52.30,111.91,97.00,124.77,63.69,-0.19,-0.15,-0.21,-0.17
1782329244.870,90.00,46.70,113.46,93.00,134.37,62.13,97.00,52.33,111.89,97.00,124.78,63.68,-0.19,-0.15,-0.21,-0.17
1782329244.995,90.00,46.71,113.45,93.00,134.39,62.11,97.00,52.36,111.86,97.00,124.80,63.67,-0.19,-0.15,-0.21,-0.17
1782329245.108,90.00,46.73,113.44,93.00,134.42,62.09,97.00,52.40,111.83,97.00,124.81,63.66,-0.19,-0.15,-0.21,-0.17
1782329245.221,90.00,46.74,113.43,93.00,134.44,62.07,97.00,52.43,111.81,97.00,124.82,63.66,-0.19,-0.15,-0.21,-0.17
1782329245.334,90.00,46.75,113.42,93.00,134.47,62.05,97.00,52.46,111.78,97.00,124.83,63.65,-0.19,-0.15,-0.21,-0.17
1782329245.445,90.00,46.76,113.41,93.00,134.49,62.04,97.00,52.49,111.75,97.00,124.84,63.64,-0.19,-0.15,-0.21,-0.17
1782329245.557,90.00,46.77,113.40,93.00,134.51,62.02,97.00,52.52,111.73,97.00,124.85,63.63,-0.19,-0.15,-0.21,-0.17
1782329245.676,90.00,46.79,113.39,93.00,134.54,62.00,97.00,52.56,111.70,97.00,124.86,63.62,-0.19,-0.15,-0.21,-0.17
1782329245.791,90.00,46.80,113.38,93.00,134.56,61.98,97.00,52.59,111.68,97.00,124.87,63.61,-0.19,-0.15,-0.21,-0.17
1782329245.904,90.00,46.81,113.37,93.00,134.59,61.96,97.00,52.62,111.65,97.00,124.88,63.60,-0.19,-0.15,-0.21,-0.17
1782329246.017,90.00,46.82,113.36,93.00,134.61,61.95,97.00,52.65,111.62,97.00,124.89,63.60,-0.20,-0.15,-0.21,-0.17
1782329246.134,90.00,46.84,113.35,93.00,134.63,61.93,97.00,52.69,111.60,97.00,124.90,63.59,-0.20,-0.15,-0.21,-0.17
1782329246.246,90.00,46.85,113.34,93.00,134.66,61.91,97.00,52.72,111.57,97.00,124.91,63.58,-0.20,-0.15,-0.21,-0.17
1782329956.823,90.00,43.05,116.43,93.00,130.75,64.92,97.00,47.81,115.55,97.00,121.39,66.40,-0.18,-0.16,-0.20,-0.18
1782329956.937,90.00,43.06,116.43,93.00,130.78,64.90,97.00,47.85,115.52,97.00,121.40,66.39,-0.18,-0.16,-0.20,-0.18
1782329957.051,90.00,43.06,116.42,93.00,130.81,64.87,97.00,47.88,115.49,97.00,121.40,66.39,-0.18,-0.16,-0.20,-0.18
1782329957.164,90.00,43.07,116.42,93.00,130.84,64.85,97.00,47.92,115.46,97.00,121.41,66.38,-0.18,-0.16,-0.20,-0.18
1782329957.277,90.00,43.07,116.41,93.00,130.87,64.83,97.00,47.95,115.43,97.00,121.42,66.38,-0.18,-0.16,-0.20,-0.18
1782329957.390,90.00,43.08,116.41,93.00,130.90,64.80,97.00,47.99,115.41,97.00,121.42,66.37,-0.18,-0.16,-0.20,-0.18
1782329957.504,90.00,43.08,116.40,93.00,130.93,64.78,97.00,48.02,115.38,97.00,121.43,66.37,-0.18,-0.16,-0.20,-0.18
1782329957.616,90.00,43.09,116.40,93.00,130.96,64.76,97.00,48.06,115.35,97.00,121.43,66.37,-0.18,-0.16,-0.20,-0.18
1782329957.729,90.00,43.10,116.39,93.00,130.99,64.73,97.00,48.09,115.32,97.00,121.44,66.36,-0.18,-0.16,-0.20,-0.18
1782329957.842,90.00,43.10,116.39,93.00,131.02,64.71,97.00,48.13,115.29,97.00,121.44,66.36,-0.18,-0.16,-0.20,-0.18
1782329957.955,90.00,43.11,116.39,93.00,131.05,64.69,97.00,48.17,115.26,97.00,121.45,66.35,-0.18,-0.16,-0.20,-0.18
1782329958.067,90.00,43.11,116.38,93.00,131.08,64.66,97.00,48.20,115.23,97.00,121.46,66.35,-0.18,-0.16,-0.20,-0.18
1782329958.180,90.00,43.12,116.38,93.00,131.11,64.64,97.00,48.24,115.20,97.00,121.46,66.34,-0.18,-0.16,-0.20,-0.18
1782329958.295,90.00,43.13,116.37,93.00,131.14,64.61,97.00,48.27,115.17,97.00,121.47,66.34,-0.18,-0.16,-0.20,-0.18
1782329958.407,90.00,43.13,116.37,93.00,131.17,64.59,97.00,48.31,115.15,97.00,121.47,66.33,-0.18,-0.16,-0.20,-0.18
1782329958.519,90.00,43.14,116.36,93.00,131.20,64.57,97.00,48.34,115.12,97.00,121.48,66.33,-0.18,-0.16,-0.20,-0.18
1782329958.632,90.00,43.14,116.36,93.00,131.23,64.54,97.00,48.38,115.09,97.00,121.48,66.32,-0.18,-0.16,-0.20,-0.18
1782329958.746,90.00,43.15,116.35,93.00,131.26,64.52,97.00,48.41,115.06,97.00,121.49,66.32,-0.18,-0.16,-0.20,-0.18
1782329958.858,90.00,43.15,116.35,93.00,131.29,64.50,97.00,48.45,115.03,97.00,121.49,66.32,-0.18,-0.16,-0.20,-0.18
1782329958.970,90.00,43.16,116.34,93.00,131.32,64.47,97.00,48.49,115.00,97.00,121.50,66.31,-0.18,-0.16,-0.20,-0.18
1782329959.084,90.00,43.17,116.34,93.00,131.35,64.45,97.00,48.52,114.97,97.00,121.51,66.31,-0.18,-0.16,-0.20,-0.18
1782329959.197,90.00,43.17,116.33,93.00,131.38,64.43,97.00,48.56,114.94,97.00,121.51,66.30,-0.18,-0.16,-0.20,-0.18
1782329959.309,90.00,43.18,116.33,93.00,131.41,64.40,97.00,48.59,114.91,97.00,121.52,66.30,-0.18,-0.16,-0.20,-0.18
1782329959.424,90.00,43.18,116.32,93.00,131.44,64.38,97.00,48.63,114.88,97.00,121.52,66.29,-0.18,-0.16,-0.20,-0.18
1782329959.537,90.00,43.19,116.32,93.00,131.47,64.36,97.00,48.67,114.85,97.00,121.53,66.29,-0.18,-0.16,-0.20,-0.18
1782329959.649,90.00,43.19,116.32,93.00,131.50,64.33,97.00,48.70,114.82,97.00,121.53,66.28,-0.18,-0.16,-0.20,-0.18
1782329959.761,90.00,43.20,116.31,93.00,131.53,64.31,97.00,48.74,114.80,97.00,121.54,66.28,-0.18,-0.16,-0.20,-0.18
1782329959.875,90.00,43.21,116.31,93.00,131.56,64.29,97.00,48.77,114.77,97.00,121.55,66.28,-0.18,-0.16,-0.20,-0.18
1782329959.988,90.00,43.21,116.30,93.00,131.59,64.26,97.00,48.81,114.74,97.00,121.55,66.27,-0.18,-0.16,-0.20,-0.18
1782329960.100,90.00,43.22,116.30,93.00,131.62,64.24,97.00,48.84,114.71,97.00,121.56,66.27,-0.18,-0.16,-0.20,-0.18
1782329960.214,90.00,43.22,116.29,93.00,131.65,64.22,97.00,48.88,114.68,97.00,121.56,66.26,-0.18,-0.16,-0.20,-0.18
1782329960.327,90.00,43.23,116.29,93.00,131.68,64.19,97.00,48.92,114.65,97.00,121.57,66.26,-0.18,-0.16,-0.20,-0.18
1782329960.440,90.00,43.23,116.28,93.00,131.71,64.17,97.00,48.95,114.62,97.00,121.57,66.25,-0.18,-0.16,-0.20,-0.18
1782329960.552,90.00,43.24,116.28,93.00,131.74,64.15,97.00,48.99,114.59,97.00,121.58,66.25,-0.18,-0.16,-0.20,-0.18
1782329960.668,90.00,43.25,116.27,93.00,131.77,64.12,97.00,49.03,114.56,97.00,121.58,66.24,-0.18,-0.16,-0.20,-0.18
1782329960.781,90.00,43.25,116.27,93.00,131.80,64.10,97.00,49.06,114.53,97.00,121.59,66.24,-0.18,-0.16,-0.20,-0.18
1782329960.896,90.00,43.26,116.26,93.00,131.83,64.08,97.00,49.10,114.50,97.00,121.60,66.23,-0.18,-0.16,-0.20,-0.18
1782329961.010,90.00,43.45,116.11,93.00,131.69,64.19,97.00,48.93,114.64,97.00,121.78,66.08,-0.18,-0.16,-0.20,-0.18
1782329961.123,90.00,43.31,116.22,93.00,131.85,64.06,97.00,49.13,114.47,97.00,121.64,66.20,-0.18,-0.16,-0.20,-0.18
1782329961.236,90.00,43.31,116.22,93.00,131.88,64.04,97.00,49.16,114.45,97.00,121.65,66.19,-0.18,-0.16,-0.20,-0.18
1782329961.350,90.00,43.32,116.21,93.00,131.91,64.01,97.00,49.20,114.42,97.00,121.66,66.18,-0.18,-0.16,-0.20,-0.18
1782329961.463,90.00,57.06,118.75,93.00,145.48,92.23,97.00,39.78,89.86,97.00,107.71,63.42,-0.20,-0.17,-0.21,-0.20
1782329961.575,90.00,56.94,117.31,93.00,149.82,89.90,97.00,36.41,92.71,97.00,109.16,63.56,-0.21,-0.16,-0.20,-0.20
1782329961.688,90.00,55.33,116.40,93.00,153.02,87.21,97.00,33.56,96.06,97.00,110.15,65.21,-0.20,-0.15,-0.19,-0.20
1782329961.801,90.00,53.52,114.79,93.00,154.30,84.08,97.00,30.81,100.08,97.00,111.73,67.14,-0.20,-0.14,-0.18,-0.20
1782329961.913,90.00,51.44,112.72,93.00,154.46,80.32,97.00,29.27,104.28,97.00,113.64,69.50,-0.20,-0.13,-0.18,-0.20
1782329962.025,90.00,49.27,110.16,93.00,153.79,75.96,97.00,29.39,108.40,97.00,115.83,72.16,-0.20,-0.13,-0.17,-0.20
1782329962.140,90.00,47.34,107.09,93.00,152.01,71.14,97.00,30.85,112.40,97.00,118.37,74.93,-0.20,-0.12,-0.17,-0.20
1782329962.252,90.00,44.98,104.16,93.00,148.68,66.28,97.00,32.97,116.34,97.00,120.41,78.23,-0.20,-0.12,-0.17,-0.20
1782329962.366,90.00,42.99,101.01,93.00,145.02,61.49,97.00,36.50,119.38,97.00,122.49,81.45,-0.20,-0.12,-0.17,-0.20
1782329962.479,90.00,41.48,97.78,93.00,140.33,57.68,97.00,40.05,121.98,97.00,124.59,84.47,-0.20,-0.13,-0.17,-0.20
1782329962.592,90.00,40.21,94.79,93.00,135.82,54.80,97.00,44.28,123.30,97.00,126.35,87.31,-0.21,-0.13,-0.18,-0.20
1782329962.704,90.00,39.06,92.25,93.00,131.36,53.35,97.00,48.54,123.56,97.00,127.63,89.90,-0.21,-0.14,-0.19,-0.20
1782329962.817,90.00,37.94,90.31,93.00,127.11,53.43,97.00,52.67,122.84,97.00,128.34,92.12,-0.20,-0.15,-0.20,-0.20
1782329962.929,90.00,37.62,88.69,93.00,123.26,54.80,97.00,56.78,121.03,97.00,129.23,93.53,-0.21,-0.16,-0.20,-0.20
1782329963.044,90.00,37.07,87.96,93.00,120.09,56.90,97.00,61.25,117.87,97.00,129.34,94.49,-0.20,-0.17,-0.22,-0.20
1782329963.156,90.00,35.64,88.45,93.00,118.03,59.05,97.00,64.31,115.24,97.00,130.76,94.06,-0.20,-0.18,-0.22,-0.19
1782329963.269,90.00,31.38,90.97,93.00,118.50,59.52,97.00,63.90,114.88,97.00,135.00,91.71,-0.19,-0.18,-0.22,-0.18
1782329963.382,90.00,27.99,93.82,93.00,119.46,60.68,97.00,62.87,114.18,97.00,138.68,88.93,-0.18,-0.18,-0.22,-0.17
1782329963.494,90.00,25.09,97.18,93.00,120.88,62.45,97.00,61.36,113.08,97.00,141.08,85.85,-0.17,-0.18,-0.22,-0.16
1782329963.607,90.00,23.45,100.84,93.00,123.24,64.26,97.00,60.25,110.94,97.00,142.67,82.27,-0.16,-0.18,-0.22,-0.16
1782329963.722,90.00,22.79,104.89,93.00,125.38,67.05,97.00,58.14,109.02,97.00,142.92,78.32,-0.16,-0.18,-0.22,-0.15
1782329963.834,90.00,23.68,109.09,93.00,128.11,69.91,97.00,56.49,106.33,97.00,142.29,73.94,-0.15,-0.18,-0.22,-0.14
1782329963.947,90.00,25.55,113.40,93.00,131.01,73.02,97.00,54.98,103.28,97.00,140.29,69.46,-0.15,-0.18,-0.23,-0.14
1782329964.058,90.00,28.42,117.50,93.00,133.19,76.72,97.00,52.70,100.68,97.00,137.26,65.13,-0.15,-0.18,-0.22,-0.14
1782329964.172,90.00,32.04,121.05,93.00,135.07,80.45,97.00,50.49,98.07,97.00,133.48,61.31,-0.15,-0.18,-0.22,-0.14
1782329964.285,90.00,36.08,123.75,93.00,137.50,83.61,97.00,49.58,94.88,97.00,129.25,58.38,-0.16,-0.18,-0.22,-0.15
1782329964.399,90.00,40.38,125.28,93.00,139.25,86.66,97.00,48.49,92.19,97.00,124.94,56.54,-0.16,-0.18,-0.22,-0.15
1782329964.510,90.00,44.49,125.76,93.00,140.80,89.22,97.00,47.88,89.75,97.00,120.56,56.11,-0.17,-0.18,-0.23,-0.16
1782329964.625,90.00,48.77,124.72,93.00,141.57,91.37,97.00,46.99,88.07,97.00,116.66,56.62,-0.18,-0.18,-0.22,-0.17
1782329964.737,90.00,52.70,122.75,93.00,142.24,92.78,97.00,46.63,86.79,97.00,112.88,58.43,-0.19,-0.18,-0.22,-0.18
1782329964.850,90.00,56.43,119.84,93.00,142.57,93.47,97.00,46.49,86.15,97.00,109.38,61.19,-0.20,-0.18,-0.22,-0.19
1782329964.962,90.00,57.84,118.30,93.00,145.12,92.62,97.00,43.36,87.80,97.00,108.10,62.65,-0.21,-0.17,-0.22,-0.20
1782329965.076,90.00,57.28,117.74,93.00,148.99,90.72,97.00,38.71,90.99,97.00,108.71,63.21,-0.21,-0.16,-0.21,-0.20
1782329965.188,90.00,56.42,116.48,93.00,151.92,88.37,97.00,34.76,94.57,97.00,110.03,64.12,-0.21,-0.15,-0.20,-0.20
1782329965.303,90.00,54.93,114.94,93.00,154.64,85.38,97.00,32.57,98.05,97.00,111.60,65.73,-0.21,-0.14,-0.19,-0.20
1782329965.413,90.00,52.95,113.09,93.00,155.61,81.86,97.00,30.82,102.06,97.00,113.40,67.95,-0.21,-0.13,-0.18,-0.20
1782329965.528,90.00,50.90,110.68,93.00,155.49,77.71,97.00,30.42,106.13,97.00,115.58,70.45,-0.21,-0.13,-0.18,-0.20
1782329965.638,90.00,48.75,107.93,93.00,154.02,73.02,97.00,31.19,110.22,97.00,117.89,73.31,-0.21,-0.12,-0.17,-0.20
1782329965.750,90.00,46.79,104.81,93.00,151.44,67.99,97.00,33.22,114.04,97.00,120.37,76.29,-0.21,-0.12,-0.17,-0.20
1782329965.861,90.00,44.52,101.85,93.00,147.45,63.11,97.00,35.79,117.65,97.00,122.35,79.67,-0.21,-0.12,-0.17,-0.20
1782329965.974,90.00,42.88,98.62,93.00,142.88,58.81,97.00,39.14,120.54,97.00,124.51,82.78,-0.21,-0.12,-0.17,-0.20
1782329966.086,90.00,40.93,95.87,93.00,138.20,55.44,97.00,43.09,122.37,97.00,125.87,86.05,-0.21,-0.13,-0.18,-0.20
1782329966.199,90.00,40.09,92.94,93.00,133.85,53.11,97.00,47.60,122.80,97.00,127.70,88.59,-0.21,-0.13,-0.19,-0.20
1782329966.310,90.00,39.39,90.54,93.00,129.42,52.56,97.00,51.74,122.50,97.00,129.05,90.81,-0.21,-0.14,-0.19,-0.19
1782329966.421,90.00,38.24,89.03,93.00,125.79,52.90,97.00,56.45,120.54,97.00,129.39,92.80,-0.21,-0.15,-0.20,-0.20
1782329966.533,90.00,37.35,88.14,93.00,122.09,55.02,97.00,60.45,118.26,97.00,129.41,94.14,-0.21,-0.16,-0.21,-0.20
1782329966.645,90.00,37.75,87.43,93.00,119.07,57.79,97.00,64.89,114.75,97.00,130.11,94.36,-0.21,-0.17,-0.23,-0.20
1782329966.757,90.00,34.14,89.41,93.00,118.92,58.46,97.00,65.20,114.14,97.00,134.34,92.34,-0.20,-0.18,-0.23,-0.18
1782329966.868,90.00,30.23,92.22,93.00,120.09,58.90,97.00,65.06,113.05,97.00,138.15,89.83,-0.19,-0.17,-0.23,-0.17
1782329966.981,90.00,26.70,95.55,93.00,121.21,60.62,97.00,63.51,112.34,97.00,140.71,87.04,-0.18,-0.18,-0.23,-0.17
1782329967.091,90.00,24.18,99.21,93.00,123.06,62.61,97.00,62.00,110.84,97.00,142.32,83.77,-0.17,-0.18,-0.23,-0.16
1782329967.203,90.00,23.20,103.08,93.00,125.32,65.08,97.00,60.27,108.89,97.00,143.25,79.94,-0.16,-0.18,-0.23,-0.15
1782329967.316,90.00,23.59,107.18,93.00,127.66,68.11,97.00,58.17,106.73,97.00,143.13,75.68,-0.16,-0.18,-0.23,-0.14
1782329967.428,90.00,24.81,111.55,93.00,130.42,71.26,97.00,56.45,103.96,97.00,141.43,71.27,-0.15,-0.17,-0.23,-0.14
1782329967.539,90.00,27.64,115.59,93.00,132.65,74.96,97.00,54.10,101.46,97.00,139.15,66.67,-0.15,-0.18,-0.23,-0.14
1782329967.651,90.00,30.96,119.36,93.00,135.06,78.51,97.00,52.36,98.53,97.00,135.61,62.54,-0.15,-0.18,-0.23,-0.14
1782329967.762,90.00,35.02,122.25,93.00,137.80,81.71,97.00,51.60,95.18,97.00,131.68,59.01,-0.16,-0.17,-0.23,-0.14
1782329967.873,90.00,39.25,124.20,93.00,140.10,84.80,97.00,50.94,92.12,97.00,127.37,56.59,-0.16,-0.17,-0.23,-0.15
1782329967.984,90.00,43.35,125.16,93.00,141.40,87.76,97.00,49.69,89.85,97.00,122.89,55.59,-0.17,-0.17,-0.23,-0.16
1782329968.099,90.00,47.41,124.87,93.00,142.37,90.18,97.00,48.74,87.96,97.00,118.63,55.85,-0.18,-0.17,-0.23,-0.17
1782329968.210,90.00,51.60,123.14,93.00,142.95,91.97,97.00,48.00,86.61,97.00,114.90,57.01,-0.19,-0.17,-0.23,-0.17
1782329968.321,90.00,55.61,120.40,93.00,143.22,93.04,97.00,47.51,85.84,97.00,111.45,59.22,-0.20,-0.17,-0.23,-0.18
1782329968.432,90.00,58.53,117.77,93.00,144.20,93.03,97.00,46.66,86.01,97.00,108.56,61.98,-0.21,-0.17,-0.23,-0.19
1782329968.544,90.00,58.20,117.41,93.00,148.28,91.38,97.00,41.50,89.14,97.00,108.95,62.32,-0.21,-0.16,-0.21,-0.19
1782329968.657,90.00,57.35,116.56,93.00,151.75,89.26,97.00,37.32,92.56,97.00,109.89,63.20,-0.21,-0.15,-0.20,-0.19
1782329968.767,90.00,56.01,115.26,93.00,154.44,86.60,97.00,34.19,96.19,97.00,111.27,64.64,-0.21,-0.14,-0.19,-0.19
1782329968.885,90.00,54.54,113.26,93.00,155.82,83.36,97.00,31.87,100.16,97.00,113.28,66.36,-0.21,-0.13,-0.19,-0.19
1782329968.996,90.00,52.38,111.22,93.00,156.46,79.46,97.00,31.18,104.09,97.00,115.21,68.89,-0.21,-0.13,-0.18,-0.19
1782329969.107,90.00,50.50,108.44,93.00,155.74,74.94,97.00,31.65,108.08,97.00,117.70,71.47,-0.21,-0.12,-0.18,-0.19
1782329969.224,90.00,48.18,105.70,93.00,153.27,70.00,97.00,32.85,112.17,97.00,119.89,74.64,-0.21,-0.12,-0.17,-0.19
1782329969.336,90.00,46.31,102.51,93.00,149.96,64.87,97.00,35.40,115.73,97.00,122.35,77.74,-0.21,-0.12,-0.17,-0.19
1782329969.450,90.00,44.17,99.56,93.00,145.48,60.18,97.00,38.38,118.93,97.00,124.24,81.14,-0.21,-0.12,-0.17,-0.19
1782329969.563,90.00,42.32,96.64,93.00,140.66,56.34,97.00,41.99,121.25,97.00,125.92,84.41,-0.21,-0.13,-0.18,-0.19
1782329969.674,90.00,41.13,93.72,93.00,136.06,53.53,97.00,46.24,122.28,97.00,127.67,87.23,-0.21,-0.13,-0.18,-0.19
1782329969.785,90.00,40.54,91.01,93.00,131.84,51.92,97.00,50.86,121.94,97.00,129.36,89.56,-0.21,-0.14,-0.19,-0.19
1782329969.896,90.00,39.54,89.16,93.00,127.39,52.43,97.00,54.68,121.29,97.00,130.09,91.69,-0.21,-0.15,-0.20,-0.19
1782329970.008,90.00,39.05,87.77,93.00,123.99,53.49,97.00,59.41,118.72,97.00,130.71,93.11,-0.21,-0.16,-0.21,-0.19
1782329970.119,90.00,38.32,87.28,93.00,120.30,56.50,97.00,63.08,116.26,97.00,130.57,94.05,-0.21,-0.17,-0.22,-0.19
1782329970.236,90.00,36.12,88.28,93.00,118.51,58.57,97.00,64.96,114.60,97.00,132.69,93.21,-0.20,-0.18,-0.23,-0.19
1782329970.347,90.00,31.92,90.95,93.00,119.39,58.80,97.00,64.96,113.75,97.00,136.80,90.87,-0.19,-0.18,-0.23,-0.18
1782329970.460,90.00,28.46,93.98,93.00,120.84,59.66,97.00,64.46,112.48,97.00,140.15,88.14,-0.18,-0.17,-0.23,-0.17
1782329970.572,90.00,26.11,97.30,93.00,122.73,61.22,97.00,63.43,110.88,97.00,142.78,84.93,-0.17,-0.17,-0.23,-0.16
1782329970.686,90.00,24.62,101.05,93.00,124.86,63.51,97.00,61.80,109.12,97.00,144.17,81.31,-0.17,-0.17,-0.23,-0.15
1782329970.797,90.00,24.30,105.10,93.00,127.29,66.29,97.00,59.97,106.97,97.00,144.35,77.24,-0.16,-0.17,-0.23,-0.14
1782329970.910,90.00,25.34,109.27,93.00,130.04,69.35,97.00,58.27,104.34,97.00,143.47,72.78,-0.16,-0.17,-0.23,-0.14
1782329971.023,90.00,27.16,113.57,93.00,132.52,72.91,97.00,56.15,101.78,97.00,141.04,68.27,-0.15,-0.17,-0.23,-0.14
1782329971.136,90.00,30.12,117.50,93.00,135.05,76.50,97.00,54.37,98.91,97.00,137.79,63.88,-0.15,-0.17,-0.23,-0.14
1782329971.251,90.00,33.78,120.81,93.00,137.36,80.07,97.00,52.79,96.00,97.00,133.85,60.06,-0.16,-0.17,-0.23,-0.14
1782329971.363,90.00,37.72,123.32,93.00,139.13,83.57,97.00,51.11,93.40,97.00,129.41,57.26,-0.16,-0.17,-0.23,-0.15
1782329971.476,90.00,42.10,124.46,93.00,140.61,86.70,97.00,49.78,90.97,97.00,125.17,55.43,-0.17,-0.17,-0.23,-0.15
1782329971.589,90.00,46.51,124.34,93.00,142.16,89.19,97.00,49.30,88.58,97.00,121.08,54.83,-0.18,-0.17,-0.23,-0.16
1782329971.700,90.00,50.47,123.37,93.00,143.35,91.12,97.00,49.09,86.69,97.00,116.95,55.79,-0.19,-0.17,-0.23,-0.17
1782329971.812,90.00,54.47,121.13,93.00,144.40,92.30,97.00,49.39,85.24,97.00,113.29,57.68,-0.20,-0.17,-0.23,-0.18
1782329971.924,90.00,58.24,118.05,93.00,144.23,93.00,97.00,48.68,85.02,97.00,109.89,60.56,-0.21,-0.17,-0.23,-0.19
1782329972.037,90.00,59.07,116.96,93.00,147.83,91.83,97.00,45.01,87.05,97.00,109.31,61.49,-0.21,-0.16,-0.22,-0.19
1782329972.149,90.00,58.27,116.48,93.00,151.40,90.03,97.00,40.09,90.54,97.00,109.88,62.30,-0.21,-0.15,-0.21,-0.19
1782329972.263,90.00,57.16,115.34,93.00,153.58,87.75,97.00,35.52,94.58,97.00,111.12,63.49,-0.21,-0.15,-0.20,-0.19
1782329972.375,90.00,55.81,113.58,93.00,155.82,84.75,97.00,33.14,98.29,97.00,112.95,65.06,-0.21,-0.14,-0.19,-0.19
1782329972.488,90.00,54.02,111.50,93.00,157.17,81.12,97.00,32.13,102.07,97.00,115.02,67.22,-0.21,-0.13,-0.18,-0.19
1782329972.600,90.00,51.99,109.07,93.00,156.77,76.85,97.00,31.86,106.16,97.00,117.28,69.84,-0.21,-0.12,-0.18,-0.19
1782329972.713,90.00,49.88,106.31,93.00,154.99,72.03,97.00,32.75,110.21,97.00,119.65,72.79,-0.21,-0.12,-0.18,-0.19
1782329972.824,90.00,47.81,103.34,93.00,151.94,66.90,97.00,34.70,114.03,97.00,122.01,75.98,-0.21,-0.12,-0.17,-0.19
1782329972.939,90.00,45.86,100.25,93.00,147.89,61.88,97.00,37.55,117.34,97.00,124.24,79.27,-0.21,-0.12,-0.18,-0.19
1782329973.052,90.00,44.13,97.19,93.00,143.24,57.47,97.00,41.08,119.90,97.00,126.24,82.52,-0.21,-0.12,-0.18,-0.19
1782329973.165,90.00,42.21,94.54,93.00,138.47,54.11,97.00,45.08,121.43,97.00,127.56,85.80,-0.21,-0.13,-0.18,-0.19
1782329973.276,90.00,41.23,91.83,93.00,133.95,52.01,97.00,49.45,121.73,97.00,129.14,88.43,-0.21,-0.13,-0.19,-0.19
1782329973.389,90.00,40.62,89.51,93.00,129.56,51.61,97.00,53.62,121.18,97.00,130.47,90.59,-0.21,-0.14,-0.20,-0.19
1782329973.502,90.00,40.03,87.87,93.00,125.97,52.14,97.00,58.37,119.01,97.00,131.23,92.28,-0.21,-0.15,-0.21,-0.19
1782329973.617,90.00,40.02,86.70,93.00,122.73,53.97,97.00,63.06,115.99,97.00,131.97,93.20,-0.21,-0.16,-0.22,-0.19
1782329973.728,90.00,39.40,86.63,93.00,119.87,56.82,97.00,67.39,112.61,97.00,132.05,93.56,-0.21,-0.17,-0.23,-0.19
1782329973.842,90.00,34.85,89.23,93.00,119.95,57.47,97.00,66.66,112.74,97.00,136.38,91.47,-0.20,-0.17,-0.23,-0.18
1782329973.954,90.00,31.04,92.17,93.00,120.88,58.43,97.00,65.88,112.07,97.00,140.07,88.97,-0.19,-0.17,-0.23,-0.17
1782329974.068,90.00,27.84,95.55,93.00,122.54,59.80,97.00,64.98,110.72,97.00,142.67,86.10,-0.18,-0.17,-0.23,-0.16
1782329974.180,90.00,26.28,99.04,93.00,124.51,61.93,97.00,63.43,109.18,97.00,144.90,82.61,-0.17,-0.17,-0.23,-0.15
1782329974.293,90.00,25.22,103.06,93.00,127.02,64.41,97.00,61.95,107.00,97.00,145.36,78.78,-0.16,-0.17,-0.23,-0.14
1782329974.404,90.00,25.56,107.22,93.00,128.95,67.98,97.00,59.08,105.40,97.00,144.80,74.47,-0.16,-0.17,-0.23,-0.14
1782329974.517,90.00,26.90,111.52,93.00,131.74,71.24,97.00,57.38,102.62,97.00,142.82,69.94,-0.16,-0.17,-0.23,-0.14
1782329974.630,90.00,29.97,115.29,93.00,134.54,74.69,97.00,55.84,99.62,97.00,140.42,65.18,-0.16,-0.17,-0.23,-0.13
1782329974.743,90.00,33.12,118.92,93.00,137.11,78.25,97.00,54.37,96.62,97.00,136.46,61.05,-0.16,-0.17,-0.23,-0.14
1782329974.854,90.00,37.08,121.59,93.00,139.95,81.48,97.00,53.91,93.22,97.00,132.26,57.57,-0.16,-0.17,-0.23,-0.14
1782329974.968,90.00,40.83,123.63,93.00,140.82,85.14,97.00,51.36,91.35,97.00,127.44,55.58,-0.17,-0.17,-0.23,-0.15
1782329975.080,90.00,45.22,124.01,93.00,142.10,88.03,97.00,50.21,89.13,97.00,123.23,54.43,-0.17,-0.17,-0.23,-0.15
1782329975.196,90.00,49.59,123.12,93.00,143.85,90.09,97.00,50.47,86.74,97.00,119.30,54.50,-0.18,-0.17,-0.23,-0.16
1782329975.310,90.00,53.68,121.28,93.00,144.62,91.71,97.00,50.10,85.34,97.00,115.52,55.92,-0.19,-0.17,-0.23,-0.17
1782329975.423,90.00,57.63,118.46,93.00,145.04,92.60,97.00,49.94,84.55,97.00,112.07,58.36,-0.21,-0.17,-0.23,-0.18
1782329975.535,90.00,60.38,115.91,93.00,146.82,92.27,97.00,48.25,85.25,97.00,110.17,60.28,-0.21,-0.17,-0.23,-0.19
1782329975.647,90.00,59.98,115.46,93.00,150.34,90.77,97.00,42.42,88.85,97.00,110.68,60.71,-0.21,-0.16,-0.22,-0.19
1782329975.759,90.00,58.91,114.70,93.00,154.35,88.59,97.00,39.02,92.02,97.00,111.59,61.85,-0.21,-0.14,-0.21,-0.19
1782329975.873,90.00,57.41,113.45,93.00,155.83,86.01,97.00,34.85,96.32,97.00,112.99,63.51,-0.21,-0.14,-0.20,-0.19
1782329975.985,90.00,56.08,111.30,93.00,158.09,82.67,97.00,33.73,99.86,97.00,115.22,65.26,-0.21,-0.13,-0.19,-0.19
1782329976.098,90.00,53.98,109.20,93.00,157.96,78.68,97.00,32.66,104.05,97.00,117.29,67.88,-0.21,-0.12,-0.18,-0.19
1782329976.210,90.00,51.93,106.60,93.00,156.73,74.04,97.00,33.04,108.13,97.00,119.68,70.75,-0.21,-0.12,-0.18,-0.19
1782329976.323,90.00,50.05,103.59,93.00,153.97,68.95,97.00,34.38,112.13,97.00,122.26,73.78,-0.21,-0.12,-0.18,-0.19
1782329976.436,90.00,47.90,100.70,93.00,150.39,63.71,97.00,37.01,115.56,97.00,124.45,77.20,-0.21,-0.12,-0.18,-0.19
1782329976.548,90.00,45.92,97.77,93.00,145.72,58.95,97.00,40.10,118.52,97.00,126.42,80.63,-0.21,-0.12,-0.18,-0.19
1782329976.662,90.00,44.59,94.67,93.00,141.02,54.95,97.00,44.06,120.35,97.00,128.50,83.72,-0.21,-0.12,-0.18,-0.19
1782329976.774,90.00,43.29,91.98,93.00,136.48,52.06,97.00,48.52,120.92,97.00,130.04,86.66,-0.21,-0.13,-0.19,-0.19
1782329976.886,90.00,42.60,89.48,93.00,131.63,51.27,97.00,52.29,121.14,97.00,131.53,89.06,-0.21,-0.14,-0.20,-0.19
1782329976.999,90.00,41.65,87.76,93.00,127.76,51.33,97.00,56.92,119.52,97.00,132.21,91.12,-0.21,-0.14,-0.21,-0.19
1782329977.111,90.00,41.52,86.34,93.00,124.33,52.69,97.00,61.59,116.89,97.00,133.06,92.35,-0.21,-0.15,-0.22,-0.19
1782329977.224,90.00,41.08,85.86,93.00,121.19,55.31,97.00,66.13,113.61,97.00,133.12,93.08,-0.21,-0.17,-0.23,-0.19
1782329977.339,90.00,38.57,87.20,93.00,120.25,56.63,97.00,67.76,112.13,97.00,136.39,91.76,-0.21,-0.17,-0.23,-0.18
1782329977.451,90.00,34.03,90.24,93.00,121.13,57.14,97.00,67.51,111.39,97.00,140.05,89.64,-0.20,-0.17,-0.23,-0.17
1782329977.564,90.00,30.42,93.56,93.00,122.55,58.33,97.00,66.73,110.27,97.00,143.03,87.03,-0.19,-0.17,-0.23,-0.16
1782329977.677,90.00,28.16,97.03,93.00,124.26,60.36,97.00,65.15,109.05,97.00,145.46,83.84,-0.18,-0.17,-0.23,-0.15
1782329977.789,90.00,26.40,101.03,93.00,126.20,63.08,97.00,63.02,107.62,97.00,146.21,80.26,-0.17,-0.17,-0.23,-0.14
1782329977.900,90.00,26.22,105.11,93.00,128.36,66.28,97.00,60.62,105.86,97.00,146.15,76.11,-0.16,-0.17,-0.23,-0.14
1782329978.011,90.00,27.43,109.21,93.00,131.50,69.20,97.00,59.47,102.83,97.00,145.02,71.53,-0.16,-0.17,-0.23,-0.13
1782329978.124,90.00,29.51,113.30,93.00,134.56,72.52,97.00,58.20,99.74,97.00,142.47,66.83,-0.16,-0.17,-0.23,-0.13
1782329978.234,90.00,32.51,117.00,93.00,137.15,76.21,97.00,56.53,96.88,97.00,138.95,62.32,-0.16,-0.17,-0.23,-0.13
1782329978.347,90.00,36.03,120.12,93.00,138.88,80.12,97.00,54.16,94.56,97.00,134.65,58.50,-0.16,-0.17,-0.23,-0.14
1782329978.458,90.00,40.27,122.03,93.00,140.68,83.60,97.00,52.63,91.97,97.00,130.38,55.46,-0.17,-0.17,-0.23,-0.14
1782329978.570,90.00,44.64,122.80,93.00,142.50,86.57,97.00,51.90,89.34,97.00,126.07,53.65,-0.18,-0.17,-0.23,-0.15
1782329978.681,90.00,48.76,122.64,93.00,144.05,89.02,97.00,51.59,87.02,97.00,121.74,53.39,-0.18,-0.17,-0.23,-0.15
1782329978.793,90.00,52.94,121.18,93.00,144.97,90.94,97.00,51.13,85.40,97.00,117.85,54.28,-0.19,-0.17,-0.23,-0.16
1782329978.908,90.00,57.03,118.69,93.00,145.54,92.15,97.00,50.89,84.36,97.00,114.30,56.27,-0.20,-0.17,-0.23,-0.17
1782329979.020,90.00,61.19,115.17,93.00,145.57,92.65,97.00,50.56,84.09,97.00,111.24,59.03,-0.22,-0.17,-0.23,-0.18
1782329979.131,90.00,61.15,114.80,93.00,149.59,91.33,97.00,45.52,86.91,97.00,111.15,59.65,-0.22,-0.16,-0.22,-0.19
1782329979.243,90.00,60.47,114.08,93.00,153.23,89.49,97.00,40.84,90.41,97.00,111.99,60.42,-0.22,-0.15,-0.21,-0.19
1782329979.354,90.00,59.14,113.06,93.00,156.29,87.10,97.00,37.46,94.02,97.00,113.21,61.89,-0.22,-0.14,-0.20,-0.19
1782329979.467,90.00,57.58,111.44,93.00,158.21,84.11,97.00,35.00,97.92,97.00,114.99,63.76,-0.22,-0.13,-0.19,-0.19
1782329979.578,90.00,55.95,109.22,93.00,158.71,80.42,97.00,33.48,102.05,97.00,117.29,65.96,-0.22,-0.12,-0.19,-0.19
1782329979.687,90.00,53.78,106.94,93.00,157.85,76.03,97.00,33.16,106.23,97.00,119.50,68.85,-0.22,-0.12,-0.18,-0.19
1782329979.801,90.00,51.93,104.05,93.00,155.96,71.04,97.00,34.36,110.13,97.00,122.12,71.82,-0.22,-0.11,-0.18,-0.19
1782329979.913,90.00,49.91,101.14,93.00,152.64,65.75,97.00,36.46,113.80,97.00,124.52,75.15,-0.22,-0.11,-0.18,-0.19
1782329980.024,90.00,47.86,98.24,93.00,148.47,60.56,97.00,39.55,116.80,97.00,126.62,78.63,-0.22,-0.11,-0.18,-0.19
1782329980.136,90.00,46.47,95.12,93.00,143.50,56.17,97.00,42.96,119.23,97.00,128.84,81.84,-0.22,-0.12,-0.18,-0.19
1782329980.253,90.00,45.35,92.18,93.00,138.72,52.77,97.00,47.13,120.39,97.00,130.78,84.84,-0.22,-0.12,-0.19,-0.18
1782329980.364,90.00,44.30,89.68,93.00,134.07,50.88,97.00,51.40,120.53,97.00,132.20,87.57,-0.22,-0.13,-0.20,-0.18
1782329980.476,90.00,43.25,87.76,93.00,129.99,50.31,97.00,56.03,119.32,97.00,133.04,89.90,-0.22,-0.14,-0.21,-0.19
1782329980.586,90.00,42.51,86.36,93.00,126.39,51.10,97.00,60.78,117.02,97.00,133.59,91.59,-0.22,-0.15,-0.22,-0.19
1782329980.699,90.00,42.84,85.18,93.00,122.68,53.81,97.00,64.64,114.70,97.00,134.51,92.34,-0.22,-0.16,-0.22,-0.18
1782329980.811,90.00,41.47,85.63,93.00,120.60,55.96,97.00,68.71,111.52,97.00,135.37,92.27,-0.21,-0.17,-0.23,-0.18
1782329980.923,90.00,36.81,88.48,93.00,121.30,56.13,97.00,68.82,110.84,97.00,139.51,90.31,-0.20,-0.17,-0.24,-0.17
1782329981.036,90.00,32.96,91.65,93.00,121.85,57.81,97.00,67.03,110.85,97.00,142.99,87.90,-0.19,-0.17,-0.23,-0.16
1782329981.148,90.00,29.82,95.21,93.00,123.63,59.30,97.00,66.09,109.42,97.00,145.40,85.06,-0.18,-0.17,-0.23,-0.15
1782329981.260,90.00,28.16,98.88,93.00,125.86,61.41,97.00,64.79,107.62,97.00,147.21,81.62,-0.18,-0.17,-0.23,-0.14
1782329981.376,90.00,27.44,102.88,93.00,128.30,64.17,97.00,63.04,105.61,97.00,147.64,77.67,-0.17,-0.17,-0.23,-0.14
1782329981.487,90.00,27.73,107.10,93.00,131.11,67.25,97.00,61.42,103.09,97.00,146.60,73.28,-0.16,-0.17,-0.23,-0.13
1782329981.599,90.00,29.67,111.06,93.00,133.52,70.96,97.00,59.07,100.81,97.00,144.82,68.47,-0.16,-0.17,-0.23,-0.13
1782329981.711,90.00,32.05,115.01,93.00,136.37,74.52,97.00,57.62,97.82,97.00,141.39,63.80,-0.16,-0.17,-0.23,-0.13
1782329981.824,90.00,35.60,118.15,93.00,138.63,78.31,97.00,55.77,95.14,97.00,137.54,59.40,-0.17,-0.17,-0.23,-0.13
1782329981.936,90.00,39.62,120.43,93.00,140.97,81.78,97.00,54.69,92.20,97.00,133.22,55.81,-0.17,-0.17,-0.23,-0.13
1782329982.046,90.00,43.65,121.85,93.00,143.45,84.80,97.00,54.62,89.09,97.00,128.58,53.57,-0.18,-0.17,-0.24,-0.14
1782329982.158,90.00,47.77,122.13,93.00,144.27,87.81,97.00,52.88,87.32,97.00,124.11,52.69,-0.18,-0.17,-0.23,-0.15
1782329982.269,90.00,52.01,121.10,93.00,145.35,90.01,97.00,52.36,85.49,97.00,120.07,53.01,-0.19,-0.17,-0.23,-0.16
1782329982.382,90.00,56.19,118.98,93.00,146.07,91.54,97.00,52.05,84.21,97.00,116.40,54.53,-0.20,-0.17,-0.23,-0.17
1782329982.491,90.00,60.08,116.12,93.00,146.19,92.38,97.00,51.56,83.71,97.00,112.95,57.24,-0.21,-0.17,-0.23,-0.18
1782329982.603,90.00,62.23,114.07,93.00,148.59,91.80,97.00,48.73,85.07,97.00,111.66,58.71,-0.22,-0.16,-0.23,-0.18
1782329982.716,90.00,61.58,113.72,93.00,152.66,90.19,97.00,43.70,88.39,97.00,112.15,59.40,-0.22,-0.15,-0.22,-0.18
1782329982.827,90.00,60.43,112.91,93.00,155.21,88.16,97.00,38.84,92.44,97.00,113.17,60.66,-0.22,-0.14,-0.21,-0.18
1782329982.939,90.00,59.94,110.70,93.00,158.45,85.42,97.00,36.81,95.82,97.00,115.48,61.66,-0.22,-0.13,-0.20,-0.18
1782329983.053,90.00,57.79,109.24,93.00,159.26,82.05,97.00,34.55,100.03,97.00,117.18,64.18,-0.22,-0.12,-0.19,-0.18
1782329983.167,90.00,55.70,107.13,93.00,158.88,77.94,97.00,33.63,104.25,97.00,119.36,66.94,-0.22,-0.12,-0.19,-0.18
1782329983.280,90.00,53.93,104.35,93.00,157.58,73.15,97.00,34.36,108.19,97.00,122.02,69.81,-0.22,-0.11,-0.18,-0.18
1782329983.391,90.00,52.15,101.37,93.00,154.85,67.87,97.00,36.15,111.92,97.00,124.69,72.98,-0.22,-0.11,-0.18,-0.18
1782329983.505,90.00,49.83,98.70,93.00,150.83,62.52,97.00,38.73,115.26,97.00,126.72,76.62,-0.22,-0.11,-0.18,-0.18
1782329983.618,90.00,48.53,95.46,93.00,146.07,57.63,97.00,42.02,117.91,97.00,129.22,79.85,-0.22,-0.11,-0.18,-0.18
1782329983.731,90.00,46.37,93.02,93.00,140.93,53.85,97.00,45.66,119.78,97.00,130.51,83.39,-0.22,-0.12,-0.19,-0.18
1782329983.843,90.00,45.42,90.27,93.00,136.00,51.45,97.00,49.65,120.56,97.00,132.25,86.22,-0.22,-0.13,-0.19,-0.18
1782329983.955,90.00,44.57,88.01,93.00,131.55,50.47,97.00,53.96,120.09,97.00,133.50,88.68,-0.22,-0.13,-0.20,-0.18
1782329984.068,90.00,44.18,86.15,93.00,127.47,51.07,97.00,58.20,118.66,97.00,134.57,90.51,-0.22,-0.14,-0.21,-0.18
1782329984.180,90.00,43.57,85.13,93.00,124.39,52.27,97.00,63.41,115.43,97.00,134.92,91.83,-0.22,-0.15,-0.22,-0.18
1782329984.292,90.00,44.22,84.25,93.00,121.30,55.11,97.00,68.01,112.08,97.00,135.80,92.12,-0.22,-0.16,-0.23,-0.18
1782329984.404,90.00,39.89,86.65,93.00,120.56,56.43,97.00,68.13,111.73,97.00,138.94,90.84,-0.21,-0.17,-0.23,-0.17
1782329984.517,90.00,35.42,89.85,93.00,121.48,57.12,97.00,67.69,111.00,97.00,142.52,88.74,-0.20,-0.17,-0.23,-0.16
1782329984.630,90.00,32.23,93.17,93.00,123.28,58.11,97.00,67.36,109.42,97.00,145.69,86.08,-0.19,-0.17,-0.24,-0.15
1782329984.741,90.00,29.86,96.85,93.00,125.25,60.09,97.00,66.03,107.92,97.00,147.73,82.94,-0.18,-0.17,-0.24,-0.14
1782329984.853,90.00,28.19,100.95,93.00,127.25,62.96,97.00,63.79,106.48,97.00,148.21,79.29,-0.17,-0.17,-0.23,-0.14
1782329984.966,90.00,28.50,104.90,93.00,129.79,66.02,97.00,61.88,104.32,97.00,148.24,74.99,-0.17,-0.17,-0.23,-0.13
1782329985.079,90.00,29.57,109.04,93.00,132.77,69.23,97.00,60.43,101.53,97.00,146.56,70.32,-0.17,-0.17,-0.23,-0.13
1782329985.193,90.00,31.52,113.10,93.00,135.73,72.72,97.00,59.03,98.55,97.00,143.50,65.53,-0.16,-0.17,-0.24,-0.13
1782329985.306,90.00,34.58,116.59,93.00,137.90,76.66,97.00,56.78,96.09,97.00,139.73,60.92,-0.17,-0.17,-0.23,-0.13
1782329985.419,90.00,38.24,119.35,93.00,139.77,80.48,97.00,54.71,93.63,97.00,135.35,56.98,-0.17,-0.17,-0.23,-0.13
1782329985.531,90.00,42.25,121.14,93.00,141.31,84.01,97.00,52.91,91.27,97.00,130.75,54.12,-0.17,-0.17,-0.23,-0.14
1782329985.643,90.00,46.35,121.87,93.00,143.45,86.80,97.00,52.78,88.42,97.00,126.18,52.63,-0.18,-0.17,-0.23,-0.14
1782329985.755,90.00,50.93,120.98,93.00,145.08,89.13,97.00,52.74,86.10,97.00,122.25,52.11,-0.19,-0.17,-0.23,-0.15
1782329985.869,90.00,55.32,119.11,93.00,145.68,91.03,97.00,51.94,84.77,97.00,118.55,52.98,-0.20,-0.17,-0.23,-0.16
1782329985.983,90.00,59.16,116.73,93.00,146.19,92.12,97.00,51.75,83.84,97.00,114.86,55.40,-0.21,-0.17,-0.23,-0.17
1782329986.094,90.00,62.70,113.74,93.00,146.95,92.29,97.00,51.46,83.67,97.00,111.89,58.30,-0.22,-0.17,-0.23,-0.18
1782329986.210,90.00,62.60,113.28,93.00,150.82,90.95,97.00,45.39,87.11,97.00,112.38,58.48,-0.22,-0.16,-0.22,-0.18
1782329986.322,90.00,61.46,112.85,93.00,154.31,89.07,97.00,40.78,90.71,97.00,113.05,59.67,-0.22,-0.15,-0.21,-0.18
1782329986.435,90.00,60.21,111.64,93.00,156.52,86.65,97.00,36.78,94.76,97.00,114.48,61.15,-0.22,-0.14,-0.20,-0.18
1782329986.546,90.00,59.05,109.61,93.00,158.62,83.54,97.00,34.89,98.49,97.00,116.69,62.83,-0.22,-0.13,-0.19,-0.18
1782329986.660,90.00,57.21,107.54,93.00,159.05,79.73,97.00,33.72,102.57,97.00,118.91,65.33,-0.22,-0.12,-0.19,-0.18
1782329986.772,90.00,55.18,105.15,93.00,158.14,75.22,97.00,33.77,106.65,97.00,121.30,68.26,-0.22,-0.12,-0.18,-0.18
1782329986.885,90.00,53.36,102.28,93.00,155.96,70.12,97.00,35.10,110.52,97.00,123.97,71.36,-0.22,-0.11,-0.18,-0.18
1782329986.997,90.00,51.21,99.53,93.00,152.18,64.81,97.00,37.11,114.23,97.00,126.24,74.89,-0.22,-0.11,-0.18,-0.18
1782329987.109,90.00,49.38,96.59,93.00,147.73,59.73,97.00,40.16,117.22,97.00,128.48,78.36,-0.22,-0.11,-0.18,-0.18
1782329987.222,90.00,47.82,93.67,93.00,142.82,55.43,97.00,43.79,119.38,97.00,130.49,81.72,-0.22,-0.12,-0.18,-0.18
1782329987.335,90.00,46.03,91.23,93.00,137.66,52.58,97.00,47.49,120.80,97.00,131.78,84.99,-0.22,-0.12,-0.19,-0.18
1782329987.446,90.00,45.24,88.70,93.00,133.18,50.88,97.00,51.91,120.66,97.00,133.32,87.60,-0.22,-0.13,-0.20,-0.18
1782329987.559,90.00,44.51,86.75,93.00,129.04,50.74,97.00,56.32,119.49,97.00,134.34,89.76,-0.22,-0.14,-0.21,-0.18
1782329987.672,90.00,44.28,85.23,93.00,125.04,52.37,97.00,60.27,117.78,97.00,135.22,91.22,-0.22,-0.15,-0.21,-0.18
1782329987.785,90.00,44.39,84.30,93.00,122.45,53.93,97.00,65.92,113.69,97.00,135.86,91.95,-0.22,-0.16,-0.23,-0.18
1782329987.897,90.00,42.07,85.37,93.00,120.92,55.65,97.00,69.24,111.06,97.00,137.34,91.56,-0.22,-0.17,-0.24,-0.18
1782329988.010,90.00,37.67,88.25,93.00,121.57,56.11,97.00,68.98,110.54,97.00,141.56,89.55,-0.21,-0.17,-0.24,-0.17
1782329988.123,90.00,33.61,91.68,93.00,122.57,57.49,97.00,67.75,109.97,97.00,144.64,87.21,-0.20,-0.17,-0.23,-0.16
1782329988.236,90.00,30.84,95.24,93.00,124.01,59.58,97.00,65.96,109.10,97.00,147.13,84.30,-0.19,-0.17,-0.23,-0.15
1782329988.350,90.00,29.05,99.09,93.00,126.18,61.90,97.00,64.39,107.39,97.00,148.47,80.84,-0.18,-0.17,-0.23,-0.14
1782329988.463,90.00,28.51,103.13,93.00,128.96,64.49,97.00,63.10,104.97,97.00,148.68,76.80,-0.17,-0.17,-0.23,-0.13
1782329988.576,90.00,29.06,107.29,93.00,131.64,67.76,97.00,61.23,102.58,97.00,147.49,72.29,-0.17,-0.17,-0.24,-0.13
1782329988.689,90.00,30.60,111.44,93.00,133.11,72.12,97.00,57.46,101.22,97.00,144.92,67.51,-0.17,-0.17,-0.23,-0.13
1782329988.800,90.00,33.29,115.17,93.00,136.00,75.58,97.00,56.14,98.09,97.00,141.46,62.76,-0.17,-0.17,-0.23,-0.13
1782329988.914,90.00,36.89,118.13,93.00,138.91,78.97,97.00,55.37,94.75,97.00,137.44,58.38,-0.17,-0.17,-0.23,-0.13
1782329989.027,90.00,40.80,120.31,93.00,141.42,82.31,97.00,54.67,91.65,97.00,132.89,54.99,-0.17,-0.17,-0.23,-0.13
1782329989.139,90.00,44.99,121.37,93.00,142.77,85.63,97.00,53.04,89.43,97.00,128.35,52.80,-0.18,-0.17,-0.23,-0.14
1782329989.251,90.00,49.04,121.49,93.00,143.93,88.39,97.00,51.97,87.38,97.00,123.85,52.16,-0.19,-0.17,-0.23,-0.15
1782329989.364,90.00,53.49,120.03,93.00,145.11,90.43,97.00,51.71,85.52,97.00,120.03,52.48,-0.20,-0.17,-0.23,-0.16
1782329989.479,90.00,57.84,117.57,93.00,145.90,91.79,97.00,51.63,84.23,97.00,116.54,54.04,-0.21,-0.17,-0.23,-0.17
1782329989.592,90.00,61.78,114.56,93.00,146.00,92.49,97.00,51.22,83.82,97.00,113.17,56.89,-0.22,-0.17,-0.23,-0.18
1782329989.703,90.00,63.04,113.22,93.00,148.84,91.66,97.00,47.16,85.92,97.00,112.34,58.07,-0.22,-0.16,-0.23,-0.18
1782329989.816,90.00,62.64,112.49,93.00,152.40,89.99,97.00,41.91,89.51,97.00,113.17,58.60,-0.22,-0.15,-0.22,-0.18
1782329989.928,90.00,61.59,111.48,93.00,155.83,87.73,97.00,38.43,92.99,97.00,114.42,59.85,-0.22,-0.14,-0.21,-0.18
1782329990.041,90.00,59.77,110.34,93.00,157.95,84.91,97.00,35.62,96.88,97.00,115.87,61.92,-0.22,-0.13,-0.20,-0.18
1782329990.153,90.00,58.22,108.27,93.00,158.73,81.40,97.00,33.76,101.01,97.00,118.12,64.09,-0.22,-0.12,-0.19,-0.18
1782329990.266,90.00,55.79,106.38,93.00,158.37,77.18,97.00,33.30,105.11,97.00,120.10,67.15,-0.22,-0.12,-0.18,-0.18
1782329990.378,90.00,54.07,103.53,93.00,156.43,72.33,97.00,33.84,109.25,97.00,122.82,70.06,-0.22,-0.12,-0.18,-0.18
1782329990.494,90.00,52.67,101.14,93.00,154.22,68.14,97.00,35.35,112.24,97.00,124.97,72.63,-0.22,-0.11,-0.18,-0.18
1782329990.605,90.00,51.08,98.01,93.00,148.23,63.53,97.00,35.78,117.08,97.00,127.60,75.95,-0.22,-0.12,-0.17,-0.18
1782329990.718,90.00,49.63,94.91,93.00,144.99,58.40,97.00,40.50,118.92,97.00,129.99,79.31,-0.22,-0.12,-0.18,-0.18
1782329990.830,90.00,47.65,92.38,93.00,140.91,54.09,97.00,45.29,119.94,97.00,131.48,82.81,-0.22,-0.12,-0.19,-0.18
1782329990.943,90.00,45.92,90.09,93.00,135.87,51.78,97.00,49.13,120.91,97.00,132.60,85.97,-0.22,-0.13,-0.19,-0.18
1782329991.054,90.00,45.65,87.51,93.00,131.42,50.79,97.00,53.43,120.50,97.00,134.34,88.27,-0.22,-0.14,-0.20,-0.18
1782329991.167,90.00,45.53,85.51,93.00,127.46,51.19,97.00,57.86,118.92,97.00,135.64,90.06,-0.22,-0.14,-0.21,-0.18
1782329991.280,90.00,44.39,84.75,93.00,124.08,52.74,97.00,62.54,116.18,97.00,135.57,91.56,-0.22,-0.15,-0.22,-0.18
1782329991.393,90.00,44.78,83.97,93.00,121.12,55.34,97.00,67.35,112.62,97.00,136.25,91.96,-0.22,-0.17,-0.23,-0.18
1782329991.505,90.00,41.12,86.02,93.00,120.81,56.10,97.00,68.64,111.35,97.00,139.74,90.62,-0.21,-0.17,-0.23,-0.17
1782329991.621,90.00,36.44,89.33,93.00,121.44,57.09,97.00,67.71,111.04,97.00,143.24,88.62,-0.20,-0.17,-0.23,-0.16
1782329991.739,90.00,32.84,92.83,93.00,122.42,58.93,97.00,65.95,110.59,97.00,146.10,86.08,-0.19,-0.17,-0.23,-0.15
1782329991.851,90.00,30.18,96.62,93.00,124.12,61.08,97.00,64.23,109.38,97.00,147.94,83.01,-0.18,-0.17,-0.23,-0.14
1782329991.963,90.00,28.64,100.65,93.00,126.51,63.46,97.00,62.75,107.37,97.00,148.63,79.36,-0.18,-0.17,-0.23,-0.14
1782329992.075,90.00,28.91,104.58,93.00,129.00,66.47,97.00,60.81,105.21,97.00,148.71,75.07,-0.17,-0.17,-0.23,-0.13
1782329992.189,90.00,30.32,108.52,93.00,132.31,69.37,97.00,59.90,102.01,97.00,147.46,70.32,-0.17,-0.17,-0.23,-0.13
1782329992.302,90.00,32.17,112.57,93.00,134.82,73.08,97.00,57.81,99.45,97.00,144.34,65.47,-0.17,-0.17,-0.23,-0.12
1782329992.414,90.00,35.03,116.12,93.00,137.14,76.89,97.00,55.80,96.81,97.00,140.39,60.82,-0.17,-0.17,-0.23,-0.13
1782329992.527,90.00,38.82,118.72,93.00,139.18,80.59,97.00,54.00,94.16,97.00,136.14,56.68,-0.17,-0.17,-0.23,-0.13
1782329992.640,90.00,42.67,120.61,93.00,141.33,83.88,97.00,53.06,91.29,97.00,131.37,53.79,-0.18,-0.17,-0.23,-0.13
1782329992.753,90.00,46.75,121.35,93.00,143.08,86.82,97.00,52.34,88.73,97.00,126.76,52.21,-0.18,-0.17,-0.23,-0.14
1782329992.871,90.00,51.34,120.47,93.00,144.34,89.27,97.00,51.71,86.67,97.00,122.80,51.61,-0.19,-0.17,-0.23,-0.15
1782329992.983,90.00,55.40,118.96,93.00,144.94,91.18,97.00,50.90,85.32,97.00,118.83,52.73,-0.20,-0.17,-0.23,-0.16
1782329993.095,90.00,59.79,116.09,93.00,145.22,92.36,97.00,50.34,84.52,97.00,115.51,54.66,-0.21,-0.17,-0.23,-0.17
1782329993.207,90.00,63.83,112.71,93.00,146.04,92.52,97.00,50.52,84.11,97.00,112.67,57.41,-0.22,-0.17,-0.23,-0.18
1782329993.319,90.00,63.32,112.65,93.00,150.36,91.06,97.00,45.12,87.21,97.00,112.85,57.91,-0.22,-0.16,-0.22,-0.18
1782329993.432,90.00,62.12,112.32,93.00,152.57,89.34,97.00,39.04,91.52,97.00,113.46,59.14,-0.22,-0.15,-0.21,-0.18
1782329993.545,90.00,61.13,110.92,93.00,155.48,86.80,97.00,35.85,95.13,97.00,115.06,60.44,-0.22,-0.14,-0.20,-0.18
1782329993.656,90.00,59.80,109.09,93.00,157.80,83.66,97.00,34.16,98.74,97.00,117.13,62.28,-0.22,-0.13,-0.19,-0.18
1782329993.769,90.00,58.19,106.88,93.00,158.47,79.86,97.00,33.17,102.72,97.00,119.52,64.65,-0.22,-0.12,-0.19,-0.18
1782329993.882,90.00,56.21,104.49,93.00,157.57,75.38,97.00,33.15,106.83,97.00,121.96,67.59,-0.22,-0.12,-0.18,-0.18
1782329993.995,90.00,54.18,101.84,93.00,154.91,70.40,97.00,33.93,111.02,97.00,124.46,70.86,-0.22,-0.12,-0.18,-0.18
1782329994.106,90.00,51.73,99.31,93.00,151.41,65.18,97.00,36.12,114.70,97.00,126.54,74.55,-0.22,-0.12,-0.18,-0.18
1782329994.219,90.00,49.96,96.34,93.00,147.04,60.22,97.00,39.14,117.80,97.00,128.84,78.02,-0.22,-0.12,-0.18,-0.18
1782329994.332,90.00,48.91,93.13,93.00,142.51,55.85,97.00,43.11,119.78,97.00,131.28,81.20,-0.22,-0.12,-0.18,-0.18
1782329994.445,90.00,47.70,90.38,93.00,137.62,52.83,97.00,47.10,121.01,97.00,133.06,84.31,-0.22,-0.13,-0.19,-0.18
1782329994.557,90.00,46.44,88.13,93.00,133.17,51.08,97.00,51.55,120.88,97.00,134.24,87.13,-0.22,-0.13,-0.20,-0.18
1782329994.673,90.00,45.44,86.33,93.00,128.88,51.08,97.00,55.74,119.96,97.00,135.05,89.42,-0.22,-0.14,-0.20,-0.18
1782329994.785,90.00,45.57,84.61,93.00,125.20,52.25,97.00,60.20,117.79,97.00,136.23,90.82,-0.22,-0.15,-0.21,-0.18
1782329994.898,90.00,45.05,83.98,93.00,121.86,54.69,97.00,64.56,114.86,97.00,136.38,91.76,-0.22,-0.16,-0.22,-0.18
1782329995.010,90.00,42.92,84.93,93.00,120.17,56.55,97.00,67.83,112.19,97.00,137.77,91.42,-0.22,-0.17,-0.23,-0.18
1782329995.123,90.00,38.89,87.63,93.00,120.54,57.26,97.00,67.13,112.05,97.00,142.40,89.38,-0.21,-0.17,-0.23,-0.16
1782329995.237,90.00,34.57,91.18,93.00,121.66,58.42,97.00,66.22,111.24,97.00,145.35,87.14,-0.20,-0.17,-0.23,-0.15
1782329995.350,90.00,31.65,94.80,93.00,123.35,60.13,97.00,64.96,109.96,97.00,147.78,84.29,-0.19,-0.17,-0.23,-0.15
1782329995.462,90.00,29.80,98.67,93.00,125.41,62.47,97.00,63.29,108.33,97.00,149.16,80.87,-0.18,-0.17,-0.23,-0.14
1782329995.575,90.00,29.20,102.70,93.00,127.86,65.24,97.00,61.50,106.25,97.00,149.39,76.86,-0.17,-0.17,-0.23,-0.13
1782329995.687,90.00,29.69,106.85,93.00,130.50,68.42,97.00,59.62,103.82,97.00,148.23,72.33,-0.17,-0.17,-0.23,-0.13
1782329995.801,90.00,31.13,111.00,93.00,133.34,71.80,97.00,57.99,100.99,97.00,145.61,67.52,-0.17,-0.17,-0.23,-0.13
1782329995.912,90.00,33.60,114.81,93.00,135.74,75.55,97.00,55.95,98.34,97.00,141.98,62.75,-0.17,-0.17,-0.23,-0.13
1782329996.026,90.00,37.28,117.68,93.00,138.10,79.20,97.00,54.34,95.49,97.00,138.05,58.25,-0.17,-0.17,-0.23,-0.13
1782329996.138,90.00,41.16,119.85,93.00,140.17,82.68,97.00,52.97,92.71,97.00,133.46,54.76,-0.17,-0.17,-0.23,-0.13
1782329996.251,90.00,45.48,120.77,93.00,141.66,85.92,97.00,51.56,90.32,97.00,129.01,52.35,-0.18,-0.17,-0.23,-0.14
1782329996.363,90.00,49.56,120.85,93.00,143.24,88.52,97.00,51.05,87.93,97.00,124.51,51.58,-0.19,-0.17,-0.23,-0.15
1782329996.475,90.00,53.83,119.60,93.00,144.23,90.62,97.00,50.48,86.18,97.00,120.51,52.02,-0.20,-0.17,-0.23,-0.15
1782329996.588,90.00,58.26,117.10,93.00,145.08,91.98,97.00,50.45,84.83,97.00,117.05,53.48,-0.21,-0.17,-0.23,-0.16
1782329996.699,90.00,62.29,114.07,93.00,145.13,92.71,97.00,49.96,84.42,97.00,113.72,56.27,-0.22,-0.17,-0.23,-0.18
1782329996.812,90.00,63.72,112.62,93.00,147.84,91.90,97.00,46.20,86.39,97.00,112.79,57.53,-0.22,-0.16,-0.22,-0.18
1782329996.924,90.00,63.11,112.12,93.00,151.66,90.15,97.00,41.32,89.77,97.00,113.45,58.22,-0.22,-0.15,-0.21,-0.18
1782329997.037,90.00,62.31,110.92,93.00,154.51,87.91,97.00,37.19,93.53,97.00,114.84,59.30,-0.22,-0.14,-0.20,-0.18
1782329997.154,90.00,60.90,109.47,93.00,157.03,85.04,97.00,34.79,97.19,97.00,116.58,61.09,-0.22,-0.13,-0.20,-0.18
1782329997.266,90.00,58.73,107.96,93.00,157.62,81.54,97.00,32.72,101.39,97.00,118.38,63.70,-0.22,-0.13,-0.19,-0.18
1782329997.380,90.00,57.02,105.55,93.00,157.97,77.33,97.00,32.88,105.19,97.00,120.91,66.34,-0.22,-0.12,-0.18,-0.18
1782329997.496,90.00,55.21,102.83,93.00,156.09,72.52,97.00,33.40,109.34,97.00,123.57,69.36,-0.22,-0.12,-0.18,-0.18
1782329997.608,90.00,52.79,100.34,93.00,153.12,67.33,97.00,35.22,113.16,97.00,125.74,72.97,-0.22,-0.11,-0.18,-0.18
1782329997.721,90.00,51.20,97.23,93.00,148.88,62.24,97.00,37.73,116.64,97.00,128.32,76.34,-0.22,-0.12,-0.18,-0.18
1782329997.833,90.00,49.23,94.50,93.00,144.07,57.75,97.00,40.99,119.40,97.00,130.23,79.93,-0.22,-0.12,-0.18,-0.18
1782329997.946,90.00,48.35,91.39,93.00,139.20,54.26,97.00,44.87,121.10,97.00,132.50,83.00,-0.22,-0.12,-0.18,-0.18
1782329998.059,90.00,47.19,88.88,93.00,134.75,51.87,97.00,49.37,121.37,97.00,134.00,85.94,-0.22,-0.13,-0.19,-0.18
1782329998.171,90.00,46.97,86.41,93.00,130.41,51.13,97.00,53.71,120.75,97.00,135.67,88.20,-0.22,-0.14,-0.20,-0.18
1782329998.289,90.00,45.63,85.18,93.00,126.41,51.94,97.00,57.93,119.21,97.00,135.89,90.28,-0.22,-0.15,-0.21,-0.18
1782329998.402,90.00,45.30,84.13,93.00,123.01,53.79,97.00,62.43,116.46,97.00,136.40,91.44,-0.22,-0.16,-0.22,-0.18
1782329998.513,90.00,45.50,83.59,93.00,120.21,56.42,97.00,67.35,112.64,97.00,136.83,91.78,-0.22,-0.17,-0.23,-0.18
1782329998.626,90.00,40.70,86.35,93.00,120.29,56.91,97.00,67.45,112.19,97.00,140.74,90.22,-0.21,-0.17,-0.23,-0.17
1782329998.739,90.00,36.15,89.72,93.00,121.03,57.98,97.00,66.47,111.78,97.00,144.13,88.16,-0.20,-0.17,-0.23,-0.16
1782329998.852,90.00,32.64,93.31,93.00,122.35,59.61,97.00,65.12,110.87,97.00,146.79,85.56,-0.19,-0.17,-0.23,-0.15
1782329998.964,90.00,30.56,96.98,93.00,124.40,61.54,97.00,63.83,109.20,97.00,148.85,82.35,-0.18,-0.17,-0.23,-0.14
1782329999.076,90.00,29.37,100.98,93.00,126.73,64.11,97.00,62.13,107.26,97.00,149.52,78.59,-0.18,-0.17,-0.23,-0.13
1782329999.188,90.00,29.23,105.17,93.00,129.42,67.03,97.00,60.45,104.84,97.00,148.76,74.28,-0.17,-0.17,-0.23,-0.13
1782329999.301,90.00,30.59,109.20,93.00,131.92,70.53,97.00,58.29,102.44,97.00,147.04,69.50,-0.17,-0.17,-0.23,-0.13
1782329999.414,90.00,32.81,113.08,93.00,134.53,74.12,97.00,56.43,99.68,97.00,143.95,64.59,-0.17,-0.17,-0.23,-0.12
1782329999.525,90.00,35.89,116.44,93.00,136.98,77.78,97.00,54.74,96.82,97.00,139.96,59.95,-0.17,-0.17,-0.23,-0.13
1782329999.637,90.00,39.25,119.27,93.00,138.78,81.51,97.00,52.70,94.32,97.00,135.16,56.23,-0.17,-0.17,-0.23,-0.13
1782329999.750,90.00,43.50,120.68,93.00,140.44,84.87,97.00,51.22,91.78,97.00,130.71,53.32,-0.18,-0.17,-0.23,-0.13
1782329999.862,90.00,47.75,121.06,93.00,142.33,87.61,97.00,50.81,89.10,97.00,126.26,51.82,-0.18,-0.17,-0.23,-0.14
1782329999.974,90.00,52.31,120.01,93.00,143.45,89.96,97.00,50.12,87.14,97.00,122.32,51.46,-0.19,-0.17,-0.23,-0.15
1782330000.087,90.00,56.61,118.07,93.00,144.65,91.53,97.00,50.28,85.39,97.00,118.59,52.57,-0.20,-0.17,-0.23,-0.16
1782330000.200,90.00,60.86,115.20,93.00,144.61,92.66,97.00,49.38,84.88,97.00,115.23,54.81,-0.21,-0.17,-0.23,-0.17
1782330000.313,90.00,64.16,112.39,93.00,146.12,92.48,97.00,48.59,85.06,97.00,112.91,57.15,-0.22,-0.17,-0.23,-0.18
1782330000.425,90.00,63.39,112.42,93.00,149.72,91.02,97.00,42.70,88.60,97.00,113.08,57.89,-0.22,-0.16,-0.22,-0.18
1782330000.537,90.00,62.97,111.23,93.00,153.15,88.95,97.00,38.47,92.10,97.00,114.38,58.58,-0.22,-0.15,-0.21,-0.18
1782330000.650,90.00,61.51,110.15,93.00,155.91,86.32,97.00,35.45,95.74,97.00,115.79,60.30,-0.22,-0.14,-0.20,-0.18
1782330000.763,90.00,60.08,108.30,93.00,157.24,83.09,97.00,33.15,99.76,97.00,117.89,62.28,-0.22,-0.13,-0.19,-0.18
1782330000.876,90.00,57.80,106.55,93.00,157.93,79.16,97.00,32.61,103.64,97.00,119.87,65.16,-0.22,-0.12,-0.18,-0.18
1782330000.988,90.00,56.06,103.92,93.00,157.05,74.58,97.00,33.05,107.62,97.00,122.53,68.01,-0.22,-0.12,-0.18,-0.18
1782330001.102,90.00,54.02,101.24,93.00,154.18,69.55,97.00,34.02,111.79,97.00,125.02,71.33,-0.22,-0.12,-0.18,-0.18
1782330001.215,90.00,52.12,98.35,93.00,150.61,64.35,97.00,36.45,115.35,97.00,127.48,74.81,-0.22,-0.12,-0.18,-0.18
1782330001.327,90.00,50.39,95.40,93.00,146.15,59.49,97.00,39.60,118.32,97.00,129.76,78.30,-0.22,-0.12,-0.18,-0.18
1782330001.439,90.00,49.18,92.36,93.00,141.42,55.42,97.00,43.45,120.32,97.00,131.99,81.57,-0.22,-0.12,-0.18,-0.18
1782330001.552,90.00,48.12,89.61,93.00,136.74,52.53,97.00,47.70,121.19,97.00,133.80,84.61,-0.22,-0.13,-0.19,-0.18
1782330001.666,90.00,47.53,87.11,93.00,132.08,51.35,97.00,51.77,121.26,97.00,135.41,87.17,-0.22,-0.14,-0.20,-0.18
1782330001.782,90.00,46.28,85.56,93.00,127.81,51.70,97.00,55.86,120.28,97.00,135.94,89.46,-0.22,-0.15,-0.20,-0.18
1782330001.895,90.00,45.12,84.64,93.00,123.82,53.58,97.00,59.68,118.54,97.00,136.00,91.12,-0.22,-0.16,-0.21,-0.18
1782330002.007,90.00,45.50,83.68,93.00,121.15,55.43,97.00,64.98,114.58,97.00,136.78,91.70,-0.22,-0.17,-0.23,-0.18
1782330002.118,90.00,42.96,84.97,93.00,119.99,56.86,97.00,67.39,112.49,97.00,139.23,90.91,-0.22,-0.17,-0.23,-0.17
1782330002.230,90.00,38.23,88.14,93.00,120.65,57.46,97.00,66.94,112.00,97.00,143.07,89.01,-0.21,-0.17,-0.23,-0.16
1782330002.342,90.00,34.27,91.65,93.00,121.75,58.84,97.00,65.75,111.28,97.00,146.07,86.66,-0.20,-0.17,-0.23,-0.15
1782330002.455,90.00,31.50,95.33,93.00,123.21,60.96,97.00,63.94,110.32,97.00,148.33,83.73,-0.19,-0.17,-0.23,-0.14
1782330002.567,90.00,29.51,99.38,93.00,125.61,63.08,97.00,62.69,108.25,97.00,149.18,80.25,-0.18,-0.17,-0.23,-0.14
1782330002.680,90.00,29.62,103.21,93.00,127.95,66.03,97.00,60.65,106.25,97.00,149.73,76.08,-0.17,-0.17,-0.23,-0.13
1782330002.794,90.00,30.32,107.34,93.00,130.87,69.05,97.00,59.17,103.48,97.00,148.35,71.46,-0.17,-0.17,-0.23,-0.13
1782330002.907,90.00,31.91,111.43,93.00,133.39,72.65,97.00,57.09,100.91,97.00,145.50,66.59,-0.17,-0.17,-0.23,-0.12
1782330003.021,90.00,34.69,115.01,93.00,135.88,76.32,97.00,55.26,98.11,97.00,141.87,61.76,-0.17,-0.17,-0.23,-0.12
1782330003.134,90.00,38.11,117.96,93.00,138.23,79.91,97.00,53.74,95.21,97.00,137.48,57.48,-0.17,-0.17,-0.23,-0.13
1782330003.247,90.00,41.90,120.07,93.00,140.07,83.41,97.00,52.18,92.59,97.00,132.73,54.24,-0.18,-0.17,-0.23,-0.13
1782330003.358,90.00,46.24,120.80,93.00,141.50,86.55,97.00,50.83,90.23,97.00,128.29,52.06,-0.18,-0.17,-0.23,-0.14
1782330003.470,90.00,50.64,120.36,93.00,143.42,88.93,97.00,50.92,87.61,97.00,124.09,51.25,-0.19,-0.17,-0.23,-0.15
1782330003.582,90.00,54.77,119.06,93.00,144.16,90.97,97.00,50.13,86.07,97.00,120.05,52.02,-0.20,-0.17,-0.23,-0.16
1782330003.693,90.00,59.01,116.58,93.00,144.73,92.26,97.00,49.81,84.98,97.00,116.52,53.83,-0.21,-0.17,-0.23,-0.17
1782330003.805,90.00,63.12,113.34,93.00,144.72,92.87,97.00,49.36,84.68,97.00,113.30,56.70,-0.22,-0.17,-0.23,-0.18
1782330003.917,90.00,63.97,112.29,93.00,148.29,91.69,97.00,45.01,87.09,97.00,113.07,57.36,-0.22,-0.16,-0.22,-0.18
1782330004.027,90.00,63.56,111.46,93.00,151.73,89.88,97.00,40.01,90.66,97.00,114.01,57.95,-0.22,-0.15,-0.21,-0.18
1782330004.139,90.00,62.70,110.19,93.00,155.78,87.41,97.00,37.55,93.72,97.00,115.51,59.13,-0.22,-0.14,-0.20,-0.18
1782330004.251,90.00,60.78,109.06,93.00,157.30,84.49,97.00,34.45,97.84,97.00,117.02,61.34,-0.22,-0.13,-0.19,-0.18
1782330004.363,90.00,58.97,107.17,93.00,157.70,80.88,97.00,32.59,102.06,97.00,119.16,63.78,-0.22,-0.13,-0.19,-0.18
1782330004.475,90.00,57.08,104.83,93.00,157.22,76.57,97.00,32.38,106.15,97.00,121.62,66.61,-0.22,-0.12,-0.18,-0.18
1782330004.590,90.00,54.84,102.40,93.00,155.11,71.71,97.00,33.08,110.30,97.00,123.96,69.94,-0.22,-0.12,-0.18,-0.18
1782330004.701,90.00,53.08,99.43,93.00,152.18,66.51,97.00,35.29,113.96,97.00,126.62,73.26,-0.22,-0.12,-0.18,-0.18
1782330004.813,90.00,51.32,96.47,93.00,147.98,61.47,97.00,38.10,117.25,97.00,129.03,76.75,-0.22,-0.12,-0.18,-0.18
1782330004.924,90.00,49.63,93.61,93.00,143.26,57.08,97.00,41.62,119.75,97.00,131.08,80.24,-0.22,-0.12,-0.18,-0.18
1782330005.035,90.00,48.35,90.82,93.00,138.15,54.01,97.00,45.25,121.55,97.00,132.95,83.44,-0.22,-0.13,-0.18,-0.18
1782330005.146,90.00,46.47,88.80,93.00,133.41,52.25,97.00,49.31,122.09,97.00,133.77,86.57,-0.22,-0.13,-0.19,-0.18
1782330005.257,90.00,45.99,86.55,93.00,129.52,51.39,97.00,54.14,120.83,97.00,135.15,88.81,-0.22,-0.14,-0.20,-0.18
1782330005.369,90.00,46.83,84.30,93.00,125.86,52.11,97.00,58.76,118.74,97.00,137.00,90.18,-0.22,-0.15,-0.21,-0.18
1782330005.480,90.00,46.03,83.63,93.00,122.24,54.51,97.00,62.79,116.28,97.00,137.06,91.36,-0.22,-0.16,-0.22,-0.18
1782330005.592,90.00,45.33,83.67,93.00,119.64,57.10,97.00,66.99,112.94,97.00,137.59,91.53,-0.22,-0.17,-0.23,-0.18
1782330005.704,90.00,39.55,87.06,93.00,119.87,57.64,97.00,66.44,112.88,97.00,141.08,89.98,-0.21,-0.17,-0.23,-0.17
1782330005.815,90.00,36.15,90.00,93.00,121.28,58.14,97.00,66.39,111.56,97.00,145.24,87.64,-0.20,-0.17,-0.23,-0.16
1782330005.926,90.00,32.52,93.77,93.00,122.78,59.76,97.00,65.13,110.45,97.00,147.51,85.01,-0.19,-0.17,-0.23,-0.15
1782330006.038,90.00,30.85,97.39,93.00,124.81,61.90,97.00,63.63,108.84,97.00,149.62,81.70,-0.18,-0.17,-0.23,-0.14
1782330006.149,90.00,29.88,101.41,93.00,127.16,64.57,97.00,61.84,106.88,97.00,150.11,77.84,-0.18,-0.17,-0.23,-0.13
1782330006.261,90.00,30.07,105.54,93.00,129.45,67.90,97.00,59.49,104.88,97.00,149.27,73.41,-0.17,-0.17,-0.23,-0.13
1782330006.372,90.00,31.26,109.69,93.00,131.93,71.41,97.00,57.34,102.42,97.00,146.96,68.60,-0.17,-0.17,-0.23,-0.12
1782330006.483,90.00,33.43,113.60,93.00,134.69,74.89,97.00,55.75,99.45,97.00,143.47,63.73,-0.17,-0.17,-0.23,-0.12
1782330006.596,90.00,36.99,116.57,93.00,137.10,78.53,97.00,54.08,96.58,97.00,139.71,58.99,-0.17,-0.17,-0.23,-0.12
1782330006.708,90.00,40.74,118.94,93.00,139.67,81.85,97.00,53.26,93.40,97.00,135.12,55.16,-0.17,-0.17,-0.23,-0.13
1782330006.820,90.00,44.81,120.28,93.00,141.48,85.10,97.00,52.09,90.77,97.00,130.45,52.51,-0.18,-0.17,-0.23,-0.13
1782330006.935,90.00,48.74,120.75,93.00,142.52,88.05,97.00,50.65,88.75,97.00,125.75,51.48,-0.19,-0.17,-0.23,-0.14
1782330007.048,90.00,53.01,119.78,93.00,143.59,90.30,97.00,50.00,86.87,97.00,121.64,51.59,-0.20,-0.17,-0.23,-0.15
1782330007.161,90.00,57.43,117.55,93.00,144.50,91.83,97.00,49.87,85.39,97.00,118.06,52.79,-0.21,-0.17,-0.23,-0.16
1782330007.274,90.00,61.73,114.49,93.00,144.91,92.67,97.00,49.72,84.63,97.00,114.81,55.15,-0.22,-0.17,-0.23,-0.17
1782330007.388,90.00,64.50,112.04,93.00,146.36,92.37,97.00,46.98,85.90,97.00,113.18,56.91,-0.22,-0.17,-0.23,-0.18
1782330007.501,90.00,64.05,111.63,93.00,150.29,90.71,97.00,41.86,89.20,97.00,113.72,57.44,-0.22,-0.16,-0.22,-0.18
1782330007.614,90.00,63.12,110.76,93.00,153.94,88.52,97.00,38.17,92.55,97.00,114.83,58.56,-0.22,-0.15,-0.21,-0.18
1782330007.727,90.00,61.79,109.44,93.00,156.80,85.79,97.00,35.59,96.11,97.00,116.46,60.24,-0.22,-0.13,-0.20,-0.18
1782330007.839,90.00,60.19,107.64,93.00,158.11,82.46,97.00,33.64,100.09,97.00,118.54,62.42,-0.22,-0.13,-0.19,-0.18
1782330007.950,90.00,57.81,105.89,93.00,157.38,78.45,97.00,32.12,104.54,97.00,120.53,65.42,-0.22,-0.12,-0.18,-0.18
1782330008.063,90.00,55.88,103.36,93.00,156.03,73.80,97.00,32.53,108.65,97.00,123.07,68.46,-0.22,-0.12,-0.18,-0.18
1782330008.176,90.00,54.10,100.47,93.00,153.54,68.69,97.00,34.25,112.49,97.00,125.76,71.70,-0.22,-0.12,-0.18,-0.18
1782330008.287,90.00,51.96,97.75,93.00,149.55,63.60,97.00,36.56,116.14,97.00,128.00,75.33,-0.22,-0.12,-0.18,-0.18
1782330008.400,90.00,51.01,94.35,93.00,145.21,58.82,97.00,40.04,118.86,97.00,130.81,78.53,-0.22,-0.12,-0.18,-0.18
1782330008.512,90.00,49.06,91.83,93.00,140.65,54.83,97.00,44.17,120.52,97.00,132.38,82.07,-0.22,-0.12,-0.18,-0.18
1782330008.625,90.00,48.18,89.06,93.00,135.73,52.42,97.00,48.11,121.53,97.00,134.23,85.01,-0.22,-0.13,-0.19,-0.18
1782330008.737,90.00,46.72,87.13,93.00,131.30,51.34,97.00,52.42,121.21,97.00,135.06,87.77,-0.22,-0.14,-0.20,-0.18
1782330008.850,90.00,46.40,85.19,93.00,127.40,51.57,97.00,56.94,119.63,97.00,136.24,89.69,-0.22,-0.15,-0.21,-0.18
1782330008.961,90.00,45.71,84.15,93.00,123.52,53.59,97.00,60.85,117.66,97.00,136.59,91.12,-0.22,-0.16,-0.22,-0.18
1782330009.074,90.00,45.27,83.74,93.00,120.31,56.36,97.00,65.16,114.48,97.00,136.63,91.81,-0.22,-0.17,-0.23,-0.18
1782330009.187,90.00,41.76,85.66,93.00,119.56,57.51,97.00,66.48,113.17,97.00,139.63,90.71,-0.22,-0.17,-0.23,-0.17
1782330009.300,90.00,37.47,88.73,93.00,120.41,58.10,97.00,66.10,112.47,97.00,143.61,88.66,-0.21,-0.17,-0.23,-0.16
1782330009.412,90.00,34.34,91.98,93.00,122.00,59.12,97.00,65.53,111.10,97.00,147.10,86.11,-0.20,-0.17,-0.23,-0.15
1782330009.525,90.00,31.53,95.81,93.00,123.65,61.21,97.00,63.85,109.92,97.00,148.99,83.13,-0.19,-0.17,-0.23,-0.14
1782330009.639,90.00,30.12,99.73,93.00,125.54,63.95,97.00,61.65,108.48,97.00,150.04,79.52,-0.18,-0.17,-0.23,-0.13
1782330009.752,90.00,29.84,103.82,93.00,128.01,66.86,97.00,59.76,106.29,97.00,149.78,75.32,-0.17,-0.17,-0.23,-0.13
1782330009.864,90.00,30.86,107.87,93.00,131.10,69.78,97.00,58.53,103.26,97.00,148.31,70.60,-0.17,-0.17,-0.23,-0.12
1782330009.981,90.00,32.69,111.86,93.00,133.86,73.24,97.00,56.83,100.41,97.00,145.32,65.67,-0.17,-0.17,-0.23,-0.12
1782330010.093,90.00,35.71,115.24,93.00,136.26,76.95,97.00,54.94,97.66,97.00,141.63,60.79,-0.17,-0.17,-0.23,-0.12
1782330010.206,90.00,39.27,117.96,93.00,138.47,80.56,97.00,53.33,94.84,97.00,137.19,56.55,-0.17,-0.17,-0.23,-0.13
1782330010.318,90.00,42.93,120.00,93.00,140.02,84.09,97.00,51.50,92.42,97.00,132.24,53.56,-0.18,-0.17,-0.23,-0.13
1782330010.431,90.00,47.13,120.66,93.00,141.59,87.08,97.00,50.47,89.95,97.00,127.69,51.70,-0.18,-0.17,-0.23,-0.14
1782330010.543,90.00,51.40,120.16,93.00,142.79,89.57,97.00,49.69,87.87,97.00,123.43,51.23,-0.19,-0.17,-0.23,-0.15
1782330010.656,90.00,55.91,118.29,93.00,144.21,91.26,97.00,49.97,85.89,97.00,119.74,51.87,-0.20,-0.17,-0.23,-0.16
1782330010.770,90.00,60.36,115.45,93.00,144.52,92.49,97.00,49.40,85.04,97.00,116.41,53.70,-0.21,-0.17,-0.23,-0.17
1782330010.882,90.00,64.26,112.32,93.00,144.69,92.90,97.00,49.30,84.70,97.00,113.08,56.92,-0.22,-0.17,-0.23,-0.18
1782330010.994,90.00,64.12,112.01,93.00,148.34,91.55,97.00,43.38,88.03,97.00,113.31,57.28,-0.22,-0.16,-0.22,-0.18
1782330011.107,90.00,63.87,110.90,93.00,152.28,89.52,97.00,39.32,91.26,97.00,114.51,57.79,-0.22,-0.15,-0.21,-0.18
1782330011.220,90.00,62.67,109.80,93.00,154.65,87.08,97.00,35.40,95.15,97.00,115.91,59.28,-0.22,-0.14,-0.20,-0.18
1782330011.333,90.00,60.91,108.42,93.00,156.67,83.97,97.00,33.26,98.92,97.00,117.65,61.44,-0.22,-0.13,-0.19,-0.18
1782330011.445,90.00,58.92,106.59,93.00,157.46,80.21,97.00,32.22,102.86,97.00,119.74,64.07,-0.22,-0.13,-0.18,-0.18
1782330011.557,90.00,57.18,104.08,93.00,156.53,75.81,97.00,31.99,107.06,97.00,122.36,66.87,-0.22,-0.12,-0.18,-0.18
1782330011.670,90.00,54.95,101.61,93.00,154.62,70.86,97.00,33.30,110.99,97.00,124.73,70.26,-0.22,-0.12,-0.18,-0.18
1782330011.784,90.00,53.29,98.59,93.00,151.08,65.75,97.00,35.25,114.84,97.00,127.43,73.61,-0.22,-0.12,-0.17,-0.18
1782330011.896,90.00,51.48,95.69,93.00,146.86,60.82,97.00,38.28,118.00,97.00,129.75,77.16,-0.22,-0.12,-0.18,-0.18
1782330012.012,90.00,50.14,92.68,93.00,142.24,56.57,97.00,42.03,120.27,97.00,132.00,80.52,-0.22,-0.12,-0.18,-0.18
1782330012.124,90.00,48.68,90.08,93.00,137.56,53.41,97.00,46.21,121.46,97.00,133.64,83.78,-0.22,-0.13,-0.19,-0.18
1782330012.236,90.00,47.40,87.82,93.00,132.62,52.12,97.00,49.97,122.10,97.00,134.85,86.66,-0.22,-0.14,-0.19,-0.18
1782330012.349,90.00,46.73,85.81,93.00,128.42,51.97,97.00,54.26,121.20,97.00,135.97,88.90,-0.22,-0.14,-0.20,-0.18
1782330012.461,90.00,45.99,84.50,93.00,124.36,53.51,97.00,58.14,119.65,97.00,136.49,90.61,-0.22,-0.16,-0.21,-0.18
1782330012.575,90.00,45.19,83.95,93.00,121.31,55.45,97.00,62.90,116.31,97.00,136.46,91.68,-0.22,-0.17,-0.22,-0.18
1782330012.687,90.00,44.99,83.87,93.00,119.32,57.52,97.00,66.39,113.43,97.00,138.77,91.13,-0.22,-0.17,-0.23,-0.17
1782330012.800,90.00,40.07,86.96,93.00,119.76,58.03,97.00,65.95,113.12,97.00,142.84,89.37,-0.21,-0.17,-0.23,-0.16
1782330012.913,90.00,35.54,90.58,93.00,120.83,59.11,97.00,65.09,112.33,97.00,145.76,87.23,-0.20,-0.17,-0.23,-0.15
1782330013.025,90.00,32.57,94.18,93.00,122.45,60.75,97.00,63.85,111.06,97.00,148.34,84.44,-0.19,-0.17,-0.23,-0.14
1782330013.137,90.00,30.88,97.94,93.00,124.65,62.82,97.00,62.49,109.21,97.00,150.07,81.07,-0.18,-0.17,-0.23,-0.14
1782330013.249,90.00,30.28,101.90,93.00,126.81,65.72,97.00,60.34,107.41,97.00,150.53,77.09,-0.18,-0.17,-0.23,-0.13
1782330013.363,90.00,30.29,106.20,93.00,129.69,68.60,97.00,58.87,104.67,97.00,149.08,72.61,-0.17,-0.17,-0.23,-0.13
1782330013.476,90.00,31.62,110.34,93.00,131.83,72.36,97.00,56.24,102.50,97.00,146.52,67.76,-0.17,-0.17,-0.23,-0.12
1782330013.588,90.00,34.52,113.81,93.00,134.33,75.95,97.00,54.35,99.69,97.00,143.43,62.73,-0.17,-0.17,-0.23,-0.12
1782330013.700,90.00,37.96,116.77,93.00,137.18,79.28,97.00,53.40,96.35,97.00,139.30,58.10,-0.17,-0.17,-0.23,-0.12
1782330013.813,90.00,41.79,118.92,93.00,139.26,82.73,97.00,52.02,93.53,97.00,134.66,54.38,-0.18,-0.17,-0.23,-0.13
1782330013.926,90.00,45.74,120.18,93.00,140.77,85.97,97.00,50.58,91.10,97.00,129.86,52.02,-0.18,-0.17,-0.23,-0.13
1782330014.038,90.00,49.86,120.27,93.00,141.94,88.74,97.00,49.44,88.97,97.00,125.34,51.06,-0.19,-0.17,-0.23,-0.14
1782330014.151,90.00,54.35,118.89,93.00,143.17,90.79,97.00,49.13,87.00,97.00,121.45,51.18,-0.20,-0.17,-0.23,-0.15
1782330014.264,90.00,58.66,116.60,93.00,143.80,92.26,97.00,48.74,85.75,97.00,117.84,52.69,-0.21,-0.17,-0.23,-0.16
1782330014.377,90.00,62.99,113.39,93.00,144.10,92.98,97.00,48.55,85.14,97.00,114.66,55.21,-0.22,-0.17,-0.23,-0.17
1782330014.489,90.00,64.75,111.74,93.00,146.51,92.26,97.00,45.33,86.79,97.00,113.43,56.73,-0.22,-0.17,-0.22,-0.18
1782330014.602,90.00,64.23,111.24,93.00,150.33,90.49,97.00,40.44,90.11,97.00,114.07,57.36,-0.22,-0.16,-0.21,-0.18
1782330014.715,90.00,63.29,110.25,93.00,153.88,88.16,97.00,37.00,93.46,97.00,115.32,58.54,-0.23,-0.15,-0.20,-0.18
1782330014.828,90.00,61.91,108.85,93.00,156.12,85.33,97.00,34.17,97.25,97.00,117.04,60.32,-0.23,-0.14,-0.19,-0.18
1782330014.940,90.00,60.23,107.03,93.00,156.39,81.89,97.00,31.63,101.61,97.00,119.16,62.63,-0.23,-0.13,-0.18,-0.18
1782330015.053,90.00,58.09,105.03,93.00,156.38,77.75,97.00,31.27,105.64,97.00,121.37,65.55,-0.22,-0.12,-0.18,-0.18
1782330015.166,90.00,56.13,102.49,93.00,155.29,73.00,97.00,32.34,109.53,97.00,123.93,68.69,-0.22,-0.12,-0.18,-0.18
1782330015.279,90.00,54.65,99.39,93.00,152.08,67.98,97.00,33.73,113.63,97.00,126.83,71.87,-0.23,-0.12,-0.17,-0.18
1782330015.391,90.00,52.56,96.67,93.00,148.39,62.91,97.00,36.61,116.99,97.00,129.08,75.53,-0.23,-0.12,-0.17,-0.18
1782330015.504,90.00,50.94,93.75,93.00,143.84,58.42,97.00,40.01,119.75,97.00,131.31,79.04,-0.23,-0.12,-0.18,-0.18
1782330015.615,90.00,49.58,90.95,93.00,139.05,54.91,97.00,43.89,121.57,97.00,133.25,82.36,-0.23,-0.13,-0.18,-0.18
1782330015.728,90.00,48.49,88.39,93.00,134.37,52.73,97.00,48.05,122.28,97.00,134.85,85.34,-0.23,-0.13,-0.19,-0.18
1782330015.840,90.00,47.43,86.34,93.00,130.13,51.84,97.00,52.49,121.69,97.00,135.90,87.91,-0.22,-0.14,-0.20,-0.18
1782330015.952,90.00,46.86,84.67,93.00,126.22,52.44,97.00,56.86,120.09,97.00,136.78,89.82,-0.22,-0.15,-0.21,-0.18
1782330016.068,90.00,47.15,83.26,93.00,122.49,54.57,97.00,60.84,117.87,97.00,137.80,90.90,-0.23,-0.16,-0.22,-0.18
1782330016.180,90.00,46.99,82.85,93.00,119.71,57.03,97.00,65.72,114.02,97.00,137.98,91.40,-0.23,-0.17,-0.23,-0.18
1782330016.292,90.00,42.63,85.32,93.00,119.92,57.26,97.00,66.90,112.70,97.00,141.73,90.03,-0.22,-0.17,-0.23,-0.17
1782330016.405,90.00,37.63,88.89,93.00,120.50,58.38,97.00,65.80,112.46,97.00,144.93,88.13,-0.21,-0.17,-0.23,-0.16
1782330016.518,90.00,34.21,92.41,93.00,121.60,60.13,97.00,64.21,111.81,97.00,147.88,85.60,-0.20,-0.17,-0.23,-0.15
1782330016.631,90.00,31.99,96.11,93.00,123.59,61.99,97.00,62.93,110.15,97.00,150.02,82.49,-0.19,-0.17,-0.23,-0.14
1782330016.744,90.00,30.30,100.27,93.00,125.52,64.78,97.00,60.70,108.63,97.00,150.40,78.83,-0.18,-0.17,-0.23,-0.13
1782330016.855,90.00,30.34,104.31,93.00,128.18,67.59,97.00,59.05,106.17,97.00,150.05,74.51,-0.17,-0.17,-0.23,-0.13
1782330016.969,90.00,31.40,108.40,93.00,130.78,70.89,97.00,57.08,103.61,97.00,148.20,69.72,-0.17,-0.17,-0.23,-0.12
1782330017.082,90.00,33.51,112.26,93.00,133.35,74.42,97.00,55.18,100.83,97.00,145.13,64.73,-0.17,-0.17,-0.23,-0.12
1782330017.194,90.00,36.48,115.61,93.00,135.77,78.03,97.00,53.42,97.95,97.00,141.12,59.94,-0.17,-0.17,-0.23,-0.12
1782330017.308,90.00,40.13,118.16,93.00,137.56,81.72,97.00,51.38,95.39,97.00,136.60,55.81,-0.17,-0.17,-0.23,-0.13
1782330017.421,90.00,44.15,119.73,93.00,139.76,84.85,97.00,50.56,92.41,97.00,131.90,52.78,-0.18,-0.17,-0.23,-0.13
1782330017.533,90.00,48.37,120.16,93.00,141.34,87.71,97.00,49.67,89.92,97.00,127.36,51.10,-0.19,-0.17,-0.23,-0.14
1782330017.645,90.00,52.67,119.42,93.00,142.49,90.09,97.00,48.94,87.90,97.00,123.16,50.81,-0.20,-0.17,-0.23,-0.15
1782330017.762,90.00,56.98,117.56,93.00,143.27,91.83,97.00,48.46,86.41,97.00,119.37,51.83,-0.21,-0.17,-0.23,-0.16
1782330017.874,90.00,61.30,114.71,93.00,143.71,92.87,97.00,48.19,85.52,97.00,116.01,53.95,-0.22,-0.17,-0.23,-0.17
1782330017.987,90.00,65.04,111.61,93.00,144.46,92.95,97.00,47.26,85.71,97.00,113.47,56.48,-0.23,-0.17,-0.23,-0.18
1782330018.100,90.00,64.24,111.74,93.00,148.52,91.35,97.00,42.00,88.88,97.00,113.56,57.23,-0.22,-0.16,-0.22,-0.18
1782330018.216,90.00,64.38,110.16,93.00,151.93,89.27,97.00,37.68,92.34,97.00,115.15,57.52,-0.23,-0.15,-0.21,-0.18
1782330018.329,90.00,62.50,109.51,93.00,154.33,86.67,97.00,34.19,96.13,97.00,116.25,59.53,-0.23,-0.14,-0.19,-0.18
1782330018.442,90.00,61.17,107.66,93.00,156.26,83.42,97.00,32.37,99.86,97.00,118.38,61.47,-0.23,-0.13,-0.19,-0.18
1782330018.556,90.00,59.31,105.66,93.00,156.61,79.55,97.00,31.33,103.93,97.00,120.65,64.10,-0.23,-0.13,-0.18,-0.18
1782330018.668,90.00,57.31,103.31,93.00,155.70,75.05,97.00,31.56,108.02,97.00,123.12,67.14,-0.23,-0.12,-0.18,-0.18
1782330018.781,90.00,55.49,100.53,93.00,153.37,70.11,97.00,32.84,112.06,97.00,125.80,70.40,-0.23,-0.12,-0.17,-0.18
1782330018.894,90.00,52.99,98.09,93.00,149.97,65.01,97.00,35.24,115.71,97.00,127.85,74.19,-0.22,-0.12,-0.17,-0.18
1782330019.006,90.00,51.85,94.79,93.00,145.62,60.27,97.00,38.35,118.83,97.00,130.61,77.49,-0.23,-0.12,-0.17,-0.18
1782330019.118,90.00,50.14,92.07,93.00,141.03,56.23,97.00,42.21,120.95,97.00,132.50,81.00,-0.23,-0.12,-0.18,-0.18
1782330019.230,90.00,49.52,89.07,93.00,136.05,53.69,97.00,45.99,122.41,97.00,134.69,83.96,-0.23,-0.13,-0.18,-0.18
1782330019.344,90.00,48.54,86.76,93.00,131.74,52.16,97.00,50.49,122.22,97.00,136.05,86.70,-0.23,-0.14,-0.19,-0.18
1782330019.456,90.00,48.07,84.77,93.00,128.09,51.68,97.00,55.46,120.47,97.00,137.23,88.84,-0.23,-0.14,-0.20,-0.18
1782330019.568,90.00,47.60,83.47,93.00,124.25,53.22,97.00,59.59,118.51,97.00,137.87,90.39,-0.23,-0.16,-0.21,-0.18
1782330019.681,90.00,47.41,82.75,93.00,121.41,55.17,97.00,64.65,114.83,97.00,138.23,91.19,-0.23,-0.16,-0.22,-0.18
1782330019.794,90.00,46.36,83.23,93.00,120.05,56.73,97.00,67.57,112.38,97.00,141.26,90.38,-0.22,-0.17,-0.23,-0.17
1782330019.905,90.00,42.56,85.89,93.00,121.53,56.27,97.00,68.75,110.65,97.00,146.21,88.50,-0.22,-0.17,-0.24,-0.15
1782330020.019,90.00,40.80,88.32,93.00,124.04,56.01,97.00,70.49,107.86,97.00,151.56,86.21,-0.21,-0.16,-0.24,-0.14
1782330020.130,90.00,38.64,91.72,93.00,126.45,57.26,97.00,70.50,105.74,97.00,154.91,83.63,-0.21,-0.16,-0.24,-0.13
1782330020.242,90.00,36.92,95.62,93.00,129.27,59.28,97.00,70.08,103.39,97.00,156.52,80.39,-0.20,-0.16,-0.25,-0.12
1782330020.354,90.00,35.97,99.78,93.00,131.67,62.57,97.00,67.79,101.71,97.00,156.37,76.34,-0.19,-0.16,-0.24,-0.11
1782330020.467,90.00,36.74,103.57,93.00,134.87,65.81,97.00,66.71,98.98,97.00,155.30,71.53,-0.19,-0.16,-0.25,-0.11
1782330020.578,90.00,38.77,106.98,93.00,138.39,69.27,97.00,66.22,95.81,97.00,152.90,66.06,-0.19,-0.15,-0.25,-0.10
1782330020.690,90.00,41.51,110.00,93.00,141.58,73.09,97.00,65.43,92.82,97.00,148.97,60.27,-0.19,-0.15,-0.25,-0.10
1782330020.801,90.00,44.89,112.36,93.00,143.94,77.15,97.00,63.63,90.33,97.00,144.08,54.78,-0.19,-0.15,-0.25,-0.10
1782330020.916,90.00,48.08,114.41,93.00,145.96,80.96,97.00,62.13,87.92,97.00,138.34,50.58,-0.20,-0.15,-0.25,-0.11
1782330021.028,90.00,51.91,115.24,93.00,147.81,84.31,97.00,61.33,85.56,97.00,133.07,47.83,-0.20,-0.15,-0.25,-0.12
1782330021.141,90.00,57.41,113.65,93.00,149.55,87.07,97.00,61.41,83.40,97.00,129.14,45.72,-0.21,-0.15,-0.25,-0.12
1782330021.253,90.00,62.89,111.21,93.00,151.97,89.02,97.00,64.35,81.54,97.00,125.51,45.33,-0.22,-0.15,-0.25,-0.13
1782330021.366,90.00,69.26,107.44,93.00,154.22,90.30,97.00,69.55,82.55,97.00,122.63,46.05,-0.24,-0.15,-0.26,-0.14
1782330021.479,90.00,78.91,102.26,93.00,155.69,90.86,97.00,74.32,87.79,97.00,120.89,47.11,-0.25,-0.14,-0.26,-0.14
1782330021.591,90.00,77.89,102.51,93.00,160.23,90.57,97.00,67.21,81.11,97.00,119.56,49.32,-0.25,-0.13,-0.25,-0.15
1782330021.703,90.00,79.43,101.23,93.00,164.86,89.88,97.00,58.61,81.86,97.00,121.03,49.40,-0.25,-0.12,-0.24,-0.15
1782330021.816,90.00,77.48,100.56,93.00,166.99,88.31,97.00,51.04,86.58,97.00,122.30,51.30,-0.25,-0.11,-0.23,-0.15
1782330021.929,90.00,76.79,98.97,93.00,167.47,85.68,97.00,45.31,91.96,97.00,124.61,53.31,-0.25,-0.11,-0.22,-0.15
1782330022.041,90.00,77.12,96.76,93.00,167.24,82.15,97.00,41.99,96.88,97.00,127.78,55.64,-0.26,-0.10,-0.21,-0.15
1782330022.152,90.00,74.69,94.86,93.00,168.00,77.66,97.00,42.94,100.01,97.00,130.49,59.27,-0.25,-0.09,-0.21,-0.15
1782330022.265,90.00,72.38,92.71,93.00,166.98,73.10,97.00,43.98,103.49,97.00,133.35,63.25,-0.25,-0.09,-0.21,-0.15
1782330022.378,90.00,70.04,90.43,93.00,162.03,66.58,97.00,44.55,107.56,97.00,136.11,67.48,-0.25,-0.09,-0.20,-0.15
1782330022.492,90.00,68.86,87.83,93.00,156.90,60.00,97.00,47.13,110.34,97.00,139.05,71.59,-0.25,-0.09,-0.20,-0.15
1782330022.604,90.00,69.48,85.20,93.00,151.97,53.57,97.00,51.67,111.35,97.00,142.26,75.44,-0.26,-0.09,-0.21,-0.15
1782330022.717,90.00,70.11,83.25,93.00,145.92,48.45,97.00,55.52,112.35,97.00,144.91,79.14,-0.26,-0.09,-0.22,-0.15
1782330022.830,90.00,65.60,81.08,93.00,139.22,46.51,97.00,57.50,114.32,97.00,145.26,82.76,-0.25,-0.11,-0.22,-0.15
1782330022.942,90.00,61.94,79.76,93.00,133.86,46.36,97.00,60.58,114.61,97.00,145.19,85.72,-0.25,-0.12,-0.22,-0.15
1782330023.055,90.00,65.01,78.28,93.00,131.27,45.00,97.00,68.58,110.03,97.00,147.46,87.49,-0.25,-0.12,-0.24,-0.15
1782330023.168,90.00,68.08,78.58,93.00,128.82,45.65,97.00,77.24,105.66,97.00,148.96,88.61,-0.25,-0.13,-0.25,-0.15
1782330023.281,90.00,73.02,83.12,93.00,126.23,48.57,97.00,86.54,105.10,97.00,150.26,88.92,-0.26,-0.14,-0.26,-0.14
1782330023.393,90.00,58.54,78.26,93.00,126.95,48.49,97.00,88.97,106.50,97.00,154.06,88.32,-0.24,-0.14,-0.26,-0.13
1782330023.504,90.00,52.39,81.71,93.00,128.43,49.18,97.00,93.90,112.21,97.00,158.10,87.19,-0.24,-0.14,-0.26,-0.12
1782330023.615,90.00,45.75,86.95,93.00,130.53,50.77,97.00,91.18,108.88,97.00,159.35,85.15,-0.22,-0.14,-0.26,-0.12
1782330023.726,90.00,44.37,90.31,93.00,133.18,53.19,97.00,89.98,107.41,97.00,162.73,82.80,-0.22,-0.14,-0.26,-0.11
1782330023.838,90.00,42.01,94.89,93.00,135.71,56.83,97.00,90.85,108.48,97.00,162.63,79.09,-0.21,-0.14,-0.26,-0.10
1782330023.950,90.00,40.41,99.67,93.00,138.60,60.83,97.00,84.20,100.31,97.00,160.33,74.21,-0.20,-0.14,-0.26,-0.10
1782330024.064,90.00,41.67,103.23,93.00,142.33,64.76,97.00,85.13,101.43,97.00,158.15,68.75,-0.20,-0.14,-0.26,-0.09
1782330024.176,90.00,44.58,105.88,93.00,145.90,69.05,97.00,83.32,99.17,97.00,155.02,62.62,-0.20,-0.14,-0.26,-0.09
1782330024.287,90.00,45.89,109.62,93.00,148.82,73.53,97.00,81.51,96.91,97.00,148.38,56.44,-0.20,-0.14,-0.26,-0.10
1782330024.398,90.00,49.76,111.17,93.00,148.36,78.48,97.00,70.46,87.62,97.00,143.03,50.90,-0.20,-0.15,-0.26,-0.10
1782330024.509,90.00,51.88,113.62,93.00,150.39,82.19,97.00,69.73,85.67,97.00,136.29,47.83,-0.20,-0.15,-0.26,-0.11
1782330024.621,90.00,56.61,113.08,93.00,152.50,85.32,97.00,71.24,85.07,97.00,131.61,45.40,-0.21,-0.14,-0.26,-0.12
1782330024.733,90.00,61.45,111.57,93.00,154.41,87.82,97.00,75.60,89.43,97.00,127.40,44.71,-0.22,-0.14,-0.26,-0.12
1782330024.845,90.00,67.17,108.58,93.00,156.01,89.60,97.00,74.92,88.56,97.00,124.05,45.19,-0.23,-0.14,-0.26,-0.13
1782330024.956,90.00,72.15,105.78,93.00,156.30,90.64,97.00,74.48,87.99,97.00,120.72,47.71,-0.24,-0.14,-0.26,-0.15
1782330025.067,90.00,77.04,103.04,93.00,157.10,90.77,97.00,69.05,82.02,97.00,119.11,49.57,-0.25,-0.14,-0.25,-0.15
1782330025.178,90.00,76.91,102.56,93.00,158.46,90.01,97.00,53.53,83.36,97.00,119.76,50.02,-0.25,-0.14,-0.24,-0.15
1782330025.290,90.00,74.36,102.65,93.00,162.49,88.58,97.00,48.81,86.94,97.00,120.40,52.00,-0.25,-0.12,-0.23,-0.15
1782330025.402,90.00,72.88,101.59,93.00,166.11,86.64,97.00,45.97,90.53,97.00,122.11,54.00,-0.25,-0.11,-0.22,-0.16
1782330025.512,90.00,71.74,99.79,93.00,168.00,82.08,97.00,45.54,93.54,97.00,124.57,56.35,-0.25,-0.10,-0.22,-0.15
1782330025.624,90.00,73.54,96.30,93.00,168.00,76.96,97.00,45.30,97.05,97.00,128.62,58.29,-0.25,-0.09,-0.22,-0.15
1782330025.736,90.00,72.05,94.00,93.00,167.91,75.43,97.00,43.45,102.05,97.00,131.70,61.86,-0.25,-0.09,-0.21,-0.15
1782330025.848,90.00,70.24,91.61,93.00,164.40,69.37,97.00,44.32,105.83,97.00,134.69,65.86,-0.25,-0.09,-0.20,-0.15
1782330025.960,90.00,68.81,89.04,93.00,159.60,62.76,97.00,46.41,108.94,97.00,137.65,69.97,-0.25,-0.09,-0.20,-0.15
1782330026.072,90.00,66.46,86.75,93.00,153.50,56.32,97.00,48.96,111.63,97.00,139.88,74.22,-0.25,-0.09,-0.21,-0.15
1782330026.184,90.00,63.66,84.74,93.00,147.02,51.16,97.00,51.80,113.75,97.00,141.40,78.31,-0.25,-0.10,-0.21,-0.15
1782330026.296,90.00,60.26,83.25,93.00,140.74,48.12,97.00,54.65,115.33,97.00,142.01,82.08,-0.25,-0.11,-0.21,-0.16
1782330026.407,90.00,57.24,82.07,93.00,135.28,47.07,97.00,57.93,115.81,97.00,142.16,85.28,-0.24,-0.12,-0.21,-0.16
1782330026.519,90.00,51.79,82.59,93.00,129.36,49.39,97.00,59.28,117.22,97.00,140.09,88.30,-0.23,-0.14,-0.21,-0.17
1782330026.630,90.00,50.52,81.83,93.00,125.38,51.39,97.00,63.16,115.42,97.00,140.10,89.93,-0.23,-0.15,-0.22,-0.17
1782330026.741,90.00,48.23,82.28,93.00,121.71,54.68,97.00,66.84,113.00,97.00,138.88,91.07,-0.23,-0.16,-0.23,-0.17
1782330026.853,90.00,43.79,84.60,93.00,119.84,57.11,97.00,67.05,112.74,97.00,140.64,90.47,-0.22,-0.17,-0.23,-0.17
1782330026.964,90.00,38.93,87.91,93.00,120.06,58.32,97.00,65.72,112.90,97.00,144.33,88.62,-0.21,-0.17,-0.23,-0.16
1782330027.076,90.00,34.81,91.59,93.00,122.21,58.62,97.00,66.22,110.73,97.00,147.09,86.30,-0.20,-0.17,-0.23,-0.15
1782330027.188,90.00,32.64,95.08,93.00,123.25,61.28,97.00,63.59,110.35,97.00,149.79,83.30,-0.19,-0.17,-0.23,-0.14
1782330027.301,90.00,30.30,99.36,93.00,125.18,63.90,97.00,61.53,108.85,97.00,150.11,79.82,-0.18,-0.17,-0.23,-0.13
1782330027.411,90.00,30.25,103.30,93.00,127.45,66.90,97.00,59.39,106.87,97.00,150.29,75.63,-0.18,-0.17,-0.23,-0.13
1782330027.523,90.00,31.18,107.33,93.00,130.38,69.87,97.00,57.93,104.00,97.00,148.93,70.92,-0.17,-0.17,-0.23,-0.12
1782330027.636,90.00,32.70,111.45,93.00,132.63,73.59,97.00,55.51,101.62,97.00,145.79,66.01,-0.17,-0.17,-0.23,-0.12
1782330027.748,90.00,35.22,115.14,93.00,134.37,77.58,97.00,52.74,99.38,97.00,141.74,61.25,-0.17,-0.18,-0.23,-0.12
1782330027.860,90.00,38.48,118.14,93.00,136.11,81.33,97.00,50.49,96.86,97.00,137.11,57.12,-0.17,-0.18,-0.22,-0.13
1782330027.971,90.00,41.05,121.24,93.00,135.98,85.56,97.00,46.60,95.53,97.00,131.27,54.87,-0.17,-0.18,-0.22,-0.14
1782330028.082,90.00,44.51,122.83,93.00,137.11,88.62,97.00,44.97,93.21,97.00,126.14,53.70,-0.18,-0.18,-0.22,-0.15
1782330028.194,90.00,48.38,122.94,93.00,137.86,91.20,97.00,43.61,91.28,97.00,121.59,53.65,-0.18,-0.18,-0.22,-0.16
1782330028.307,90.00,51.59,122.55,93.00,137.47,93.52,97.00,41.58,90.32,97.00,116.87,55.47,-0.19,-0.19,-0.21,-0.17
1782330028.418,90.00,55.24,120.50,93.00,136.41,95.30,97.00,39.48,90.09,97.00,112.97,57.83,-0.20,-0.19,-0.21,-0.18
1782330028.531,90.00,57.89,118.43,93.00,135.67,96.13,97.00,38.34,90.15,97.00,108.63,61.89,-0.21,-0.19,-0.21,-0.19
1782330028.643,90.00,57.70,118.20,93.00,138.49,94.65,97.00,33.07,92.89,97.00,108.21,62.79,-0.21,-0.19,-0.20,-0.20
1782330028.756,90.00,55.92,118.54,93.00,141.77,92.25,97.00,28.68,95.86,97.00,107.99,64.55,-0.20,-0.18,-0.18,-0.20
1782330028.871,90.00,53.51,118.46,93.00,142.80,89.88,97.00,23.67,99.61,97.00,108.05,66.94,-0.20,-0.17,-0.17,-0.20
1782330028.983,90.00,51.94,116.62,93.00,144.65,86.46,97.00,21.44,103.10,97.00,109.79,68.56,-0.20,-0.16,-0.16,-0.20
1782330029.095,90.00,49.07,115.20,93.00,145.30,82.68,97.00,20.25,107.02,97.00,110.81,71.51,-0.20,-0.16,-0.15,-0.21
1782330029.208,90.00,46.22,113.08,93.00,144.31,78.76,97.00,19.80,111.44,97.00,112.24,74.57,-0.19,-0.16,-0.14,-0.21
1782330029.321,90.00,43.35,110.50,93.00,141.70,74.96,97.00,20.16,116.29,97.00,113.81,77.82,-0.19,-0.16,-0.14,-0.21
1782330029.433,90.00,39.49,108.31,93.00,138.67,71.17,97.00,22.30,121.08,97.00,114.16,82.02,-0.19,-0.16,-0.13,-0.21
1782330029.546,90.00,36.62,105.33,93.00,134.63,68.06,97.00,25.19,125.77,97.00,115.32,85.54,-0.19,-0.16,-0.13,-0.22
1782330029.659,90.00,34.62,102.01,93.00,130.77,65.33,97.00,29.40,129.48,97.00,116.99,88.52,-0.19,-0.16,-0.14,-0.22
1782330029.771,90.00,32.50,99.11,93.00,126.52,63.69,97.00,33.75,132.19,97.00,117.91,91.60,-0.19,-0.17,-0.14,-0.22
1782330029.883,90.00,31.40,96.24,93.00,122.08,63.29,97.00,37.98,133.70,97.00,119.35,93.91,-0.19,-0.18,-0.15,-0.22
1782330029.995,90.00,30.03,94.13,93.00,118.29,63.46,97.00,42.49,133.32,97.00,119.79,96.17,-0.19,-0.19,-0.16,-0.22
1782330030.107,90.00,28.79,92.68,93.00,113.52,65.83,97.00,45.80,132.69,97.00,119.73,97.99,-0.18,-0.20,-0.17,-0.22
1782330030.219,90.00,28.04,91.84,93.00,109.00,69.02,97.00,48.90,130.83,97.00,119.62,99.08,-0.18,-0.21,-0.17,-0.22
1782330030.332,90.00,26.05,92.27,93.00,104.99,72.56,97.00,50.88,128.95,97.00,119.41,99.44,-0.18,-0.22,-0.18,-0.22
1782330030.445,90.00,21.80,94.14,93.00,104.83,73.35,97.00,50.11,128.95,97.00,124.10,96.55,-0.17,-0.22,-0.18,-0.21
1782330030.557,90.00,17.68,96.54,93.00,105.04,74.69,97.00,48.70,128.43,97.00,127.39,93.59,-0.16,-0.22,-0.18,-0.20
1782330030.669,90.00,14.88,99.31,93.00,105.40,76.69,97.00,46.56,127.50,97.00,130.28,90.09,-0.15,-0.23,-0.18,-0.19
1782330030.783,90.00,12.31,102.70,93.00,106.19,79.00,97.00,44.05,125.88,97.00,131.31,86.69,-0.13,-0.23,-0.17,-0.19
1782330030.895,90.00,10.99,106.66,93.00,106.94,81.85,97.00,41.01,123.83,97.00,131.29,83.08,-0.13,-0.23,-0.17,-0.18
1782330031.009,90.00,11.37,111.23,93.00,107.91,84.89,97.00,37.82,121.19,97.00,130.44,79.28,-0.12,-0.23,-0.17,-0.18
1782330031.121,90.00,13.34,116.31,93.00,109.95,87.42,97.00,35.24,117.67,97.00,128.68,75.55,-0.12,-0.23,-0.17,-0.18
1782330031.234,90.00,16.73,121.60,93.00,111.36,90.47,97.00,32.37,114.19,97.00,126.13,72.10,-0.11,-0.23,-0.17,-0.18
1782330031.345,90.00,20.61,126.81,93.00,111.68,94.11,97.00,29.07,110.94,97.00,122.34,69.64,-0.11,-0.23,-0.17,-0.18
1782330031.458,90.00,24.98,131.41,93.00,111.19,97.88,97.00,25.71,107.83,97.00,117.95,68.18,-0.12,-0.24,-0.16,-0.19
1782330031.569,90.00,29.06,135.27,93.00,110.44,101.29,97.00,22.77,104.86,97.00,112.65,68.35,-0.12,-0.24,-0.16,-0.20
1782330031.687,90.00,33.11,137.68,93.00,109.41,104.20,97.00,20.28,102.23,97.00,107.28,69.56,-0.12,-0.24,-0.16,-0.21
1782330031.799,90.00,37.08,138.12,93.00,107.60,106.61,97.00,18.00,100.15,97.00,102.34,71.32,-0.13,-0.25,-0.16,-0.22
1782330031.912,90.00,40.14,137.64,93.00,107.85,107.76,97.00,17.29,98.52,97.00,96.35,74.76,-0.14,-0.25,-0.16,-0.23
1782330032.023,90.00,42.85,135.70,93.00,105.35,108.68,97.00,15.78,97.86,97.00,90.09,78.65,-0.15,-0.25,-0.15,-0.24
1782330032.137,90.00,43.78,134.48,93.00,109.13,108.08,97.00,13.32,98.13,97.00,85.77,81.10,-0.15,-0.25,-0.15,-0.25
1782330032.248,90.00,42.70,134.30,93.00,115.22,105.14,97.00,8.71,99.19,97.00,84.99,82.06,-0.15,-0.24,-0.13,-0.25
1782330032.361,90.00,40.93,133.40,93.00,119.85,101.42,97.00,4.92,100.72,97.00,84.52,83.40,-0.15,-0.23,-0.12,-0.25
1782330032.472,90.00,38.86,131.41,93.00,123.03,97.52,97.00,1.96,102.86,97.00,85.52,84.75,-0.15,-0.22,-0.11,-0.25
1782330032.584,90.00,36.31,128.76,93.00,125.28,93.35,97.00,0.52,105.87,97.00,86.83,86.47,-0.15,-0.21,-0.10,-0.25
1782330032.696,90.00,33.48,125.45,93.00,126.31,89.22,97.00,0.60,109.89,97.00,88.59,88.43,-0.15,-0.21,-0.10,-0.25
1782330032.809,90.00,30.40,121.74,93.00,126.10,85.29,97.00,2.33,114.96,97.00,90.17,90.71,-0.15,-0.20,-0.09,-0.25
1782330032.922,90.00,27.53,117.60,93.00,124.68,81.75,97.00,5.65,120.93,97.00,92.31,93.02,-0.15,-0.20,-0.09,-0.25
1782330033.037,90.00,24.63,113.44,93.00,122.87,78.36,97.00,10.94,127.34,97.00,93.80,95.54,-0.15,-0.20,-0.09,-0.25
1782330033.149,90.00,21.83,109.40,93.00,119.62,76.16,97.00,16.42,133.42,97.00,94.61,98.12,-0.15,-0.20,-0.09,-0.25
1782330033.262,90.00,19.33,105.60,93.00,115.68,74.97,97.00,22.04,138.53,97.00,94.91,100.47,-0.15,-0.21,-0.10,-0.25
1782330033.379,90.00,17.62,102.11,93.00,111.61,74.58,97.00,27.53,141.91,97.00,95.93,102.48,-0.15,-0.21,-0.11,-0.25
1782330033.491,90.00,16.21,99.22,93.00,106.99,75.43,97.00,32.28,143.57,97.00,96.31,104.10,-0.15,-0.22,-0.11,-0.25
1782330033.605,90.00,15.64,96.95,93.00,101.97,77.37,97.00,36.32,143.52,97.00,97.71,105.46,-0.15,-0.23,-0.12,-0.25
1782330033.719,90.00,14.61,95.56,93.00,96.30,80.30,97.00,39.66,142.07,97.00,96.54,105.97,-0.15,-0.24,-0.13,-0.25
1782330033.831,90.00,14.78,94.90,93.00,88.96,83.78,97.00,42.28,139.67,97.00,97.83,106.58,-0.15,-0.25,-0.14,-0.25
1782330033.944,90.00,10.88,95.46,93.00,87.38,84.40,97.00,42.67,138.66,97.00,104.22,105.94,-0.14,-0.25,-0.15,-0.24
1782330034.057,90.00,7.68,96.59,93.00,88.35,84.88,97.00,41.85,137.63,97.00,111.93,101.99,-0.13,-0.25,-0.15,-0.23
1782330034.170,90.00,5.43,98.43,93.00,91.07,85.31,97.00,40.77,135.44,97.00,117.65,97.38,-0.12,-0.25,-0.15,-0.22
1782330034.282,90.00,4.80,101.17,93.00,94.02,86.01,97.00,39.20,132.63,97.00,122.37,92.38,-0.12,-0.25,-0.15,-0.21
1782330034.393,90.00,4.33,104.67,93.00,96.35,87.41,97.00,36.95,129.56,97.00,124.54,88.03,-0.11,-0.25,-0.15,-0.20
1782330034.506,90.00,5.74,109.10,93.00,99.97,88.53,97.00,34.98,125.61,97.00,125.87,83.49,-0.11,-0.25,-0.16,-0.19
1782330034.622,90.00,10.40,114.26,93.00,105.47,88.75,97.00,34.06,120.68,97.00,127.65,78.11,-0.11,-0.24,-0.16,-0.18
1782330034.735,90.00,14.79,119.47,93.00,108.38,90.72,97.00,31.99,116.56,97.00,126.89,73.72,-0.11,-0.24,-0.16,-0.18
1782330034.847,90.00,19.91,124.34,93.00,112.53,92.02,97.00,31.06,111.97,97.00,125.06,69.82,-0.12,-0.23,-0.17,-0.18
1782330034.960,90.00,25.58,128.18,93.00,115.56,93.95,97.00,29.90,107.88,97.00,122.67,66.41,-0.12,-0.23,-0.17,-0.18
1782330035.072,90.00,31.30,130.54,93.00,118.77,95.57,97.00,29.45,103.95,97.00,119.86,63.76,-0.13,-0.23,-0.18,-0.18
1782330035.175,90.00,35.05,131.92,93.00,119.82,97.48,97.00,28.36,101.54,97.00,116.64,63.08,-0.14,-0.22,-0.18,-0.18
1782330035.290,90.00,39.16,132.73,93.00,119.14,100.44,97.00,25.99,99.45,97.00,112.13,63.67,-0.15,-0.23,-0.17,-0.19
1782330035.402,90.00,42.89,132.24,93.00,121.64,101.09,97.00,26.60,97.02,97.00,107.62,65.42,-0.15,-0.22,-0.18,-0.20
1782330035.514,90.00,46.57,130.16,93.00,120.65,102.85,97.00,25.04,96.14,97.00,103.61,67.72,-0.17,-0.23,-0.18,-0.21
1782330035.625,90.00,49.44,127.61,93.00,121.33,103.00,97.00,25.26,95.52,97.00,99.00,71.46,-0.18,-0.23,-0.18,-0.22
1782330035.737,90.00,49.88,126.63,93.00,125.48,100.61,97.00,21.26,96.99,97.00,99.03,71.76,-0.18,-0.22,-0.17,-0.22
1782330035.853,90.00,49.13,125.76,93.00,130.88,96.84,97.00,18.45,98.82,97.00,99.80,72.32,-0.18,-0.20,-0.16,-0.22
1782330035.968,90.00,47.80,124.35,93.00,133.94,93.49,97.00,15.19,101.42,97.00,100.97,73.37,-0.18,-0.20,-0.15,-0.22
1782330036.080,90.00,45.86,122.53,93.00,136.56,89.61,97.00,13.48,104.50,97.00,102.31,75.04,-0.18,-0.19,-0.14,-0.22
1782330036.193,90.00,43.85,119.94,93.00,137.65,85.70,97.00,12.54,108.23,97.00,104.34,76.79,-0.18,-0.18,-0.13,-0.22
1782330036.305,90.00,41.27,117.20,93.00,137.90,81.52,97.00,13.23,112.52,97.00,106.08,79.28,-0.18,-0.17,-0.13,-0.22
1782330036.417,90.00,39.01,113.79,93.00,136.75,77.46,97.00,15.01,117.31,97.00,108.43,81.64,-0.18,-0.17,-0.12,-0.22
1782330036.529,90.00,36.67,110.27,93.00,134.69,73.56,97.00,18.14,122.27,97.00,110.58,84.35,-0.18,-0.17,-0.12,-0.22
1782330036.640,90.00,33.87,107.04,93.00,131.41,70.40,97.00,21.87,127.15,97.00,111.80,87.68,-0.18,-0.17,-0.12,-0.22
1782330036.752,90.00,32.61,103.17,93.00,127.95,67.72,97.00,26.57,131.16,97.00,114.47,89.93,-0.18,-0.17,-0.13,-0.22
1782330036.864,90.00,30.44,100.17,93.00,124.22,65.89,97.00,31.50,133.95,97.00,115.33,92.98,-0.18,-0.18,-0.13,-0.22
1782330036.975,90.00,28.79,97.43,93.00,119.57,65.85,97.00,35.69,135.92,97.00,116.13,95.58,-0.18,-0.19,-0.14,-0.22
1782330037.087,90.00,27.87,95.05,93.00,115.55,66.34,97.00,40.09,135.95,97.00,117.13,97.50,-0.18,-0.19,-0.15,-0.22
1782330037.198,90.00,27.20,93.32,93.00,111.56,67.88,97.00,44.09,134.64,97.00,117.76,98.96,-0.18,-0.20,-0.16,-0.22
1782330037.310,90.00,26.85,92.29,93.00,107.00,70.99,97.00,47.27,132.72,97.00,118.15,99.81,-0.18,-0.22,-0.17,-0.22
1782330037.422,90.00,26.51,92.11,93.00,103.34,74.05,97.00,49.77,130.23,97.00,119.63,99.33,-0.18,-0.22,-0.18,-0.22
1782330037.533,90.00,22.00,94.05,93.00,103.69,74.33,97.00,49.38,129.82,97.00,124.04,96.60,-0.17,-0.22,-0.18,-0.21
1782330037.646,90.00,18.85,96.25,93.00,104.72,74.91,97.00,48.54,128.68,97.00,128.43,93.17,-0.16,-0.22,-0.18,-0.20
1782330037.758,90.00,15.97,99.07,93.00,105.79,76.28,97.00,46.91,127.26,97.00,131.24,89.75,-0.15,-0.22,-0.18,-0.19
1782330037.870,90.00,14.61,102.36,93.00,107.14,78.12,97.00,44.80,125.31,97.00,133.53,85.83,-0.14,-0.22,-0.18,-0.18
1782330037.980,90.00,13.53,106.34,93.00,109.25,79.95,97.00,42.70,122.54,97.00,133.75,82.09,-0.13,-0.22,-0.18,-0.18
1782330038.092,90.00,15.15,110.67,93.00,110.93,82.56,97.00,40.01,119.70,97.00,134.18,77.63,-0.13,-0.22,-0.18,-0.17
1782330038.204,90.00,16.77,115.56,93.00,113.15,85.07,97.00,37.62,116.25,97.00,132.20,73.79,-0.13,-0.22,-0.18,-0.17
1782330038.316,90.00,20.15,120.40,93.00,115.01,87.96,97.00,35.10,112.77,97.00,129.83,69.95,-0.13,-0.22,-0.18,-0.17
1782330038.429,90.00,24.24,124.90,93.00,117.26,90.56,97.00,33.20,109.03,97.00,126.56,66.74,-0.13,-0.22,-0.18,-0.17
1782330038.541,90.00,29.17,128.29,93.00,118.26,93.74,97.00,30.77,105.83,97.00,123.19,64.01,-0.13,-0.22,-0.18,-0.17
1782330038.652,90.00,33.68,130.80,93.00,120.15,96.03,97.00,29.57,102.48,97.00,118.99,62.73,-0.14,-0.22,-0.18,-0.18
1782330038.765,90.00,38.10,131.89,93.00,120.20,98.87,97.00,27.50,100.05,97.00,114.78,62.52,-0.15,-0.22,-0.18,-0.18
1782330038.875,90.00,42.34,131.48,93.00,121.55,100.40,97.00,27.01,97.70,97.00,110.74,63.30,-0.16,-0.22,-0.18,-0.19
1782330038.986,90.00,45.89,130.19,93.00,121.77,101.85,97.00,26.17,96.25,97.00,106.37,65.56,-0.16,-0.22,-0.18,-0.20
1782330039.099,90.00,49.28,127.61,93.00,122.01,102.54,97.00,25.85,95.45,97.00,102.33,68.47,-0.18,-0.22,-0.18,-0.21
1782330039.213,90.00,50.54,126.23,93.00,124.72,101.21,97.00,24.07,95.97,97.00,99.62,70.98,-0.18,-0.22,-0.17,-0.22
1782330039.325,90.00,49.77,125.91,93.00,130.81,97.44,97.00,21.35,97.55,97.00,99.79,71.69,-0.18,-0.20,-0.17,-0.22
1782330039.435,90.00,45.93,127.72,93.00,137.65,92.79,97.00,21.06,99.32,97.00,96.44,76.23,-0.17,-0.19,-0.16,-0.23
1782330039.548,90.00,42.36,127.84,93.00,144.49,87.87,97.00,22.84,101.33,97.00,94.29,80.10,-0.16,-0.17,-0.17,-0.24
1782330039.659,90.00,40.16,125.31,93.00,147.24,83.82,97.00,22.72,104.62,97.00,96.00,81.69,-0.16,-0.16,-0.16,-0.24
1782330039.772,90.00,37.46,122.44,93.00,147.04,79.88,97.00,21.99,108.81,97.00,97.54,83.88,-0.16,-0.15,-0.15,-0.24
1782330039.882,90.00,36.65,117.65,93.00,145.10,75.87,97.00,21.95,113.45,97.00,102.68,84.06,-0.17,-0.15,-0.15,-0.23
1782330039.995,90.00,34.58,113.72,93.00,143.59,71.27,97.00,24.66,117.63,97.00,105.48,86.10,-0.17,-0.15,-0.15,-0.23
1782330040.117,90.00,32.41,109.86,93.00,141.59,66.54,97.00,28.83,121.17,97.00,107.80,88.58,-0.17,-0.14,-0.15,-0.23
1782330040.230,90.00,28.69,106.89,93.00,138.50,62.35,97.00,33.33,124.07,97.00,107.38,92.65,-0.17,-0.14,-0.16,-0.23
1782330040.341,90.00,25.39,103.86,93.00,133.59,60.00,97.00,36.77,127.05,97.00,106.80,96.40,-0.16,-0.15,-0.16,-0.24
1782330040.453,90.00,24.80,100.28,93.00,128.47,59.12,97.00,40.24,129.20,97.00,109.55,97.98,-0.17,-0.16,-0.16,-0.23
1782330040.566,90.00,21.77,98.10,93.00,123.57,59.54,97.00,43.80,130.12,97.00,107.67,101.39,-0.16,-0.17,-0.17,-0.24
1782330040.679,90.00,20.34,96.11,93.00,118.61,61.51,97.00,46.96,130.16,97.00,107.40,103.36,-0.16,-0.18,-0.17,-0.24
1782330040.791,90.00,17.69,95.13,93.00,115.03,63.30,97.00,51.00,127.86,97.00,103.95,105.71,-0.16,-0.19,-0.18,-0.25
1782330040.903,90.00,15.53,94.81,93.00,111.91,65.75,97.00,55.02,124.38,97.00,99.84,106.75,-0.15,-0.20,-0.20,-0.25
1782330041.017,90.00,12.71,95.33,93.00,110.45,67.51,97.00,55.06,124.06,97.00,107.04,105.04,-0.14,-0.20,-0.20,-0.24
1782330041.130,90.00,9.81,96.56,93.00,111.13,68.13,97.00,54.40,123.39,97.00,114.50,100.77,-0.14,-0.20,-0.20,-0.23
1782330041.241,90.00,5.57,98.37,93.00,111.85,69.66,97.00,52.81,122.60,97.00,117.59,97.47,-0.12,-0.21,-0.20,-0.22
1782330041.354,90.00,2.40,100.73,93.00,112.26,72.32,97.00,50.15,121.89,97.00,119.73,93.89,-0.11,-0.21,-0.19,-0.21
1782330041.469,90.00,3.62,104.44,93.00,115.08,73.51,97.00,49.01,118.91,97.00,123.81,88.53,-0.11,-0.21,-0.20,-0.20
1782330041.582,90.00,4.02,108.73,93.00,117.35,75.80,97.00,46.99,116.18,97.00,124.30,84.49,-0.10,-0.21,-0.20,-0.20
1782330041.694,90.00,6.75,113.98,93.00,121.20,77.32,97.00,46.30,112.06,97.00,124.30,80.20,-0.10,-0.20,-0.20,-0.19
1782330041.809,90.00,9.74,119.73,93.00,124.41,79.69,97.00,45.08,108.28,97.00,122.07,76.97,-0.10,-0.20,-0.20,-0.19
1782330041.921,90.00,13.12,125.88,93.00,125.56,83.51,97.00,42.05,105.74,97.00,117.98,75.05,-0.10,-0.20,-0.20,-0.20
1782330042.034,90.00,20.42,130.78,93.00,126.79,87.02,97.00,39.55,102.95,97.00,116.86,71.18,-0.10,-0.20,-0.20,-0.19
1782330042.146,90.00,25.12,135.36,93.00,129.09,89.58,97.00,38.64,99.56,97.00,112.09,70.69,-0.11,-0.20,-0.20,-0.20
1782330042.257,90.00,29.54,138.74,93.00,132.97,90.96,97.00,40.00,95.51,97.00,106.72,71.57,-0.11,-0.19,-0.21,-0.21
1782330042.370,90.00,35.02,138.56,93.00,133.28,93.56,97.00,38.30,93.71,97.00,103.95,70.98,-0.12,-0.20,-0.21,-0.22
1782330042.484,90.00,40.48,135.81,93.00,132.20,96.06,97.00,35.81,92.93,97.00,102.20,70.32,-0.14,-0.20,-0.20,-0.22
1782330042.596,90.00,45.92,131.21,93.00,130.06,98.28,97.00,32.95,93.00,97.00,101.09,69.96,-0.16,-0.21,-0.20,-0.22
1782330042.707,90.00,48.69,128.52,93.00,130.27,98.56,97.00,32.60,92.76,97.00,96.57,73.58,-0.17,-0.21,-0.19,-0.23
1782330042.824,90.00,48.86,127.60,93.00,135.28,95.84,97.00,28.74,94.76,97.00,97.67,73.10,-0.17,-0.19,-0.18,-0.23
1782330042.935,90.00,46.45,128.36,93.00,135.34,94.54,97.00,21.45,98.41,97.00,95.91,75.89,-0.17,-0.19,-0.17,-0.23
1782330043.047,90.00,47.37,124.23,93.00,142.32,89.70,97.00,22.52,100.29,97.00,100.97,73.80,-0.18,-0.17,-0.17,-0.22
1782330043.160,90.00,45.30,122.36,93.00,145.77,85.68,97.00,22.17,103.34,97.00,102.29,75.60,-0.18,-0.16,-0.16,-0.22
1782330043.273,90.00,41.80,120.93,93.00,148.56,81.23,97.00,23.43,106.63,97.00,102.27,79.04,-0.17,-0.15,-0.16,-0.23
1782330043.390,90.00,41.41,116.24,93.00,148.57,76.82,97.00,24.33,110.64,97.00,107.16,79.13,-0.18,-0.14,-0.16,-0.22
1782330043.504,90.00,38.71,113.14,93.00,150.09,71.38,97.00,29.11,113.44,97.00,108.94,81.99,-0.18,-0.13,-0.16,-0.22
1782330043.616,90.00,36.43,109.58,93.00,146.09,66.98,97.00,30.57,117.90,97.00,111.11,84.70,-0.18,-0.13,-0.16,-0.22
1782330043.728,90.00,36.67,104.68,93.00,143.13,62.22,97.00,34.77,120.75,97.00,115.96,85.70,-0.19,-0.13,-0.16,-0.21
1782330043.841,90.00,33.54,102.00,93.00,138.24,58.92,97.00,38.04,123.77,97.00,116.23,89.50,-0.18,-0.14,-0.17,-0.22
1782330043.954,90.00,33.83,97.98,93.00,129.68,60.14,97.00,37.87,129.27,97.00,119.84,90.96,-0.19,-0.16,-0.16,-0.21
1782330044.068,90.00,34.99,94.19,93.00,122.09,62.72,97.00,39.07,133.25,97.00,123.62,92.01,-0.20,-0.18,-0.15,-0.21
1782330044.181,90.00,34.60,91.84,93.00,120.40,60.81,97.00,45.43,130.54,97.00,125.05,93.77,-0.20,-0.18,-0.17,-0.20
1782330044.292,90.00,33.34,90.62,93.00,115.99,62.97,97.00,48.88,129.46,97.00,124.95,95.57,-0.20,-0.19,-0.18,-0.21
1782330044.405,90.00,32.01,90.20,93.00,111.27,66.63,97.00,51.62,127.85,97.00,124.19,96.89,-0.19,-0.20,-0.18,-0.21
1782330044.517,90.00,25.12,92.60,93.00,110.35,67.38,97.00,55.20,124.16,97.00,119.71,99.26,-0.18,-0.20,-0.20,-0.22
1782330044.630,90.00,20.93,94.51,93.00,109.79,68.80,97.00,53.83,124.69,97.00,124.30,96.31,-0.16,-0.21,-0.19,-0.21
1782330044.741,90.00,18.38,96.67,93.00,110.11,70.30,97.00,52.29,124.26,97.00,129.06,92.58,-0.16,-0.21,-0.19,-0.20
1782330044.854,90.00,16.46,99.45,93.00,111.90,71.31,97.00,51.17,122.39,97.00,132.53,88.76,-0.15,-0.21,-0.19,-0.19
1782330044.969,90.00,9.36,103.30,93.00,113.88,72.95,97.00,49.52,120.19,97.00,128.69,87.45,-0.13,-0.21,-0.19,-0.19
1782330045.082,90.00,6.82,107.19,93.00,114.16,76.65,97.00,45.87,119.04,97.00,127.24,84.55,-0.11,-0.21,-0.19,-0.19
1782330045.193,90.00,9.15,111.95,93.00,118.88,77.18,97.00,45.89,114.32,97.00,127.96,79.98,-0.11,-0.21,-0.20,-0.18
1782330045.306,90.00,11.31,117.26,93.00,119.27,81.41,97.00,41.94,112.43,97.00,126.01,76.46,-0.11,-0.21,-0.19,-0.18
1782330045.418,90.00,13.61,123.07,93.00,117.43,87.04,97.00,36.35,111.20,97.00,121.91,74.25,-0.10,-0.22,-0.18,-0.19
1782330045.531,90.00,22.17,127.03,93.00,126.09,85.71,97.00,40.35,104.23,97.00,122.87,68.55,-0.12,-0.20,-0.20,-0.18
1782330045.642,90.00,29.33,129.25,93.00,127.48,88.93,97.00,38.30,101.31,97.00,121.82,64.28,-0.13,-0.20,-0.20,-0.17
1782330045.761,90.00,32.54,132.90,93.00,124.44,94.14,97.00,32.75,100.48,97.00,115.93,64.79,-0.13,-0.21,-0.19,-0.19
1782330045.874,90.00,38.53,132.26,93.00,129.63,94.29,97.00,35.38,96.19,97.00,113.71,62.96,-0.15,-0.20,-0.20,-0.19
1782330045.987,90.00,42.47,131.92,93.00,130.55,96.11,97.00,34.68,94.20,97.00,109.37,64.25,-0.15,-0.20,-0.20,-0.20
1782330046.099,90.00,45.03,131.59,93.00,129.28,98.25,97.00,32.47,93.62,97.00,103.63,68.01,-0.16,-0.21,-0.19,-0.21
1782330046.212,90.00,49.34,127.64,93.00,132.67,97.39,97.00,35.27,91.64,97.00,100.99,69.67,-0.18,-0.20,-0.20,-0.22
1782330046.325,90.00,49.58,127.22,93.00,134.25,96.58,97.00,31.21,93.50,97.00,98.30,72.25,-0.18,-0.20,-0.19,-0.22
1782330046.439,90.00,49.27,126.14,93.00,137.70,94.19,97.00,26.61,96.19,97.00,99.42,72.26,-0.18,-0.19,-0.18,-0.22
1782330046.554,90.00,48.43,124.48,93.00,143.94,90.16,97.00,26.32,98.09,97.00,101.01,72.75,-0.18,-0.17,-0.18,-0.22
1782330046.667,90.00,46.64,122.78,93.00,147.94,86.42,97.00,25.67,100.92,97.00,102.31,74.28,-0.18,-0.16,-0.17,-0.22
1782330046.780,90.00,44.63,120.39,93.00,150.00,82.54,97.00,25.21,104.42,97.00,104.17,76.03,-0.18,-0.15,-0.17,-0.22
1782330046.892,90.00,44.42,115.87,93.00,152.79,77.88,97.00,27.82,107.41,97.00,108.84,76.11,-0.19,-0.13,-0.17,-0.22
1782330047.003,90.00,43.81,111.52,93.00,149.61,73.68,97.00,26.99,112.35,97.00,112.99,77.18,-0.19,-0.14,-0.16,-0.21
1782330047.120,90.00,44.61,106.18,93.00,147.48,68.89,97.00,29.46,116.27,97.00,118.40,77.81,-0.20,-0.13,-0.16,-0.20
1782330047.232,90.00,39.59,104.84,93.00,145.04,63.89,97.00,33.55,119.29,97.00,117.47,82.95,-0.19,-0.13,-0.16,-0.21
1782330047.343,90.00,40.66,99.81,93.00,138.37,61.41,97.00,34.59,124.12,97.00,122.48,84.11,-0.20,-0.14,-0.16,-0.20
1782330047.456,90.00,36.65,98.08,93.00,133.56,59.05,97.00,38.21,126.74,97.00,121.67,88.48,-0.20,-0.15,-0.16,-0.21
1782330047.569,90.00,35.68,95.11,93.00,125.42,61.26,97.00,38.69,131.54,97.00,123.40,90.90,-0.20,-0.17,-0.15,-0.21
1782330047.682,90.00,38.47,90.92,93.00,122.28,60.25,97.00,43.92,130.67,97.00,128.23,91.28,-0.21,-0.17,-0.17,-0.20
1782330047.793,90.00,35.78,90.15,93.00,118.69,60.98,97.00,48.33,129.09,97.00,127.03,93.94,-0.20,-0.18,-0.18,-0.20
1782330047.905,90.00,37.29,88.14,93.00,114.14,64.03,97.00,51.36,127.70,97.00,129.37,94.19,-0.21,-0.19,-0.18,-0.20
1782330048.010,90.00,34.08,89.15,93.00,110.82,66.89,97.00,53.77,125.70,97.00,126.48,95.96,-0.20,-0.20,-0.19,-0.20
1782330048.125,90.00,25.44,92.67,93.00,109.51,68.44,97.00,54.23,124.97,97.00,123.88,97.02,-0.18,-0.21,-0.19,-0.21
1782330048.237,90.00,22.73,94.54,93.00,111.91,67.28,97.00,55.20,122.61,97.00,129.35,93.47,-0.17,-0.20,-0.20,-0.20
1782330048.350,90.00,16.66,97.83,93.00,110.46,70.90,97.00,51.66,123.85,97.00,129.60,91.54,-0.15,-0.21,-0.19,-0.19
1782330048.462,90.00,15.69,100.72,93.00,111.88,72.56,97.00,49.92,122.22,97.00,133.26,87.36,-0.15,-0.21,-0.19,-0.18
1782330048.574,90.00,11.10,104.70,93.00,117.08,71.64,97.00,51.06,117.24,97.00,131.08,84.99,-0.13,-0.20,-0.20,-0.18
1782330048.685,90.00,10.00,108.99,93.00,115.67,77.02,97.00,45.60,117.46,97.00,130.01,81.57,-0.12,-0.21,-0.19,-0.18
1782330048.796,90.00,11.38,113.88,93.00,118.66,79.09,97.00,44.02,113.92,97.00,128.84,77.75,-0.11,-0.21,-0.19,-0.18
1782330048.908,90.00,13.71,119.26,93.00,122.75,80.69,97.00,43.56,109.48,97.00,126.21,74.46,-0.11,-0.20,-0.20,-0.18
1782330049.020,90.00,16.56,124.98,93.00,120.87,86.39,97.00,37.79,108.51,97.00,121.99,72.30,-0.11,-0.21,-0.19,-0.19
1782330049.132,90.00,25.40,127.86,93.00,128.35,85.98,97.00,41.22,102.10,97.00,123.05,66.44,-0.12,-0.20,-0.20,-0.18
1782330049.244,90.00,28.74,132.25,93.00,125.06,91.72,97.00,34.90,101.64,97.00,117.36,66.25,-0.12,-0.21,-0.19,-0.19
1782330049.355,90.00,36.95,130.77,93.00,128.24,93.27,97.00,35.32,98.00,97.00,117.62,61.55,-0.15,-0.21,-0.20,-0.18
1782330049.467,90.00,42.77,129.27,93.00,133.86,93.21,97.00,38.96,93.45,97.00,115.26,60.04,-0.16,-0.20,-0.21,-0.18
1782330049.578,90.00,41.90,133.88,93.00,126.72,98.70,97.00,30.69,95.24,97.00,104.86,67.85,-0.15,-0.21,-0.19,-0.21
1782330049.692,90.00,49.20,127.26,93.00,129.60,98.48,97.00,32.53,93.21,97.00,105.93,65.26,-0.18,-0.21,-0.19,-0.20
1782330049.804,90.00,53.79,122.73,93.00,136.75,95.68,97.00,39.49,89.59,97.00,103.71,66.97,-0.19,-0.19,-0.21,-0.21
1782330049.916,90.00,44.46,132.98,93.00,124.90,100.81,97.00,19.69,97.47,97.00,88.70,79.80,-0.16,-0.22,-0.16,-0.25
1782330050.029,90.00,56.65,117.60,93.00,149.27,90.01,97.00,35.80,92.99,97.00,108.90,63.84,-0.20,-0.16,-0.20,-0.20
1782330050.142,90.00,51.11,120.51,93.00,145.79,88.70,97.00,26.14,99.06,97.00,105.74,69.43,-0.19,-0.16,-0.17,-0.21
1782330050.253,90.00,49.52,118.48,93.00,143.61,86.45,97.00,20.10,103.79,97.00,107.57,70.94,-0.19,-0.17,-0.16,-0.21
1782330050.364,90.00,49.73,114.18,93.00,153.20,80.47,97.00,28.04,104.80,97.00,111.95,70.96,-0.20,-0.14,-0.17,-0.20
1782330050.520,90.00,45.96,112.79,93.00,153.60,75.97,97.00,29.20,108.49,97.00,112.45,74.87,-0.19,-0.13,-0.17,-0.21
1782330050.631,90.00,45.48,108.44,93.00,153.13,70.94,97.00,31.95,111.84,97.00,116.54,76.27,-0.20,-0.12,-0.17,-0.20
1782330050.743,90.00,32.82,111.90,93.00,140.59,69.61,97.00,24.85,120.61,97.00,105.99,87.97,-0.17,-0.15,-0.14,-0.23
1782330050.853,90.00,38.79,103.58,93.00,138.28,65.15,97.00,29.57,123.94,97.00,118.19,84.14,-0.19,-0.15,-0.15,-0.21
1782330050.966,90.00,31.62,103.08,93.00,134.30,62.03,97.00,33.66,127.00,97.00,113.75,90.87,-0.18,-0.15,-0.15,-0.22
1782330051.078,90.00,17.81,103.84,93.00,125.11,64.44,97.00,33.37,133.15,97.00,93.78,101.40,-0.15,-0.17,-0.14,-0.26
1782330051.189,90.00,24.64,98.53,93.00,121.77,63.17,97.00,38.54,133.65,97.00,110.91,98.76,-0.17,-0.18,-0.15,-0.23
1782330051.300,90.00,13.62,98.22,93.00,120.17,61.16,97.00,44.96,130.95,97.00,87.39,97.55,-0.14,-0.18,-0.17,-0.26
1782330051.420,90.00,7.82,96.49,93.00,114.31,64.81,97.00,47.18,131.33,97.00,87.61,97.83,-0.13,-0.19,-0.17,-0.26
1782330051.531,90.00,6.38,95.35,93.00,109.25,68.69,97.00,49.76,129.94,97.00,87.92,98.23,-0.13,-0.21,-0.18,-0.26
1782330051.643,90.00,1.00,94.48,93.00,106.82,70.86,97.00,52.21,127.42,97.00,87.73,97.99,-0.12,-0.22,-0.19,-0.26
1782330051.754,90.00,0.00,102.69,93.00,108.89,69.64,97.00,53.10,125.51,97.00,87.49,97.69,-0.10,-0.21,-0.19,-0.26
1782330051.866,90.00,0.00,109.23,93.00,107.81,72.40,97.00,50.48,126.24,97.00,87.12,97.21,-0.08,-0.22,-0.19,-0.26
1782330051.978,90.00,0.00,113.94,93.00,110.24,72.74,97.00,49.85,123.80,97.00,86.54,96.47,-0.07,-0.21,-0.19,-0.26
1782330052.089,90.00,0.00,119.56,93.00,111.46,74.94,97.00,47.56,122.13,97.00,85.41,95.04,-0.06,-0.21,-0.19,-0.26
1782330052.201,90.00,0.00,123.95,93.00,114.63,76.12,97.00,46.41,118.73,97.00,89.08,98.68,-0.05,-0.21,-0.19,-0.26
1782330052.313,90.00,0.00,127.38,93.00,116.21,79.12,97.00,43.62,116.23,97.00,91.43,97.99,-0.04,-0.21,-0.19,-0.26
1782330052.425,90.00,0.00,129.27,93.00,118.10,82.11,97.00,41.04,113.21,97.00,93.22,95.47,-0.04,-0.21,-0.19,-0.25
1782330052.538,90.00,0.00,131.07,93.00,121.17,84.40,97.00,39.67,109.30,97.00,89.56,93.29,-0.04,-0.21,-0.19,-0.26
1782330052.650,90.00,0.00,131.70,93.00,123.90,86.92,97.00,38.38,105.53,97.00,83.23,90.25,-0.04,-0.21,-0.19,-0.26
1782330052.761,90.00,6.80,138.58,93.00,124.98,90.25,97.00,36.04,102.65,97.00,75.83,83.05,-0.04,-0.21,-0.19,-0.26
1782330052.873,90.00,17.05,149.67,93.00,126.88,92.69,97.00,35.03,99.49,97.00,73.60,80.30,-0.05,-0.21,-0.19,-0.26
1782330052.989,90.00,24.25,156.13,93.00,128.20,94.94,97.00,34.08,96.89,97.00,72.43,78.87,-0.05,-0.21,-0.19,-0.26
1782330053.101,90.00,28.86,158.21,93.00,128.79,96.92,97.00,33.05,94.99,97.00,71.60,77.85,-0.06,-0.21,-0.19,-0.26
1782330053.213,90.00,31.67,158.01,93.00,129.81,97.96,97.00,33.00,93.43,97.00,71.15,77.30,-0.07,-0.21,-0.19,-0.26
1782330053.326,90.00,33.38,154.85,93.00,129.34,98.94,97.00,32.08,93.05,97.00,71.00,77.11,-0.08,-0.21,-0.19,-0.26
1782330053.439,90.00,33.58,153.35,93.00,132.35,97.45,97.00,29.66,94.10,97.00,71.10,77.23,-0.09,-0.20,-0.19,-0.26
1782330053.552,90.00,32.49,151.48,93.00,136.23,94.83,97.00,25.41,96.55,97.00,71.41,77.62,-0.09,-0.19,-0.18,-0.26
1782330053.664,90.00,32.74,144.10,93.00,142.22,90.79,97.00,24.77,98.54,97.00,71.82,78.12,-0.11,-0.18,-0.17,-0.26
1782330053.776,90.00,31.92,138.66,93.00,143.65,87.73,97.00,21.49,102.11,97.00,72.68,79.17,-0.12,-0.17,-0.16,-0.26
1782330053.889,90.00,31.91,132.21,93.00,144.31,84.18,97.00,19.58,105.99,97.00,73.84,80.60,-0.13,-0.16,-0.15,-0.26
1782330054.002,90.00,31.56,126.30,93.00,146.91,79.33,97.00,21.97,109.41,97.00,82.82,88.81,-0.14,-0.15,-0.15,-0.26
1782330054.116,90.00,25.79,123.85,93.00,143.50,75.79,97.00,20.79,114.49,97.00,77.06,84.57,-0.13,-0.15,-0.14,-0.26
1782330054.229,90.00,21.36,119.75,93.00,140.49,71.92,97.00,22.30,119.31,97.00,78.80,86.73,-0.13,-0.15,-0.14,-0.26
1782330054.343,90.00,19.51,114.67,93.00,138.82,67.25,97.00,27.02,122.94,97.00,80.66,89.05,-0.13,-0.15,-0.14,-0.26
1782330054.455,90.00,16.14,110.33,93.00,135.57,63.52,97.00,31.48,126.14,97.00,82.37,91.19,-0.13,-0.15,-0.15,-0.26
1782330054.566,90.00,12.71,106.27,93.00,127.97,63.98,97.00,32.49,131.39,97.00,83.90,93.12,-0.13,-0.17,-0.14,-0.26
1782330054.679,90.00,13.00,102.41,93.00,126.22,60.63,97.00,39.18,130.90,97.00,85.51,95.16,-0.14,-0.17,-0.16,-0.26
1782330054.798,90.00,9.85,99.49,93.00,120.76,61.96,97.00,42.25,132.34,97.00,86.53,96.45,-0.13,-0.18,-0.16,-0.26
1782330054.909,90.00,8.12,97.20,93.00,115.41,64.55,97.00,45.14,132.62,97.00,87.33,97.49,-0.13,-0.19,-0.16,-0.26
1782330055.022,90.00,7.89,95.76,93.00,110.25,68.09,97.00,47.85,131.65,97.00,87.93,98.25,-0.13,-0.21,-0.17,-0.26
1782330055.135,90.00,5.99,95.11,93.00,105.12,72.43,97.00,50.27,129.65,97.00,87.97,98.30,-0.13,-0.22,-0.18,-0.26
1782330055.247,90.00,4.70,95.33,93.00,103.84,73.94,97.00,49.75,129.77,97.00,88.57,99.06,-0.12,-0.22,-0.18,-0.26
1782330055.358,90.00,7.92,96.77,93.00,106.54,72.76,97.00,50.34,127.40,97.00,113.32,101.17,-0.13,-0.22,-0.18,-0.23
1782330055.471,90.00,11.69,98.79,93.00,107.63,73.94,97.00,48.96,126.11,97.00,125.28,93.20,-0.14,-0.22,-0.18,-0.20
1782330055.584,90.00,11.69,101.68,93.00,109.30,75.39,97.00,47.27,124.12,97.00,129.79,88.37,-0.13,-0.22,-0.18,-0.19
1782330055.696,90.00,7.59,105.37,93.00,111.74,76.87,97.00,45.63,121.31,97.00,127.83,85.94,-0.12,-0.22,-0.19,-0.19
1782330055.808,90.00,8.87,109.77,93.00,114.00,79.06,97.00,43.49,118.36,97.00,128.69,81.54,-0.11,-0.22,-0.19,-0.19
1782330055.920,90.00,11.24,114.78,93.00,115.38,82.28,97.00,40.49,115.67,97.00,128.04,77.40,-0.11,-0.22,-0.18,-0.18
1782330056.033,90.00,13.32,120.32,93.00,119.52,83.69,97.00,39.88,111.15,97.00,124.76,74.55,-0.11,-0.21,-0.19,-0.18
1782330056.150,90.00,19.76,125.08,93.00,120.43,87.39,97.00,36.79,108.33,97.00,124.06,69.98,-0.12,-0.21,-0.19,-0.18
1782330056.261,90.00,23.16,130.32,93.00,121.86,90.52,97.00,34.57,105.12,97.00,118.85,68.94,-0.11,-0.22,-0.19,-0.19
1782330056.377,90.00,28.72,133.41,93.00,125.38,92.13,97.00,34.73,101.10,97.00,115.59,67.06,-0.12,-0.21,-0.19,-0.19
1782330056.488,90.00,33.29,135.55,93.00,132.44,91.63,97.00,39.13,95.57,97.00,111.13,67.06,-0.13,-0.20,-0.21,-0.20
1782330056.600,90.00,37.81,135.73,93.00,129.81,95.55,97.00,34.61,95.18,97.00,107.13,67.64,-0.14,-0.21,-0.20,-0.21
1782330056.711,90.00,41.83,134.49,93.00,131.90,96.42,97.00,35.37,92.93,97.00,103.03,69.29,-0.15,-0.20,-0.20,-0.21
1782330056.823,90.00,44.79,132.80,93.00,131.94,97.49,97.00,34.70,92.13,97.00,97.86,72.77,-0.16,-0.20,-0.20,-0.23
1782330056.935,90.00,46.54,131.09,93.00,133.51,97.05,97.00,34.49,91.94,97.00,92.57,76.80,-0.16,-0.20,-0.20,-0.24
1782330057.048,90.00,46.12,130.65,93.00,137.14,94.94,97.00,29.47,94.61,97.00,92.92,77.08,-0.16,-0.19,-0.19,-0.24
1782330057.159,90.00,45.96,128.53,93.00,144.82,90.82,97.00,29.94,95.84,97.00,95.48,76.47,-0.17,-0.17,-0.19,-0.23
1782330057.270,90.00,45.02,126.19,93.00,146.20,88.15,97.00,25.76,99.63,97.00,97.83,76.74,-0.17,-0.16,-0.17,-0.23
1782330057.381,90.00,45.45,121.64,93.00,148.10,84.59,97.00,24.15,103.19,97.00,103.14,75.34,-0.18,-0.15,-0.17,-0.22
1782330057.493,90.00,42.61,119.56,93.00,152.84,79.82,97.00,27.64,105.63,97.00,104.19,78.04,-0.18,-0.14,-0.17,-0.22
1782330057.605,90.00,40.64,116.14,93.00,152.10,75.40,97.00,28.12,109.74,97.00,106.87,79.91,-0.18,-0.13,-0.17,-0.22
1782330057.716,90.00,37.95,112.96,93.00,149.72,70.73,97.00,29.37,114.00,97.00,108.66,82.76,-0.18,-0.13,-0.16,-0.22
1782330057.828,90.00,35.82,109.28,93.00,146.66,65.95,97.00,32.05,117.78,97.00,111.01,85.34,-0.18,-0.13,-0.16,-0.22
1782330057.943,90.00,36.19,104.34,93.00,143.36,61.23,97.00,36.12,120.56,97.00,115.96,86.26,-0.19,-0.13,-0.17,-0.21
1782330058.055,90.00,34.83,100.78,93.00,137.56,58.57,97.00,38.51,124.11,97.00,118.21,88.82,-0.19,-0.14,-0.17,-0.21
1782330058.165,90.00,34.56,97.15,93.00,132.58,56.74,97.00,42.12,126.06,97.00,121.03,90.75,-0.19,-0.14,-0.17,-0.21
1782330058.278,90.00,31.50,95.39,93.00,127.14,56.98,97.00,45.12,127.62,97.00,120.08,94.26,-0.19,-0.16,-0.17,-0.21
1782330058.390,90.00,30.14,93.48,93.00,120.63,60.13,97.00,46.73,129.57,97.00,120.37,96.43,-0.19,-0.18,-0.17,-0.22
1782330058.501,90.00,23.40,94.11,93.00,120.79,57.34,97.00,55.05,123.07,97.00,113.05,101.73,-0.17,-0.17,-0.20,-0.23
1782330058.612,90.00,17.63,94.57,93.00,116.73,60.66,97.00,58.20,120.97,97.00,104.35,106.01,-0.16,-0.18,-0.21,-0.24
1782330058.724,90.00,7.96,95.30,93.00,115.84,61.60,97.00,61.17,118.09,97.00,88.62,99.13,-0.13,-0.19,-0.22,-0.26
1782330058.836,90.00,5.63,96.02,93.00,116.63,61.89,97.00,60.97,117.35,97.00,105.00,105.22,-0.13,-0.19,-0.22,-0.24
1782330058.949,90.00,8.45,97.89,93.00,118.83,61.84,97.00,61.45,115.08,97.00,118.94,97.32,-0.13,-0.18,-0.22,-0.22
1782330059.061,90.00,3.30,100.02,93.00,123.56,60.37,97.00,64.79,109.79,97.00,119.38,94.83,-0.12,-0.17,-0.23,-0.22
1782330059.172,90.00,4.18,103.46,93.00,124.63,63.73,97.00,61.44,109.40,97.00,123.86,89.46,-0.11,-0.17,-0.23,-0.20
1782330059.284,90.00,4.50,107.55,93.00,126.37,67.06,97.00,58.62,108.00,97.00,124.98,85.22,-0.11,-0.18,-0.23,-0.20
1782330059.396,90.00,6.15,112.48,93.00,127.93,70.92,97.00,55.32,106.49,97.00,124.72,81.21,-0.10,-0.18,-0.22,-0.19
1782330059.509,90.00,9.80,118.09,93.00,133.16,72.51,97.00,57.06,101.15,97.00,123.81,77.17,-0.10,-0.17,-0.23,-0.19
1782330059.622,90.00,15.29,123.66,93.00,136.57,75.68,97.00,56.56,97.51,97.00,122.62,73.09,-0.11,-0.17,-0.23,-0.19
1782330059.734,90.00,21.46,128.30,93.00,135.75,80.87,97.00,50.64,97.32,97.00,120.83,69.42,-0.11,-0.18,-0.22,-0.18
1782330059.844,90.00,23.77,134.22,93.00,141.37,82.66,97.00,54.26,91.61,97.00,113.42,70.75,-0.11,-0.17,-0.23,-0.20
1782330059.956,90.00,30.43,135.84,93.00,144.09,85.47,97.00,54.78,88.31,97.00,111.56,68.24,-0.12,-0.16,-0.24,-0.20
1782330060.067,90.00,33.75,138.57,93.00,143.67,88.70,97.00,51.40,87.49,97.00,105.08,70.74,-0.12,-0.17,-0.23,-0.21
1782330060.179,90.00,37.94,138.16,93.00,144.11,90.88,97.00,50.15,86.15,97.00,100.71,72.21,-0.13,-0.17,-0.23,-0.22
1782330060.291,90.00,40.86,137.32,93.00,147.20,91.55,97.00,53.56,83.28,97.00,94.57,75.89,-0.14,-0.16,-0.24,-0.23
1782330060.403,90.00,43.70,134.72,93.00,144.34,92.97,97.00,48.83,84.95,97.00,88.73,79.44,-0.15,-0.17,-0.23,-0.24
1782330060.514,90.00,43.73,134.27,93.00,151.18,91.17,97.00,49.46,84.83,97.00,86.07,81.07,-0.15,-0.15,-0.23,-0.25
1782330060.625,90.00,44.50,131.38,93.00,151.55,90.00,97.00,40.25,90.46,97.00,91.00,79.10,-0.16,-0.15,-0.21,-0.24
1782330060.736,90.00,43.91,128.94,93.00,156.44,87.50,97.00,38.59,93.08,97.00,93.87,78.80,-0.16,-0.14,-0.21,-0.24
1782330060.848,90.00,40.89,127.98,93.00,159.97,84.66,97.00,37.37,96.25,97.00,93.02,81.72,-0.16,-0.13,-0.20,-0.24
1782330060.960,90.00,38.86,124.95,93.00,160.45,81.12,97.00,35.35,100.52,97.00,95.44,82.99,-0.16,-0.12,-0.19,-0.24
1782330061.077,90.00,36.44,121.59,93.00,161.61,76.93,97.00,36.49,103.78,97.00,97.75,84.80,-0.16,-0.11,-0.19,-0.24
1782330061.189,90.00,33.73,118.01,93.00,157.95,71.84,97.00,35.60,108.66,97.00,99.75,87.13,-0.16,-0.11,-0.18,-0.24
1782330061.302,90.00,31.72,113.82,93.00,152.10,66.85,97.00,34.87,113.93,97.00,102.83,88.99,-0.16,-0.12,-0.18,-0.24
1782330061.415,90.00,29.69,109.75,93.00,147.94,61.84,97.00,37.62,117.30,97.00,105.36,91.26,-0.17,-0.12,-0.18,-0.24
1782330061.527,90.00,28.33,105.67,93.00,144.41,56.79,97.00,42.44,118.82,97.00,108.25,93.24,-0.17,-0.12,-0.18,-0.23
1782330061.638,90.00,27.67,101.76,93.00,137.98,54.51,97.00,44.49,121.95,97.00,111.32,94.91,-0.17,-0.13,-0.18,-0.23
1782330061.750,90.00,27.23,98.39,93.00,136.12,49.71,97.00,52.59,118.81,97.00,113.83,96.53,-0.17,-0.12,-0.20,-0.23
1782330061.863,90.00,25.28,96.23,93.00,128.62,52.71,97.00,52.32,122.46,97.00,113.55,99.15,-0.17,-0.15,-0.20,-0.23
1782330061.975,90.00,22.51,94.99,93.00,127.53,50.14,97.00,60.95,116.57,97.00,111.29,102.06,-0.17,-0.14,-0.22,-0.23
1782330062.088,90.00,19.56,94.46,93.00,123.56,52.92,97.00,64.50,114.69,97.00,107.64,104.69,-0.16,-0.16,-0.22,-0.24
1782330062.200,90.00,18.53,94.27,93.00,122.87,53.10,97.00,73.70,107.93,97.00,106.88,105.29,-0.16,-0.16,-0.24,-0.24
1782330062.313,90.00,14.02,95.45,93.00,122.55,54.33,97.00,71.79,108.79,97.00,112.93,102.27,-0.15,-0.16,-0.24,-0.23
1782330062.424,90.00,11.58,97.01,93.00,123.05,55.94,97.00,69.97,108.89,97.00,119.42,97.80,-0.14,-0.16,-0.24,-0.22
1782330062.539,90.00,5.26,99.10,93.00,125.24,56.90,97.00,70.09,106.90,97.00,119.23,95.94,-0.12,-0.16,-0.24,-0.22
1782330062.650,90.00,6.85,102.24,93.00,126.41,60.09,97.00,66.75,106.68,97.00,125.44,89.98,-0.12,-0.16,-0.24,-0.20
1782330062.763,90.00,7.80,106.06,93.00,129.90,61.92,97.00,67.04,103.43,97.00,128.15,85.15,-0.12,-0.16,-0.24,-0.19
1782330062.874,90.00,9.39,110.58,93.00,132.51,65.30,97.00,64.98,101.35,97.00,128.87,80.72,-0.11,-0.16,-0.24,-0.18
1782330062.988,90.00,12.79,115.58,93.00,133.67,69.97,97.00,60.33,100.63,97.00,128.81,76.17,-0.12,-0.17,-0.24,-0.18
1782330063.099,90.00,14.77,121.13,93.00,138.90,72.31,97.00,62.87,95.38,97.00,125.11,73.49,-0.11,-0.16,-0.24,-0.18
1782330063.212,90.00,20.42,125.93,93.00,139.58,77.07,97.00,58.08,94.40,97.00,123.36,69.62,-0.12,-0.16,-0.24,-0.18
1782330063.324,90.00,25.26,130.23,93.00,142.71,80.39,97.00,58.15,90.90,97.00,119.72,67.41,-0.12,-0.16,-0.24,-0.18
1782330063.438,90.00,30.04,133.40,93.00,144.80,83.74,97.00,57.37,88.21,97.00,115.56,66.34,-0.12,-0.16,-0.24,-0.19
1782330063.550,90.00,34.78,134.93,93.00,146.39,86.69,97.00,56.69,85.91,97.00,111.48,66.13,-0.13,-0.16,-0.24,-0.20
1782330063.665,90.00,38.48,135.68,93.00,147.97,88.96,97.00,56.89,83.78,97.00,106.37,67.92,-0.14,-0.16,-0.24,-0.21
1782330063.776,90.00,42.40,134.23,93.00,148.29,90.76,97.00,55.80,82.77,97.00,102.26,69.74,-0.15,-0.16,-0.24,-0.22
1782330063.889,90.00,45.38,132.25,93.00,149.73,91.48,97.00,57.48,81.39,97.00,97.20,73.23,-0.16,-0.16,-0.24,-0.23
1782330064.001,90.00,46.89,130.60,93.00,150.80,91.43,97.00,54.13,82.53,97.00,93.36,76.24,-0.17,-0.16,-0.24,-0.24
1782330064.114,90.00,46.96,129.34,93.00,154.73,90.17,97.00,47.94,86.05,97.00,94.95,75.69,-0.17,-0.15,-0.23,-0.23
1782330064.235,90.00,45.65,128.39,93.00,158.36,88.36,97.00,43.59,89.70,97.00,95.50,76.76,-0.17,-0.13,-0.22,-0.23
1782330064.348,90.00,44.03,126.56,93.00,162.93,86.12,97.00,42.34,92.53,97.00,96.90,77.90,-0.17,-0.12,-0.21,-0.23
1782330064.460,90.00,40.06,125.97,93.00,162.13,82.80,97.00,37.75,97.86,97.00,95.06,81.99,-0.16,-0.12,-0.20,-0.24
1782330064.572,90.00,34.97,125.09,93.00,163.29,78.96,97.00,37.77,101.43,97.00,91.27,87.05,-0.15,-0.11,-0.20,-0.25
1782330064.684,90.00,35.45,119.12,93.00,160.26,74.03,97.00,36.41,106.32,97.00,99.96,85.46,-0.16,-0.11,-0.19,-0.24
1782330064.797,90.00,31.69,116.08,93.00,155.21,68.79,97.00,35.61,111.43,97.00,100.07,89.08,-0.16,-0.11,-0.18,-0.24
1782330064.910,90.00,30.24,111.58,93.00,152.20,63.25,97.00,38.91,114.30,97.00,103.90,90.56,-0.16,-0.11,-0.18,-0.24
1782330065.022,90.00,28.21,107.63,93.00,145.35,59.12,97.00,39.71,118.83,97.00,106.09,92.99,-0.17,-0.12,-0.18,-0.24
1782330065.135,90.00,26.69,103.82,93.00,142.10,54.16,97.00,45.43,119.20,97.00,108.33,95.21,-0.17,-0.12,-0.19,-0.23
1782330065.248,90.00,25.75,100.34,93.00,137.83,50.75,97.00,50.43,119.19,97.00,110.57,97.12,-0.17,-0.12,-0.20,-0.23
1782330065.361,90.00,25.14,97.38,93.00,132.74,49.97,97.00,53.97,119.55,97.00,112.46,98.78,-0.17,-0.13,-0.20,-0.23
1782330065.473,90.00,22.64,95.73,93.00,128.85,49.95,97.00,58.68,117.84,97.00,110.86,101.62,-0.17,-0.14,-0.21,-0.23
1782330065.586,90.00,22.67,94.11,93.00,125.64,50.99,97.00,63.90,114.79,97.00,112.17,102.35,-0.17,-0.15,-0.22,-0.23
1782330065.701,90.00,22.78,93.32,93.00,122.36,53.85,97.00,68.34,111.78,97.00,112.90,102.64,-0.17,-0.16,-0.23,-0.23
1782330065.822,90.00,18.88,94.38,93.00,121.44,55.20,97.00,70.05,110.33,97.00,114.99,101.52,-0.16,-0.16,-0.24,-0.23
1782330065.933,90.00,7.65,96.37,93.00,124.79,52.71,97.00,75.82,105.78,97.00,110.34,102.92,-0.13,-0.15,-0.25,-0.24
1782330066.046,90.00,9.72,98.27,93.00,125.14,55.42,97.00,72.07,106.46,97.00,121.58,95.61,-0.13,-0.16,-0.24,-0.21
1782330066.159,90.00,6.74,100.89,93.00,127.47,57.06,97.00,71.63,104.58,97.00,123.80,92.04,-0.12,-0.16,-0.25,-0.21
1782330066.271,90.00,5.26,104.22,93.00,130.23,59.41,97.00,70.83,102.42,97.00,125.24,88.16,-0.11,-0.15,-0.25,-0.20
1782330066.383,90.00,7.51,108.58,93.00,131.80,63.54,97.00,66.61,101.78,97.00,127.72,83.08,-0.11,-0.16,-0.24,-0.19
1782330066.495,90.00,7.77,113.47,93.00,134.74,66.98,97.00,65.00,99.27,97.00,125.69,79.89,-0.11,-0.16,-0.24,-0.19
1782330066.609,90.00,12.28,118.95,93.00,137.25,70.96,97.00,62.64,97.01,97.00,125.26,75.44,-0.11,-0.16,-0.24,-0.18
1782330066.725,90.00,16.52,124.47,93.00,140.53,74.56,97.00,62.09,93.71,97.00,122.60,72.27,-0.11,-0.16,-0.24,-0.19
1782330066.841,90.00,21.73,129.34,93.00,142.27,78.69,97.00,59.46,91.61,97.00,119.55,69.58,-0.11,-0.16,-0.24,-0.19
1782330066.953,90.00,25.95,133.89,93.00,145.01,82.05,97.00,59.45,88.46,97.00,114.53,69.06,-0.11,-0.16,-0.24,-0.20
1782330067.064,90.00,31.41,135.97,93.00,147.07,85.17,97.00,59.21,85.86,97.00,111.11,68.01,-0.12,-0.16,-0.24,-0.20
1782330067.175,90.00,34.88,138.12,93.00,148.85,87.74,97.00,59.47,83.60,97.00,105.05,70.28,-0.13,-0.16,-0.25,-0.21
1782330067.288,90.00,38.67,137.83,93.00,149.28,89.87,97.00,58.16,82.42,97.00,100.12,72.40,-0.13,-0.16,-0.24,-0.22
1782330067.400,90.00,41.41,136.90,93.00,150.36,91.05,97.00,58.96,81.18,97.00,93.73,76.38,-0.14,-0.16,-0.25,-0.24
1782330067.512,90.00,44.94,133.14,93.00,151.20,91.41,97.00,60.21,80.54,97.00,89.79,78.75,-0.16,-0.16,-0.25,-0.24
1782330067.624,90.00,44.05,133.62,93.00,149.62,91.32,97.00,45.54,86.90,97.00,87.40,80.49,-0.15,-0.16,-0.22,-0.25
1782330067.736,90.00,43.75,131.84,93.00,143.44,91.67,97.00,30.20,95.31,97.00,89.81,80.09,-0.16,-0.17,-0.19,-0.24
1782330067.847,90.00,40.53,132.11,93.00,145.42,89.01,97.00,26.16,98.86,97.00,86.37,83.44,-0.15,-0.17,-0.18,-0.25
1782330067.958,90.00,39.18,128.91,93.00,149.23,85.16,97.00,25.95,101.76,97.00,90.11,83.82,-0.15,-0.15,-0.17,-0.25
1782330068.071,90.00,37.12,125.60,93.00,148.68,81.65,97.00,23.60,106.13,97.00,92.95,84.99,-0.16,-0.15,-0.16,-0.25
1782330068.181,90.00,34.95,121.80,93.00,148.35,77.40,97.00,23.89,110.28,97.00,96.05,86.41,-0.16,-0.14,-0.16,-0.24
1782330068.293,90.00,31.63,118.43,93.00,146.63,72.96,97.00,25.20,114.62,97.00,96.96,89.33,-0.16,-0.14,-0.15,-0.25
1782330068.405,90.00,30.24,113.75,93.00,142.96,68.93,97.00,26.73,119.29,97.00,101.36,90.49,-0.16,-0.14,-0.15,-0.24
1782330068.517,90.00,27.52,109.94,93.00,139.55,64.87,97.00,30.23,123.07,97.00,102.75,93.35,-0.16,-0.14,-0.15,-0.24
1782330068.629,90.00,24.42,106.48,93.00,134.05,62.67,97.00,32.75,127.22,97.00,102.75,96.73,-0.16,-0.15,-0.15,-0.24
1782330068.741,90.00,22.83,102.85,93.00,129.44,60.95,97.00,36.68,129.74,97.00,104.50,98.96,-0.16,-0.16,-0.15,-0.24
1782330068.854,90.00,20.05,100.10,93.00,124.85,60.44,97.00,40.68,131.05,97.00,103.14,102.07,-0.16,-0.17,-0.16,-0.25
1782330068.966,90.00,18.80,97.60,93.00,119.27,62.36,97.00,43.53,132.24,97.00,103.57,103.91,-0.16,-0.18,-0.16,-0.25
1782330069.078,90.00,18.09,95.76,93.00,113.27,66.05,97.00,45.77,132.79,97.00,104.09,105.17,-0.16,-0.20,-0.17,-0.24
1782330069.192,90.00,17.31,94.77,93.00,108.56,69.43,97.00,48.73,131.05,97.00,103.59,106.10,-0.16,-0.21,-0.17,-0.25
1782330069.304,90.00,15.54,94.80,93.00,103.72,73.71,97.00,50.01,129.93,97.00,104.00,106.18,-0.15,-0.22,-0.18,-0.25
1782330069.416,90.00,11.07,95.84,93.00,103.24,74.79,97.00,49.03,130.14,97.00,110.60,103.23,-0.14,-0.23,-0.18,-0.24
1782330069.530,90.00,7.52,97.36,93.00,103.52,76.06,97.00,47.65,129.51,97.00,115.87,99.36,-0.13,-0.23,-0.17,-0.23
1782330069.641,90.00,6.75,99.67,93.00,103.79,78.09,97.00,45.47,128.54,97.00,121.83,94.16,-0.12,-0.23,-0.17,-0.21
1782330069.754,90.00,4.94,102.66,93.00,105.24,79.83,97.00,43.36,126.42,97.00,124.01,90.19,-0.12,-0.23,-0.17,-0.20
1782330069.866,90.00,3.75,106.37,93.00,106.10,82.57,97.00,40.39,124.24,97.00,124.32,86.54,-0.11,-0.23,-0.17,-0.20
1782330069.978,90.00,4.36,111.02,93.00,108.93,84.26,97.00,38.39,120.63,97.00,123.74,82.85,-0.10,-0.23,-0.17,-0.20
1782330070.090,90.00,5.68,116.42,93.00,109.76,87.64,97.00,35.01,117.68,97.00,121.17,80.00,-0.09,-0.23,-0.17,-0.20
1782330070.201,90.00,12.52,122.50,93.00,113.06,89.48,97.00,33.46,113.45,97.00,121.62,75.00,-0.10,-0.23,-0.17,-0.19
1782330070.312,90.00,17.70,128.09,93.00,114.05,92.78,97.00,30.61,110.08,97.00,118.82,72.17,-0.10,-0.23,-0.17,-0.19
1782330070.424,90.00,21.32,133.86,93.00,114.97,95.86,97.00,28.17,106.74,97.00,112.87,72.29,-0.10,-0.23,-0.17,-0.20
1782330070.538,90.00,26.68,137.67,93.00,115.61,98.73,97.00,26.05,103.67,97.00,108.67,71.76,-0.11,-0.23,-0.17,-0.21
1782330070.650,90.00,31.17,140.19,93.00,114.91,101.79,97.00,23.58,101.23,97.00,103.44,72.94,-0.11,-0.23,-0.17,-0.22
1782330070.767,90.00,35.62,140.25,93.00,117.37,102.66,97.00,23.82,98.64,97.00,99.05,74.17,-0.12,-0.23,-0.17,-0.23
1782330070.879,90.00,38.50,140.07,93.00,119.00,103.32,97.00,24.04,96.86,97.00,92.01,78.08,-0.13,-0.23,-0.17,-0.24
1782330070.990,90.00,40.35,139.29,93.00,120.76,103.19,97.00,24.88,95.74,97.00,81.00,82.54,-0.14,-0.23,-0.18,-0.26
1782330071.102,90.00,41.32,137.84,93.00,124.04,101.54,97.00,23.04,96.29,97.00,73.53,80.01,-0.14,-0.22,-0.17,-0.26
1782330071.213,90.00,40.81,136.75,93.00,129.10,98.20,97.00,19.41,98.09,97.00,76.21,82.11,-0.14,-0.21,-0.16,-0.26
1782330071.325,90.00,39.51,135.05,93.00,136.32,93.22,97.00,19.46,99.82,97.00,78.30,83.58,-0.14,-0.19,-0.16,-0.26
1782330071.435,90.00,37.83,132.41,93.00,142.53,88.34,97.00,20.67,102.09,97.00,81.71,85.31,-0.14,-0.17,-0.16,-0.26
1782330071.547,90.00,34.16,130.62,93.00,142.51,85.09,97.00,17.88,106.07,97.00,76.89,84.20,-0.14,-0.17,-0.15,-0.26
1782330071.659,90.00,31.45,126.87,93.00,145.71,80.03,97.00,20.70,109.43,97.00,80.80,87.87,-0.14,-0.15,-0.15,-0.26
1782330071.771,90.00,28.78,122.61,93.00,141.94,76.80,97.00,18.95,114.61,97.00,84.95,90.96,-0.14,-0.16,-0.14,-0.26
1782330071.883,90.00,25.56,118.43,93.00,140.19,72.49,97.00,21.56,119.13,97.00,86.23,93.13,-0.14,-0.16,-0.14,-0.26
1782330071.995,90.00,22.30,114.20,93.00,138.83,67.70,97.00,26.47,122.76,97.00,86.38,94.78,-0.14,-0.15,-0.14,-0.26
1782330072.109,90.00,19.67,109.91,93.00,132.92,65.86,97.00,28.26,127.79,97.00,87.61,96.74,-0.14,-0.16,-0.14,-0.26
1782330072.222,90.00,16.17,106.15,93.00,129.56,63.05,97.00,33.29,130.25,97.00,84.05,93.30,-0.14,-0.16,-0.14,-0.26
1782330072.342,90.00,14.99,102.46,93.00,126.01,61.21,97.00,38.32,131.34,97.00,85.59,95.26,-0.14,-0.17,-0.15,-0.26
1782330072.454,90.00,10.54,99.69,93.00,119.42,63.61,97.00,40.47,133.95,97.00,86.50,96.42,-0.13,-0.18,-0.15,-0.26
1782330072.571,90.00,9.26,97.37,93.00,115.72,64.42,97.00,44.83,132.74,97.00,87.39,97.55,-0.13,-0.19,-0.16,-0.26
1782330072.683,90.00,9.77,95.86,93.00,110.44,67.99,97.00,47.48,131.97,97.00,88.10,98.47,-0.14,-0.21,-0.17,-0.26
1782330072.795,90.00,8.88,95.24,93.00,105.77,71.83,97.00,50.26,129.65,97.00,88.28,98.70,-0.14,-0.22,-0.18,-0.26
1782330072.909,90.00,1.77,94.86,93.00,103.47,74.21,97.00,49.57,130.06,97.00,88.19,98.58,-0.12,-0.22,-0.18,-0.26
1782330073.023,90.00,0.00,99.91,93.00,103.93,74.97,97.00,48.67,129.43,97.00,88.02,98.36,-0.10,-0.23,-0.18,-0.26
1782330073.135,90.00,0.00,101.62,93.00,104.93,76.10,97.00,47.27,128.14,97.00,105.58,103.19,-0.10,-0.23,-0.18,-0.24
1782330073.248,90.00,0.00,105.67,93.00,106.57,77.46,97.00,45.56,126.11,97.00,111.23,98.35,-0.09,-0.22,-0.18,-0.23
1782330073.361,90.00,0.00,109.17,93.00,109.79,78.18,97.00,44.43,122.74,97.00,114.74,93.46,-0.09,-0.22,-0.18,-0.22
1782330073.474,90.00,0.00,111.42,93.00,111.08,81.01,97.00,41.54,120.32,97.00,117.14,88.47,-0.09,-0.22,-0.18,-0.22
1782330073.585,90.00,4.37,113.98,93.00,113.62,83.23,97.00,39.42,116.84,97.00,121.85,81.44,-0.10,-0.22,-0.18,-0.20
1782330073.698,90.00,11.48,120.01,93.00,115.39,86.20,97.00,36.78,113.54,97.00,123.44,75.80,-0.10,-0.22,-0.18,-0.19
1782330073.811,90.00,21.24,123.98,93.00,120.00,87.33,97.00,36.71,108.74,97.00,126.28,68.85,-0.12,-0.22,-0.19,-0.17
1782330073.930,90.00,22.55,130.10,93.00,120.21,91.22,97.00,33.43,106.05,97.00,118.90,69.28,-0.11,-0.22,-0.18,-0.19
1782330074.042,90.00,29.28,132.40,93.00,122.73,93.37,97.00,32.61,102.43,97.00,117.14,66.05,-0.12,-0.22,-0.19,-0.19
1782330074.155,90.00,34.05,134.26,93.00,127.41,93.97,97.00,34.35,98.19,97.00,113.07,65.54,-0.13,-0.21,-0.19,-0.19
1782330074.267,90.00,37.18,136.14,93.00,123.32,98.73,97.00,28.93,97.80,97.00,106.98,68.00,-0.13,-0.22,-0.18,-0.21
1782330074.380,90.00,41.30,134.93,93.00,116.17,104.18,97.00,22.40,97.95,97.00,102.99,69.48,-0.15,-0.23,-0.17,-0.21
1782330074.491,90.00,44.09,133.59,93.00,120.91,102.89,97.00,25.13,95.91,97.00,97.41,73.23,-0.15,-0.23,-0.18,-0.23
1782330074.603,90.00,41.68,137.56,93.00,120.86,103.23,97.00,24.11,95.87,97.00,75.81,81.60,-0.14,-0.23,-0.17,-0.26
1782330074.719,90.00,45.18,131.93,93.00,132.81,96.89,97.00,25.93,95.81,97.00,90.69,78.60,-0.16,-0.20,-0.18,-0.24
1782330074.832,90.00,43.63,131.49,93.00,136.30,94.03,97.00,22.00,98.37,97.00,90.22,80.08,-0.16,-0.19,-0.17,-0.24
1782330074.943,90.00,41.12,130.72,93.00,139.59,90.55,97.00,19.55,101.20,97.00,89.26,82.41,-0.15,-0.18,-0.16,-0.25
1782330075.057,90.00,40.95,126.33,93.00,144.78,85.78,97.00,21.03,103.85,97.00,95.27,81.13,-0.16,-0.16,-0.16,-0.24
1782330075.168,90.00,33.83,127.46,93.00,143.23,82.60,97.00,18.08,108.32,97.00,85.22,88.10,-0.14,-0.16,-0.14,-0.26
1782330075.281,90.00,32.29,122.76,93.00,141.87,78.79,97.00,17.74,112.85,97.00,91.40,89.20,-0.15,-0.16,-0.14,-0.25
1782330075.392,90.00,29.11,118.97,93.00,141.84,73.92,97.00,21.14,117.00,97.00,92.71,91.73,-0.15,-0.15,-0.14,-0.25
1782330075.509,90.00,30.27,112.84,93.00,138.02,70.47,97.00,22.86,121.98,97.00,102.48,90.47,-0.16,-0.16,-0.13,-0.24
1782330075.621,90.00,20.30,111.80,93.00,134.20,67.28,97.00,26.24,126.41,97.00,84.86,94.18,-0.14,-0.16,-0.13,-0.26
1782330075.734,90.00,18.13,107.57,93.00,130.71,64.33,97.00,30.92,129.58,97.00,87.12,96.88,-0.14,-0.16,-0.14,-0.26
1782330075.846,90.00,16.60,103.73,93.00,127.02,62.28,97.00,35.80,131.46,97.00,89.93,99.90,-0.14,-0.17,-0.15,-0.26
1782330075.958,90.00,13.12,100.75,93.00,121.91,62.67,97.00,39.36,133.22,97.00,86.24,96.08,-0.14,-0.18,-0.15,-0.26
1782330076.070,90.00,8.89,98.24,93.00,117.70,63.48,97.00,43.44,132.97,97.00,86.97,97.02,-0.13,-0.19,-0.16,-0.26
1782330076.183,90.00,8.57,96.38,93.00,112.32,66.70,97.00,46.17,132.71,97.00,87.74,98.01,-0.13,-0.20,-0.17,-0.26
1782330076.294,90.00,4.41,95.12,93.00,102.44,75.00,97.00,45.76,134.81,97.00,87.74,98.00,-0.12,-0.23,-0.16,-0.26
1782330076.407,90.00,13.19,95.11,93.00,80.19,83.27,97.00,41.55,140.62,97.00,102.12,106.54,-0.15,-0.26,-0.14,-0.25
1782330076.519,90.00,5.26,95.89,93.00,80.82,83.85,97.00,40.90,139.94,97.00,103.13,105.81,-0.13,-0.26,-0.14,-0.25
1782330076.632,90.00,0.63,96.85,93.00,99.26,79.79,97.00,44.91,132.09,97.00,108.25,102.80,-0.11,-0.24,-0.16,-0.24
1782330076.743,90.00,1.80,99.54,93.00,97.20,83.32,97.00,41.57,131.96,97.00,117.33,96.15,-0.11,-0.24,-0.16,-0.22
1782330076.856,90.00,3.94,103.14,93.00,99.72,84.34,97.00,39.75,129.05,97.00,123.44,89.95,-0.11,-0.24,-0.16,-0.20
1782330076.969,90.00,9.37,107.53,93.00,99.59,87.48,97.00,36.23,126.81,97.00,129.67,83.09,-0.12,-0.24,-0.16,-0.19
1782330077.082,90.00,10.15,112.23,93.00,106.97,86.29,97.00,36.47,121.15,97.00,128.75,79.30,-0.11,-0.23,-0.17,-0.18
1782330077.195,90.00,17.24,116.71,93.00,108.59,89.08,97.00,33.61,117.68,97.00,131.55,73.00,-0.12,-0.24,-0.17,-0.17
1782330077.307,90.00,18.27,122.39,93.00,110.90,91.52,97.00,31.36,113.76,97.00,126.33,70.98,-0.12,-0.23,-0.17,-0.18
1782330077.420,90.00,21.80,127.59,93.00,109.12,96.24,97.00,26.84,111.01,97.00,121.95,68.96,-0.12,-0.24,-0.16,-0.18
1782330077.532,90.00,27.13,131.26,93.00,114.36,96.78,97.00,27.27,106.41,97.00,118.67,66.67,-0.12,-0.23,-0.17,-0.18
1782330077.642,90.00,31.17,134.58,93.00,114.13,100.01,97.00,24.67,103.56,97.00,113.51,66.78,-0.12,-0.24,-0.17,-0.19
1782330077.758,90.00,35.19,136.36,93.00,114.19,102.53,97.00,22.84,100.98,97.00,108.44,67.87,-0.13,-0.24,-0.17,-0.20
1782330077.869,90.00,40.13,134.99,93.00,116.00,103.63,97.00,22.69,98.63,97.00,105.43,68.00,-0.14,-0.23,-0.17,-0.21
1782330077.981,90.00,43.93,133.07,93.00,114.78,105.49,97.00,21.06,97.48,97.00,101.38,70.08,-0.16,-0.24,-0.17,-0.22
1782330078.092,90.00,46.48,131.12,93.00,115.89,105.59,97.00,21.41,96.67,97.00,95.81,74.27,-0.16,-0.24,-0.17,-0.23
1782330078.204,90.00,48.46,128.48,93.00,119.33,103.83,97.00,18.04,97.57,97.00,96.54,73.81,-0.17,-0.23,-0.16,-0.23
1782330078.315,90.00,48.78,126.57,93.00,126.41,99.32,97.00,15.86,98.97,97.00,98.81,72.89,-0.18,-0.21,-0.15,-0.23
1782330078.431,90.00,49.56,123.12,93.00,132.19,94.73,97.00,14.58,101.04,97.00,102.74,71.33,-0.18,-0.20,-0.15,-0.22
1782330078.542,90.00,47.68,121.54,93.00,137.73,89.68,97.00,15.29,103.67,97.00,103.97,73.03,-0.18,-0.18,-0.14,-0.22
1782330078.654,90.00,43.43,121.22,93.00,140.79,85.11,97.00,15.92,107.06,97.00,102.75,77.38,-0.18,-0.17,-0.14,-0.23
1782330078.766,90.00,39.01,119.99,93.00,142.46,80.43,97.00,17.60,110.95,97.00,101.65,81.84,-0.17,-0.16,-0.14,-0.23
1782330078.883,90.00,36.76,116.37,93.00,139.46,77.07,97.00,17.02,115.92,97.00,104.20,83.88,-0.17,-0.16,-0.13,-0.23
1782330078.994,90.00,33.71,113.07,93.00,137.83,72.81,97.00,20.13,120.56,97.00,105.47,87.01,-0.17,-0.16,-0.13,-0.23
1782330079.106,90.00,31.26,109.35,93.00,134.94,69.09,97.00,23.85,125.06,97.00,107.31,89.77,-0.17,-0.16,-0.13,-0.23
1782330079.220,90.00,30.43,105.07,93.00,131.38,66.07,97.00,28.16,128.91,97.00,110.87,91.40,-0.17,-0.16,-0.13,-0.23
1782330079.332,90.00,29.15,101.46,93.00,127.63,63.83,97.00,32.91,131.58,97.00,113.03,93.67,-0.18,-0.17,-0.14,-0.23
1782330079.443,90.00,27.10,98.70,93.00,122.87,63.46,97.00,36.88,133.65,97.00,113.44,96.52,-0.17,-0.18,-0.15,-0.23
1782330079.554,90.00,29.36,94.94,93.00,119.01,63.45,97.00,41.41,133.63,97.00,118.60,96.30,-0.18,-0.18,-0.15,-0.22
1782330079.665,90.00,31.45,91.98,93.00,114.77,65.01,97.00,45.25,132.75,97.00,122.53,96.23,-0.19,-0.19,-0.16,-0.21
1782330079.777,90.00,29.56,91.45,93.00,108.72,69.51,97.00,47.28,132.45,97.00,121.28,98.08,-0.19,-0.21,-0.17,-0.22
1782330079.889,90.00,33.94,89.18,93.00,106.66,70.97,97.00,51.92,127.79,97.00,126.36,96.05,-0.20,-0.22,-0.19,-0.20
1782330080.001,90.00,30.94,90.84,93.00,107.93,70.20,97.00,52.67,126.40,97.00,131.96,93.20,-0.19,-0.21,-0.19,-0.19
1782330080.114,90.00,25.97,93.95,93.00,108.35,71.24,97.00,51.57,125.88,97.00,134.54,90.94,-0.18,-0.21,-0.19,-0.18
1782330080.225,90.00,22.82,97.03,93.00,109.10,72.84,97.00,49.86,124.89,97.00,137.30,87.88,-0.17,-0.21,-0.19,-0.17
1782330080.337,90.00,20.36,100.61,93.00,111.05,74.16,97.00,48.36,122.72,97.00,138.77,84.51,-0.16,-0.21,-0.19,-0.17
1782330080.447,90.00,18.69,104.68,93.00,113.04,76.13,97.00,46.35,120.27,97.00,138.80,80.90,-0.15,-0.21,-0.19,-0.16
1782330080.560,90.00,15.77,109.65,93.00,113.94,79.48,97.00,43.08,118.26,97.00,135.20,78.05,-0.13,-0.22,-0.19,-0.17
1782330080.672,90.00,12.51,115.17,93.00,115.23,82.76,97.00,40.00,115.57,97.00,128.90,76.50,-0.12,-0.22,-0.18,-0.18
1782330080.787,90.00,12.86,120.92,93.00,117.32,85.59,97.00,37.66,112.15,97.00,123.72,74.79,-0.11,-0.22,-0.18,-0.19
1782330080.898,90.00,17.70,126.37,93.00,120.13,87.95,97.00,36.21,108.25,97.00,121.06,71.70,-0.11,-0.22,-0.19,-0.19
1782330081.009,90.00,22.77,131.18,93.00,122.97,90.19,97.00,35.26,104.39,97.00,117.48,69.63,-0.11,-0.21,-0.19,-0.19
1782330081.122,90.00,28.35,134.35,93.00,122.34,94.16,97.00,31.84,102.17,97.00,114.12,67.97,-0.12,-0.22,-0.18,-0.19
1782330081.236,90.00,37.43,131.63,93.00,124.46,96.04,97.00,31.36,99.05,97.00,115.77,62.29,-0.14,-0.22,-0.19,-0.18
1782330081.356,90.00,49.36,123.12,93.00,129.06,96.12,97.00,33.76,95.37,97.00,119.69,54.34,-0.18,-0.21,-0.19,-0.16
1782330081.470,90.00,46.37,129.19,93.00,122.96,101.00,97.00,27.27,96.14,97.00,108.64,63.58,-0.17,-0.22,-0.18,-0.20
1782330081.583,90.00,51.75,124.65,93.00,126.99,99.94,97.00,30.04,94.04,97.00,106.92,64.00,-0.19,-0.21,-0.19,-0.20
1782330081.695,90.00,54.92,121.48,93.00,130.85,98.26,97.00,31.11,93.41,97.00,105.02,65.69,-0.20,-0.21,-0.19,-0.21
1782330081.806,90.00,50.96,124.90,93.00,128.60,98.72,97.00,20.83,97.46,97.00,101.13,70.23,-0.18,-0.21,-0.16,-0.22
1782330081.920,90.00,49.49,124.39,93.00,136.97,93.44,97.00,21.57,98.80,97.00,101.38,71.63,-0.18,-0.19,-0.16,-0.22
1782330082.032,90.00,50.40,120.38,93.00,145.80,88.02,97.00,24.95,100.13,97.00,105.77,70.14,-0.19,-0.16,-0.17,-0.21
1782330082.147,90.00,37.95,128.40,93.00,134.74,89.18,97.00,10.57,106.04,97.00,89.59,84.90,-0.15,-0.19,-0.13,-0.25
1782330082.259,90.00,33.67,126.61,93.00,140.68,82.89,97.00,15.49,109.50,97.00,86.69,88.30,-0.15,-0.17,-0.14,-0.26
1782330082.371,90.00,42.02,114.64,93.00,141.03,78.36,97.00,17.30,113.77,97.00,109.11,78.58,-0.18,-0.16,-0.13,-0.22
1782330082.488,90.00,33.74,115.26,93.00,140.95,73.44,97.00,21.04,117.94,97.00,103.05,86.95,-0.17,-0.16,-0.14,-0.24
1782330082.599,90.00,36.69,108.32,93.00,136.47,70.43,97.00,22.44,123.15,97.00,112.53,84.69,-0.18,-0.16,-0.13,-0.22
1782330082.712,90.00,29.07,107.61,93.00,133.56,66.78,97.00,26.93,127.06,97.00,107.01,92.16,-0.17,-0.16,-0.14,-0.23
1782330082.824,90.00,28.36,103.47,93.00,128.74,65.04,97.00,30.48,130.95,97.00,110.42,93.76,-0.17,-0.17,-0.14,-0.23
1782330082.937,90.00,26.14,100.47,93.00,125.04,63.30,97.00,35.40,132.79,97.00,110.88,96.72,-0.17,-0.17,-0.14,-0.23
1782330083.049,90.00,16.65,99.78,93.00,120.13,63.79,97.00,39.17,134.24,97.00,96.69,103.82,-0.15,-0.18,-0.15,-0.25
1782330083.161,90.00,15.38,97.44,93.00,114.79,66.00,97.00,42.32,134.86,97.00,96.38,105.03,-0.15,-0.20,-0.15,-0.25
1782330083.274,90.00,13.44,95.95,93.00,111.08,67.69,97.00,46.34,132.86,97.00,91.36,102.58,-0.15,-0.20,-0.17,-0.26
1782330083.388,90.00,10.20,95.30,93.00,105.95,71.74,97.00,48.91,131.11,97.00,88.40,98.85,-0.14,-0.22,-0.17,-0.26
1782330083.500,90.00,2.98,94.91,93.00,104.01,73.58,97.00,50.08,129.69,97.00,88.13,98.51,-0.12,-0.22,-0.18,-0.26
1782330083.615,90.00,0.00,100.38,93.00,106.07,72.67,97.00,50.52,127.88,97.00,87.86,98.15,-0.10,-0.22,-0.18,-0.26
1782330083.728,90.00,0.00,109.58,93.00,105.64,74.92,97.00,48.33,127.80,97.00,87.11,97.20,-0.08,-0.22,-0.18,-0.26
1782330083.840,90.00,0.00,113.59,93.00,105.40,77.69,97.00,45.54,127.15,97.00,89.36,100.01,-0.07,-0.23,-0.18,-0.26
1782330083.952,90.00,0.00,119.66,93.00,109.80,77.27,97.00,45.34,123.05,97.00,91.56,100.93,-0.06,-0.22,-0.18,-0.26
1782330084.065,90.00,0.00,122.06,93.00,112.89,78.59,97.00,43.92,119.60,97.00,99.70,98.70,-0.05,-0.22,-0.18,-0.25
1782330084.178,90.00,0.00,124.28,93.00,115.24,80.97,97.00,41.73,116.41,97.00,102.09,94.52,-0.05,-0.22,-0.19,-0.24
1782330084.291,90.00,0.00,127.76,93.00,116.83,84.14,97.00,38.92,113.39,97.00,98.13,93.01,-0.05,-0.22,-0.18,-0.25
1782330084.403,90.00,0.00,128.43,93.00,120.38,86.03,97.00,37.98,109.14,97.00,96.41,90.42,-0.05,-0.21,-0.19,-0.25
1782330084.515,90.00,1.49,130.17,93.00,122.87,88.62,97.00,36.53,105.46,97.00,92.23,89.07,-0.05,-0.21,-0.19,-0.25
1782330084.628,90.00,11.23,141.48,93.00,123.70,91.94,97.00,34.13,102.63,97.00,84.28,88.26,-0.05,-0.21,-0.19,-0.26
1782330084.741,90.00,19.59,150.19,93.00,126.48,93.72,97.00,34.05,99.12,97.00,73.21,79.83,-0.05,-0.21,-0.19,-0.26
1782330084.852,90.00,25.66,155.88,93.00,127.00,96.21,97.00,32.52,96.92,97.00,72.15,78.52,-0.06,-0.21,-0.19,-0.26
1782330084.968,90.00,29.83,156.35,93.00,128.57,97.50,97.00,32.54,94.73,97.00,71.37,77.57,-0.07,-0.21,-0.19,-0.26
1782330085.081,90.00,32.33,156.05,93.00,128.43,98.91,97.00,31.54,93.77,97.00,71.03,77.15,-0.08,-0.21,-0.19,-0.26
1782330085.193,90.00,33.69,153.87,93.00,129.22,99.06,97.00,31.92,93.05,97.00,71.01,77.13,-0.09,-0.21,-0.19,-0.26
1782330085.305,90.00,33.69,151.94,93.00,132.65,97.16,97.00,27.79,94.96,97.00,71.10,77.24,-0.09,-0.20,-0.18,-0.26
1782330085.418,90.00,33.12,148.10,93.00,137.70,93.86,97.00,25.01,97.06,97.00,71.42,77.62,-0.10,-0.19,-0.17,-0.26
1782330085.533,90.00,33.67,141.09,93.00,142.35,90.16,97.00,23.50,99.53,97.00,71.93,78.26,-0.12,-0.17,-0.17,-0.26
1782330085.645,90.00,32.56,136.27,93.00,142.64,87.29,97.00,19.61,103.39,97.00,72.91,79.46,-0.12,-0.17,-0.16,-0.26
1782330085.757,90.00,34.35,128.47,93.00,144.18,83.25,97.00,19.16,107.07,97.00,84.01,87.64,-0.14,-0.16,-0.15,-0.26
1782330085.870,90.00,30.30,125.65,93.00,147.01,78.14,97.00,22.42,110.42,97.00,80.87,88.28,-0.14,-0.15,-0.15,-0.26
1782330085.983,90.00,23.39,123.46,93.00,140.77,75.65,97.00,18.99,116.33,97.00,77.47,85.08,-0.13,-0.16,-0.13,-0.26
1782330086.096,90.00,23.72,117.33,93.00,140.58,70.49,97.00,23.87,120.13,97.00,82.49,91.21,-0.14,-0.15,-0.14,-0.26
1782330086.211,90.00,21.06,112.84,93.00,137.99,66.26,97.00,28.07,123.88,97.00,85.20,94.33,-0.14,-0.15,-0.14,-0.26
1782330086.324,90.00,15.06,109.29,93.00,130.51,65.83,97.00,28.71,129.61,97.00,82.77,91.69,-0.13,-0.17,-0.13,-0.26
1782330086.435,90.00,16.23,104.76,93.00,128.82,61.92,97.00,35.41,130.41,97.00,83.86,93.07,-0.14,-0.16,-0.15,-0.26
1782330086.548,90.00,11.67,101.64,93.00,123.65,61.98,97.00,38.92,132.46,97.00,85.76,95.47,-0.13,-0.17,-0.15,-0.26
1782330086.659,90.00,8.64,98.83,93.00,117.79,64.15,97.00,41.67,134.04,97.00,86.69,96.66,-0.13,-0.19,-0.15,-0.26
1782330086.773,90.00,10.23,96.75,93.00,113.08,66.39,97.00,45.07,133.41,97.00,87.76,98.03,-0.14,-0.20,-0.16,-0.26
1782330086.885,90.00,9.31,95.55,93.00,99.74,77.42,97.00,43.00,138.08,97.00,88.19,98.58,-0.14,-0.23,-0.15,-0.26
1782330086.998,90.00,11.36,95.18,93.00,90.58,83.11,97.00,43.81,137.61,97.00,88.72,99.26,-0.14,-0.25,-0.15,-0.26
1782330087.110,90.00,8.86,95.79,93.00,93.63,81.94,97.00,44.32,135.95,97.00,106.01,105.17,-0.13,-0.25,-0.16,-0.24
1782330087.223,90.00,0.33,96.30,93.00,100.20,78.62,97.00,45.88,131.73,97.00,104.97,104.46,-0.11,-0.23,-0.17,-0.24
1782330087.336,90.00,2.15,98.92,93.00,96.57,83.16,97.00,41.94,132.62,97.00,116.25,97.32,-0.11,-0.24,-0.16,-0.22
1782330087.448,90.00,6.30,102.51,93.00,100.36,83.19,97.00,40.86,129.20,97.00,125.14,89.85,-0.12,-0.24,-0.16,-0.20
1782330087.563,90.00,9.54,106.46,93.00,101.45,85.54,97.00,38.03,126.66,97.00,129.87,83.97,-0.12,-0.24,-0.16,-0.19
1782330087.676,90.00,10.16,111.00,93.00,102.82,88.08,97.00,35.05,123.53,97.00,129.41,80.05,-0.12,-0.24,-0.16,-0.18
1782330087.787,90.00,12.73,116.07,93.00,104.11,90.90,97.00,31.93,120.06,97.00,128.35,76.00,-0.11,-0.24,-0.16,-0.18
1782330087.899,90.00,15.80,121.48,93.00,107.44,92.66,97.00,30.09,115.71,97.00,125.55,72.75,-0.11,-0.24,-0.16,-0.18
1782330088.015,90.00,20.24,126.60,93.00,107.94,96.00,97.00,26.93,112.16,97.00,122.40,69.87,-0.11,-0.24,-0.16,-0.18
1782330088.127,90.00,24.18,131.54,93.00,109.44,98.60,97.00,24.80,108.41,97.00,117.51,68.80,-0.11,-0.24,-0.16,-0.19
1782330088.238,90.00,28.77,135.16,93.00,110.93,100.90,97.00,23.18,104.93,97.00,112.84,68.40,-0.12,-0.24,-0.16,-0.20
1782330088.350,90.00,32.97,137.49,93.00,110.73,103.55,97.00,21.11,102.18,97.00,107.72,69.34,-0.12,-0.24,-0.16,-0.21
1782330088.460,90.00,36.84,138.19,93.00,112.72,104.71,97.00,20.88,99.63,97.00,102.54,71.27,-0.13,-0.24,-0.16,-0.22
1782330088.573,90.00,40.91,136.43,93.00,111.26,106.68,97.00,19.11,98.24,97.00,98.61,72.92,-0.14,-0.24,-0.16,-0.23
1782330088.685,90.00,43.96,134.16,93.00,111.98,107.14,97.00,19.06,97.31,97.00,93.43,76.28,-0.15,-0.24,-0.16,-0.24
1782330088.797,90.00,45.55,132.23,93.00,114.98,105.97,97.00,17.14,97.61,97.00,90.51,78.34,-0.16,-0.24,-0.16,-0.24
1782330088.909,90.00,45.26,131.22,93.00,124.80,100.45,97.00,16.33,98.56,97.00,91.69,78.23,-0.16,-0.22,-0.15,-0.24
1782330089.020,90.00,44.67,129.22,93.00,130.75,95.93,97.00,14.70,100.48,97.00,93.96,78.09,-0.16,-0.20,-0.15,-0.24
1782330089.133,90.00,42.10,128.21,93.00,134.83,91.66,97.00,13.41,103.15,97.00,93.63,80.49,-0.16,-0.19,-0.14,-0.24
1782330089.249,90.00,38.08,127.38,93.00,140.84,85.99,97.00,16.35,106.06,97.00,91.31,84.48,-0.15,-0.17,-0.14,-0.25
1782330089.360,90.00,35.75,123.96,93.00,139.72,82.59,97.00,14.58,110.36,97.00,93.88,86.02,-0.16,-0.17,-0.13,-0.25
1782330089.471,90.00,32.71,120.54,93.00,139.80,78.10,97.00,16.53,114.76,97.00,95.32,88.50,-0.15,-0.16,-0.13,-0.25
1782330089.582,90.00,29.26,116.98,93.00,139.97,73.02,97.00,20.91,118.91,97.00,95.95,91.54,-0.15,-0.16,-0.14,-0.25
1782330089.694,90.00,24.45,113.81,93.00,134.05,71.00,97.00,21.22,124.65,97.00,92.85,95.57,-0.15,-0.17,-0.13,-0.25
1782330089.806,90.00,22.54,109.43,93.00,133.00,66.24,97.00,27.71,127.64,97.00,95.97,97.72,-0.15,-0.16,-0.14,-0.25
1782330089.916,90.00,20.35,105.57,93.00,128.72,64.17,97.00,31.85,130.93,97.00,97.17,100.11,-0.15,-0.17,-0.14,-0.25
1782330090.028,90.00,15.85,102.62,93.00,123.33,64.12,97.00,35.28,133.85,97.00,89.06,99.43,-0.14,-0.18,-0.14,-0.26
1782330090.140,90.00,16.92,99.25,93.00,119.79,63.52,97.00,40.17,133.92,97.00,98.03,104.10,-0.15,-0.18,-0.15,-0.25
1782330090.252,90.00,11.43,97.47,93.00,113.62,66.76,97.00,42.62,135.09,97.00,87.55,97.77,-0.14,-0.20,-0.15,-0.26
1782330090.363,90.00,11.16,95.91,93.00,108.14,70.35,97.00,45.33,134.41,97.00,88.22,98.63,-0.14,-0.21,-0.16,-0.26
1782330090.475,90.00,8.20,95.24,93.00,92.75,82.02,97.00,43.18,138.41,97.00,88.20,98.59,-0.13,-0.25,-0.15,-0.26
1782330090.587,90.00,19.04,94.40,93.00,92.37,82.38,97.00,44.19,136.71,97.00,116.18,100.88,-0.16,-0.25,-0.15,-0.23
1782330090.699,90.00,6.60,96.45,93.00,83.61,85.07,97.00,40.90,139.04,97.00,109.79,103.06,-0.13,-0.26,-0.14,-0.24
1782330090.816,90.00,4.55,98.21,93.00,97.93,81.39,97.00,43.55,132.48,97.00,116.22,98.24,-0.12,-0.24,-0.16,-0.22
1782330090.928,90.00,2.69,100.70,93.00,92.52,86.54,97.00,38.84,133.28,97.00,119.94,93.84,-0.11,-0.25,-0.15,-0.21
1782330091.041,90.00,4.78,104.51,93.00,93.99,88.32,97.00,36.25,130.49,97.00,124.91,88.03,-0.11,-0.25,-0.15,-0.20
1782330091.152,90.00,14.71,108.66,93.00,101.32,87.56,97.00,35.84,125.26,97.00,134.56,79.41,-0.13,-0.24,-0.16,-0.17
1782330091.264,90.00,10.37,113.97,93.00,100.96,91.15,97.00,31.91,122.40,97.00,127.84,78.26,-0.11,-0.25,-0.16,-0.18
1782330091.374,90.00,16.69,118.77,93.00,101.08,94.45,97.00,28.26,118.90,97.00,129.12,72.65,-0.12,-0.25,-0.15,-0.17
1782330091.486,90.00,19.09,124.28,93.00,106.94,95.06,97.00,27.74,113.86,97.00,124.62,70.40,-0.12,-0.24,-0.16,-0.18
1782330091.598,90.00,22.81,129.40,93.00,105.56,99.06,97.00,23.83,110.61,97.00,119.98,68.81,-0.11,-0.25,-0.16,-0.19
1782330091.712,90.00,27.83,133.04,93.00,108.76,100.71,97.00,22.89,106.62,97.00,116.10,67.31,-0.12,-0.24,-0.16,-0.19
1782330091.823,90.00,31.99,135.93,93.00,107.70,103.76,97.00,20.18,103.73,97.00,110.99,67.79,-0.12,-0.25,-0.16,-0.20
1782330091.935,90.00,37.20,135.71,93.00,112.66,103.96,97.00,21.37,100.49,97.00,107.89,67.37,-0.14,-0.24,-0.16,-0.20
1782330092.046,90.00,41.02,135.03,93.00,110.48,106.47,97.00,18.99,98.91,97.00,103.36,69.27,-0.15,-0.24,-0.16,-0.21
1782330092.158,90.00,44.51,132.93,93.00,109.09,107.86,97.00,17.63,97.87,97.00,98.99,71.90,-0.16,-0.25,-0.16,-0.22
1782330092.268,90.00,46.57,131.09,93.00,111.31,107.49,97.00,18.52,97.27,97.00,92.59,76.78,-0.16,-0.24,-0.16,-0.24
1782330092.384,90.00,46.12,130.90,93.00,120.91,102.82,97.00,16.48,98.09,97.00,92.60,77.18,-0.16,-0.23,-0.15,-0.24
1782330092.495,90.00,44.86,130.26,93.00,130.01,97.04,97.00,16.68,99.39,97.00,92.73,78.27,-0.16,-0.21,-0.15,-0.24
1782330092.608,90.00,42.58,129.44,93.00,134.50,92.89,97.00,14.99,101.82,97.00,92.32,80.41,-0.16,-0.19,-0.15,-0.24
1782330092.721,90.00,42.01,125.67,93.00,139.84,87.78,97.00,16.31,104.60,97.00,96.82,79.80,-0.17,-0.18,-0.15,-0.24
1782330092.834,90.00,40.01,122.60,93.00,140.11,84.10,97.00,14.95,108.55,97.00,99.26,81.20,-0.17,-0.17,-0.14,-0.23
1782330092.945,90.00,35.54,120.86,93.00,139.51,80.15,97.00,15.15,112.96,97.00,97.86,85.62,-0.16,-0.17,-0.13,-0.24
1782330093.058,90.00,32.78,117.21,93.00,138.02,76.11,97.00,16.92,117.73,97.00,99.80,88.04,-0.16,-0.17,-0.13,-0.24
1782330093.169,90.00,31.11,112.81,93.00,135.04,72.60,97.00,19.40,122.76,97.00,103.39,89.63,-0.16,-0.17,-0.12,-0.24
1782330093.283,90.00,29.12,108.77,93.00,132.37,68.96,97.00,23.88,127.14,97.00,105.83,91.94,-0.17,-0.17,-0.13,-0.24
1782330093.396,90.00,28.04,104.66,93.00,128.52,66.51,97.00,28.26,130.99,97.00,108.94,93.75,-0.17,-0.17,-0.13,-0.23
1782330093.508,90.00,24.88,101.83,93.00,124.42,65.03,97.00,32.85,133.67,97.00,108.17,97.42,-0.17,-0.18,-0.14,-0.24
1782330093.620,90.00,24.08,98.69,93.00,120.47,64.41,97.00,37.53,134.76,97.00,110.11,99.19,-0.17,-0.18,-0.14,-0.23
1782330093.735,90.00,24.21,95.97,93.00,116.64,64.81,97.00,41.98,134.34,97.00,112.55,100.19,-0.17,-0.19,-0.15,-0.23
1782330093.846,90.00,27.25,93.08,93.00,112.86,66.29,97.00,46.05,132.66,97.00,117.99,99.04,-0.18,-0.20,-0.17,-0.22
1782330093.962,90.00,29.49,91.23,93.00,109.48,68.45,97.00,49.99,129.67,97.00,121.37,98.27,-0.19,-0.21,-0.18,-0.21
1782330094.073,90.00,29.85,90.92,93.00,107.37,70.33,97.00,52.64,126.94,97.00,124.92,96.69,-0.19,-0.21,-0.19,-0.21
1782330094.188,90.00,31.99,90.73,93.00,110.55,68.01,97.00,54.56,123.95,97.00,135.68,91.45,-0.19,-0.21,-0.20,-0.18
1782330094.299,90.00,25.32,94.78,93.00,111.18,69.23,97.00,53.29,123.30,97.00,136.08,89.77,-0.17,-0.21,-0.20,-0.18
1782330094.413,90.00,21.90,98.18,93.00,111.74,71.38,97.00,51.10,122.53,97.00,137.94,86.78,-0.16,-0.21,-0.19,-0.17
1782330094.526,90.00,19.63,101.94,93.00,113.80,72.93,97.00,49.54,120.27,97.00,138.87,83.34,-0.15,-0.21,-0.19,-0.17
1782330094.638,90.00,19.19,105.95,93.00,115.98,75.05,97.00,47.57,117.70,97.00,139.32,79.35,-0.15,-0.21,-0.19,-0.16
1782330094.750,90.00,21.28,109.94,93.00,118.31,77.53,97.00,45.45,114.77,97.00,139.86,74.67,-0.15,-0.21,-0.19,-0.15
1782330094.865,90.00,22.96,114.50,93.00,119.89,80.86,97.00,42.60,112.08,97.00,137.65,70.46,-0.14,-0.21,-0.19,-0.15
1782330094.977,90.00,26.55,118.53,93.00,121.62,84.13,97.00,40.05,109.02,97.00,135.32,66.05,-0.14,-0.21,-0.19,-0.15
1782330095.091,90.00,30.94,121.84,93.00,124.72,86.45,97.00,39.11,105.06,97.00,132.31,62.00,-0.15,-0.21,-0.20,-0.15
1782330095.204,90.00,32.33,126.80,93.00,124.89,90.34,97.00,35.93,102.67,97.00,125.34,61.48,-0.14,-0.21,-0.19,-0.16
1782330095.317,90.00,35.71,129.74,93.00,127.92,92.16,97.00,35.98,98.99,97.00,119.98,61.14,-0.14,-0.21,-0.20,-0.17
1782330095.429,90.00,41.07,129.39,93.00,128.16,94.98,97.00,34.03,96.89,97.00,116.94,59.80,-0.16,-0.21,-0.19,-0.18
1782330095.541,90.00,45.94,127.85,93.00,127.09,97.80,97.00,31.49,95.65,97.00,113.72,59.79,-0.17,-0.21,-0.19,-0.18
1782330095.659,90.00,48.15,127.83,93.00,125.25,100.24,97.00,28.90,95.09,97.00,107.99,63.67,-0.17,-0.22,-0.18,-0.20
1782330095.770,90.00,57.24,119.01,93.00,132.04,97.66,97.00,34.65,91.93,97.00,110.04,60.46,-0.20,-0.20,-0.20,-0.19
1782330095.876,90.00,53.09,123.41,93.00,127.51,99.84,97.00,26.90,95.03,97.00,102.96,67.78,-0.19,-0.21,-0.18,-0.21
1782330095.988,90.00,54.97,120.39,93.00,134.94,95.62,97.00,25.59,96.25,97.00,106.13,65.56,-0.20,-0.19,-0.18,-0.20
1782330096.100,90.00,53.73,119.62,93.00,137.68,92.89,97.00,21.42,99.11,97.00,106.89,66.75,-0.20,-0.19,-0.16,-0.20
1782330096.211,90.00,48.95,121.33,93.00,143.39,88.37,97.00,21.97,101.42,97.00,104.50,71.70,-0.19,-0.17,-0.16,-0.22
1782330096.322,90.00,41.10,124.71,93.00,138.64,86.98,97.00,14.20,106.26,97.00,97.42,80.52,-0.17,-0.18,-0.14,-0.24
1782330096.433,90.00,38.17,122.15,93.00,144.15,81.02,97.00,19.06,109.38,97.00,98.48,83.07,-0.16,-0.16,-0.15,-0.24
1782330096.544,90.00,35.96,118.45,93.00,138.71,78.75,97.00,15.32,114.82,97.00,101.20,84.86,-0.17,-0.17,-0.13,-0.24
1782330096.655,90.00,36.17,112.99,93.00,140.50,72.94,97.00,21.28,118.61,97.00,107.46,84.54,-0.17,-0.16,-0.14,-0.23
1782330096.767,90.00,34.06,109.21,93.00,136.51,69.66,97.00,23.40,123.56,97.00,109.81,87.07,-0.18,-0.16,-0.13,-0.23
1782330096.877,90.00,30.93,106.09,93.00,132.14,67.04,97.00,26.64,128.08,97.00,110.32,90.68,-0.17,-0.16,-0.13,-0.23
1782330096.989,90.00,31.48,101.53,93.00,129.87,63.38,97.00,32.65,130.10,97.00,115.02,91.54,-0.18,-0.16,-0.14,-0.22
1782330097.101,90.00,26.11,100.00,93.00,123.85,63.78,97.00,35.47,133.49,97.00,111.27,96.91,-0.17,-0.18,-0.14,-0.23
1782330097.212,90.00,27.40,96.42,93.00,120.49,62.93,97.00,40.53,133.40,97.00,115.61,97.24,-0.18,-0.18,-0.15,-0.22
1782330097.323,90.00,30.43,92.91,93.00,116.50,63.88,97.00,44.67,132.58,97.00,121.03,96.51,-0.19,-0.19,-0.16,-0.21
1782330097.434,90.00,25.74,93.10,93.00,111.63,66.94,97.00,47.67,131.55,97.00,116.42,100.29,-0.18,-0.20,-0.17,-0.22
1782330097.545,90.00,26.52,92.14,93.00,106.16,71.49,97.00,49.87,130.06,97.00,117.92,100.17,-0.18,-0.22,-0.18,-0.22
1782330097.657,90.00,23.97,93.12,93.00,85.84,84.62,97.00,42.36,139.19,97.00,121.96,97.98,-0.17,-0.26,-0.15,-0.21
1782330097.769,90.00,20.57,95.07,93.00,82.39,84.71,97.00,40.74,139.34,97.00,126.84,94.65,-0.16,-0.26,-0.14,-0.20
1782330097.880,90.00,13.50,98.19,93.00,90.65,85.33,97.00,40.83,135.72,97.00,126.10,93.23,-0.14,-0.25,-0.15,-0.20
1782330097.993,90.00,13.22,100.95,93.00,96.74,84.33,97.00,40.52,131.68,97.00,130.67,88.54,-0.14,-0.24,-0.16,-0.19
1782330098.104,90.00,22.90,102.45,93.00,92.25,88.82,97.00,35.77,131.10,97.00,142.77,80.80,-0.16,-0.25,-0.15,-0.15
1782330098.216,90.00,19.24,107.62,93.00,87.80,90.96,97.00,31.20,128.95,97.00,139.07,77.79,-0.14,-0.26,-0.14,-0.16
1782330098.327,90.00,19.95,112.25,93.00,102.89,89.99,97.00,32.99,121.88,97.00,137.31,73.76,-0.14,-0.24,-0.16,-0.16
1782330098.439,90.00,23.15,116.55,93.00,99.82,94.84,97.00,27.81,119.30,97.00,135.78,69.24,-0.14,-0.25,-0.15,-0.15
1782330098.551,90.00,24.40,121.87,93.00,98.05,98.24,97.00,23.68,115.74,97.00,130.42,66.72,-0.13,-0.25,-0.15,-0.16
1782330098.663,90.00,27.27,126.56,93.00,104.59,99.35,97.00,23.43,110.90,97.00,125.32,64.81,-0.13,-0.25,-0.15,-0.17
1782330098.775,90.00,30.75,130.45,93.00,101.64,102.81,97.00,19.51,107.70,97.00,120.05,64.01,-0.13,-0.25,-0.15,-0.18
1782330098.886,90.00,36.06,131.54,93.00,105.83,104.26,97.00,19.31,104.04,97.00,116.78,62.46,-0.14,-0.25,-0.15,-0.18
1782330099.000,90.00,39.52,132.84,93.00,104.03,106.46,97.00,16.98,101.54,97.00,111.51,63.92,-0.15,-0.25,-0.15,-0.19
1782330099.113,90.00,43.71,131.59,93.00,105.10,107.68,97.00,16.41,99.45,97.00,107.69,65.11,-0.16,-0.25,-0.15,-0.20
1782330099.225,90.00,47.52,129.19,93.00,106.47,108.37,97.00,16.40,98.11,97.00,103.94,67.28,-0.17,-0.25,-0.15,-0.21
1782330099.336,90.00,50.13,126.83,93.00,107.88,108.44,97.00,16.85,97.58,97.00,99.05,71.40,-0.18,-0.25,-0.16,-0.22
1782330099.448,90.00,50.84,125.41,93.00,110.22,107.53,97.00,9.71,98.64,97.00,100.56,70.46,-0.18,-0.24,-0.14,-0.22
1782330099.559,90.00,49.81,124.74,93.00,117.01,103.67,97.00,6.22,99.85,97.00,101.07,71.37,-0.18,-0.23,-0.13,-0.22
1782330099.671,90.00,46.70,125.12,93.00,132.43,93.93,97.00,13.17,101.94,97.00,99.76,74.69,-0.18,-0.20,-0.14,-0.23
1782330099.781,90.00,44.29,123.58,93.00,141.52,87.25,97.00,18.08,104.17,97.00,100.50,76.88,-0.17,-0.17,-0.15,-0.23
1782330099.893,90.00,41.84,121.16,93.00,136.06,86.00,97.00,10.83,108.79,97.00,102.03,79.02,-0.17,-0.18,-0.13,-0.23
1782330100.005,90.00,36.09,120.62,93.00,137.37,81.27,97.00,12.88,113.09,97.00,98.67,85.00,-0.16,-0.17,-0.12,-0.24
1782330100.116,90.00,36.32,115.07,93.00,135.19,77.74,97.00,13.89,118.08,97.00,105.33,84.32,-0.17,-0.17,-0.12,-0.23
1782330100.228,90.00,34.55,111.00,93.00,132.58,74.26,97.00,16.77,123.30,97.00,108.34,86.33,-0.17,-0.18,-0.12,-0.23
1782330100.339,90.00,31.26,107.88,93.00,130.79,70.23,97.00,22.14,127.76,97.00,108.83,90.01,-0.17,-0.17,-0.12,-0.23
1782330100.450,90.00,31.30,103.33,93.00,127.32,67.64,97.00,26.94,131.68,97.00,113.25,91.09,-0.18,-0.18,-0.13,-0.22
1782330100.561,90.00,29.68,100.08,93.00,124.21,65.36,97.00,32.42,133.86,97.00,114.73,93.70,-0.18,-0.18,-0.13,-0.22
1782330100.673,90.00,29.25,96.90,93.00,119.87,65.12,97.00,36.80,135.37,97.00,116.98,95.43,-0.18,-0.19,-0.14,-0.22
1782330100.784,90.00,29.69,94.08,93.00,116.88,64.65,97.00,41.94,134.26,97.00,119.54,96.47,-0.18,-0.19,-0.15,-0.22
1782330100.895,90.00,32.68,90.98,93.00,113.20,66.00,97.00,46.11,132.53,97.00,124.20,95.86,-0.19,-0.20,-0.17,-0.21
1782330101.007,90.00,34.89,88.97,93.00,110.86,67.09,97.00,50.91,128.60,97.00,127.18,95.45,-0.20,-0.20,-0.18,-0.20
1782330101.118,90.00,34.04,89.17,93.00,108.63,69.09,97.00,53.68,125.81,97.00,128.99,94.82,-0.20,-0.21,-0.19,-0.20
1782330101.230,90.00,30.26,91.40,93.00,109.13,69.37,97.00,53.33,125.29,97.00,133.74,92.20,-0.19,-0.21,-0.19,-0.19
1782330101.343,90.00,27.63,93.91,93.00,110.31,70.00,97.00,52.58,124.10,97.00,138.19,89.12,-0.18,-0.21,-0.19,-0.17
1782330101.456,90.00,24.80,97.22,93.00,112.41,70.67,97.00,51.80,121.96,97.00,140.70,86.02,-0.17,-0.21,-0.19,-0.16
1782330101.569,90.00,22.22,101.14,93.00,114.01,72.63,97.00,49.84,120.12,97.00,141.40,82.69,-0.16,-0.21,-0.19,-0.16
1782330101.681,90.00,21.83,105.10,93.00,115.69,75.16,97.00,47.43,117.96,97.00,141.96,78.67,-0.15,-0.21,-0.19,-0.15
1782330101.793,90.00,21.77,109.63,93.00,117.96,77.66,97.00,45.27,115.06,97.00,140.43,74.63,-0.15,-0.21,-0.19,-0.15
1782330101.906,90.00,23.49,114.13,93.00,120.07,80.58,97.00,42.90,112.02,97.00,138.33,70.34,-0.14,-0.21,-0.19,-0.15
1782330102.020,90.00,26.42,118.41,93.00,121.33,84.18,97.00,39.91,109.25,97.00,135.41,66.18,-0.14,-0.21,-0.19,-0.15
1782330102.132,90.00,31.04,121.58,93.00,125.13,86.07,97.00,39.61,104.90,97.00,132.66,61.96,-0.15,-0.21,-0.20,-0.15
1782330102.245,90.00,32.42,126.54,93.00,125.17,90.05,97.00,36.29,102.61,97.00,125.71,61.35,-0.14,-0.21,-0.19,-0.16
1782330102.358,90.00,37.79,127.60,93.00,127.78,92.12,97.00,35.94,99.12,97.00,122.53,58.91,-0.15,-0.21,-0.20,-0.16
1782330102.470,90.00,41.93,128.34,93.00,127.59,95.19,97.00,33.56,97.19,97.00,118.15,58.69,-0.16,-0.21,-0.19,-0.17
1782330102.582,90.00,42.16,132.09,93.00,126.27,98.16,97.00,30.80,96.00,97.00,109.46,64.30,-0.15,-0.21,-0.19,-0.20
1782330102.694,90.00,46.94,129.18,93.00,125.35,100.16,97.00,29.01,95.08,97.00,106.75,65.00,-0.17,-0.22,-0.19,-0.20
1782330102.807,90.00,50.73,126.02,93.00,125.75,100.70,97.00,28.88,94.33,97.00,103.32,67.46,-0.18,-0.22,-0.19,-0.21
1782330102.920,90.00,51.64,124.91,93.00,129.49,98.81,97.00,27.22,94.99,97.00,101.23,69.53,-0.18,-0.21,-0.18,-0.22
1782330103.031,90.00,48.81,126.76,93.00,134.66,95.53,97.00,24.08,96.94,97.00,98.60,72.91,-0.18,-0.20,-0.17,-0.23
1782330103.143,90.00,45.92,127.38,93.00,135.89,93.29,97.00,18.72,100.11,97.00,96.84,76.14,-0.17,-0.19,-0.16,-0.23
1782330103.255,90.00,42.41,127.29,93.00,141.49,88.54,97.00,19.42,102.56,97.00,95.03,79.87,-0.16,-0.17,-0.16,-0.24
1782330103.368,90.00,38.13,126.62,93.00,142.69,84.82,97.00,17.98,106.26,97.00,92.49,84.22,-0.16,-0.17,-0.15,-0.25
1782330103.481,90.00,38.42,121.06,93.00,140.62,81.64,97.00,15.61,110.82,97.00,99.99,82.61,-0.17,-0.17,-0.14,-0.24
1782330103.593,90.00,33.57,119.18,93.00,142.32,76.37,97.00,19.52,114.74,97.00,98.10,87.43,-0.16,-0.16,-0.14,-0.24
1782330103.705,90.00,30.19,115.72,93.00,137.52,73.56,97.00,19.19,120.22,97.00,98.85,90.58,-0.16,-0.16,-0.13,-0.24
1782330103.818,90.00,28.68,111.21,93.00,137.24,68.30,97.00,25.30,123.69,97.00,102.63,92.12,-0.16,-0.16,-0.14,-0.24
1782330103.933,90.00,27.27,106.99,93.00,131.28,66.75,97.00,27.18,128.83,97.00,105.74,93.99,-0.16,-0.17,-0.13,-0.24
1782330104.045,90.00,22.03,104.52,93.00,126.56,65.32,97.00,31.04,132.43,97.00,101.46,99.21,-0.16,-0.17,-0.13,-0.25
1782330104.158,90.00,20.27,101.23,93.00,124.52,62.37,97.00,37.43,132.51,97.00,102.32,101.52,-0.16,-0.17,-0.15,-0.25
1782330104.271,90.00,16.81,98.90,93.00,117.97,64.87,97.00,39.73,135.04,97.00,98.22,104.31,-0.15,-0.19,-0.15,-0.25
1782330104.383,90.00,16.75,96.62,93.00,114.61,65.44,97.00,44.33,133.50,97.00,100.66,105.49,-0.15,-0.20,-0.16,-0.25
1782330104.495,90.00,14.20,95.53,93.00,110.42,67.94,97.00,47.84,131.64,97.00,95.29,105.54,-0.15,-0.21,-0.17,-0.25
1782330104.607,90.00,12.54,95.10,93.00,106.43,71.20,97.00,51.08,128.73,97.00,88.72,99.26,-0.14,-0.22,-0.18,-0.26
1782330104.720,90.00,6.83,95.48,93.00,104.38,73.44,97.00,50.13,129.36,97.00,96.29,106.04,-0.13,-0.22,-0.18,-0.25
1782330104.833,90.00,1.76,96.09,93.00,104.39,74.66,97.00,48.87,129.07,97.00,103.70,105.20,-0.12,-0.22,-0.18,-0.25
1782330104.945,90.00,0.00,102.07,93.00,102.75,78.05,97.00,45.77,129.55,97.00,105.64,103.06,-0.10,-0.23,-0.17,-0.24
1782330105.056,90.00,0.00,107.92,93.00,104.86,79.02,97.00,44.27,127.14,97.00,108.65,99.52,-0.09,-0.23,-0.17,-0.24
1782330105.169,90.00,0.00,113.37,93.00,106.91,80.68,97.00,42.21,124.44,97.00,109.63,96.16,-0.08,-0.23,-0.17,-0.23
1782330105.282,90.00,0.00,117.19,93.00,109.84,82.18,97.00,40.42,120.92,97.00,110.38,92.35,-0.07,-0.23,-0.18,-0.23
1782330105.394,90.00,0.00,121.58,93.00,115.08,82.40,97.00,40.34,115.90,97.00,107.70,90.22,-0.06,-0.22,-0.18,-0.23
1782330105.506,90.00,0.00,127.45,93.00,116.60,85.61,97.00,37.52,112.79,97.00,99.11,91.47,-0.05,-0.22,-0.18,-0.24
1782330105.618,90.00,0.00,127.43,93.00,118.83,88.33,97.00,35.52,109.16,97.00,97.53,88.78,-0.05,-0.22,-0.18,-0.24
1782330105.731,90.00,7.42,134.42,93.00,122.93,89.78,97.00,35.58,104.68,97.00,96.05,86.17,-0.06,-0.21,-0.19,-0.24
1782330105.842,90.00,15.08,143.70,93.00,123.82,92.94,97.00,33.40,101.84,97.00,87.30,87.20,-0.06,-0.21,-0.19,-0.25
1782330105.955,90.00,22.27,150.18,93.00,125.25,95.29,97.00,32.28,98.98,97.00,76.24,83.31,-0.06,-0.21,-0.19,-0.26
1782330106.067,90.00,27.33,154.41,93.00,127.21,96.81,97.00,32.22,96.30,97.00,71.80,78.09,-0.07,-0.21,-0.19,-0.26
1782330106.181,90.00,30.90,155.21,93.00,128.09,98.23,97.00,31.78,94.55,97.00,71.17,77.33,-0.08,-0.21,-0.19,-0.26
1782330106.295,90.00,33.02,154.61,93.00,128.39,99.17,97.00,31.35,93.59,97.00,70.95,77.05,-0.08,-0.21,-0.19,-0.26
1782330106.407,90.00,33.91,152.97,93.00,130.30,98.54,97.00,31.59,93.19,97.00,71.02,77.14,-0.09,-0.21,-0.19,-0.26
1782330106.518,90.00,33.52,151.07,93.00,134.53,96.06,97.00,27.12,95.46,97.00,71.17,77.33,-0.09,-0.20,-0.18,-0.26
1782330106.630,90.00,33.19,146.08,93.00,138.07,93.20,97.00,23.34,98.09,97.00,71.54,77.78,-0.10,-0.19,-0.17,-0.26
1782330106.741,90.00,32.71,140.52,93.00,142.21,89.45,97.00,21.87,100.77,97.00,72.24,78.63,-0.12,-0.17,-0.16,-0.26
1782330106.853,90.00,33.02,133.88,93.00,144.38,85.72,97.00,20.49,104.18,97.00,73.24,79.86,-0.13,-0.16,-0.16,-0.26
1782330106.965,90.00,33.17,127.68,93.00,146.41,81.34,97.00,21.27,107.75,97.00,83.30,88.15,-0.14,-0.15,-0.15,-0.26
1782330107.077,90.00,25.63,126.74,93.00,144.47,77.55,97.00,20.49,112.43,97.00,76.28,83.61,-0.13,-0.15,-0.14,-0.26
1782330107.195,90.00,25.31,120.66,93.00,140.72,74.12,97.00,20.27,117.58,97.00,78.10,85.86,-0.14,-0.16,-0.14,-0.26
1782330107.306,90.00,21.88,116.32,93.00,139.85,69.17,97.00,25.04,121.36,97.00,79.92,88.12,-0.14,-0.15,-0.14,-0.26
1782330107.417,90.00,19.98,111.60,93.00,135.60,66.02,97.00,28.03,125.73,97.00,83.67,92.83,-0.14,-0.16,-0.14,-0.26
1782330107.528,90.00,14.05,108.03,93.00,128.37,65.92,97.00,29.24,131.17,97.00,83.24,92.29,-0.13,-0.17,-0.13,-0.26
1782330107.639,90.00,14.98,103.77,93.00,127.38,61.67,97.00,36.61,131.04,97.00,85.02,94.54,-0.14,-0.17,-0.15,-0.26
1782330107.755,90.00,12.69,100.61,93.00,121.57,62.79,97.00,39.51,133.33,97.00,86.27,96.13,-0.14,-0.18,-0.15,-0.26
1782330107.867,90.00,11.14,98.07,93.00,116.84,64.21,97.00,43.14,133.51,97.00,87.26,97.39,-0.14,-0.19,-0.16,-0.26
1782330107.978,90.00,12.44,96.19,93.00,110.00,68.94,97.00,44.83,134.44,97.00,88.22,98.61,-0.14,-0.21,-0.16,-0.26
1782330108.090,90.00,9.35,95.36,93.00,102.42,74.98,97.00,46.07,134.48,97.00,88.28,98.70,-0.14,-0.23,-0.16,-0.26
1782330108.201,90.00,12.31,95.20,93.00,87.85,84.17,97.00,42.96,138.61,97.00,101.26,106.64,-0.14,-0.25,-0.15,-0.25
1782330108.312,90.00,8.39,96.13,93.00,89.96,84.03,97.00,42.75,137.34,97.00,109.22,103.63,-0.13,-0.25,-0.15,-0.24
1782330108.424,90.00,5.17,97.65,93.00,99.19,79.95,97.00,44.76,132.08,97.00,114.81,99.52,-0.12,-0.24,-0.16,-0.23
1782330108.536,90.00,5.68,100.23,93.00,100.36,81.31,97.00,42.92,130.29,97.00,121.83,93.59,-0.12,-0.24,-0.16,-0.21
1782330108.647,90.00,10.37,103.70,93.00,100.52,83.98,97.00,39.96,128.56,97.00,129.93,86.48,-0.13,-0.24,-0.16,-0.19
1782330108.759,90.00,11.18,107.73,93.00,104.37,84.61,97.00,38.51,124.64,97.00,131.40,82.02,-0.12,-0.24,-0.17,-0.18
1782330108.870,90.00,10.73,112.51,93.00,105.83,87.27,97.00,35.56,121.49,97.00,129.14,78.83,-0.12,-0.24,-0.16,-0.18
1782330108.982,90.00,16.64,117.16,93.00,106.36,90.69,97.00,32.04,118.33,97.00,130.65,73.20,-0.12,-0.24,-0.16,-0.17
1782330109.093,90.00,17.67,122.92,93.00,111.62,91.28,97.00,31.63,113.33,97.00,125.29,71.38,-0.11,-0.23,-0.17,-0.18
1782330109.206,90.00,24.42,126.63,93.00,113.91,93.70,97.00,29.78,109.44,97.00,124.36,66.85,-0.12,-0.23,-0.17,-0.17
1782330109.318,90.00,26.53,132.09,93.00,110.66,98.95,97.00,24.71,107.15,97.00,117.34,67.53,-0.12,-0.24,-0.16,-0.19
1782330109.430,90.00,31.28,134.84,93.00,97.47,103.68,97.00,16.60,105.45,97.00,113.04,66.98,-0.12,-0.26,-0.15,-0.19
1782330109.541,90.00,35.74,136.02,93.00,126.29,96.31,97.00,32.08,97.40,97.00,108.67,67.47,-0.13,-0.21,-0.19,-0.20
1782330109.652,90.00,38.12,137.82,93.00,111.95,105.53,97.00,20.09,99.19,97.00,101.33,71.70,-0.13,-0.24,-0.16,-0.22
1782330109.763,90.00,41.04,137.02,93.00,115.27,105.33,97.00,21.34,97.34,97.00,95.26,75.36,-0.14,-0.24,-0.17,-0.23
1782330109.876,90.00,43.71,134.70,93.00,117.77,104.73,97.00,22.67,96.32,97.00,89.07,79.23,-0.15,-0.23,-0.17,-0.24
1782330109.987,90.00,44.31,133.54,93.00,122.84,102.03,97.00,20.22,97.14,97.00,87.74,80.19,-0.16,-0.22,-0.16,-0.25
1782330110.098,90.00,44.29,131.70,93.00,131.54,96.73,97.00,19.98,98.28,97.00,90.41,79.46,-0.16,-0.20,-0.16,-0.24
1782330110.210,90.00,43.71,129.24,93.00,137.51,92.24,97.00,19.34,100.36,97.00,93.35,79.12,-0.16,-0.19,-0.16,-0.24
1782330110.322,90.00,41.96,127.00,93.00,139.89,88.64,97.00,17.23,103.53,97.00,95.11,80.25,-0.16,-0.18,-0.15,-0.24
1782330110.526,90.00,38.50,125.39,93.00,140.98,84.83,97.00,16.04,107.26,97.00,94.55,83.48,-0.16,-0.17,-0.14,-0.24
1782330110.638,90.00,34.94,122.88,93.00,141.91,80.39,97.00,17.12,111.30,97.00,94.53,86.63,-0.16,-0.16,-0.14,-0.25
1782330110.747,90.00,29.50,120.83,93.00,142.18,75.60,97.00,19.98,115.47,97.00,90.21,91.39,-0.15,-0.16,-0.14,-0.25
1782330110.860,90.00,29.43,115.21,93.00,138.43,72.18,97.00,21.07,120.57,97.00,98.58,91.31,-0.16,-0.16,-0.13,-0.25
1782330110.972,90.00,22.82,112.83,93.00,133.66,69.61,97.00,23.02,125.79,97.00,90.97,96.46,-0.15,-0.17,-0.13,-0.26
1782330111.083,90.00,23.26,107.75,93.00,134.46,63.47,97.00,31.57,126.94,97.00,99.50,97.52,-0.15,-0.15,-0.15,-0.25
1782330111.194,90.00,14.78,105.43,93.00,121.90,68.56,97.00,28.55,135.55,97.00,84.31,93.64,-0.14,-0.19,-0.12,-0.26
1782330111.307,90.00,14.51,101.75,93.00,123.64,62.48,97.00,38.01,132.81,97.00,85.87,95.62,-0.14,-0.17,-0.15,-0.26
1782330111.420,90.00,14.47,98.80,93.00,117.10,65.19,97.00,40.29,135.14,97.00,90.95,101.77,-0.14,-0.19,-0.15,-0.26
1782330111.537,90.00,11.03,96.92,93.00,112.81,66.89,97.00,44.11,134.25,97.00,87.76,98.03,-0.14,-0.20,-0.16,-0.26
1782330111.651,90.00,10.70,95.62,93.00,107.78,70.37,97.00,46.97,132.91,97.00,88.31,98.73,-0.14,-0.21,-0.17,-0.26
1782330111.763,90.00,9.43,95.22,93.00,103.98,73.46,97.00,50.21,129.74,97.00,88.37,98.82,-0.14,-0.22,-0.18,-0.26
1782330111.875,90.00,6.84,95.62,93.00,79.78,83.09,97.00,41.13,140.39,97.00,100.14,106.49,-0.13,-0.26,-0.14,-0.25
1782330111.988,90.00,6.27,96.93,93.00,76.01,79.12,97.00,38.50,141.27,97.00,112.51,101.37,-0.13,-0.26,-0.13,-0.23
1782330112.102,90.00,4.65,98.98,93.00,92.97,84.93,97.00,40.82,134.35,97.00,118.40,96.43,-0.12,-0.25,-0.15,-0.22
1782330112.217,90.00,9.68,102.24,93.00,96.91,85.08,97.00,39.60,130.99,97.00,128.22,88.66,-0.13,-0.25,-0.16,-0.19
1782330112.330,90.00,3.34,105.52,93.00,99.10,86.64,97.00,37.28,127.91,97.00,123.84,87.51,-0.11,-0.24,-0.16,-0.20
1782330112.445,90.00,11.58,110.41,93.00,100.36,89.13,97.00,34.24,124.75,97.00,131.02,79.73,-0.12,-0.25,-0.16,-0.18
1782330112.557,90.00,13.72,115.35,93.00,101.27,92.03,97.00,30.91,121.30,97.00,129.82,75.72,-0.12,-0.25,-0.15,-0.18
1782330112.670,90.00,15.71,120.81,93.00,105.43,93.38,97.00,29.34,116.69,97.00,126.22,72.89,-0.11,-0.24,-0.16,-0.18
1782330112.783,90.00,19.40,126.17,93.00,104.33,97.36,97.00,25.34,113.37,97.00,122.45,70.40,-0.11,-0.25,-0.15,-0.18
1782330112.895,90.00,24.01,130.85,93.00,108.04,98.92,97.00,24.30,109.07,97.00,118.43,68.58,-0.11,-0.24,-0.16,-0.19
1782330113.007,90.00,27.77,135.26,93.00,109.69,101.16,97.00,22.70,105.50,97.00,112.67,69.02,-0.11,-0.24,-0.16,-0.20
1782330113.119,90.00,32.77,137.03,93.00,110.06,103.57,97.00,20.92,102.57,97.00,108.69,68.82,-0.12,-0.24,-0.16,-0.21
1782330113.232,90.00,37.89,136.32,93.00,111.15,105.17,97.00,20.08,100.08,97.00,105.66,68.65,-0.14,-0.24,-0.16,-0.21
1782330113.345,90.00,41.34,135.55,93.00,110.97,106.67,97.00,19.02,98.42,97.00,100.66,71.25,-0.15,-0.24,-0.16,-0.22
1782330113.457,90.00,44.62,133.19,93.00,110.98,107.45,97.00,18.52,97.48,97.00,96.02,74.25,-0.16,-0.24,-0.16,-0.23
1782330113.572,90.00,46.95,130.55,93.00,112.85,106.89,97.00,16.78,97.63,97.00,93.46,76.16,-0.17,-0.24,-0.15,-0.24
1782330113.685,90.00,46.79,129.58,93.00,120.87,102.57,97.00,14.06,98.73,97.00,94.58,75.96,-0.17,-0.23,-0.15,-0.23
1782330113.798,90.00,46.00,128.06,93.00,130.89,96.08,97.00,15.51,100.14,97.00,96.06,76.27,-0.17,-0.20,-0.15,-0.23
1782330113.910,90.00,44.43,126.23,93.00,133.50,92.57,97.00,12.60,102.90,97.00,97.50,77.38,-0.17,-0.20,-0.14,-0.23
1782330114.023,90.00,41.50,124.72,93.00,138.89,87.15,97.00,14.61,105.92,97.00,97.66,80.10,-0.17,-0.18,-0.14,-0.24
1782330114.136,90.00,35.93,124.44,93.00,142.14,82.08,97.00,16.99,109.48,97.00,93.38,85.94,-0.16,-0.17,-0.14,-0.25
1782330114.248,90.00,36.45,118.52,93.00,138.83,79.07,97.00,15.20,114.44,97.00,101.51,84.35,-0.17,-0.17,-0.13,-0.24
1782330114.360,90.00,31.47,116.33,93.00,138.87,74.14,97.00,19.23,118.81,97.00,99.53,89.31,-0.16,-0.16,-0.13,-0.24
1782330114.473,90.00,30.00,111.82,93.00,134.61,71.24,97.00,21.00,124.05,97.00,103.38,90.78,-0.16,-0.17,-0.13,-0.24
1782330114.586,90.00,28.01,107.82,93.00,130.98,68.31,97.00,24.93,128.55,97.00,105.67,93.15,-0.16,-0.17,-0.13,-0.24
1782330114.698,90.00,26.47,104.01,93.00,127.53,65.74,97.00,29.87,131.78,97.00,107.91,95.37,-0.17,-0.17,-0.13,-0.24
1782330114.810,90.00,24.91,100.71,93.00,123.02,64.91,97.00,34.13,134.31,97.00,109.27,97.74,-0.17,-0.18,-0.14,-0.23
1782330114.922,90.00,25.61,97.29,93.00,119.18,64.54,97.00,38.82,134.89,97.00,113.05,98.41,-0.17,-0.19,-0.15,-0.23
1782330115.036,90.00,25.38,94.94,93.00,115.27,65.36,97.00,43.09,134.15,97.00,114.67,99.67,-0.17,-0.19,-0.16,-0.23
1782330115.149,90.00,23.49,93.90,93.00,111.52,67.17,97.00,47.05,132.13,97.00,113.33,101.76,-0.17,-0.20,-0.17,-0.23
1782330115.261,90.00,25.09,92.63,93.00,108.10,69.66,97.00,50.83,128.93,97.00,116.07,101.07,-0.18,-0.21,-0.18,-0.23
1782330115.372,90.00,25.10,92.72,93.00,103.77,73.82,97.00,49.89,129.87,97.00,122.51,97.75,-0.18,-0.22,-0.18,-0.21
1782330115.485,90.00,16.99,95.70,93.00,79.49,83.00,97.00,40.47,139.93,97.00,122.16,97.03,-0.15,-0.26,-0.14,-0.21
1782330115.598,90.00,14.35,97.92,93.00,81.65,84.91,97.00,39.06,138.19,97.00,126.52,93.19,-0.15,-0.26,-0.14,-0.20
1782330115.710,90.00,12.50,100.77,93.00,81.48,85.39,97.00,36.68,136.14,97.00,129.64,89.24,-0.14,-0.26,-0.14,-0.19
1782330115.822,90.00,16.53,103.70,93.00,97.03,86.59,97.00,37.79,129.70,97.00,136.31,83.16,-0.14,-0.25,-0.15,-0.17
1782330115.934,90.00,17.26,107.71,93.00,92.23,91.04,97.00,32.61,128.38,97.00,137.20,78.82,-0.14,-0.26,-0.15,-0.16
1782330116.047,90.00,17.17,112.55,93.00,95.05,93.08,97.00,29.90,124.32,97.00,134.85,75.22,-0.13,-0.25,-0.15,-0.16
1782330116.158,90.00,19.47,117.38,93.00,92.03,95.53,97.00,25.41,120.92,97.00,132.55,71.30,-0.13,-0.26,-0.14,-0.16
1782330116.272,90.00,22.37,122.30,93.00,109.32,93.32,97.00,29.54,113.56,97.00,128.92,68.11,-0.13,-0.24,-0.16,-0.17
1782330116.384,90.00,27.29,126.03,93.00,101.14,100.18,97.00,22.08,111.72,97.00,126.03,64.70,-0.13,-0.25,-0.15,-0.17
1782330116.498,90.00,31.79,129.09,93.00,100.42,102.73,97.00,19.22,108.10,97.00,122.00,62.71,-0.14,-0.25,-0.15,-0.17
1782330116.614,90.00,36.23,130.94,93.00,108.28,103.28,97.00,20.70,103.97,97.00,117.74,61.89,-0.14,-0.24,-0.16,-0.18
1782330116.727,90.00,38.51,133.63,93.00,106.82,105.85,97.00,18.33,101.49,97.00,110.94,64.74,-0.14,-0.25,-0.15,-0.19
1782330116.839,90.00,42.16,133.24,93.00,108.82,106.86,97.00,18.21,99.27,97.00,106.25,66.71,-0.15,-0.25,-0.16,-0.21
1782330116.952,90.00,46.33,130.51,93.00,93.36,100.80,97.00,11.61,98.69,97.00,102.95,68.32,-0.16,-0.26,-0.14,-0.21
1782330117.067,90.00,48.69,128.51,93.00,114.82,106.10,97.00,20.70,96.80,97.00,97.50,72.78,-0.17,-0.24,-0.16,-0.23
1782330117.183,90.00,44.48,133.11,93.00,121.92,102.39,97.00,18.14,97.70,97.00,88.51,79.84,-0.16,-0.22,-0.16,-0.25
1782330117.295,90.00,47.36,127.67,93.00,129.22,97.60,97.00,16.73,99.19,97.00,97.09,74.71,-0.17,-0.21,-0.15,-0.23
1782330117.405,90.00,47.13,124.94,93.00,134.42,93.19,97.00,15.48,101.47,97.00,100.11,74.20,-0.18,-0.19,-0.15,-0.23
1782330117.516,90.00,44.38,123.85,93.00,137.37,89.15,97.00,14.18,104.54,97.00,100.24,76.85,-0.17,-0.18,-0.14,-0.23
1782330117.628,90.00,42.85,120.66,93.00,138.36,85.27,97.00,13.22,108.30,97.00,103.10,77.90,-0.18,-0.18,-0.13,-0.23
1782330117.741,90.00,39.70,118.27,93.00,139.15,80.80,97.00,14.57,112.52,97.00,104.05,80.94,-0.17,-0.17,-0.13,-0.23
1782330117.853,90.00,37.75,114.50,93.00,137.72,76.81,97.00,16.14,117.29,97.00,106.91,82.88,-0.18,-0.17,-0.13,-0.23
1782330117.964,90.00,33.19,112.21,93.00,132.86,74.49,97.00,16.54,122.88,97.00,105.98,87.57,-0.17,-0.17,-0.12,-0.23
1782330118.076,90.00,34.46,106.55,93.00,132.22,69.66,97.00,22.89,126.90,97.00,112.71,87.23,-0.18,-0.17,-0.13,-0.22
1782330118.187,90.00,31.14,103.74,93.00,128.64,66.99,97.00,27.46,130.81,97.00,112.74,91.11,-0.18,-0.17,-0.13,-0.22
1782330118.299,90.00,31.01,99.79,93.00,124.38,65.59,97.00,31.92,133.80,97.00,116.14,92.62,-0.18,-0.18,-0.13,-0.22
1782330118.409,90.00,29.95,96.85,93.00,121.23,64.11,97.00,37.28,134.43,97.00,117.64,94.85,-0.18,-0.18,-0.14,-0.22
1782330118.526,90.00,28.52,94.72,93.00,117.17,64.59,97.00,41.59,134.35,97.00,118.00,97.12,-0.18,-0.19,-0.15,-0.22
1782330118.638,90.00,33.73,90.64,93.00,114.59,64.72,97.00,46.69,131.66,97.00,125.23,95.24,-0.20,-0.19,-0.17,-0.21
1782330118.750,90.00,34.78,89.08,93.00,110.74,67.27,97.00,50.29,129.23,97.00,127.03,95.46,-0.20,-0.20,-0.18,-0.20
1782330118.860,90.00,33.16,89.53,93.00,108.90,68.81,97.00,53.93,125.56,97.00,127.36,95.57,-0.20,-0.21,-0.19,-0.20
1782330118.972,90.00,30.48,91.23,93.00,109.38,69.03,97.00,53.64,125.07,97.00,133.33,92.45,-0.19,-0.21,-0.19,-0.19
1782330119.084,90.00,27.39,93.85,93.00,110.85,69.29,97.00,53.24,123.61,97.00,137.45,89.51,-0.18,-0.21,-0.19,-0.18
1782330119.196,90.00,25.79,96.67,93.00,112.30,70.52,97.00,51.94,122.08,97.00,141.33,86.06,-0.17,-0.21,-0.20,-0.16
1782330119.307,90.00,21.28,101.13,93.00,113.98,72.36,97.00,50.11,120.19,97.00,140.27,83.29,-0.16,-0.21,-0.19,-0.16
1782330119.418,90.00,22.03,104.71,93.00,116.18,74.40,97.00,48.22,117.65,97.00,142.18,78.94,-0.16,-0.21,-0.20,-0.15
1782330119.529,90.00,21.97,109.19,93.00,117.80,77.43,97.00,45.47,115.29,97.00,140.84,74.88,-0.15,-0.21,-0.19,-0.15
1782330119.641,90.00,22.89,113.93,93.00,120.11,80.19,97.00,43.28,112.13,97.00,138.12,70.85,-0.14,-0.21,-0.19,-0.15
1782330119.753,90.00,25.84,118.24,93.00,121.43,83.77,97.00,40.32,109.37,97.00,135.36,66.66,-0.14,-0.21,-0.19,-0.15
1782330119.864,90.00,30.38,121.54,93.00,124.34,86.22,97.00,39.15,105.52,97.00,132.63,62.45,-0.15,-0.21,-0.20,-0.15
1782330119.975,90.00,33.46,125.26,93.00,125.56,89.52,97.00,36.89,102.60,97.00,127.49,60.36,-0.15,-0.21,-0.19,-0.16
1782330120.086,90.00,39.18,125.89,93.00,127.82,91.84,97.00,36.18,99.27,97.00,124.63,57.35,-0.16,-0.21,-0.20,-0.16
1782330120.197,90.00,42.78,127.11,93.00,130.75,93.36,97.00,36.74,95.89,97.00,119.71,57.42,-0.16,-0.20,-0.20,-0.17
1782330120.308,90.00,49.35,123.81,93.00,130.61,95.82,97.00,34.92,94.35,97.00,117.97,55.48,-0.18,-0.20,-0.20,-0.17
1782330120.419,90.00,48.16,127.61,93.00,131.39,97.08,97.00,34.58,92.85,97.00,108.91,62.89,-0.17,-0.20,-0.20,-0.20
1782330120.531,90.00,51.92,124.63,93.00,129.87,98.64,97.00,32.60,92.87,97.00,105.40,65.41,-0.19,-0.21,-0.19,-0.20
1782330120.642,90.00,54.40,121.94,93.00,131.18,98.03,97.00,29.45,94.13,97.00,104.55,66.26,-0.19,-0.20,-0.19,-0.21
1782330120.759,90.00,56.99,118.19,93.00,135.10,95.45,97.00,25.08,96.52,97.00,108.28,63.50,-0.20,-0.19,-0.18,-0.20
1782330120.870,90.00,56.50,116.66,93.00,139.03,92.17,97.00,22.21,99.09,97.00,109.84,64.03,-0.21,-0.18,-0.17,-0.20
1782330120.981,90.00,51.03,118.98,93.00,136.99,90.55,97.00,15.28,103.09,97.00,107.30,69.43,-0.19,-0.19,-0.15,-0.21
1782330121.093,90.00,44.88,120.78,93.00,144.62,84.46,97.00,20.05,105.49,97.00,103.85,75.82,-0.18,-0.16,-0.15,-0.22
1782330121.205,90.00,40.55,119.73,93.00,140.57,81.99,97.00,15.49,110.48,97.00,102.92,80.19,-0.17,-0.17,-0.14,-0.23
1782330121.315,90.00,41.05,114.25,93.00,142.04,76.87,97.00,18.98,114.49,97.00,109.05,79.57,-0.18,-0.16,-0.14,-0.22
1782330121.427,90.00,37.20,111.86,93.00,139.81,72.80,97.00,21.05,119.18,97.00,109.32,83.62,-0.18,-0.16,-0.14,-0.22
1782330121.539,90.00,35.35,108.03,93.00,135.10,70.04,97.00,22.64,124.43,97.00,111.91,86.04,-0.18,-0.16,-0.13,-0.22
1782330121.650,90.00,33.65,104.31,93.00,132.38,66.38,97.00,27.57,128.08,97.00,114.21,88.61,-0.18,-0.16,-0.13,-0.22
1782330121.761,90.00,32.04,100.91,93.00,130.15,62.66,97.00,33.66,129.81,97.00,116.02,91.26,-0.18,-0.16,-0.15,-0.22
1782330121.874,90.00,30.19,98.08,93.00,123.39,63.81,97.00,35.79,133.68,97.00,116.86,94.07,-0.18,-0.18,-0.14,-0.22
1782330121.986,90.00,31.11,94.71,93.00,120.44,62.65,97.00,41.17,133.09,97.00,120.28,94.95,-0.19,-0.18,-0.16,-0.21
1782330122.099,90.00,29.69,93.04,93.00,117.77,62.32,97.00,46.44,130.84,97.00,120.29,97.05,-0.19,-0.18,-0.17,-0.22
1782330122.211,90.00,30.43,91.29,93.00,114.38,63.95,97.00,50.63,128.32,97.00,122.15,97.47,-0.19,-0.19,-0.18,-0.21
1782330122.323,90.00,29.93,90.87,93.00,110.97,66.72,97.00,54.35,125.11,97.00,122.00,98.13,-0.19,-0.20,-0.19,-0.21
1782330122.435,90.00,26.49,92.37,93.00,109.85,68.14,97.00,54.49,124.64,97.00,125.65,96.13,-0.18,-0.21,-0.20,-0.21
1782330122.548,90.00,26.67,93.40,93.00,105.32,73.70,97.00,49.64,128.40,97.00,133.92,91.48,-0.18,-0.22,-0.18,-0.18
1782330122.661,90.00,19.26,97.48,93.00,81.28,84.78,97.00,38.66,137.95,97.00,132.67,90.07,-0.16,-0.26,-0.14,-0.19
1782330122.773,90.00,28.54,97.33,93.00,99.79,82.59,97.00,41.67,130.09,97.00,146.34,83.23,-0.18,-0.24,-0.16,-0.15
1782330122.884,90.00,20.68,103.43,93.00,98.02,86.53,97.00,37.65,128.92,97.00,140.64,81.05,-0.15,-0.25,-0.16,-0.16
1782330122.997,90.00,18.21,108.27,93.00,98.18,89.47,97.00,34.17,126.21,97.00,137.93,77.81,-0.14,-0.25,-0.15,-0.16
1782330123.110,90.00,22.69,111.83,93.00,101.26,91.19,97.00,31.84,122.12,97.00,139.70,72.39,-0.15,-0.25,-0.16,-0.15
1782330123.222,90.00,22.43,117.33,93.00,102.06,94.20,97.00,28.51,118.45,97.00,134.54,69.37,-0.14,-0.25,-0.15,-0.16
1782330123.334,90.00,27.59,120.75,93.00,103.54,96.89,97.00,25.75,114.45,97.00,133.01,64.63,-0.14,-0.25,-0.15,-0.15
1782330123.446,90.00,30.17,125.19,93.00,105.64,99.20,97.00,23.71,110.39,97.00,127.64,62.57,-0.14,-0.25,-0.16,-0.16
1782330123.559,90.00,32.36,129.66,93.00,105.58,102.11,97.00,21.07,106.94,97.00,121.08,62.68,-0.14,-0.25,-0.15,-0.17
1782330123.670,90.00,37.26,130.80,93.00,104.64,104.73,97.00,18.60,103.91,97.00,117.37,61.52,-0.15,-0.25,-0.15,-0.18
1782330123.783,90.00,40.95,131.57,93.00,110.64,104.92,97.00,20.10,100.67,97.00,112.52,62.63,-0.15,-0.24,-0.16,-0.19
1782330123.896,90.00,44.43,130.99,93.00,108.39,107.19,97.00,17.85,99.05,97.00,107.84,64.77,-0.16,-0.25,-0.16,-0.20
1782330124.009,90.00,47.13,129.77,93.00,112.31,106.83,97.00,19.36,97.48,97.00,102.61,68.48,-0.17,-0.24,-0.16,-0.21
1782330124.120,90.00,48.20,129.09,93.00,115.26,105.91,97.00,20.39,96.87,97.00,95.74,74.28,-0.17,-0.24,-0.16,-0.23
1782330124.235,90.00,46.08,130.86,93.00,122.18,102.13,97.00,17.01,98.06,97.00,92.63,77.21,-0.16,-0.22,-0.16,-0.24
1782330124.346,90.00,47.46,127.13,93.00,118.52,102.79,97.00,6.71,100.04,97.00,97.75,74.44,-0.17,-0.23,-0.13,-0.23
1782330124.459,90.00,44.94,126.66,93.00,134.88,92.58,97.00,15.08,101.95,97.00,97.25,76.96,-0.17,-0.19,-0.15,-0.23
1782330124.571,90.00,40.80,126.59,93.00,138.17,88.28,97.00,14.49,105.06,97.00,94.81,81.38,-0.16,-0.18,-0.14,-0.24
1782330124.684,90.00,41.85,120.72,93.00,139.43,84.16,97.00,14.23,108.88,97.00,102.53,78.95,-0.17,-0.17,-0.13,-0.23
1782330124.795,90.00,38.54,118.29,93.00,137.93,80.61,97.00,13.65,113.44,97.00,103.28,82.15,-0.17,-0.17,-0.13,-0.23
1782330124.909,90.00,35.34,115.25,93.00,137.12,76.28,97.00,16.27,118.17,97.00,104.38,85.31,-0.17,-0.17,-0.12,-0.23
1782330125.020,90.00,33.82,110.98,93.00,133.94,72.96,97.00,18.68,123.33,97.00,107.79,87.06,-0.17,-0.17,-0.12,-0.23
1782330125.134,90.00,30.71,107.73,93.00,131.05,69.58,97.00,23.07,127.90,97.00,108.49,90.56,-0.17,-0.17,-0.12,-0.23
1782330125.245,90.00,30.91,103.14,93.00,127.20,67.28,97.00,27.55,131.85,97.00,113.09,91.51,-0.18,-0.18,-0.13,-0.22
1782330125.358,90.00,29.92,99.65,93.00,123.43,65.66,97.00,32.48,134.35,97.00,115.31,93.65,-0.18,-0.18,-0.13,-0.22
1782330125.469,90.00,28.64,96.88,93.00,119.86,64.79,97.00,37.47,135.11,97.00,116.43,95.96,-0.18,-0.18,-0.14,-0.22
1782330125.582,90.00,28.20,94.46,93.00,116.90,64.37,97.00,42.61,133.83,97.00,117.89,97.52,-0.18,-0.19,-0.16,-0.22
1782330125.695,90.00,29.24,92.26,93.00,113.18,65.87,97.00,46.69,132.04,97.00,120.44,97.86,-0.19,-0.20,-0.17,-0.22
1782330125.807,90.00,34.75,88.99,93.00,111.78,66.08,97.00,52.30,127.13,97.00,127.07,95.55,-0.20,-0.20,-0.19,-0.20
1782330125.918,90.00,33.88,89.26,93.00,110.21,67.53,97.00,55.06,124.30,97.00,129.63,94.52,-0.20,-0.21,-0.20,-0.20
1782330126.032,90.00,29.47,91.81,93.00,109.67,68.97,97.00,53.68,124.79,97.00,133.64,92.14,-0.19,-0.21,-0.19,-0.19
1782330126.145,90.00,26.11,94.62,93.00,111.04,69.49,97.00,53.03,123.41,97.00,137.22,89.26,-0.18,-0.21,-0.19,-0.18
1782330126.257,90.00,25.54,97.22,93.00,113.49,69.93,97.00,52.53,120.96,97.00,141.81,85.47,-0.17,-0.20,-0.20,-0.16
1782330126.369,90.00,22.17,101.47,93.00,115.01,72.07,97.00,50.43,119.22,97.00,141.52,82.34,-0.16,-0.20,-0.20,-0.16
1782330126.481,90.00,20.39,105.89,93.00,116.12,75.16,97.00,47.46,117.53,97.00,140.49,78.73,-0.15,-0.21,-0.19,-0.16
1782330126.594,90.00,22.58,109.79,93.00,119.06,77.20,97.00,45.91,114.15,97.00,141.00,74.01,-0.15,-0.21,-0.20,-0.15
1782330126.707,90.00,23.38,114.65,93.00,120.75,80.50,97.00,43.16,111.42,97.00,137.78,70.10,-0.14,-0.21,-0.20,-0.15
1782330126.818,90.00,26.72,118.77,93.00,122.51,83.79,97.00,40.64,108.37,97.00,135.11,65.84,-0.14,-0.21,-0.19,-0.15
1782330126.930,90.00,29.21,123.29,93.00,124.77,86.66,97.00,38.95,104.91,97.00,130.11,63.14,-0.14,-0.21,-0.20,-0.15
1782330127.043,90.00,34.51,125.40,93.00,128.05,88.74,97.00,38.76,100.93,97.00,127.11,59.72,-0.15,-0.20,-0.20,-0.16
1782330127.156,90.00,36.95,128.88,93.00,127.55,92.54,97.00,35.50,99.04,97.00,120.84,60.07,-0.15,-0.21,-0.19,-0.17
1782330127.268,90.00,43.05,127.54,93.00,129.37,94.51,97.00,35.07,96.24,97.00,118.56,57.91,-0.16,-0.21,-0.20,-0.17
1782330127.380,90.00,44.88,129.22,93.00,128.76,97.06,97.00,32.94,94.91,97.00,112.05,61.40,-0.16,-0.21,-0.19,-0.19
1782330127.491,90.00,50.52,125.24,93.00,127.25,99.29,97.00,30.60,94.35,97.00,110.21,61.24,-0.18,-0.21,-0.19,-0.19
1782330127.604,90.00,54.41,122.00,93.00,126.43,100.39,97.00,29.46,94.08,97.00,106.92,63.77,-0.19,-0.21,-0.19,-0.20
1782330127.717,90.00,57.13,118.99,93.00,130.52,98.27,97.00,27.40,94.97,97.00,107.47,63.36,-0.20,-0.21,-0.18,-0.20
1782330127.830,90.00,55.49,119.43,93.00,136.27,94.73,97.00,24.97,96.79,97.00,107.09,64.99,-0.20,-0.19,-0.17,-0.20
1782330127.942,90.00,54.14,118.54,93.00,139.42,91.66,97.00,21.63,99.61,97.00,107.99,66.32,-0.20,-0.18,-0.16,-0.20
1782330128.055,90.00,53.40,116.14,93.00,144.03,87.42,97.00,21.63,102.28,97.00,110.38,67.13,-0.20,-0.17,-0.16,-0.20
1782330128.170,90.00,51.77,113.86,93.00,147.80,82.92,97.00,22.98,105.29,97.00,112.54,68.99,-0.20,-0.15,-0.16,-0.20
1782330128.282,90.00,50.18,110.98,93.00,147.80,78.79,97.00,22.93,109.39,97.00,115.18,71.09,-0.20,-0.15,-0.15,-0.20
1782330128.394,90.00,48.63,107.72,93.00,147.20,74.18,97.00,24.72,113.45,97.00,118.07,73.49,-0.21,-0.14,-0.15,-0.20
1782330128.508,90.00,46.82,104.48,93.00,144.35,69.85,97.00,26.52,117.90,97.00,120.68,76.40,-0.21,-0.14,-0.15,-0.19
1782330128.620,90.00,43.17,102.43,93.00,140.72,65.81,97.00,29.40,122.00,97.00,121.31,80.63,-0.20,-0.14,-0.15,-0.20
1782330128.732,90.00,44.00,97.67,93.00,137.15,62.03,97.00,33.61,125.02,97.00,125.79,82.35,-0.21,-0.14,-0.15,-0.19
1782330128.844,90.00,40.83,95.68,93.00,129.74,62.11,97.00,34.68,129.94,97.00,125.97,86.24,-0.21,-0.16,-0.15,-0.20
1782330128.958,90.00,39.26,93.18,93.00,124.20,62.28,97.00,37.86,132.54,97.00,127.06,89.12,-0.20,-0.17,-0.15,-0.20
1782330129.073,90.00,39.31,90.41,93.00,120.20,62.30,97.00,42.26,132.60,97.00,129.10,90.96,-0.21,-0.18,-0.16,-0.19
1782330129.188,90.00,38.47,88.81,93.00,113.50,66.36,97.00,44.08,134.05,97.00,129.68,92.78,-0.21,-0.20,-0.16,-0.19
1782330129.300,90.00,39.77,86.91,93.00,111.07,67.19,97.00,48.92,130.50,97.00,131.70,93.23,-0.21,-0.20,-0.18,-0.19
1782330129.411,90.00,39.27,86.70,93.00,109.12,68.57,97.00,53.78,125.74,97.00,131.53,93.77,-0.21,-0.21,-0.19,-0.19
1782330129.522,90.00,35.46,88.87,93.00,108.46,69.67,97.00,53.13,125.93,97.00,136.14,91.63,-0.20,-0.21,-0.19,-0.18
1782330129.633,90.00,29.28,92.70,93.00,108.38,71.17,97.00,51.64,125.86,97.00,137.69,89.87,-0.19,-0.21,-0.19,-0.18
1782330129.744,90.00,22.73,97.00,93.00,109.77,72.16,97.00,50.46,124.35,97.00,137.09,88.00,-0.17,-0.21,-0.19,-0.17
1782330129.856,90.00,18.75,100.91,93.00,111.10,74.04,97.00,48.48,122.70,97.00,137.09,85.16,-0.15,-0.21,-0.19,-0.17
1782330129.968,90.00,16.08,105.10,93.00,112.50,76.49,97.00,45.99,120.69,97.00,136.20,81.93,-0.14,-0.21,-0.19,-0.17
1782330130.077,90.00,15.17,109.64,93.00,114.43,78.99,97.00,43.58,117.97,97.00,134.66,78.39,-0.13,-0.22,-0.19,-0.17
1782330130.190,90.00,12.29,115.06,93.00,115.70,82.32,97.00,40.48,115.35,97.00,128.78,76.68,-0.11,-0.22,-0.18,-0.18
1782330130.301,90.00,14.35,120.57,93.00,117.95,85.05,97.00,38.28,111.87,97.00,125.37,73.83,-0.11,-0.22,-0.19,-0.18
1782330130.413,90.00,16.43,126.59,93.00,120.61,87.55,97.00,36.70,108.08,97.00,119.85,72.71,-0.10,-0.21,-0.19,-0.19
1782330130.524,90.00,20.26,132.35,93.00,119.67,92.10,97.00,32.53,105.88,97.00,114.51,72.15,-0.10,-0.22,-0.18,-0.20
1782330130.635,90.00,25.58,136.54,93.00,124.96,92.59,97.00,34.18,101.14,97.00,110.34,71.38,-0.11,-0.21,-0.19,-0.21
1782330130.746,90.00,29.82,139.89,93.00,124.61,95.89,97.00,31.53,99.04,97.00,104.53,72.83,-0.11,-0.22,-0.19,-0.22
1782330130.858,90.00,34.00,141.08,93.00,124.40,98.47,97.00,29.62,97.19,97.00,99.19,74.65,-0.12,-0.22,-0.18,-0.23
1782330130.970,90.00,37.25,141.07,93.00,124.67,100.09,97.00,28.69,95.65,97.00,92.58,78.02,-0.12,-0.22,-0.18,-0.24
1782330131.080,90.00,40.51,138.72,93.00,126.99,99.92,97.00,30.06,94.05,97.00,86.77,80.73,-0.14,-0.21,-0.19,-0.25
1782330131.193,90.00,43.71,134.72,93.00,127.99,99.64,97.00,28.71,94.34,97.00,85.30,81.25,-0.15,-0.21,-0.19,-0.25
1782330131.304,90.00,44.20,132.91,93.00,132.76,96.77,97.00,24.76,96.33,97.00,88.60,80.05,-0.16,-0.20,-0.17,-0.25
1782330131.415,90.00,48.83,125.16,93.00,137.83,93.13,97.00,22.55,98.49,97.00,100.37,72.48,-0.18,-0.19,-0.17,-0.22
1782330131.527,90.00,42.91,128.16,93.00,139.56,90.18,97.00,18.86,101.75,97.00,94.24,79.61,-0.16,-0.18,-0.16,-0.24
1782330131.639,90.00,37.29,129.16,93.00,139.63,87.12,97.00,15.53,105.50,97.00,87.49,85.70,-0.15,-0.18,-0.14,-0.25
1782330131.751,90.00,34.18,126.32,93.00,142.96,82.11,97.00,17.80,108.98,97.00,88.09,87.93,-0.15,-0.16,-0.14,-0.25
1782330131.863,90.00,34.78,120.17,93.00,141.88,78.11,97.00,18.10,113.47,97.00,98.03,86.31,-0.16,-0.16,-0.14,-0.24
1782330131.975,90.00,30.07,117.60,93.00,142.61,72.83,97.00,22.60,117.28,97.00,96.17,90.80,-0.15,-0.15,-0.14,-0.25
1782330132.086,90.00,25.60,114.34,93.00,131.05,73.92,97.00,16.97,124.83,97.00,94.15,94.74,-0.15,-0.18,-0.11,-0.25
1782330132.198,90.00,24.85,109.52,93.00,137.58,64.22,97.00,30.68,124.61,97.00,99.71,95.89,-0.15,-0.15,-0.15,-0.25
1782330132.309,90.00,20.52,106.34,93.00,125.36,67.95,97.00,27.34,133.11,97.00,96.44,99.76,-0.15,-0.18,-0.12,-0.25
1782330132.421,90.00,17.86,102.95,93.00,125.57,62.91,97.00,35.69,132.39,97.00,95.31,102.00,-0.15,-0.17,-0.15,-0.25
1782330132.531,90.00,18.61,99.47,93.00,121.42,62.59,97.00,40.08,133.15,97.00,101.30,103.29,-0.15,-0.18,-0.15,-0.25
1782330132.643,90.00,15.14,97.52,93.00,116.99,63.81,97.00,43.91,132.93,97.00,95.57,104.80,-0.15,-0.19,-0.16,-0.25
1782330132.755,90.00,15.67,95.72,93.00,113.52,65.22,97.00,48.14,130.71,97.00,99.19,106.21,-0.15,-0.20,-0.17,-0.25
1782330132.866,90.00,15.59,94.87,93.00,111.18,66.59,97.00,52.89,126.58,97.00,99.92,106.71,-0.15,-0.20,-0.19,-0.25
1782330132.977,90.00,13.18,95.17,93.00,109.71,68.11,97.00,54.53,124.78,97.00,104.62,105.93,-0.15,-0.21,-0.19,-0.24
1782330133.088,90.00,8.40,96.25,93.00,111.23,67.66,97.00,54.85,123.29,97.00,110.29,103.06,-0.13,-0.20,-0.20,-0.24
1782330133.200,90.00,6.85,97.97,93.00,111.85,69.12,97.00,53.36,122.64,97.00,117.54,97.92,-0.13,-0.21,-0.20,-0.22
1782330133.312,90.00,9.09,100.65,93.00,114.37,69.66,97.00,52.82,120.11,97.00,125.81,91.31,-0.13,-0.20,-0.20,-0.20
1782330133.425,90.00,10.67,104.02,93.00,117.20,70.78,97.00,51.93,117.21,97.00,130.39,85.96,-0.13,-0.20,-0.20,-0.19
1782330133.536,90.00,10.42,108.15,93.00,119.35,73.22,97.00,49.86,114.78,97.00,130.60,82.04,-0.12,-0.20,-0.20,-0.18
1782330133.648,90.00,10.08,112.98,93.00,120.61,76.78,97.00,46.67,112.78,97.00,128.23,78.92,-0.11,-0.20,-0.20,-0.18
1782330133.759,90.00,15.90,117.83,93.00,123.50,79.32,97.00,45.10,109.26,97.00,129.44,73.44,-0.12,-0.20,-0.20,-0.17
1782330133.871,90.00,17.43,123.56,93.00,125.16,82.80,97.00,42.52,106.40,97.00,124.36,71.56,-0.11,-0.20,-0.20,-0.18
1782330133.981,90.00,24.65,127.09,93.00,127.73,85.58,97.00,41.24,102.84,97.00,123.84,66.78,-0.12,-0.20,-0.20,-0.17
1782330134.093,90.00,27.48,132.00,93.00,129.11,88.79,97.00,39.29,99.99,97.00,117.63,66.87,-0.12,-0.20,-0.20,-0.19
1782330134.206,90.00,34.15,132.55,93.00,130.75,91.39,97.00,38.21,97.11,97.00,115.97,63.90,-0.14,-0.20,-0.20,-0.18
1782330134.319,90.00,35.47,136.82,93.00,130.52,94.36,97.00,35.88,95.42,97.00,107.26,68.53,-0.13,-0.20,-0.20,-0.21
1782330134.431,90.00,40.51,135.04,93.00,131.09,96.23,97.00,34.96,93.69,97.00,104.52,68.55,-0.14,-0.20,-0.20,-0.21
1782330134.544,90.00,43.72,133.63,93.00,130.18,98.03,97.00,33.18,93.09,97.00,99.55,71.59,-0.15,-0.21,-0.20,-0.22
1782330134.657,90.00,47.62,129.77,93.00,128.12,99.59,97.00,30.92,93.47,97.00,96.44,73.71,-0.17,-0.21,-0.19,-0.23
1782330134.769,90.00,48.00,128.88,93.00,131.27,97.81,97.00,26.70,95.33,97.00,95.91,74.43,-0.17,-0.20,-0.18,-0.23
1782330134.881,90.00,48.26,126.83,93.00,141.43,92.50,97.00,28.88,95.66,97.00,98.36,73.50,-0.18,-0.18,-0.18,-0.23
1782330134.993,90.00,47.37,124.96,93.00,140.91,90.72,97.00,22.19,99.85,97.00,100.16,73.96,-0.18,-0.18,-0.17,-0.22
1782330135.106,90.00,47.23,121.40,93.00,143.07,87.21,97.00,20.11,103.19,97.00,103.98,73.48,-0.18,-0.17,-0.16,-0.22
1782330135.220,90.00,45.14,119.01,93.00,148.15,82.19,97.00,23.14,105.88,97.00,105.83,75.40,-0.18,-0.15,-0.16,-0.22
1782330135.331,90.00,42.80,116.20,93.00,147.37,78.14,97.00,22.74,110.21,97.00,107.84,77.73,-0.18,-0.15,-0.15,-0.22
1782330135.443,90.00,41.26,112.41,93.00,146.70,73.47,97.00,24.85,114.25,97.00,111.02,79.54,-0.19,-0.14,-0.15,-0.22
1782330135.555,90.00,38.40,109.40,93.00,143.86,69.11,97.00,27.01,118.59,97.00,112.50,82.83,-0.18,-0.14,-0.15,-0.22
1782330135.668,90.00,36.17,105.95,93.00,137.43,66.73,97.00,27.35,124.15,97.00,114.45,85.78,-0.18,-0.15,-0.14,-0.22
1782330135.781,90.00,32.62,103.37,93.00,134.17,63.18,97.00,32.01,127.15,97.00,114.29,89.86,-0.18,-0.15,-0.15,-0.22
1782330135.892,90.00,22.88,103.23,93.00,128.94,61.93,97.00,35.34,130.34,97.00,104.18,98.81,-0.16,-0.16,-0.15,-0.24
1782330136.004,90.00,11.72,101.72,93.00,119.90,65.72,97.00,35.59,135.77,97.00,85.73,95.44,-0.13,-0.19,-0.14,-0.26
1782330136.116,90.00,14.20,98.60,93.00,119.59,62.36,97.00,43.02,132.42,97.00,89.93,100.79,-0.14,-0.18,-0.16,-0.26
1782330136.232,90.00,12.28,96.70,93.00,115.45,63.99,97.00,46.85,131.28,97.00,87.97,98.30,-0.14,-0.19,-0.17,-0.26
1782330136.344,90.00,9.74,95.57,93.00,110.16,67.93,97.00,49.30,130.28,97.00,88.23,98.63,-0.14,-0.21,-0.18,-0.26
1782330136.455,90.00,5.93,95.10,93.00,106.53,71.10,97.00,52.02,127.67,97.00,88.07,98.43,-0.13,-0.22,-0.19,-0.26
1782330136.568,90.00,2.03,95.17,93.00,100.04,77.38,97.00,47.26,132.37,97.00,88.41,98.87,-0.12,-0.23,-0.17,-0.26
1782330136.681,90.00,0.65,96.32,93.00,87.33,85.45,97.00,41.05,137.59,97.00,105.21,104.41,-0.11,-0.26,-0.15,-0.24
1782330136.793,90.00,6.95,99.40,93.00,83.60,86.22,97.00,38.23,136.90,97.00,121.48,94.60,-0.13,-0.26,-0.14,-0.21
1782330136.905,90.00,7.43,102.50,93.00,87.64,88.29,97.00,36.33,133.78,97.00,126.21,89.38,-0.12,-0.26,-0.14,-0.20
1782330137.018,90.00,4.16,106.00,93.00,101.72,85.29,97.00,38.25,126.60,97.00,124.67,86.73,-0.11,-0.24,-0.16,-0.20
1782330137.130,90.00,10.51,110.88,93.00,102.64,88.11,97.00,35.04,123.67,97.00,129.80,79.95,-0.12,-0.24,-0.16,-0.18
1782330137.243,90.00,15.04,115.64,93.00,103.25,91.30,97.00,31.57,120.41,97.00,130.72,74.80,-0.12,-0.24,-0.16,-0.17
1782330137.356,90.00,18.15,120.75,93.00,105.23,93.80,97.00,28.92,116.43,97.00,128.11,71.25,-0.12,-0.24,-0.16,-0.17
1782330137.468,90.00,22.09,125.64,93.00,109.52,95.06,97.00,27.95,111.82,97.00,124.63,68.36,-0.12,-0.24,-0.16,-0.18
1782330137.581,90.00,25.37,130.61,93.00,108.01,99.21,97.00,24.04,108.78,97.00,119.21,67.51,-0.12,-0.24,-0.16,-0.18
1782330137.692,90.00,29.73,134.12,93.00,110.81,100.89,97.00,23.16,105.02,97.00,114.45,67.06,-0.12,-0.24,-0.16,-0.19
1782330137.805,90.00,33.89,136.30,93.00,113.11,102.42,97.00,22.60,101.83,97.00,109.45,67.81,-0.13,-0.24,-0.16,-0.20
1782330137.916,90.00,37.41,137.33,93.00,111.16,105.31,97.00,19.98,99.90,97.00,103.85,70.12,-0.13,-0.24,-0.16,-0.21
1782330138.029,90.00,40.23,137.29,93.00,115.05,105.09,97.00,21.41,97.73,97.00,97.50,73.90,-0.14,-0.24,-0.17,-0.23
1782330138.141,90.00,43.14,135.23,93.00,116.81,105.08,97.00,22.08,96.60,97.00,91.81,77.49,-0.15,-0.23,-0.17,-0.24
1782330138.258,90.00,43.64,134.71,93.00,123.37,101.91,97.00,23.37,96.16,97.00,85.25,81.31,-0.15,-0.22,-0.17,-0.25
1782330138.371,90.00,44.06,132.74,93.00,130.65,97.57,97.00,21.55,97.45,97.00,88.74,80.12,-0.16,-0.21,-0.17,-0.25
1782330138.483,90.00,42.96,131.27,93.00,136.03,93.56,97.00,19.78,99.53,97.00,90.03,80.70,-0.16,-0.19,-0.16,-0.24
1782330138.595,90.00,41.35,129.10,93.00,139.73,89.66,97.00,18.30,102.34,97.00,91.84,81.60,-0.16,-0.18,-0.15,-0.24
1782330138.707,90.00,35.48,129.97,93.00,139.74,86.50,97.00,15.28,106.14,97.00,82.84,86.80,-0.14,-0.18,-0.14,-0.26
1782330138.820,90.00,33.63,125.79,93.00,141.73,81.87,97.00,16.62,109.94,97.00,88.20,88.33,-0.15,-0.17,-0.14,-0.25
1782330138.934,90.00,32.15,121.05,93.00,141.73,77.38,97.00,18.42,114.23,97.00,93.88,89.12,-0.15,-0.16,-0.14,-0.25
1782330139.046,90.00,27.68,117.96,93.00,140.62,72.83,97.00,21.45,118.60,97.00,91.97,92.87,-0.15,-0.16,-0.14,-0.25
1782330139.158,90.00,25.31,113.57,93.00,134.24,71.00,97.00,21.24,124.50,97.00,94.84,95.05,-0.15,-0.17,-0.13,-0.25
1782330139.270,90.00,22.38,109.60,93.00,133.41,66.08,97.00,27.92,127.37,97.00,95.42,97.78,-0.15,-0.16,-0.14,-0.25
1782330139.383,90.00,20.40,105.65,93.00,128.03,64.87,97.00,31.04,131.43,97.00,97.17,100.05,-0.15,-0.17,-0.14,-0.25
1782330139.494,90.00,16.95,102.51,93.00,123.36,64.19,97.00,35.13,133.87,97.00,93.47,101.97,-0.15,-0.18,-0.14,-0.26
1782330139.607,90.00,16.77,99.34,93.00,120.47,62.91,97.00,40.58,133.38,97.00,97.57,104.07,-0.15,-0.18,-0.15,-0.25
1782330139.719,90.00,10.51,97.55,93.00,114.51,65.91,97.00,43.13,134.40,97.00,87.43,97.61,-0.14,-0.20,-0.16,-0.26
1782330139.832,90.00,12.70,95.84,93.00,112.67,65.86,97.00,48.57,130.52,97.00,88.39,98.84,-0.14,-0.20,-0.17,-0.26
1782330139.942,90.00,10.78,95.23,93.00,109.84,67.89,97.00,52.82,126.74,97.00,88.49,98.97,-0.14,-0.21,-0.19,-0.26
1782330140.056,90.00,6.94,95.38,93.00,106.61,71.25,97.00,51.85,127.57,97.00,90.95,102.14,-0.13,-0.22,-0.19,-0.26
1782330140.168,90.00,9.12,96.50,93.00,96.12,80.95,97.00,44.64,134.36,97.00,113.12,101.51,-0.13,-0.24,-0.16,-0.23
1782330140.281,90.00,8.97,98.42,93.00,97.85,81.40,97.00,43.56,132.55,97.00,121.17,95.69,-0.13,-0.24,-0.16,-0.21
1782330140.392,90.00,7.68,101.14,93.00,89.44,87.41,97.00,37.98,134.29,97.00,125.04,91.22,-0.12,-0.26,-0.15,-0.20
1782330140.506,90.00,6.50,104.59,93.00,99.73,85.27,97.00,38.71,128.39,97.00,126.56,87.25,-0.12,-0.24,-0.16,-0.20
1782330140.618,90.00,7.07,108.85,93.00,101.78,87.20,97.00,36.16,125.14,97.00,127.23,83.07,-0.11,-0.24,-0.16,-0.19
1782330140.730,90.00,15.95,113.25,93.00,99.34,91.85,97.00,31.26,122.95,97.00,133.33,75.50,-0.13,-0.25,-0.15,-0.17
1782330140.842,90.00,16.57,118.66,93.00,106.85,91.36,97.00,31.36,117.34,97.00,129.14,72.76,-0.12,-0.24,-0.16,-0.17
1782330140.955,90.00,19.95,123.82,93.00,105.81,95.56,97.00,27.19,114.23,97.00,125.72,69.77,-0.12,-0.24,-0.16,-0.18
1782330141.067,90.00,23.96,128.60,93.00,108.42,97.67,97.00,25.47,110.11,97.00,121.54,67.69,-0.12,-0.24,-0.16,-0.18
1782330141.180,90.00,27.90,132.83,93.00,111.46,99.35,97.00,24.55,106.16,97.00,116.43,67.13,-0.12,-0.24,-0.16,-0.19
1782330141.292,90.00,31.86,135.92,93.00,110.38,102.65,97.00,21.70,103.40,97.00,111.05,67.82,-0.12,-0.24,-0.16,-0.20
1782330141.404,90.00,36.14,136.89,93.00,113.14,103.70,97.00,21.70,100.46,97.00,106.45,68.79,-0.13,-0.24,-0.16,-0.21
1782330141.519,90.00,40.10,136.15,93.00,111.49,106.07,97.00,19.58,98.83,97.00,102.03,70.55,-0.14,-0.24,-0.16,-0.22
1782330141.632,90.00,42.67,135.30,93.00,113.15,106.45,97.00,19.89,97.43,97.00,95.72,74.74,-0.15,-0.24,-0.16,-0.23
1782330141.744,90.00,45.40,132.55,93.00,116.67,105.27,97.00,21.90,96.49,97.00,90.12,78.53,-0.16,-0.23,-0.17,-0.24
1782330141.857,90.00,46.36,130.63,93.00,123.11,101.72,97.00,18.37,97.73,97.00,93.07,76.81,-0.16,-0.22,-0.16,-0.24
1782330141.970,90.00,45.35,129.75,93.00,131.29,96.46,97.00,17.99,99.11,97.00,93.65,77.56,-0.16,-0.20,-0.16,-0.24
1782330142.083,90.00,41.79,130.40,93.00,138.07,91.41,97.00,18.56,101.15,97.00,90.33,81.60,-0.16,-0.18,-0.16,-0.25
1782330142.195,90.00,39.61,128.15,93.00,138.03,88.59,97.00,14.57,104.78,97.00,91.68,83.12,-0.16,-0.18,-0.14,-0.25
1782330142.309,90.00,33.45,128.40,93.00,140.24,84.14,97.00,15.08,108.44,97.00,82.14,87.67,-0.14,-0.17,-0.14,-0.26
1782330142.421,90.00,34.05,122.09,93.00,140.31,79.91,97.00,15.92,112.72,97.00,94.67,87.39,-0.16,-0.17,-0.13,-0.25
1782330142.532,90.00,29.72,119.21,93.00,140.55,75.01,97.00,19.38,116.99,97.00,93.28,91.22,-0.15,-0.16,-0.13,-0.25
1782330142.644,90.00,28.37,114.37,93.00,136.54,71.85,97.00,20.74,122.18,97.00,98.34,92.33,-0.16,-0.16,-0.13,-0.25
1782330142.756,90.00,24.34,110.94,93.00,132.84,68.77,97.00,24.15,126.86,97.00,97.01,96.14,-0.15,-0.17,-0.13,-0.25
1782330142.869,90.00,21.46,107.16,93.00,131.81,64.03,97.00,31.12,128.81,97.00,97.15,98.98,-0.15,-0.16,-0.14,-0.25
1782330142.982,90.00,17.76,103.90,93.00,120.88,68.31,97.00,29.82,136.21,97.00,93.55,101.33,-0.15,-0.19,-0.12,-0.26
1782330143.094,90.00,16.35,100.65,93.00,123.60,61.41,97.00,40.05,132.01,97.00,94.64,103.11,-0.15,-0.17,-0.16,-0.25
1782330143.210,90.00,15.89,97.97,93.00,116.66,64.85,97.00,41.83,134.43,97.00,97.10,104.85,-0.15,-0.19,-0.15,-0.25
1782330143.329,90.00,15.60,96.08,93.00,113.58,65.60,97.00,46.47,132.13,97.00,98.63,106.00,-0.15,-0.20,-0.17,-0.25
1782330143.442,90.00,14.90,95.09,93.00,110.25,67.70,97.00,50.46,129.12,97.00,97.95,106.49,-0.15,-0.21,-0.18,-0.25
1782330143.557,90.00,13.69,95.03,93.00,108.18,69.54,97.00,53.30,126.22,97.00,101.27,106.67,-0.15,-0.21,-0.19,-0.25
1782330143.661,90.00,13.14,95.57,93.00,104.14,73.85,97.00,49.76,129.50,97.00,112.06,102.66,-0.15,-0.22,-0.18,-0.23
1782330143.772,90.00,7.62,97.11,93.00,87.61,85.36,97.00,41.17,137.54,97.00,114.82,100.12,-0.13,-0.26,-0.15,-0.23
1782330143.883,90.00,16.78,98.73,93.00,99.38,81.15,97.00,43.38,131.29,97.00,131.70,89.75,-0.15,-0.24,-0.16,-0.19
1782330143.994,90.00,9.44,102.43,93.00,96.49,85.47,97.00,39.25,131.05,97.00,128.14,88.52,-0.13,-0.25,-0.16,-0.19
1782330144.105,90.00,2.65,105.63,93.00,100.47,85.99,97.00,37.74,127.21,97.00,123.22,87.65,-0.11,-0.24,-0.16,-0.20
1782330144.217,90.00,11.35,110.69,93.00,98.77,90.14,97.00,33.31,125.11,97.00,130.68,79.65,-0.12,-0.25,-0.15,-0.18
1782330144.329,90.00,12.32,115.81,93.00,101.80,91.96,97.00,30.96,120.95,97.00,128.20,76.35,-0.11,-0.25,-0.16,-0.18
1782330144.440,90.00,15.69,121.16,93.00,100.88,95.70,97.00,26.88,117.60,97.00,125.82,72.86,-0.11,-0.25,-0.15,-0.18
1782330144.550,90.00,18.51,126.88,93.00,106.12,96.73,97.00,26.09,112.79,97.00,120.96,71.21,-0.11,-0.24,-0.16,-0.19
1782330144.662,90.00,24.11,131.19,93.00,105.96,100.00,97.00,23.02,109.26,97.00,117.98,68.67,-0.11,-0.25,-0.16,-0.19
1782330144.773,90.00,29.33,134.27,93.00,107.94,102.06,97.00,21.60,105.61,97.00,114.24,67.38,-0.12,-0.24,-0.16,-0.19
1782330144.885,90.00,33.79,136.22,93.00,110.05,103.71,97.00,20.82,102.42,97.00,109.66,67.73,-0.13,-0.24,-0.16,-0.20
1782330144.996,90.00,36.65,138.18,93.00,110.70,105.44,97.00,19.76,100.02,97.00,102.85,71.12,-0.13,-0.24,-0.16,-0.22
1782330145.106,90.00,40.40,136.97,93.00,115.52,104.84,97.00,21.74,97.69,97.00,98.23,73.32,-0.14,-0.24,-0.17,-0.23
1782330145.218,90.00,43.21,135.10,93.00,113.50,106.53,97.00,19.96,97.14,97.00,92.38,77.09,-0.15,-0.24,-0.16,-0.24
1782330145.328,90.00,43.62,134.76,93.00,118.41,104.39,97.00,19.91,97.04,97.00,85.14,81.34,-0.15,-0.23,-0.16,-0.25
1782330145.440,90.00,42.83,134.39,93.00,125.74,100.03,97.00,17.53,98.29,97.00,84.96,81.97,-0.15,-0.22,-0.16,-0.25
1782330145.550,90.00,42.09,132.41,93.00,126.55,98.14,97.00,11.27,100.66,97.00,87.53,82.02,-0.15,-0.21,-0.14,-0.25
1782330145.662,90.00,40.00,130.70,93.00,137.06,90.83,97.00,15.81,102.69,97.00,88.15,83.54,-0.15,-0.19,-0.15,-0.25
1782330145.774,90.00,36.42,129.25,93.00,139.80,86.59,97.00,15.41,106.01,97.00,86.06,86.42,-0.15,-0.18,-0.14,-0.25
1782330145.893,90.00,37.83,122.56,93.00,142.21,81.82,97.00,17.08,109.71,97.00,97.69,83.52,-0.16,-0.16,-0.14,-0.24
1782330146.002,90.00,30.76,122.15,93.00,141.87,77.48,97.00,18.46,114.06,97.00,90.04,90.43,-0.15,-0.16,-0.14,-0.25
1782330146.114,90.00,30.12,116.81,93.00,137.45,74.58,97.00,18.09,119.44,97.00,97.33,90.70,-0.16,-0.17,-0.13,-0.25
1782330146.225,90.00,25.72,113.56,93.00,136.00,70.09,97.00,22.75,123.70,97.00,95.55,94.74,-0.15,-0.16,-0.13,-0.25
1782330146.337,90.00,23.74,109.28,93.00,133.91,65.91,97.00,28.14,127.03,97.00,98.31,96.86,-0.15,-0.16,-0.14,-0.25
1782330146.448,90.00,19.10,106.12,93.00,122.18,69.97,97.00,25.86,135.10,97.00,93.51,100.19,-0.15,-0.19,-0.12,-0.26
1782330146.558,90.00,19.11,102.18,93.00,128.18,59.79,97.00,39.28,129.72,97.00,99.12,101.97,-0.15,-0.16,-0.16,-0.25
1782330146.670,90.00,13.23,99.90,93.00,116.24,67.22,97.00,37.01,137.19,97.00,86.61,96.57,-0.14,-0.20,-0.14,-0.26
1782330146.781,90.00,14.62,97.30,93.00,111.67,68.83,97.00,40.86,137.03,97.00,94.20,104.38,-0.15,-0.21,-0.15,-0.25
1782330146.892,90.00,12.69,95.88,93.00,96.60,80.20,97.00,39.19,142.49,97.00,88.38,98.82,-0.14,-0.24,-0.13,-0.26
1782330147.003,90.00,18.80,94.27,93.00,91.74,82.58,97.00,42.58,139.20,97.00,106.61,105.35,-0.16,-0.25,-0.15,-0.24
1782330147.114,90.00,11.34,95.37,93.00,82.81,84.42,97.00,41.80,140.00,97.00,103.29,106.22,-0.14,-0.26,-0.14,-0.25
1782330147.226,90.00,7.16,96.40,93.00,91.19,83.73,97.00,42.83,136.67,97.00,110.00,103.04,-0.13,-0.25,-0.15,-0.24
1782330147.338,90.00,4.68,98.10,93.00,87.92,86.03,97.00,40.13,136.65,97.00,115.97,98.48,-0.12,-0.26,-0.15,-0.22
1782330147.449,90.00,5.24,100.87,93.00,91.69,86.73,97.00,38.72,133.67,97.00,122.38,92.69,-0.12,-0.25,-0.15,-0.21
1782330147.560,90.00,5.47,104.37,93.00,93.21,88.47,97.00,36.16,130.88,97.00,125.50,87.91,-0.11,-0.25,-0.15,-0.20
1782330147.671,90.00,8.83,108.78,93.00,95.61,90.26,97.00,33.55,127.33,97.00,128.94,82.31,-0.12,-0.25,-0.15,-0.19
1782330147.782,90.00,11.14,113.65,93.00,102.40,90.19,97.00,32.82,122.11,97.00,128.78,77.99,-0.11,-0.24,-0.16,-0.18
1782330147.894,90.00,13.78,118.98,93.00,89.98,94.88,97.00,24.74,120.90,97.00,126.56,74.48,-0.11,-0.26,-0.14,-0.18
1782330148.005,90.00,19.27,123.86,93.00,105.86,95.43,97.00,27.33,114.33,97.00,125.25,70.25,-0.12,-0.24,-0.16,-0.18
1782330148.117,90.00,22.32,129.27,93.00,105.67,98.84,97.00,24.05,110.79,97.00,119.93,69.12,-0.11,-0.25,-0.16,-0.19
1782330148.229,90.00,27.94,132.58,93.00,105.88,101.71,97.00,21.48,107.27,97.00,116.81,66.94,-0.12,-0.25,-0.15,-0.19
1782330148.341,90.00,33.39,134.13,93.00,104.51,104.52,97.00,18.74,104.25,97.00,113.58,65.59,-0.13,-0.25,-0.15,-0.19
1782330148.452,90.00,39.23,133.06,93.00,99.17,105.76,97.00,15.31,101.86,97.00,111.35,64.16,-0.15,-0.26,-0.15,-0.19
1782330148.565,90.00,40.95,134.95,93.00,115.47,104.32,97.00,22.05,98.27,97.00,103.82,68.95,-0.15,-0.24,-0.17,-0.21
1782330148.677,90.00,42.63,135.30,93.00,116.86,104.78,97.00,22.28,96.87,97.00,96.00,74.53,-0.15,-0.23,-0.17,-0.23
1782330148.791,90.00,44.64,133.53,93.00,115.44,105.83,97.00,21.10,96.70,97.00,88.60,79.50,-0.16,-0.24,-0.17,-0.25
1782330148.903,90.00,45.94,131.20,93.00,124.54,101.02,97.00,19.77,97.41,97.00,92.12,77.49,-0.16,-0.22,-0.16,-0.24
1782330149.015,90.00,44.79,130.50,93.00,130.60,96.84,97.00,17.58,99.14,97.00,92.37,78.45,-0.16,-0.20,-0.16,-0.24
1782330149.128,90.00,44.19,127.89,93.00,135.40,92.62,97.00,16.13,101.51,97.00,95.36,78.15,-0.17,-0.19,-0.15,-0.24
1782330149.241,90.00,42.15,125.79,93.00,139.04,88.28,97.00,15.67,104.52,97.00,96.76,79.69,-0.17,-0.18,-0.14,-0.24
1782330149.352,90.00,38.50,124.21,93.00,139.65,84.51,97.00,14.50,108.39,97.00,96.13,83.18,-0.16,-0.17,-0.14,-0.24
1782330149.464,90.00,37.22,119.89,93.00,138.80,80.71,97.00,14.31,112.82,97.00,100.50,83.70,-0.17,-0.17,-0.13,-0.24
1782330149.576,90.00,33.22,117.23,93.00,137.45,76.67,97.00,16.10,117.60,97.00,100.21,87.59,-0.16,-0.17,-0.13,-0.24
1782330149.690,90.00,33.60,111.68,93.00,135.33,72.72,97.00,19.34,122.46,97.00,106.88,87.21,-0.17,-0.17,-0.12,-0.23
1782330149.803,90.00,27.97,109.57,93.00,132.37,69.26,97.00,23.46,127.00,97.00,103.70,92.96,-0.16,-0.17,-0.13,-0.24
1782330149.915,90.00,26.69,105.46,93.00,127.76,67.40,97.00,27.14,131.39,97.00,106.67,94.83,-0.16,-0.17,-0.13,-0.24
1782330150.032,90.00,24.42,102.20,93.00,123.83,65.82,97.00,31.91,134.16,97.00,107.26,97.73,-0.16,-0.18,-0.13,-0.24
1782330150.144,90.00,25.06,98.53,93.00,119.75,65.33,97.00,36.52,135.53,97.00,111.39,98.39,-0.17,-0.19,-0.14,-0.23
1782330150.256,90.00,23.26,96.38,93.00,115.46,66.16,97.00,40.67,135.65,97.00,111.08,100.82,-0.17,-0.19,-0.15,-0.23
1782330150.369,90.00,23.14,94.49,93.00,111.28,67.99,97.00,44.49,134.39,97.00,112.46,101.77,-0.17,-0.20,-0.16,-0.23
1782330150.482,90.00,25.26,92.76,93.00,107.31,70.62,97.00,48.03,131.91,97.00,116.17,100.87,-0.18,-0.21,-0.17,-0.23
1782330150.594,90.00,24.52,92.77,93.00,100.84,76.22,97.00,48.24,132.01,97.00,118.14,100.07,-0.17,-0.23,-0.17,-0.22
1782330150.706,90.00,18.55,94.95,93.00,75.48,78.48,97.00,40.25,141.17,97.00,120.84,98.11,-0.16,-0.26,-0.14,-0.22
1782330150.818,90.00,13.78,97.22,93.00,76.28,79.45,97.00,36.92,142.57,97.00,123.51,95.37,-0.14,-0.26,-0.13,-0.21
1782330150.931,90.00,17.28,99.09,93.00,77.07,80.42,97.00,36.92,137.75,97.00,133.01,88.76,-0.15,-0.26,-0.14,-0.18
1782330151.043,90.00,17.98,102.11,93.00,94.73,86.81,97.00,38.04,131.37,97.00,137.11,84.14,-0.15,-0.25,-0.15,-0.17
1782330151.155,90.00,17.71,106.05,93.00,88.13,90.31,97.00,32.79,130.39,97.00,137.87,80.09,-0.14,-0.26,-0.14,-0.16
1782330151.267,90.00,17.23,110.73,93.00,85.92,90.72,97.00,28.91,127.10,97.00,135.99,76.42,-0.13,-0.26,-0.14,-0.16
1782330151.380,90.00,18.88,115.54,93.00,100.76,93.03,97.00,29.83,120.66,97.00,133.86,72.49,-0.13,-0.25,-0.15,-0.16
1782330151.493,90.00,21.96,120.28,93.00,99.06,96.81,97.00,25.52,117.31,97.00,131.06,68.73,-0.13,-0.25,-0.15,-0.16
1782330151.605,90.00,27.35,123.75,93.00,101.77,99.00,97.00,23.42,112.99,97.00,129.09,64.47,-0.14,-0.25,-0.15,-0.16
1782330151.717,90.00,29.14,128.89,93.00,105.82,100.56,97.00,22.50,108.70,97.00,122.33,64.26,-0.13,-0.25,-0.15,-0.17
1782330151.830,90.00,32.00,132.92,93.00,104.19,103.67,97.00,19.39,105.56,97.00,116.03,65.04,-0.13,-0.25,-0.15,-0.19
1782330151.943,90.00,38.10,132.35,93.00,101.57,105.79,97.00,16.62,102.82,97.00,113.91,63.04,-0.14,-0.25,-0.15,-0.19
1782330152.056,90.00,44.55,129.24,93.00,92.45,99.63,97.00,11.97,100.81,97.00,112.63,61.10,-0.16,-0.26,-0.14,-0.19
1782330152.167,90.00,43.47,133.37,93.00,118.27,103.72,97.00,23.49,96.98,97.00,101.96,69.71,-0.15,-0.23,-0.17,-0.22
1782330152.279,90.00,46.37,131.18,93.00,118.07,104.53,97.00,22.91,96.31,97.00,96.96,73.34,-0.16,-0.23,-0.17,-0.23
1782330152.392,90.00,47.04,130.30,93.00,120.90,103.10,97.00,20.32,97.01,97.00,93.81,75.96,-0.17,-0.23,-0.16,-0.24
1782330152.504,90.00,48.49,127.18,93.00,127.74,98.83,97.00,17.98,98.42,97.00,98.03,73.37,-0.18,-0.21,-0.16,-0.23
1782330152.616,90.00,46.75,126.54,93.00,133.58,94.37,97.00,16.66,100.44,97.00,98.16,75.01,-0.17,-0.20,-0.15,-0.23
1782330152.729,90.00,42.22,127.59,93.00,135.83,90.89,97.00,13.92,103.43,97.00,94.53,80.16,-0.16,-0.19,-0.14,-0.24
1782330152.840,90.00,40.93,124.15,93.00,138.57,86.50,97.00,13.87,106.83,97.00,97.99,80.56,-0.17,-0.18,-0.14,-0.24
1782330152.953,90.00,38.25,121.32,93.00,139.61,82.16,97.00,14.56,110.87,97.00,99.56,82.84,-0.17,-0.17,-0.13,-0.24
1782330153.065,90.00,34.46,118.70,93.00,140.53,77.24,97.00,17.63,115.10,97.00,99.59,86.44,-0.16,-0.16,-0.13,-0.24
1782330153.178,90.00,32.35,114.60,93.00,135.54,74.75,97.00,17.07,120.64,97.00,102.53,88.36,-0.16,-0.17,-0.12,-0.24
1782330153.290,90.00,29.16,111.09,93.00,136.44,68.91,97.00,24.34,124.01,97.00,103.31,91.66,-0.16,-0.16,-0.13,-0.24
1782330153.403,90.00,26.30,107.50,93.00,128.84,68.71,97.00,24.75,130.11,97.00,104.04,94.83,-0.16,-0.17,-0.12,-0.24
1782330153.515,90.00,22.53,104.46,93.00,127.51,64.62,97.00,31.69,131.76,97.00,102.31,98.81,-0.16,-0.17,-0.14,-0.25
1782330153.628,90.00,21.69,100.93,93.00,120.57,66.22,97.00,33.94,135.83,97.00,104.84,100.49,-0.16,-0.19,-0.13,-0.24
1782330153.740,90.00,18.79,98.58,93.00,118.62,64.29,97.00,40.08,134.54,97.00,102.57,103.53,-0.16,-0.19,-0.15,-0.25
1782330153.853,90.00,18.32,96.38,93.00,114.74,65.35,97.00,44.27,133.49,97.00,103.93,104.74,-0.16,-0.19,-0.16,-0.25
1782330153.967,90.00,17.78,95.02,93.00,110.79,67.60,97.00,47.97,131.44,97.00,104.23,105.70,-0.16,-0.20,-0.17,-0.24
1782330154.081,90.00,15.37,94.81,93.00,108.63,69.07,97.00,52.66,126.96,97.00,99.44,106.75,-0.15,-0.21,-0.19,-0.25
1782330154.197,90.00,12.98,95.37,93.00,108.62,69.42,97.00,53.36,125.80,97.00,108.74,104.32,-0.15,-0.21,-0.19,-0.24
1782330154.310,90.00,17.82,95.89,93.00,110.64,68.77,97.00,53.78,123.84,97.00,124.92,95.36,-0.16,-0.21,-0.20,-0.21
1782330154.421,90.00,18.54,97.77,93.00,109.34,72.27,97.00,50.41,124.76,97.00,132.24,90.12,-0.16,-0.21,-0.19,-0.19
1782330154.533,90.00,11.82,101.53,93.00,113.00,71.96,97.00,50.50,121.22,97.00,129.77,88.52,-0.13,-0.21,-0.19,-0.19
1782330154.645,90.00,14.38,104.90,93.00,113.54,75.19,97.00,47.29,120.04,97.00,134.44,83.07,-0.14,-0.21,-0.19,-0.17
1782330154.758,90.00,12.27,109.45,93.00,115.75,77.48,97.00,45.16,117.24,97.00,132.03,80.07,-0.12,-0.21,-0.19,-0.18
1782330154.870,90.00,16.28,113.90,93.00,118.39,79.84,97.00,43.25,113.89,97.00,133.13,74.93,-0.13,-0.21,-0.19,-0.17
1782330154.982,90.00,18.89,118.86,93.00,120.39,82.88,97.00,40.84,110.74,97.00,130.64,71.19,-0.12,-0.21,-0.19,-0.17
1782330155.094,90.00,22.52,123.65,93.00,121.85,86.28,97.00,38.20,107.70,97.00,127.36,67.93,-0.13,-0.21,-0.19,-0.17
1782330155.207,90.00,26.41,128.05,93.00,123.84,89.15,97.00,36.47,104.30,97.00,123.07,65.79,-0.13,-0.21,-0.19,-0.17
1782330155.321,90.00,32.08,130.24,93.00,126.12,91.55,97.00,35.53,100.87,97.00,120.22,63.16,-0.14,-0.21,-0.19,-0.18
1782330155.433,90.00,36.31,132.09,93.00,128.04,93.74,97.00,34.86,97.84,97.00,115.68,62.92,-0.14,-0.21,-0.19,-0.18
1782330155.548,90.00,39.27,133.77,93.00,128.49,96.11,97.00,33.43,95.82,97.00,109.76,65.22,-0.14,-0.21,-0.19,-0.20
1782330155.663,90.00,42.40,133.63,93.00,126.43,99.03,97.00,30.31,95.19,97.00,104.41,68.06,-0.15,-0.21,-0.19,-0.21
1782330155.778,90.00,46.48,130.64,93.00,129.29,98.72,97.00,32.18,93.26,97.00,101.12,69.85,-0.16,-0.21,-0.19,-0.22
1782330155.891,90.00,48.60,128.61,93.00,125.67,100.81,97.00,27.67,94.70,97.00,96.44,73.70,-0.17,-0.22,-0.18,-0.23
1782330156.002,90.00,50.11,126.05,93.00,131.71,97.36,97.00,24.65,96.25,97.00,99.72,71.38,-0.18,-0.20,-0.17,-0.22
1782330156.114,90.00,49.12,125.13,93.00,137.53,93.46,97.00,22.97,98.16,97.00,100.48,72.17,-0.18,-0.19,-0.17,-0.22
1782330156.228,90.00,46.35,124.97,93.00,138.95,90.71,97.00,18.76,101.46,97.00,99.80,75.03,-0.18,-0.18,-0.16,-0.23
1782330156.340,90.00,41.53,125.60,93.00,140.49,87.16,97.00,16.66,104.93,97.00,96.59,80.30,-0.16,-0.17,-0.15,-0.24
1782330156.452,90.00,38.23,123.55,93.00,141.62,83.06,97.00,16.44,108.78,97.00,96.75,83.31,-0.16,-0.17,-0.14,-0.24
1782330156.563,90.00,37.46,118.80,93.00,144.39,77.68,97.00,20.36,112.35,97.00,101.95,83.32,-0.17,-0.15,-0.14,-0.23
1782330156.674,90.00,31.58,117.33,93.00,138.41,75.34,97.00,17.84,118.13,97.00,98.38,89.27,-0.16,-0.16,-0.13,-0.24
1782330156.786,90.00,26.91,114.35,93.00,137.20,70.74,97.00,22.27,122.42,97.00,96.30,93.68,-0.15,-0.16,-0.13,-0.25
1782330156.897,90.00,24.72,110.12,93.00,134.23,67.07,97.00,26.52,126.46,97.00,98.73,95.93,-0.15,-0.16,-0.14,-0.25
1782330157.009,90.00,21.97,106.40,93.00,127.00,67.15,97.00,27.84,132.02,97.00,99.08,98.81,-0.15,-0.18,-0.13,-0.25
1782330157.120,90.00,19.13,103.08,93.00,127.09,62.05,97.00,36.14,131.34,97.00,98.01,101.61,-0.15,-0.17,-0.15,-0.25
1782330157.232,90.00,15.75,100.33,93.00,117.62,66.76,97.00,36.18,136.82,97.00,93.28,102.83,-0.15,-0.19,-0.14,-0.26
1782330157.344,90.00,15.65,97.69,93.00,116.36,64.76,97.00,42.59,134.07,97.00,96.81,104.96,-0.15,-0.19,-0.16,-0.25
1782330157.455,90.00,14.22,96.05,93.00,112.88,66.08,97.00,46.84,132.00,97.00,94.60,105.03,-0.15,-0.20,-0.17,-0.25
1782330157.566,90.00,13.16,95.20,93.00,109.77,68.09,97.00,50.95,128.67,97.00,91.30,102.59,-0.15,-0.21,-0.18,-0.26
1782330157.677,90.00,11.17,95.25,93.00,107.35,70.39,97.00,52.58,126.95,97.00,97.88,106.56,-0.14,-0.21,-0.19,-0.25
1782330157.789,90.00,11.43,96.06,93.00,102.17,75.95,97.00,48.13,130.83,97.00,113.37,101.71,-0.14,-0.23,-0.17,-0.23
1782330157.902,90.00,7.90,97.78,93.00,80.11,83.75,97.00,39.25,138.74,97.00,117.95,97.92,-0.13,-0.26,-0.14,-0.22
1782330158.014,90.00,3.09,99.85,93.00,77.30,80.71,97.00,35.72,138.24,97.00,118.91,95.20,-0.11,-0.26,-0.13,-0.22
1782330158.132,90.00,6.44,103.53,93.00,92.13,88.23,97.00,36.61,131.83,97.00,125.99,88.50,-0.12,-0.25,-0.15,-0.20
1782330158.245,90.00,6.10,107.53,93.00,98.93,87.96,97.00,35.81,126.97,97.00,126.53,84.57,-0.11,-0.25,-0.16,-0.19
1782330158.356,90.00,10.70,112.39,93.00,99.96,90.65,97.00,32.58,123.68,97.00,129.18,78.92,-0.12,-0.25,-0.15,-0.18
1782330158.467,90.00,12.10,117.72,93.00,100.66,93.63,97.00,29.17,120.09,97.00,126.30,75.84,-0.11,-0.25,-0.15,-0.18
1782330158.578,90.00,16.02,123.20,93.00,97.15,97.64,97.00,24.23,116.95,97.00,123.74,72.55,-0.11,-0.26,-0.15,-0.18
1782330158.689,90.00,21.22,128.09,93.00,108.39,96.74,97.00,26.30,111.08,97.00,120.98,69.53,-0.11,-0.24,-0.16,-0.18
1782330158.800,90.00,26.19,132.18,93.00,108.42,99.96,97.00,23.46,107.68,97.00,117.14,67.80,-0.12,-0.24,-0.16,-0.19
1782330158.912,90.00,31.15,134.82,93.00,104.61,103.96,97.00,19.25,104.99,97.00,113.11,67.01,-0.12,-0.25,-0.15,-0.19
1782330159.027,90.00,37.55,133.81,93.00,91.70,98.68,97.00,13.52,102.75,97.00,111.53,64.79,-0.14,-0.26,-0.14,-0.19
1782330159.139,90.00,42.52,132.17,93.00,119.19,102.09,97.00,24.91,97.89,97.00,108.58,64.82,-0.15,-0.23,-0.17,-0.20
1782330159.250,90.00,43.49,133.70,93.00,112.65,106.43,97.00,19.73,97.75,97.00,100.30,71.03,-0.15,-0.24,-0.16,-0.22
1782330159.362,90.00,44.67,133.42,93.00,112.62,106.98,97.00,19.37,97.13,97.00,91.73,77.44,-0.16,-0.24,-0.16,-0.24
1782330159.472,90.00,44.79,132.95,93.00,121.09,102.93,97.00,19.06,97.38,97.00,88.99,79.44,-0.16,-0.23,-0.16,-0.24
1782330159.584,90.00,44.35,131.67,93.00,126.58,99.19,97.00,15.77,99.04,97.00,90.49,79.38,-0.16,-0.21,-0.15,-0.24
1782330159.696,90.00,43.64,129.41,93.00,132.79,94.38,97.00,14.96,101.07,97.00,93.08,79.26,-0.16,-0.20,-0.15,-0.24
1782330159.808,90.00,41.81,127.26,93.00,137.21,89.80,97.00,14.66,103.86,97.00,94.67,80.50,-0.16,-0.18,-0.14,-0.24
1782330159.919,90.00,39.71,124.43,93.00,140.40,85.14,97.00,15.48,107.26,97.00,96.79,81.94,-0.16,-0.17,-0.14,-0.24
1782330160.030,90.00,36.87,121.51,93.00,139.46,81.50,97.00,14.59,111.63,97.00,98.22,84.33,-0.16,-0.17,-0.13,-0.24
1782330160.142,90.00,34.74,117.59,93.00,138.56,77.33,97.00,16.23,116.26,97.00,101.19,86.04,-0.16,-0.17,-0.13,-0.24
1782330160.254,90.00,28.87,115.64,93.00,138.30,72.38,97.00,20.80,120.54,97.00,97.30,91.87,-0.15,-0.16,-0.13,-0.25
1782330160.366,90.00,26.29,111.56,93.00,134.42,69.24,97.00,23.59,125.39,97.00,99.18,94.39,-0.16,-0.16,-0.13,-0.25
1782330160.476,90.00,22.75,108.03,93.00,130.15,66.83,97.00,27.29,129.68,97.00,98.29,97.87,-0.15,-0.17,-0.13,-0.25
1782330160.588,90.00,21.59,104.06,93.00,125.09,65.87,97.00,30.96,133.41,97.00,101.30,99.68,-0.16,-0.18,-0.13,-0.25
1782330160.700,90.00,18.61,101.13,93.00,123.22,62.98,97.00,37.45,133.25,97.00,99.39,102.64,-0.15,-0.18,-0.15,-0.25
1782330160.812,90.00,16.12,98.63,93.00,116.70,65.66,97.00,39.82,135.58,97.00,96.85,104.47,-0.15,-0.19,-0.15,-0.25
1782330160.924,90.00,16.36,96.42,93.00,114.50,65.22,97.00,45.26,132.82,97.00,100.03,105.71,-0.15,-0.19,-0.16,-0.25
1782330161.042,90.00,13.71,95.44,93.00,112.89,65.24,97.00,50.85,128.37,97.00,93.58,104.61,-0.15,-0.20,-0.18,-0.26
1782330161.154,90.00,13.30,95.03,93.00,108.05,69.63,97.00,53.23,126.34,97.00,92.38,103.72,-0.15,-0.21,-0.19,-0.26
1782330161.267,90.00,8.22,95.65,93.00,106.24,71.85,97.00,51.32,127.85,97.00,102.72,106.18,-0.13,-0.22,-0.18,-0.25
1782330161.379,90.00,11.06,96.96,93.00,101.46,77.39,97.00,46.82,131.03,97.00,118.41,98.39,-0.14,-0.23,-0.17,-0.22
1782330161.493,90.00,9.23,99.17,93.00,77.04,80.39,97.00,33.87,142.88,97.00,123.33,93.90,-0.13,-0.26,-0.12,-0.21
1782330161.605,90.00,4.36,101.86,93.00,87.24,88.09,97.00,36.57,134.15,97.00,122.76,91.51,-0.12,-0.26,-0.14,-0.21
1782330161.718,90.00,7.25,105.85,93.00,100.15,85.94,97.00,37.86,127.53,97.00,127.60,85.61,-0.12,-0.24,-0.16,-0.19
1782330161.831,90.00,7.58,110.31,93.00,96.59,90.86,97.00,32.70,126.00,97.00,127.23,81.79,-0.11,-0.25,-0.15,-0.19
1782330161.947,90.00,12.91,115.31,93.00,98.80,93.06,97.00,29.89,122.04,97.00,129.13,76.21,-0.12,-0.25,-0.15,-0.18
1782330162.059,90.00,16.83,120.42,93.00,99.12,96.05,97.00,26.40,118.26,97.00,127.51,72.19,-0.12,-0.25,-0.15,-0.18
1782330162.230,90.00,17.61,121.44,93.00,108.82,92.09,97.00,30.69,115.05,97.00,126.95,71.52,-0.12,-0.24,-0.16,-0.18
1782330162.344,90.00,20.28,127.02,93.00,105.22,97.55,97.00,25.22,112.55,97.00,121.88,69.93,-0.11,-0.25,-0.16,-0.18
1782330162.455,90.00,25.51,131.13,93.00,106.52,100.14,97.00,22.99,108.75,97.00,118.50,67.67,-0.12,-0.25,-0.16,-0.19
1782330162.567,90.00,30.40,134.11,93.00,107.49,102.56,97.00,21.10,105.30,97.00,114.40,66.72,-0.12,-0.25,-0.16,-0.19
1782330162.677,90.00,35.64,134.83,93.00,109.01,104.37,97.00,20.04,102.25,97.00,111.09,65.96,-0.13,-0.24,-0.16,-0.20
1782330162.790,90.00,39.68,134.84,93.00,108.11,106.49,97.00,18.25,100.08,97.00,106.62,67.29,-0.14,-0.25,-0.16,-0.21
1782330162.902,90.00,43.49,133.24,93.00,109.07,107.46,97.00,17.89,98.40,97.00,102.46,69.31,-0.15,-0.25,-0.16,-0.22
1782330163.014,90.00,46.70,130.73,93.00,109.64,107.94,97.00,17.77,97.53,97.00,98.01,72.45,-0.17,-0.24,-0.16,-0.23
1782330163.127,90.00,48.05,129.11,93.00,113.48,106.59,97.00,15.66,97.87,97.00,95.65,74.46,-0.17,-0.24,-0.15,-0.23
1782330163.240,90.00,47.79,128.07,93.00,122.63,101.48,97.00,14.09,98.94,97.00,96.78,74.38,-0.17,-0.22,-0.15,-0.23
1782330163.352,90.00,46.30,127.18,93.00,129.82,96.26,97.00,13.45,100.76,97.00,97.23,75.68,-0.17,-0.21,-0.14,-0.23
1782330163.464,90.00,43.24,126.73,93.00,136.40,90.78,97.00,14.67,103.20,97.00,96.25,78.79,-0.17,-0.19,-0.14,-0.24
1782330163.575,90.00,39.48,125.74,93.00,140.06,86.06,97.00,15.45,106.45,97.00,94.91,82.54,-0.16,-0.17,-0.14,-0.24
1782330163.687,90.00,37.84,121.90,93.00,139.37,82.46,97.00,14.27,110.70,97.00,98.53,83.37,-0.16,-0.17,-0.13,-0.24
1782330163.798,90.00,35.60,118.17,93.00,138.01,78.62,97.00,14.91,115.38,97.00,101.24,85.19,-0.17,-0.17,-0.13,-0.24
1782330163.910,90.00,33.27,114.30,93.00,136.36,74.54,97.00,17.63,120.23,97.00,103.73,87.42,-0.17,-0.17,-0.12,-0.24
1782330164.022,90.00,30.68,110.56,93.00,133.05,71.29,97.00,20.70,125.25,97.00,105.47,90.20,-0.17,-0.17,-0.12,-0.24
1782330164.134,90.00,24.96,108.25,93.00,131.64,66.87,97.00,26.95,128.52,97.00,101.43,95.95,-0.16,-0.17,-0.13,-0.24
1782330164.246,90.00,23.85,104.23,93.00,125.35,66.70,97.00,29.42,133.26,97.00,104.45,97.72,-0.16,-0.18,-0.13,-0.24
1782330164.364,90.00,19.49,101.67,93.00,121.87,65.21,97.00,34.60,134.90,97.00,100.45,101.93,-0.15,-0.18,-0.14,-0.25
1782330164.476,90.00,18.18,98.83,93.00,118.38,64.70,97.00,39.53,134.94,97.00,101.18,103.80,-0.15,-0.19,-0.15,-0.25
1782330164.588,90.00,15.99,96.87,93.00,115.25,64.94,97.00,44.34,133.27,97.00,98.68,105.52,-0.15,-0.19,-0.16,-0.25
1782330164.699,90.00,15.52,95.44,93.00,111.83,66.60,97.00,48.48,130.77,97.00,99.14,106.38,-0.15,-0.20,-0.17,-0.25
1782330164.810,90.00,14.85,94.89,93.00,108.29,69.41,97.00,52.08,127.58,97.00,98.04,106.61,-0.15,-0.21,-0.19,-0.25
1782330164.922,90.00,10.31,95.48,93.00,107.35,70.61,97.00,52.36,126.93,97.00,103.26,106.18,-0.14,-0.21,-0.19,-0.25
1782330165.033,90.00,9.76,96.63,93.00,103.14,75.63,97.00,48.19,130.00,97.00,114.85,100.53,-0.14,-0.23,-0.17,-0.23
1782330165.149,90.00,9.03,98.63,93.00,89.86,85.74,97.00,40.39,135.85,97.00,121.82,95.17,-0.13,-0.25,-0.15,-0.21
1782330165.259,90.00,11.75,101.38,93.00,77.75,81.25,97.00,34.73,137.27,97.00,129.53,88.77,-0.13,-0.26,-0.13,-0.19
1782330165.371,90.00,6.89,104.96,93.00,79.10,82.92,97.00,32.34,133.58,97.00,127.05,86.68,-0.12,-0.26,-0.14,-0.19
1782330165.482,90.00,9.11,109.34,93.00,96.96,90.06,97.00,33.64,126.57,97.00,129.06,81.75,-0.12,-0.25,-0.15,-0.18
1782330165.594,90.00,10.02,114.32,93.00,100.59,91.56,97.00,31.49,122.30,97.00,127.25,78.29,-0.11,-0.25,-0.15,-0.18
1782330165.706,90.00,16.03,119.30,93.00,100.93,94.73,97.00,27.95,118.69,97.00,128.07,72.95,-0.12,-0.25,-0.15,-0.18
1782330165.818,90.00,18.69,124.84,93.00,103.62,96.88,97.00,25.76,114.40,97.00,123.67,70.73,-0.11,-0.25,-0.15,-0.18
1782330165.930,90.00,24.27,129.03,93.00,103.97,99.87,97.00,22.85,110.65,97.00,121.07,67.62,-0.12,-0.25,-0.15,-0.18
1782330166.042,90.00,30.49,131.29,93.00,107.35,101.49,97.00,21.96,106.65,97.00,118.79,64.66,-0.13,-0.25,-0.16,-0.18
1782330166.158,90.00,35.26,132.91,93.00,106.12,104.40,97.00,19.27,103.73,97.00,114.82,63.93,-0.14,-0.25,-0.15,-0.19
1782330166.269,90.00,38.93,133.96,93.00,109.93,105.20,97.00,19.70,100.74,97.00,109.75,65.36,-0.14,-0.24,-0.16,-0.20
1782330166.380,90.00,43.25,132.44,93.00,106.48,107.62,97.00,16.93,99.20,97.00,106.14,66.46,-0.16,-0.25,-0.15,-0.21
1782330166.492,90.00,47.26,129.64,93.00,107.68,108.23,97.00,16.92,97.94,97.00,102.71,68.38,-0.17,-0.25,-0.15,-0.21
1782330166.606,90.00,49.95,127.03,93.00,107.22,108.56,97.00,15.88,97.73,97.00,98.61,71.80,-0.18,-0.25,-0.15,-0.22
1782330166.718,90.00,50.25,125.95,93.00,116.39,104.98,97.00,12.71,98.60,97.00,99.85,71.21,-0.18,-0.23,-0.14,-0.22
1782330166.830,90.00,50.95,123.29,93.00,125.88,99.00,97.00,12.62,100.00,97.00,102.83,69.94,-0.19,-0.22,-0.14,-0.22
1782330166.942,90.00,47.93,123.49,93.00,129.93,94.91,97.00,10.33,102.36,97.00,101.94,73.07,-0.18,-0.20,-0.13,-0.22
1782330167.054,90.00,46.18,121.34,93.00,133.49,90.36,97.00,9.80,105.42,97.00,103.71,74.54,-0.18,-0.19,-0.13,-0.22
1782330167.172,90.00,40.15,122.15,93.00,139.61,84.05,97.00,14.41,108.89,97.00,99.89,80.97,-0.17,-0.17,-0.14,-0.23
1782330167.283,90.00,36.64,119.68,93.00,137.87,80.60,97.00,13.61,113.48,97.00,100.28,84.28,-0.16,-0.17,-0.13,-0.24
1782330167.396,90.00,35.42,115.15,93.00,136.59,76.51,97.00,15.77,118.32,97.00,104.57,85.23,-0.17,-0.17,-0.12,-0.23
1782330167.512,90.00,33.14,111.33,93.00,134.20,72.76,97.00,18.99,123.29,97.00,106.87,87.70,-0.17,-0.17,-0.12,-0.23
1782330167.625,90.00,31.54,107.27,93.00,130.61,69.84,97.00,22.73,128.12,97.00,109.70,89.85,-0.17,-0.17,-0.12,-0.23
1782330167.737,90.00,30.42,103.33,93.00,126.97,67.43,97.00,27.42,131.99,97.00,112.49,91.90,-0.18,-0.18,-0.13,-0.23
1782330167.852,90.00,29.99,99.59,93.00,123.58,65.48,97.00,32.68,134.22,97.00,115.43,93.61,-0.18,-0.18,-0.13,-0.22
1782330167.963,90.00,26.70,97.59,93.00,120.22,64.40,97.00,37.83,134.77,97.00,113.96,97.33,-0.17,-0.18,-0.15,-0.23
1782330168.076,90.00,21.21,96.68,93.00,113.92,67.35,97.00,40.40,136.45,97.00,108.15,102.42,-0.16,-0.20,-0.15,-0.24
1782330168.187,90.00,19.09,95.33,93.00,109.32,69.72,97.00,43.91,135.41,97.00,106.16,104.66,-0.16,-0.21,-0.16,-0.24
1782330168.299,90.00,18.78,94.40,93.00,106.53,71.29,97.00,48.22,131.80,97.00,106.46,105.30,-0.16,-0.22,-0.17,-0.24
1782330168.411,90.00,18.83,94.27,93.00,105.54,72.09,97.00,51.23,128.49,97.00,111.80,103.16,-0.16,-0.22,-0.18,-0.23
1782330168.530,90.00,18.52,95.10,93.00,105.87,72.61,97.00,50.63,128.08,97.00,121.88,97.46,-0.16,-0.22,-0.18,-0.21
1782330168.641,90.00,16.69,97.07,93.00,106.85,73.43,97.00,49.60,126.97,97.00,127.52,93.20,-0.15,-0.22,-0.18,-0.20
1782330168.754,90.00,16.40,99.59,93.00,108.03,74.92,97.00,47.91,125.47,97.00,132.65,88.59,-0.15,-0.22,-0.18,-0.18
1782330168.864,90.00,14.65,103.10,93.00,111.16,75.47,97.00,47.05,122.29,97.00,134.04,84.91,-0.14,-0.22,-0.19,-0.18
1782330168.976,90.00,13.41,107.25,93.00,112.86,77.87,97.00,44.62,119.89,97.00,133.60,81.31,-0.13,-0.22,-0.19,-0.17
1782330169.087,90.00,13.34,111.95,93.00,114.48,80.76,97.00,41.86,117.21,97.00,131.87,77.76,-0.12,-0.22,-0.18,-0.17
1782330169.199,90.00,15.71,116.95,93.00,116.07,83.89,97.00,39.04,114.22,97.00,130.11,73.86,-0.12,-0.22,-0.18,-0.17
1782330169.311,90.00,19.14,122.03,93.00,118.53,86.49,97.00,37.10,110.54,97.00,127.33,70.40,-0.12,-0.22,-0.18,-0.17
1782330169.423,90.00,23.16,126.83,93.00,119.42,90.03,97.00,34.21,107.53,97.00,123.59,67.79,-0.12,-0.22,-0.18,-0.18
1782330169.535,90.00,29.06,129.73,93.00,119.82,93.56,97.00,31.39,104.67,97.00,121.11,64.67,-0.13,-0.22,-0.18,-0.18
1782330169.646,90.00,34.07,131.69,93.00,121.96,95.66,97.00,30.54,101.32,97.00,117.43,63.23,-0.14,-0.22,-0.18,-0.18
1782330169.757,90.00,39.35,131.56,93.00,122.65,98.07,97.00,29.08,98.85,97.00,114.33,62.19,-0.15,-0.22,-0.18,-0.18
1782330169.870,90.00,43.41,130.96,93.00,124.52,99.24,97.00,29.17,96.46,97.00,110.19,63.31,-0.16,-0.22,-0.18,-0.19
1782330169.981,90.00,45.47,131.13,93.00,123.92,100.99,97.00,27.75,95.44,97.00,103.88,67.71,-0.16,-0.22,-0.18,-0.21
1782330170.092,90.00,48.94,128.15,93.00,124.72,101.25,97.00,27.99,94.63,97.00,100.02,70.56,-0.17,-0.22,-0.18,-0.22
1782330170.563,90.00,48.03,129.15,93.00,124.13,101.51,97.00,23.50,96.14,97.00,95.60,74.49,-0.17,-0.22,-0.17,-0.23
1782330170.676,90.00,46.42,129.75,93.00,137.28,94.56,97.00,27.36,95.72,97.00,94.20,76.42,-0.17,-0.19,-0.18,-0.24
1782330170.787,90.00,44.49,129.31,93.00,129.11,96.67,97.00,13.00,100.73,97.00,93.73,78.32,-0.16,-0.21,-0.14,-0.24
1782330170.898,90.00,38.07,132.38,93.00,137.64,90.34,97.00,16.01,102.92,97.00,82.27,85.25,-0.14,-0.18,-0.15,-0.26
1782330171.009,90.00,39.92,125.49,93.00,145.07,84.40,97.00,20.53,105.28,97.00,95.59,81.99,-0.16,-0.16,-0.15,-0.24
1782330171.121,90.00,34.60,124.69,93.00,138.18,83.12,97.00,13.03,110.69,97.00,91.44,87.33,-0.15,-0.18,-0.13,-0.25
1782330171.233,90.00,32.03,120.80,93.00,141.05,77.39,97.00,17.90,114.63,97.00,94.09,89.21,-0.15,-0.16,-0.13,-0.25
1782330171.343,90.00,29.39,116.72,93.00,138.92,73.36,97.00,20.04,119.38,97.00,96.49,91.41,-0.15,-0.16,-0.13,-0.25
1782330171.455,90.00,26.10,112.93,93.00,133.98,70.86,97.00,21.38,124.80,97.00,97.06,94.47,-0.15,-0.17,-0.13,-0.25
1782330171.567,90.00,23.94,108.78,93.00,133.81,65.48,97.00,28.75,127.20,97.00,99.27,96.78,-0.15,-0.16,-0.14,-0.25
1782330171.678,90.00,20.95,105.26,93.00,124.75,67.37,97.00,28.66,133.64,97.00,98.73,99.84,-0.15,-0.18,-0.13,-0.25
1782330171.790,90.00,16.93,102.31,93.00,125.52,61.90,97.00,37.49,131.90,97.00,93.75,102.13,-0.15,-0.17,-0.15,-0.26
1782330171.901,90.00,17.81,98.99,93.00,118.53,64.67,97.00,39.40,134.93,97.00,100.26,103.93,-0.15,-0.19,-0.15,-0.25
1782330172.012,90.00,15.75,96.97,93.00,116.27,63.95,97.00,44.96,132.45,97.00,97.97,105.46,-0.15,-0.19,-0.16,-0.25
1782330172.128,90.00,14.60,95.59,93.00,112.89,65.55,97.00,49.15,129.95,97.00,96.48,105.94,-0.15,-0.20,-0.18,-0.25
1782330172.239,90.00,14.11,94.98,93.00,110.96,66.73,97.00,54.19,125.27,97.00,95.70,105.94,-0.15,-0.20,-0.19,-0.25
1782330172.455,90.00,16.26,94.67,93.00,110.65,67.02,97.00,55.22,124.20,97.00,101.59,106.65,-0.15,-0.20,-0.20,-0.25
1782330172.567,90.00,12.99,95.46,93.00,109.90,68.25,97.00,54.37,124.59,97.00,110.31,103.56,-0.15,-0.21,-0.19,-0.24
1782330172.680,90.00,12.17,96.81,93.00,111.26,68.39,97.00,54.12,123.24,97.00,119.35,97.98,-0.14,-0.21,-0.20,-0.22
1782330172.791,90.00,10.18,99.04,93.00,112.76,69.38,97.00,53.07,121.72,97.00,124.08,93.63,-0.13,-0.20,-0.20,-0.21
1782330172.902,90.00,9.80,102.00,93.00,115.22,70.36,97.00,52.16,119.22,97.00,128.12,88.93,-0.13,-0.20,-0.20,-0.19
1782330173.015,90.00,10.46,105.69,93.00,117.84,71.99,97.00,50.82,116.45,97.00,130.68,84.28,-0.13,-0.20,-0.20,-0.18
1782330173.128,90.00,11.23,110.09,93.00,119.74,74.82,97.00,48.37,114.09,97.00,130.82,80.14,-0.12,-0.20,-0.20,-0.18
1782330173.241,90.00,11.99,115.14,93.00,120.91,78.51,97.00,45.08,111.97,97.00,128.45,76.82,-0.11,-0.20,-0.20,-0.18
1782330173.352,90.00,17.47,119.97,93.00,124.66,80.50,97.00,44.43,107.76,97.00,128.46,71.85,-0.12,-0.20,-0.20,-0.17
1782330173.464,90.00,20.75,125.18,93.00,125.99,84.16,97.00,41.66,105.05,97.00,124.50,69.28,-0.12,-0.20,-0.20,-0.18
1782330173.577,90.00,26.34,128.89,93.00,128.22,87.05,97.00,40.25,101.68,97.00,121.88,66.13,-0.12,-0.20,-0.20,-0.18
1782330173.691,90.00,30.12,132.71,93.00,130.84,89.41,97.00,39.82,98.17,97.00,116.64,65.79,-0.13,-0.20,-0.20,-0.19
1782330173.803,90.00,35.26,133.87,93.00,131.25,92.44,97.00,37.74,96.06,97.00,113.12,64.91,-0.14,-0.20,-0.20,-0.19
1782330173.915,90.00,38.28,135.50,93.00,132.65,94.34,97.00,37.30,93.73,97.00,107.06,67.50,-0.14,-0.20,-0.20,-0.21
1782330174.027,90.00,40.59,136.33,93.00,131.43,96.74,97.00,34.84,93.06,97.00,100.07,71.89,-0.14,-0.20,-0.20,-0.22
1782330174.141,90.00,44.33,133.49,93.00,130.63,98.16,97.00,33.39,92.66,97.00,96.21,74.13,-0.16,-0.21,-0.20,-0.23
1782330174.252,90.00,45.72,132.11,93.00,130.15,98.59,97.00,30.58,93.62,97.00,90.78,78.11,-0.16,-0.21,-0.19,-0.24
1782330174.365,90.00,45.82,130.88,93.00,133.90,96.25,97.00,25.75,96.02,97.00,92.47,77.49,-0.16,-0.20,-0.18,-0.24
1782330174.485,90.00,44.77,129.68,93.00,138.31,92.93,97.00,22.96,98.39,97.00,93.41,78.16,-0.16,-0.19,-0.17,-0.24
1782330174.596,90.00,40.17,131.09,93.00,142.02,89.25,97.00,21.24,101.20,97.00,87.69,83.49,-0.15,-0.17,-0.16,-0.25
1782330174.711,90.00,35.67,130.69,93.00,140.82,86.63,97.00,16.70,105.34,97.00,81.46,86.38,-0.14,-0.17,-0.15,-0.26
1782330174.823,90.00,33.46,126.86,93.00,146.39,80.95,97.00,21.24,108.16,97.00,85.78,88.39,-0.15,-0.15,-0.15,-0.26
1782330174.936,90.00,30.92,122.80,93.00,141.36,78.29,97.00,17.59,113.63,97.00,89.14,90.30,-0.15,-0.16,-0.14,-0.25
1782330175.047,90.00,27.63,118.90,93.00,141.76,73.15,97.00,21.79,117.61,97.00,90.20,92.78,-0.15,-0.15,-0.14,-0.26
1782330175.161,90.00,23.90,115.01,93.00,137.06,70.17,97.00,22.92,122.87,97.00,89.39,95.24,-0.14,-0.16,-0.13,-0.26
1782330175.273,90.00,21.84,110.55,93.00,133.69,66.77,97.00,26.94,126.96,97.00,92.74,97.68,-0.15,-0.16,-0.14,-0.26
1782330175.385,90.00,19.54,106.56,93.00,130.82,63.40,97.00,32.30,129.47,97.00,93.91,99.95,-0.15,-0.16,-0.14,-0.26
1782330175.497,90.00,14.72,103.44,93.00,124.32,64.03,97.00,34.66,133.40,97.00,85.15,94.70,-0.14,-0.18,-0.14,-0.26
