Timestamp,Joint_0,Joint_1,Joint_2,Joint_3,Joint_4,Joint_5,Joint_6,Joint_7,Joint_8,Joint_9,Joint_10,Joint_11
2026-06-06 18:23:50.008,75,90,90,90,90,90,90,90,90,90,90,90
2026-06-06 18:23:50.009,75,93,90,90,90,90,90,90,90,90,90,90
2026-06-06 18:23:50.009,75,93,132,90,90,90,90,90,90,90,90,90
2026-06-06 18:23:50.010,75,93,132,128,90,45,81,93,135,72,83,45
2026-06-06 18:23:50.039,75,90,132,128,90,45,81,93,135,72,83,45
2026-06-06 18:23:50.040,75,90,128,128,90,45,81,93,135,72,83,45
2026-06-06 18:23:50.041,75,90,128,128,93,49,81,90,131,72,86,49
2026-06-06 18:23:50.077,75,87,128,128,93,49,81,90,131,72,86,49
2026-06-06 18:23:50.077,75,87,124,128,93,49,81,90,131,72,86,49
2026-06-06 18:23:50.077,75,87,124,128,96,53,81,87,127,72,89,53
2026-06-06 18:23:50.107,75,84,124,128,96,53,81,87,127,72,89,53
2026-06-06 18:23:50.107,75,84,121,128,96,53,81,87,127,72,89,53
2026-06-06 18:23:50.108,75,84,121,128,99,56,81,84,124,72,92,56
2026-06-06 18:23:50.141,75,81,121,128,99,56,81,84,124,72,92,56
2026-06-06 18:23:50.142,75,81,117,128,99,56,81,84,124,72,92,56
2026-06-06 18:23:50.142,75,81,117,128,102,60,81,81,120,72,95,60
2026-06-06 18:23:50.175,75,78,117,128,102,60,81,81,120,72,95,60
2026-06-06 18:23:50.176,75,78,113,128,102,60,81,81,120,72,95,60
2026-06-06 18:23:50.176,75,78,113,128,105,64,81,78,116,72,98,64
2026-06-06 18:23:50.207,75,75,113,128,105,64,81,78,116,72,98,64
2026-06-06 18:23:50.208,75,75,109,128,105,64,81,78,116,72,98,64
2026-06-06 18:23:50.209,75,75,109,128,108,68,81,75,112,72,101,68
2026-06-06 18:23:50.241,75,72,109,128,108,68,81,75,112,72,101,68
2026-06-06 18:23:50.241,75,72,105,128,108,68,81,75,112,72,101,68
2026-06-06 18:23:50.242,75,72,105,128,111,72,81,72,108,72,104,72
2026-06-06 18:23:50.274,75,69,105,128,111,72,81,72,108,72,104,72
2026-06-06 18:23:50.274,75,69,101,128,111,72,81,72,108,72,104,72
2026-06-06 18:23:50.275,75,69,101,128,114,76,81,69,104,72,107,76
2026-06-06 18:23:50.308,75,66,101,128,114,76,81,69,104,72,107,76
2026-06-06 18:23:50.309,75,66,97,128,114,76,81,69,104,72,107,76
2026-06-06 18:23:50.309,75,66,97,128,117,80,81,66,100,72,110,80
2026-06-06 18:23:50.342,75,63,97,128,117,80,81,66,100,72,110,80
2026-06-06 18:23:50.342,75,63,94,128,117,80,81,66,100,72,110,80
2026-06-06 18:23:50.343,75,63,94,128,120,83,81,63,97,72,113,83
2026-06-06 18:23:50.373,75,60,94,128,120,83,81,63,97,72,113,83
2026-06-06 18:23:50.374,75,60,90,128,120,83,81,63,97,72,113,83
2026-06-06 18:23:50.374,75,60,90,128,123,87,81,60,93,72,116,87
2026-06-06 18:23:50.408,75,57,90,128,123,87,81,60,93,72,116,87
2026-06-06 18:23:50.409,75,57,86,128,123,87,81,60,93,72,116,87
2026-06-06 18:23:50.410,75,57,86,128,126,91,81,57,89,72,119,91
2026-06-06 18:23:50.442,75,54,86,128,126,91,81,57,89,72,119,91
2026-06-06 18:23:50.442,75,54,82,128,126,91,81,57,89,72,119,91
2026-06-06 18:23:50.442,75,54,82,128,129,95,81,54,85,72,122,95
2026-06-06 18:23:50.475,75,51,82,128,129,95,81,54,85,72,122,95
2026-06-06 18:23:50.476,75,51,78,128,129,95,81,54,85,72,122,95
2026-06-06 18:23:50.476,75,51,78,128,132,99,81,51,81,72,125,99
2026-06-06 18:23:50.507,75,48,78,128,132,99,81,51,81,72,125,99
2026-06-06 18:23:50.508,75,48,75,128,132,99,81,51,81,72,125,99
2026-06-06 18:23:50.508,75,48,75,128,135,102,81,48,78,72,128,102
2026-06-06 18:23:50.542,75,45,75,128,135,102,81,48,78,72,128,102
2026-06-06 18:23:50.542,75,45,71,128,135,102,81,48,78,72,128,102
2026-06-06 18:23:50.543,75,45,71,128,138,106,81,45,74,72,131,106
2026-06-06 18:23:50.575,75,42,71,128,138,106,81,45,74,72,131,106
2026-06-06 18:23:50.576,75,42,67,128,138,106,81,45,74,72,131,106
2026-06-06 18:23:50.576,75,42,67,128,141,110,81,42,70,72,134,110
2026-06-06 18:23:50.608,75,39,67,128,141,110,81,42,70,72,134,110
2026-06-06 18:23:50.608,75,39,63,128,141,110,81,42,70,72,134,110
2026-06-06 18:23:50.609,75,39,63,128,144,114,81,39,66,72,137,114
2026-06-06 18:23:50.639,75,36,63,128,144,114,81,39,66,72,137,114
2026-06-06 18:23:50.640,75,36,59,128,144,114,81,39,66,72,137,114
2026-06-06 18:23:50.640,75,36,59,128,147,118,81,36,62,72,140,118
2026-06-06 18:23:50.676,75,33,59,128,147,118,81,36,62,72,140,118
2026-06-06 18:23:50.676,75,33,55,128,147,118,81,36,62,72,140,118
2026-06-06 18:23:50.677,75,33,55,128,150,122,81,33,58,72,143,122
2026-06-06 18:23:50.707,75,30,55,128,150,122,81,33,58,72,143,122
2026-06-06 18:23:50.708,75,30,51,128,150,122,81,33,58,72,143,122
2026-06-06 18:23:50.709,75,30,51,128,153,126,81,30,54,72,146,126
2026-06-06 18:23:50.741,75,27,51,128,153,126,81,30,54,72,146,126
2026-06-06 18:23:50.742,75,27,48,128,153,126,81,30,54,72,146,126
2026-06-06 18:23:50.742,75,27,48,128,156,129,81,27,51,72,149,129
2026-06-06 18:23:50.775,75,24,48,128,156,129,81,27,51,72,149,129
2026-06-06 18:23:50.776,75,24,44,128,156,129,81,27,51,72,149,129
2026-06-06 18:23:50.776,75,24,44,128,159,133,81,24,47,72,152,133
2026-06-06 18:23:50.809,75,21,44,128,159,133,81,24,47,72,152,133
2026-06-06 18:23:50.810,75,21,40,128,159,133,81,24,47,72,152,133
2026-06-06 18:23:50.810,75,21,40,128,162,137,81,21,43,72,155,137
2026-06-06 18:23:50.840,75,18,40,128,162,137,81,21,43,72,155,137
2026-06-06 18:23:50.840,75,18,36,128,162,137,81,21,43,72,155,137
2026-06-06 18:23:50.841,75,18,36,128,165,141,81,18,39,72,158,141
2026-06-06 18:23:50.876,75,15,36,128,165,141,81,18,39,72,158,141
2026-06-06 18:23:50.877,75,15,32,128,165,141,81,18,39,72,158,141
2026-06-06 18:23:50.877,75,15,32,128,168,145,81,15,35,72,161,145
2026-06-06 18:23:50.908,75,12,32,128,168,145,81,15,35,72,161,145
2026-06-06 18:23:50.909,75,12,28,128,168,145,81,15,35,72,161,145
2026-06-06 18:23:50.909,75,12,28,128,171,149,81,12,31,72,164,149
2026-06-06 18:23:50.941,75,9,28,128,171,149,81,12,31,72,164,149
2026-06-06 18:23:50.942,75,9,25,128,171,149,81,12,31,72,164,149
2026-06-06 18:23:50.942,75,9,25,128,174,152,81,9,28,72,167,152
2026-06-06 18:23:50.975,75,6,25,128,174,152,81,9,28,72,167,152
2026-06-06 18:23:50.976,75,6,21,128,174,152,81,9,28,72,167,152
2026-06-06 18:23:50.976,75,6,21,128,177,156,81,6,24,72,170,156
2026-06-06 18:23:51.007,75,3,21,128,177,156,81,6,24,72,170,156
2026-06-06 18:23:51.008,75,3,17,128,177,156,81,6,24,72,170,156
2026-06-06 18:23:51.009,75,3,17,128,180,160,81,3,20,72,173,160
2026-06-06 18:23:54.090,75,6,17,128,180,160,81,3,20,72,173,160
2026-06-06 18:23:54.090,75,6,20,128,180,160,81,3,20,72,173,160
2026-06-06 18:23:54.091,75,6,20,128,177,157,81,6,23,72,170,157
2026-06-06 18:23:54.126,75,9,20,128,177,157,81,6,23,72,170,157
2026-06-06 18:23:54.127,75,9,25,128,177,157,81,6,23,72,170,157
2026-06-06 18:23:54.127,75,9,25,128,174,152,81,9,28,72,167,152
2026-06-06 18:23:54.156,75,12,25,128,174,152,81,9,28,72,167,152
2026-06-06 18:23:54.156,75,12,28,128,174,152,81,9,28,72,167,152
2026-06-06 18:23:54.157,75,12,28,128,171,149,81,12,31,72,164,149
2026-06-06 18:23:54.191,75,15,28,128,171,149,81,12,31,72,164,149
2026-06-06 18:23:54.192,75,15,32,128,171,149,81,12,31,72,164,149
2026-06-06 18:23:54.192,75,15,32,128,168,145,81,15,35,72,161,145
2026-06-06 18:23:54.225,75,18,32,128,168,145,81,15,35,72,161,145
2026-06-06 18:23:54.226,75,18,36,128,168,145,81,15,35,72,161,145
2026-06-06 18:23:54.226,75,18,36,128,165,141,81,18,39,72,158,141
2026-06-06 18:23:54.257,75,21,36,128,165,141,81,18,39,72,158,141
2026-06-06 18:23:54.258,75,21,40,128,165,141,81,18,39,72,158,141
2026-06-06 18:23:54.259,75,21,40,128,162,137,81,21,43,72,155,137
2026-06-06 18:23:54.291,75,24,40,128,162,137,81,21,43,72,155,137
2026-06-06 18:23:54.291,75,24,44,128,162,137,81,21,43,72,155,137
2026-06-06 18:23:54.292,75,24,44,128,159,133,81,24,47,72,152,133
2026-06-06 18:23:54.325,75,27,44,128,159,133,81,24,47,72,152,133
2026-06-06 18:23:54.325,75,27,48,128,159,133,81,24,47,72,152,133
2026-06-06 18:23:54.326,75,27,48,128,156,129,81,27,51,72,149,129
2026-06-06 18:23:54.359,75,30,48,128,156,129,81,27,51,72,149,129
2026-06-06 18:23:54.359,75,30,51,128,156,129,81,27,51,72,149,129
2026-06-06 18:23:54.359,75,30,51,128,153,126,81,30,54,72,146,126
2026-06-06 18:23:54.392,75,33,51,128,153,126,81,30,54,72,146,126
2026-06-06 18:23:54.392,75,33,55,128,153,126,81,30,54,72,146,126
2026-06-06 18:23:54.393,75,33,55,128,150,122,81,33,58,72,143,122
2026-06-06 18:23:54.424,75,36,55,128,150,122,81,33,58,72,143,122
2026-06-06 18:23:54.424,75,36,59,128,150,122,81,33,58,72,143,122
2026-06-06 18:23:54.425,75,36,59,128,147,118,81,36,62,72,140,118
2026-06-06 18:23:54.457,75,39,59,128,147,118,81,36,62,72,140,118
2026-06-06 18:23:54.458,75,39,63,128,147,118,81,36,62,72,140,118
2026-06-06 18:23:54.459,75,39,63,128,144,114,81,39,66,72,137,114
2026-06-06 18:23:54.491,75,42,63,128,144,114,81,39,66,72,137,114
2026-06-06 18:23:54.492,75,42,67,128,144,114,81,39,66,72,137,114
2026-06-06 18:23:54.492,75,42,67,128,141,110,81,42,70,72,134,110
2026-06-06 18:23:54.524,75,45,67,128,141,110,81,42,70,72,134,110
2026-06-06 18:23:54.524,75,45,70,128,141,110,81,42,70,72,134,110
2026-06-06 18:23:54.525,75,45,70,128,138,107,81,45,73,72,131,107
2026-06-06 18:23:54.557,75,48,70,128,138,107,81,45,73,72,131,107
2026-06-06 18:23:54.558,75,48,74,128,138,107,81,45,73,72,131,107
2026-06-06 18:23:54.559,75,48,74,128,135,103,81,48,77,72,128,103
2026-06-06 18:23:54.590,75,51,74,128,135,103,81,48,77,72,128,103
2026-06-06 18:23:54.591,75,51,78,128,135,103,81,48,77,72,128,103
2026-06-06 18:23:54.592,75,51,78,128,132,99,81,51,81,72,125,99
2026-06-06 18:23:54.624,75,54,78,128,132,99,81,51,81,72,125,99
2026-06-06 18:23:54.625,75,54,82,128,132,99,81,51,81,72,125,99
2026-06-06 18:23:54.626,75,54,82,128,129,95,81,54,85,72,122,95
2026-06-06 18:23:54.658,75,57,82,128,129,95,81,54,85,72,122,95
2026-06-06 18:23:54.659,75,57,86,128,129,95,81,54,85,72,122,95
2026-06-06 18:23:54.660,75,57,86,128,126,91,81,57,89,72,119,91
2026-06-06 18:23:54.691,75,60,86,128,126,91,81,57,89,72,119,91
2026-06-06 18:23:54.691,75,60,90,128,126,91,81,57,89,72,119,91
2026-06-06 18:23:54.692,75,60,90,128,123,87,81,60,93,72,116,87
2026-06-06 18:23:54.726,75,63,90,128,123,87,81,60,93,72,116,87
2026-06-06 18:23:54.726,75,63,94,128,123,87,81,60,93,72,116,87
2026-06-06 18:23:54.727,75,63,94,128,120,83,81,63,97,72,113,83
2026-06-06 18:23:54.757,75,66,94,128,120,83,81,63,97,72,113,83
2026-06-06 18:23:54.758,75,66,97,128,120,83,81,63,97,72,113,83
2026-06-06 18:23:54.759,75,66,97,128,117,80,81,66,100,72,110,80
2026-06-06 18:23:54.791,75,69,97,128,117,80,81,66,100,72,110,80
2026-06-06 18:23:54.792,75,69,101,128,117,80,81,66,100,72,110,80
2026-06-06 18:23:54.792,75,69,101,128,114,76,81,69,104,72,107,76
2026-06-06 18:23:54.824,75,72,101,128,114,76,81,69,104,72,107,76
2026-06-06 18:23:54.824,75,72,105,128,114,76,81,69,104,72,107,76
2026-06-06 18:23:54.825,75,72,105,128,111,72,81,72,108,72,104,72
2026-06-06 18:23:54.858,75,75,105,128,111,72,81,72,108,72,104,72
2026-06-06 18:23:54.858,75,75,109,128,111,72,81,72,108,72,104,72
2026-06-06 18:23:54.859,75,75,109,128,108,68,81,75,112,72,101,68
2026-06-06 18:23:54.890,75,78,109,128,108,68,81,75,112,72,101,68
2026-06-06 18:23:54.890,75,78,113,128,108,68,81,75,112,72,101,68
2026-06-06 18:23:54.891,75,78,113,128,105,64,81,78,116,72,98,64
2026-06-06 18:23:54.924,75,81,113,128,105,64,81,78,116,72,98,64
2026-06-06 18:23:54.924,75,81,116,128,105,64,81,78,116,72,98,64
2026-06-06 18:23:54.925,75,81,116,128,102,61,81,81,119,72,95,61
2026-06-06 18:23:54.958,75,84,116,128,102,61,81,81,119,72,95,61
2026-06-06 18:23:54.959,75,84,120,128,102,61,81,81,119,72,95,61
2026-06-06 18:23:54.959,75,84,120,128,99,57,81,84,123,72,92,57
2026-06-06 18:23:54.993,75,87,120,128,99,57,81,84,123,72,92,57
2026-06-06 18:23:54.994,75,87,124,128,99,57,81,84,123,72,92,57
2026-06-06 18:23:54.994,75,87,124,128,96,53,81,87,127,72,89,53
2026-06-06 18:23:55.025,75,90,124,128,96,53,81,87,127,72,89,53
2026-06-06 18:23:55.025,75,90,128,128,96,53,81,87,127,72,89,53
2026-06-06 18:23:55.027,75,90,128,128,93,49,81,90,131,72,86,49
2026-06-06 18:23:55.058,75,93,128,128,93,49,81,90,131,72,86,49
2026-06-06 18:23:55.058,75,93,132,128,93,49,81,90,131,72,86,49
2026-06-06 18:23:55.059,75,93,132,128,90,45,81,93,135,72,83,45
2026-06-06 18:24:02.066,75,94,132,128,90,45,81,93,135,72,83,45
2026-06-06 18:24:02.092,75,92,132,128,90,45,81,93,135,72,83,45
2026-06-06 18:24:02.116,75,89,132,128,90,45,81,93,135,72,83,45
2026-06-06 18:24:02.142,75,87,132,128,90,45,81,93,135,72,83,45
2026-06-06 18:24:02.166,75,83,132,128,90,45,81,93,135,72,83,45
2026-06-06 18:24:02.192,75,80,132,128,90,45,81,93,135,72,83,45
2026-06-06 18:24:02.219,75,77,132,128,90,45,81,93,135,72,83,45
2026-06-06 18:24:02.243,75,73,132,128,90,45,81,93,135,72,83,45
2026-06-06 18:24:02.269,75,70,132,128,90,45,81,93,135,72,83,45
2026-06-06 18:24:02.307,75,68,132,128,90,45,81,93,135,72,83,45
2026-06-06 18:24:02.341,75,67,132,128,90,45,81,93,135,72,83,45
2026-06-06 18:24:02.526,75,66,132,128,90,45,81,93,135,72,83,45
2026-06-06 18:24:02.552,75,64,132,128,90,45,81,93,135,72,83,45
2026-06-06 18:24:02.591,75,63,132,128,90,45,81,93,135,72,83,45
2026-06-06 18:24:02.620,75,64,132,128,90,45,81,93,135,72,83,45
2026-06-06 18:24:02.646,75,66,132,128,90,45,81,93,135,72,83,45
2026-06-06 18:24:02.671,75,70,132,128,90,45,81,93,135,72,83,45
2026-06-06 18:24:02.695,75,80,132,128,90,45,81,93,135,72,83,45
2026-06-06 18:24:02.721,75,88,132,128,90,45,81,93,135,72,83,45
2026-06-06 18:24:02.748,75,92,132,128,90,45,81,93,135,72,83,45
2026-06-06 18:24:02.773,75,96,132,128,90,45,81,93,135,72,83,45
2026-06-06 18:24:02.798,75,99,132,128,90,45,81,93,135,72,83,45
2026-06-06 18:24:02.823,75,106,132,128,90,45,81,93,135,72,83,45
2026-06-06 18:24:02.849,75,111,132,128,90,45,81,93,135,72,83,45
2026-06-06 18:24:02.874,75,113,132,128,90,45,81,93,135,72,83,45
2026-06-06 18:24:02.907,75,114,132,128,90,45,81,93,135,72,83,45
2026-06-06 18:24:02.943,75,113,132,128,90,45,81,93,135,72,83,45
2026-06-06 18:24:02.968,75,112,132,128,90,45,81,93,135,72,83,45
2026-06-06 18:24:02.992,75,105,132,128,90,45,81,93,135,72,83,45
2026-06-06 18:24:03.017,75,97,132,128,90,45,81,93,135,72,83,45
2026-06-06 18:24:03.041,75,90,132,128,90,45,81,93,135,72,83,45
2026-06-06 18:24:03.066,75,84,132,128,90,45,81,93,135,72,83,45
2026-06-06 18:24:03.092,75,79,132,128,90,45,81,93,135,72,83,45
2026-06-06 18:24:03.116,75,74,132,128,90,45,81,93,135,72,83,45
2026-06-06 18:24:03.141,75,73,132,128,90,45,81,93,135,72,83,45
2026-06-06 18:24:03.204,75,74,132,128,90,45,81,93,135,72,83,45
2026-06-06 18:24:03.229,75,75,132,128,90,45,81,93,135,72,83,45
2026-06-06 18:24:03.254,75,77,132,128,90,45,81,93,135,72,83,45
2026-06-06 18:24:03.278,75,79,132,128,90,45,81,93,135,72,83,45
2026-06-06 18:24:03.304,75,82,132,128,90,45,81,93,135,72,83,45
2026-06-06 18:24:03.329,75,90,132,128,90,45,81,93,135,72,83,45
2026-06-06 18:24:03.354,75,99,132,128,90,45,81,93,135,72,83,45
2026-06-06 18:24:03.378,75,106,132,128,90,45,81,93,135,72,83,45
2026-06-06 18:24:03.404,75,108,132,128,90,45,81,93,135,72,83,45
2026-06-06 18:24:03.440,75,109,132,128,90,45,81,93,135,72,83,45
2026-06-06 18:24:03.467,75,108,132,128,90,45,81,93,135,72,83,45
2026-06-06 18:24:03.492,75,107,132,128,90,45,81,93,135,72,83,45
2026-06-06 18:24:03.516,75,104,132,128,90,45,81,93,135,72,83,45
2026-06-06 18:24:03.540,75,101,132,128,90,45,81,93,135,72,83,45
2026-06-06 18:24:03.565,75,98,132,128,90,45,81,93,135,72,83,45
2026-06-06 18:24:03.661,75,99,132,128,90,45,81,93,135,72,83,45
2026-06-06 18:24:03.685,75,100,132,128,90,45,81,93,135,72,83,45
2026-06-06 18:24:03.710,75,102,132,128,90,45,81,93,135,72,83,45
2026-06-06 18:24:03.736,75,106,132,128,90,45,81,93,135,72,83,45
2026-06-06 18:24:03.762,75,113,132,128,90,45,81,93,135,72,83,45
2026-06-06 18:24:03.787,75,124,132,128,90,45,81,93,135,72,83,45
2026-06-06 18:24:03.814,75,130,132,128,90,45,81,93,135,72,83,45
2026-06-06 18:24:03.838,75,137,132,128,90,45,81,93,135,72,83,45
2026-06-06 18:24:03.864,75,142,132,128,90,45,81,93,135,72,83,45
2026-06-06 18:24:03.889,75,146,132,128,90,45,81,93,135,72,83,45
2026-06-06 18:24:03.914,75,150,132,128,90,45,81,93,135,72,83,45
2026-06-06 18:24:03.939,75,153,132,128,90,45,81,93,135,72,83,45
2026-06-06 18:24:03.964,75,157,132,128,90,45,81,93,135,72,83,45
2026-06-06 18:24:03.991,75,159,132,128,90,45,81,93,135,72,83,45
2026-06-06 18:24:04.017,75,160,132,128,90,45,81,93,135,72,83,45
2026-06-06 18:24:04.040,75,159,132,128,90,45,81,93,135,72,83,45
2026-06-06 18:24:04.065,75,158,132,128,90,45,81,93,135,72,83,45
2026-06-06 18:24:04.091,75,149,132,128,90,45,81,93,135,72,83,45
2026-06-06 18:24:04.117,75,137,132,128,90,45,81,93,135,72,83,45
2026-06-06 18:24:04.142,75,129,132,128,90,45,81,93,135,72,83,45
2026-06-06 18:24:04.173,75,124,132,128,90,45,81,93,135,72,83,45
2026-06-06 18:24:04.198,75,111,132,128,90,45,81,93,135,72,83,45
2026-06-06 18:24:04.224,75,103,132,128,90,45,81,93,135,72,83,45
2026-06-06 18:24:04.248,75,96,132,128,90,45,81,93,135,72,83,45
2026-06-06 18:24:04.275,75,94,132,128,90,45,81,93,135,72,83,45
2026-06-06 18:24:04.301,75,91,132,128,90,45,81,93,135,72,83,45
2026-06-06 18:24:04.327,75,89,132,128,90,45,81,93,135,72,83,45
2026-06-06 18:24:04.351,75,87,132,128,90,45,81,93,135,72,83,45
2026-06-06 18:24:04.377,75,84,132,128,90,45,81,93,135,72,83,45
2026-06-06 18:24:04.402,75,77,132,128,90,45,81,93,135,72,83,45
2026-06-06 18:24:04.427,75,71,132,128,90,45,81,93,135,72,83,45
2026-06-06 18:24:04.452,75,65,132,128,90,45,81,93,135,72,83,45
2026-06-06 18:24:04.477,75,61,132,128,90,45,81,93,135,72,83,45
2026-06-06 18:24:04.502,75,55,132,128,90,45,81,93,135,72,83,45
2026-06-06 18:24:04.527,75,51,132,128,90,45,81,93,135,72,83,45
2026-06-06 18:24:04.551,75,49,132,128,90,45,81,93,135,72,83,45
2026-06-06 18:24:04.576,75,48,132,128,90,45,81,93,135,72,83,45
2026-06-06 18:24:04.638,75,49,132,128,90,45,81,93,135,72,83,45
2026-06-06 18:24:04.662,75,51,132,128,90,45,81,93,135,72,83,45
2026-06-06 18:24:04.687,75,52,132,128,90,45,81,93,135,72,83,45
2026-06-06 18:24:04.712,75,55,132,128,90,45,81,93,135,72,83,45
2026-06-06 18:24:04.738,75,63,132,128,90,45,81,93,135,72,83,45
2026-06-06 18:24:04.763,75,79,132,128,90,45,81,93,135,72,83,45
2026-06-06 18:24:04.788,75,92,132,128,90,45,81,93,135,72,83,45
2026-06-06 18:24:04.813,75,102,132,128,90,45,81,93,135,72,83,45
2026-06-06 18:24:04.838,75,106,132,128,90,45,81,93,135,72,83,45
2026-06-06 18:24:04.864,75,110,132,128,90,45,81,93,135,72,83,45
2026-06-06 18:24:04.888,75,111,132,128,90,45,81,93,135,72,83,45
2026-06-06 18:24:04.924,75,112,132,128,90,45,81,93,135,72,83,45
2026-06-06 18:24:05.007,75,111,132,128,90,45,81,93,135,72,83,45
2026-06-06 18:24:05.032,75,110,132,128,90,45,81,93,135,72,83,45
2026-06-06 18:24:05.057,75,106,132,128,90,45,81,93,135,72,83,45
2026-06-06 18:24:05.082,75,99,132,128,90,45,81,93,135,72,83,45
2026-06-06 18:24:05.106,75,90,132,128,90,45,81,93,135,72,83,45
2026-06-06 18:24:05.131,75,84,132,128,90,45,81,93,135,72,83,45
2026-06-06 18:24:05.156,75,77,132,128,90,45,81,93,135,72,83,45
2026-06-06 18:24:05.180,75,71,132,128,90,45,81,93,135,72,83,45
2026-06-06 18:24:05.205,75,66,132,128,90,45,81,93,135,72,83,45
2026-06-06 18:24:05.232,75,64,132,128,90,45,81,93,135,72,83,45
2026-06-06 18:24:05.257,75,63,132,128,90,45,81,93,135,72,83,45
2026-06-06 18:24:05.284,75,62,132,128,90,45,81,93,135,72,83,45
2026-06-06 18:24:05.310,75,61,132,128,90,45,81,93,135,72,83,45
2026-06-06 18:24:05.359,75,62,132,128,90,45,81,93,135,72,83,45
2026-06-06 18:24:05.389,75,63,132,128,90,45,81,93,135,72,83,45
2026-06-06 18:24:05.414,75,67,132,128,90,45,81,93,135,72,83,45
2026-06-06 18:24:05.440,75,72,132,128,90,45,81,93,135,72,83,45
2026-06-06 18:24:05.464,75,84,132,128,90,45,81,93,135,72,83,45
2026-06-06 18:24:05.488,75,99,132,128,90,45,81,93,135,72,83,45
2026-06-06 18:24:05.513,75,109,132,128,90,45,81,93,135,72,83,45
2026-06-06 18:24:05.538,75,113,132,128,90,45,81,93,135,72,83,45
2026-06-06 18:24:05.566,75,114,132,128,90,45,81,93,135,72,83,45
2026-06-06 18:24:05.675,75,113,132,128,90,45,81,93,135,72,83,45
2026-06-06 18:24:05.703,75,112,132,128,90,45,81,93,135,72,83,45
2026-06-06 18:24:05.727,75,111,132,128,90,45,81,93,135,72,83,45
2026-06-06 18:24:05.753,75,108,132,128,90,45,81,93,135,72,83,45
2026-06-06 18:24:05.778,75,103,132,128,90,45,81,93,135,72,83,45
2026-06-06 18:24:05.804,75,92,132,128,90,45,81,93,135,72,83,45
2026-06-06 18:24:05.829,75,80,132,128,90,45,81,93,135,72,83,45
2026-06-06 18:24:05.853,75,73,132,128,90,45,81,93,135,72,83,45
2026-06-06 18:24:05.880,75,71,132,128,90,45,81,93,135,72,83,45
2026-06-06 18:24:05.905,75,68,132,128,90,45,81,93,135,72,83,45
2026-06-06 18:24:05.941,75,67,132,128,90,45,81,93,135,72,83,45
2026-06-06 18:24:06.023,75,68,132,128,90,45,81,93,135,72,83,45
2026-06-06 18:24:06.050,75,69,132,128,90,45,81,93,135,72,83,45
2026-06-06 18:24:06.077,75,72,132,128,90,45,81,93,135,72,83,45
2026-06-06 18:24:06.101,75,76,132,128,90,45,81,93,135,72,83,45
2026-06-06 18:24:06.126,75,84,132,128,90,45,81,93,135,72,83,45
2026-06-06 18:24:06.151,75,95,132,128,90,45,81,93,135,72,83,45
2026-06-06 18:24:06.175,75,100,132,128,90,45,81,93,135,72,83,45
2026-06-06 18:24:06.207,75,101,132,128,90,45,81,93,135,72,83,45
2026-06-06 18:24:06.302,75,100,132,128,90,45,81,93,135,72,83,45
2026-06-06 18:24:06.325,75,99,132,128,90,45,81,93,135,72,83,45
2026-06-06 18:24:06.395,75,98,132,128,90,45,81,93,135,72,83,45
2026-06-06 18:24:09.222,75,133,132,128,90,45,81,93,135,72,83,45
2026-06-06 18:24:09.223,75,133,137,128,90,45,81,93,135,72,83,45
2026-06-06 18:24:09.223,75,133,137,128,85,80,81,98,100,72,43,40
2026-06-06 18:24:09.249,75,132,137,128,85,80,81,98,100,72,43,40
2026-06-06 18:24:09.249,75,132,136,128,85,80,81,98,100,72,43,40
2026-06-06 18:24:09.249,75,132,136,128,84,75,81,99,105,72,44,41
2026-06-06 18:24:09.299,75,130,136,128,84,75,81,99,105,72,44,41
2026-06-06 18:24:09.299,75,130,134,128,84,75,81,99,105,72,44,41
2026-06-06 18:24:09.299,75,130,134,128,83,66,81,100,114,72,46,43
2026-06-06 18:24:09.344,75,129,134,128,83,66,81,100,114,72,46,43
2026-06-06 18:24:09.344,75,129,132,128,83,66,81,100,114,72,46,43
2026-06-06 18:24:09.344,75,129,132,128,82,58,81,101,122,72,47,45
2026-06-06 18:24:09.366,75,128,131,128,81,55,81,102,125,72,48,46
2026-06-06 18:24:09.392,75,127,131,128,81,55,81,102,125,72,48,46
2026-06-06 18:24:09.394,75,127,130,128,81,55,81,102,125,72,48,46
2026-06-06 18:24:09.394,75,127,130,128,80,50,81,103,130,72,49,47
2026-06-06 18:24:09.425,75,126,130,128,80,50,81,103,130,72,49,47
2026-06-06 18:24:09.426,75,126,129,128,80,50,81,103,130,72,49,47
2026-06-06 18:24:09.426,75,126,129,128,80,46,81,104,134,72,50,48
2026-06-06 18:24:09.460,75,125,129,128,80,46,81,104,134,72,50,48
2026-06-06 18:24:09.460,75,125,128,128,80,46,81,104,134,72,50,48
2026-06-06 18:24:09.461,75,125,128,128,78,42,81,104,138,72,51,50
2026-06-06 18:24:09.493,75,124,128,128,78,42,81,104,138,72,51,50
2026-06-06 18:24:09.493,75,124,126,128,78,42,81,104,138,72,51,50
2026-06-06 18:24:09.494,75,124,126,128,78,38,81,106,142,72,52,51
2026-06-06 18:24:09.525,75,122,126,128,78,38,81,106,142,72,52,51
2026-06-06 18:24:09.527,75,122,125,128,78,38,81,106,142,72,52,51
2026-06-06 18:24:09.527,75,122,125,128,76,34,81,106,146,72,54,52
2026-06-06 18:24:09.559,75,121,125,128,76,34,81,106,146,72,54,52
2026-06-06 18:24:09.559,75,121,124,128,76,34,81,106,146,72,54,52
2026-06-06 18:24:09.561,75,121,124,128,75,31,81,108,149,72,55,54
2026-06-06 18:24:09.591,75,120,124,128,75,31,81,108,149,72,55,54
2026-06-06 18:24:09.591,75,120,122,128,75,31,81,108,149,72,55,54
2026-06-06 18:24:09.592,75,120,122,128,74,28,81,109,152,72,56,55
2026-06-06 18:24:09.626,75,119,122,128,74,28,81,109,152,72,56,55
2026-06-06 18:24:09.627,75,119,121,128,74,28,81,109,152,72,56,55
2026-06-06 18:24:09.627,75,119,121,128,73,25,81,110,155,72,57,56
2026-06-06 18:24:09.658,75,118,121,128,73,25,81,110,155,72,57,56
2026-06-06 18:24:09.660,75,118,120,128,73,25,81,110,155,72,57,56
2026-06-06 18:24:09.660,75,118,120,128,72,23,81,111,157,72,58,58
2026-06-06 18:24:09.691,75,117,120,128,72,23,81,111,157,72,58,58
2026-06-06 18:24:09.692,75,117,118,128,72,23,81,111,157,72,58,58
2026-06-06 18:24:09.693,75,117,118,128,71,21,81,112,159,72,59,59
2026-06-06 18:24:09.725,75,115,118,128,71,21,81,112,159,72,59,59
2026-06-06 18:24:09.726,75,115,117,128,71,21,81,112,159,72,59,59
2026-06-06 18:24:09.726,75,115,117,128,70,20,81,113,160,72,61,60
2026-06-06 18:24:09.759,75,114,117,128,70,20,81,113,160,72,61,60
2026-06-06 18:24:09.760,75,114,116,128,70,20,81,113,160,72,61,60
2026-06-06 18:24:09.761,75,114,116,128,69,19,81,114,161,72,62,62
2026-06-06 18:24:09.791,75,113,116,128,69,19,81,114,161,72,62,62
2026-06-06 18:24:09.792,75,113,114,128,69,19,81,114,161,72,62,62
2026-06-06 18:24:09.793,75,113,114,128,68,18,81,116,162,72,63,63
2026-06-06 18:24:09.826,75,112,114,128,68,18,81,116,162,72,63,63
2026-06-06 18:24:09.827,75,112,113,128,68,18,81,116,162,72,63,63
2026-06-06 18:24:09.827,75,112,113,128,66,18,81,117,162,72,64,64
2026-06-06 18:24:09.859,75,111,113,128,66,18,81,117,162,72,64,64
2026-06-06 18:24:09.860,75,111,112,128,66,18,81,117,162,72,64,64
2026-06-06 18:24:09.861,75,111,112,128,65,18,81,118,162,72,65,66
2026-06-06 18:24:09.893,75,110,112,128,65,18,81,118,162,72,65,66
2026-06-06 18:24:09.894,75,110,110,128,65,18,81,118,162,72,65,66
2026-06-06 18:24:09.894,75,110,110,128,64,18,81,119,162,72,66,67
2026-06-06 18:24:09.926,75,108,110,128,64,18,81,119,162,72,66,67
2026-06-06 18:24:09.927,75,108,109,128,64,18,81,119,162,72,66,67
2026-06-06 18:24:09.927,75,108,109,128,62,18,81,121,162,72,68,68
2026-06-06 18:24:09.960,75,107,109,128,62,18,81,121,162,72,68,68
2026-06-06 18:24:09.960,75,107,108,128,62,18,81,121,162,72,68,68
2026-06-06 18:24:09.961,75,107,108,128,61,20,81,122,160,72,69,70
2026-06-06 18:24:09.991,75,106,108,128,61,20,81,122,160,72,69,70
2026-06-06 18:24:09.992,75,106,106,128,61,20,81,122,160,72,69,70
2026-06-06 18:24:09.993,75,106,106,128,60,21,81,123,159,72,70,71
2026-06-06 18:24:10.027,75,105,106,128,60,21,81,123,159,72,70,71
2026-06-06 18:24:10.027,75,105,105,128,60,21,81,123,159,72,70,71
2026-06-06 18:24:10.028,75,105,105,128,58,23,81,125,157,72,71,72
2026-06-06 18:24:10.060,75,104,105,128,58,23,81,125,157,72,71,72
2026-06-06 18:24:10.060,75,104,104,128,58,23,81,125,157,72,71,72
2026-06-06 18:24:10.062,75,104,104,128,57,25,81,126,155,72,72,74
2026-06-06 18:24:10.092,75,102,104,128,57,25,81,126,155,72,72,74
2026-06-06 18:24:10.093,75,102,102,128,57,25,81,126,155,72,72,74
2026-06-06 18:24:10.093,75,102,102,128,56,27,81,127,153,72,74,75
2026-06-06 18:24:10.126,75,101,102,128,56,27,81,127,153,72,74,75
2026-06-06 18:24:10.126,75,101,101,128,56,27,81,127,153,72,74,75
2026-06-06 18:24:10.127,75,101,101,128,54,30,81,129,150,72,75,76
2026-06-06 18:24:10.160,75,100,101,128,54,30,81,129,150,72,75,76
2026-06-06 18:24:10.160,75,100,100,128,54,30,81,129,150,72,75,76
2026-06-06 18:24:10.161,75,100,100,128,53,33,81,130,147,72,76,78
2026-06-06 18:24:10.191,75,99,100,128,53,33,81,130,147,72,76,78
2026-06-06 18:24:10.191,75,99,98,128,53,33,81,130,147,72,76,78
2026-06-06 18:24:10.192,75,99,98,128,51,36,81,132,144,72,77,79
2026-06-06 18:24:10.225,75,98,98,128,51,36,81,132,144,72,77,79
2026-06-06 18:24:10.226,75,98,98,128,50,40,81,133,140,72,78,79
2026-06-06 18:24:10.261,75,99,98,128,50,40,81,133,140,72,78,79
2026-06-06 18:24:10.261,75,99,104,128,50,40,81,133,140,72,78,79
2026-06-06 18:24:10.262,75,99,104,128,51,42,81,132,138,72,77,73
2026-06-06 18:24:10.292,75,100,104,128,51,42,81,132,138,72,77,73
2026-06-06 18:24:10.292,75,100,110,128,51,42,81,132,138,72,77,73
2026-06-06 18:24:10.294,75,100,110,128,52,43,81,130,137,72,76,67
2026-06-06 18:24:10.326,75,101,110,128,52,43,81,130,137,72,76,67
2026-06-06 18:24:10.327,75,101,116,128,52,43,81,130,137,72,76,67
2026-06-06 18:24:10.327,75,101,116,128,54,44,81,129,136,72,75,61
2026-06-06 18:24:10.356,75,102,116,128,54,44,81,129,136,72,75,61
2026-06-06 18:24:10.357,75,102,121,128,54,44,81,129,136,72,75,61
2026-06-06 18:24:10.358,75,102,121,128,55,45,81,128,135,72,74,56
2026-06-06 18:24:10.392,75,103,121,128,55,45,81,128,135,72,74,56
2026-06-06 18:24:10.392,75,103,126,128,55,45,81,128,135,72,74,56
2026-06-06 18:24:10.394,75,103,126,128,56,47,81,127,133,72,73,50
2026-06-06 18:24:10.426,75,104,126,128,56,47,81,127,133,72,73,50
2026-06-06 18:24:10.426,75,104,131,128,56,47,81,127,133,72,73,50
2026-06-06 18:24:10.427,75,104,131,128,57,48,81,126,132,72,72,46
2026-06-06 18:24:10.459,75,104,135,128,57,48,81,126,132,72,72,46
2026-06-06 18:24:10.459,75,104,135,128,58,50,81,125,130,72,72,42
2026-06-06 18:24:10.493,75,106,135,128,58,50,81,125,130,72,72,42
2026-06-06 18:24:10.493,75,106,139,128,58,50,81,125,130,72,72,42
2026-06-06 18:24:10.494,75,106,139,128,60,51,81,124,129,72,70,38
2026-06-06 18:24:10.526,75,106,143,128,60,51,81,124,129,72,70,38
2026-06-06 18:24:10.527,75,106,143,128,61,52,81,122,128,72,70,34
2026-06-06 18:24:10.559,75,108,143,128,61,52,81,122,128,72,70,34
2026-06-06 18:24:10.560,75,108,146,128,61,52,81,122,128,72,70,34
2026-06-06 18:24:10.560,75,108,146,128,62,54,81,121,126,72,68,31
2026-06-06 18:24:10.594,75,109,146,128,62,54,81,121,126,72,68,31
2026-06-06 18:24:10.594,75,109,149,128,62,54,81,121,126,72,68,31
2026-06-06 18:24:10.594,75,109,149,128,63,55,81,120,125,72,67,28
2026-06-06 18:24:10.626,75,110,149,128,63,55,81,120,125,72,67,28
2026-06-06 18:24:10.626,75,110,152,128,63,55,81,120,125,72,67,28
2026-06-06 18:24:10.627,75,110,152,128,64,56,81,119,124,72,66,25
2026-06-06 18:24:10.660,75,111,152,128,64,56,81,119,124,72,66,25
2026-06-06 18:24:10.661,75,111,154,128,64,56,81,119,124,72,66,25
2026-06-06 18:24:10.661,75,111,154,128,65,58,81,118,122,72,65,23
2026-06-06 18:24:10.692,75,112,154,128,65,58,81,118,122,72,65,23
2026-06-06 18:24:10.693,75,112,156,128,65,58,81,118,122,72,65,23
2026-06-06 18:24:10.693,75,112,156,128,66,59,81,116,121,72,64,21
2026-06-06 18:24:10.726,75,113,156,128,66,59,81,116,121,72,64,21
2026-06-06 18:24:10.726,75,113,157,128,66,59,81,116,121,72,64,21
2026-06-06 18:24:10.727,75,113,157,128,68,60,81,115,120,72,63,20
2026-06-06 18:24:10.760,75,114,157,128,68,60,81,115,120,72,63,20
2026-06-06 18:24:10.760,75,114,158,128,68,60,81,115,120,72,63,20
2026-06-06 18:24:10.760,75,114,158,128,69,62,81,114,118,72,62,19
2026-06-06 18:24:10.794,75,116,158,128,69,62,81,114,118,72,62,19
2026-06-06 18:24:10.794,75,116,159,128,69,62,81,114,118,72,62,19
2026-06-06 18:24:10.794,75,116,159,128,70,63,81,113,117,72,60,18
2026-06-06 18:24:10.825,75,117,159,128,70,63,81,113,117,72,60,18
2026-06-06 18:24:10.827,75,117,159,128,71,64,81,112,116,72,59,18
2026-06-06 18:24:10.859,75,118,159,128,71,64,81,112,116,72,59,18
2026-06-06 18:24:10.860,75,118,160,128,71,64,81,112,116,72,59,18
2026-06-06 18:24:10.861,75,118,160,128,72,66,81,111,114,72,58,18
2026-06-06 18:24:10.891,75,119,160,128,72,66,81,111,114,72,58,18
2026-06-06 18:24:10.891,75,119,159,128,72,66,81,111,114,72,58,18
2026-06-06 18:24:10.893,75,119,159,128,73,67,81,110,113,72,57,18
2026-06-06 18:24:10.926,75,121,159,128,73,67,81,110,113,72,57,18
2026-06-06 18:24:10.927,75,121,158,128,73,67,81,110,113,72,57,18
2026-06-06 18:24:10.928,75,121,158,128,75,68,81,108,112,72,55,18
2026-06-06 18:24:10.957,75,122,158,128,75,68,81,108,112,72,55,18
2026-06-06 18:24:10.958,75,122,158,128,76,69,81,107,111,72,54,19
2026-06-06 18:24:10.991,75,123,158,128,76,69,81,107,111,72,54,19
2026-06-06 18:24:10.992,75,123,156,128,76,69,81,107,111,72,54,19
2026-06-06 18:24:10.992,75,123,156,128,77,71,81,106,109,72,53,21
2026-06-06 18:24:11.024,75,124,156,128,77,71,81,106,109,72,53,21
2026-06-06 18:24:11.026,75,124,154,128,77,71,81,106,109,72,53,21
2026-06-06 18:24:11.026,75,124,154,128,78,72,81,105,108,72,52,23
2026-06-06 18:24:11.059,75,126,154,128,78,72,81,105,108,72,52,23
2026-06-06 18:24:11.061,75,126,152,128,78,72,81,105,108,72,52,23
2026-06-06 18:24:11.062,75,126,152,128,79,74,81,104,106,72,50,25
2026-06-06 18:24:11.092,75,127,152,128,79,74,81,104,106,72,50,25
2026-06-06 18:24:11.092,75,127,150,128,79,74,81,104,106,72,50,25
2026-06-06 18:24:11.093,75,127,150,128,80,75,81,102,105,72,49,27
2026-06-06 18:24:11.125,75,129,150,128,80,75,81,102,105,72,49,27
2026-06-06 18:24:11.127,75,129,147,128,80,75,81,102,105,72,49,27
2026-06-06 18:24:11.128,75,129,147,128,82,76,81,101,104,72,47,30
2026-06-06 18:24:11.159,75,130,147,128,82,76,81,101,104,72,47,30
2026-06-06 18:24:11.160,75,130,144,128,82,76,81,101,104,72,47,30
2026-06-06 18:24:11.161,75,130,144,128,83,78,81,100,102,72,46,33
2026-06-06 18:24:11.192,75,132,144,128,83,78,81,100,102,72,46,33
2026-06-06 18:24:11.193,75,132,140,128,83,78,81,100,102,72,46,33
2026-06-06 18:24:11.193,75,132,140,128,84,79,81,99,101,72,44,37
2026-06-06 18:24:11.225,75,133,140,128,84,79,81,99,101,72,44,37
2026-06-06 18:24:11.226,75,133,137,128,84,79,81,99,101,72,44,37
2026-06-06 18:24:11.226,75,133,137,128,85,79,81,98,101,72,43,40
2026-06-06 18:24:11.260,75,132,137,128,85,79,81,98,101,72,43,40
2026-06-06 18:24:11.261,75,132,136,128,85,79,81,98,101,72,43,40
2026-06-06 18:24:11.262,75,132,136,128,84,73,81,99,107,72,44,42
2026-06-06 18:24:11.290,75,131,136,128,84,73,81,99,107,72,44,42
2026-06-06 18:24:11.290,75,131,134,128,84,73,81,99,107,72,44,42
2026-06-06 18:24:11.291,75,131,134,128,83,67,81,100,113,72,45,43
2026-06-06 18:24:11.326,75,129,134,128,83,67,81,100,113,72,45,43
2026-06-06 18:24:11.326,75,129,133,128,83,67,81,100,113,72,45,43
2026-06-06 18:24:11.328,75,129,133,128,82,61,81,101,119,72,47,44
2026-06-06 18:24:11.358,75,128,133,128,82,61,81,101,119,72,47,44
2026-06-06 18:24:11.359,75,128,132,128,82,61,81,101,119,72,47,44
2026-06-06 18:24:11.359,75,128,132,128,81,56,81,102,124,72,48,46
2026-06-06 18:24:11.393,75,127,132,128,81,56,81,102,124,72,48,46
2026-06-06 18:24:11.393,75,127,130,128,81,56,81,102,124,72,48,46
2026-06-06 18:24:11.394,75,127,130,128,80,51,81,103,129,72,49,47
2026-06-06 18:24:11.424,75,126,130,128,80,51,81,103,129,72,49,47
2026-06-06 18:24:11.426,75,126,129,128,80,51,81,103,129,72,49,47
2026-06-06 18:24:11.426,75,126,129,128,80,46,81,104,134,72,50,48
2026-06-06 18:24:11.459,75,125,129,128,80,46,81,104,134,72,50,48
2026-06-06 18:24:11.460,75,125,128,128,80,46,81,104,134,72,50,48
2026-06-06 18:24:11.461,75,125,128,128,78,42,81,104,138,72,51,50
2026-06-06 18:24:11.490,75,124,128,128,78,42,81,104,138,72,51,50
2026-06-06 18:24:11.490,75,124,126,128,78,42,81,104,138,72,51,50
2026-06-06 18:24:11.492,75,124,126,128,78,38,81,105,142,72,52,51
2026-06-06 18:24:11.525,75,122,126,128,78,38,81,105,142,72,52,51
2026-06-06 18:24:11.526,75,122,125,128,78,38,81,105,142,72,52,51
2026-06-06 18:24:11.527,75,122,125,128,76,34,81,106,146,72,54,52
2026-06-06 18:24:11.559,75,121,125,128,76,34,81,106,146,72,54,52
2026-06-06 18:24:11.559,75,121,124,128,76,34,81,106,146,72,54,52
2026-06-06 18:24:11.560,75,121,124,128,75,31,81,108,149,72,55,54
2026-06-06 18:24:11.590,75,120,124,128,75,31,81,108,149,72,55,54
2026-06-06 18:24:11.591,75,120,122,128,75,31,81,108,149,72,55,54
2026-06-06 18:24:11.592,75,120,122,128,74,28,81,109,152,72,56,55
2026-06-06 18:24:11.626,75,119,122,128,74,28,81,109,152,72,56,55
2026-06-06 18:24:11.627,75,119,121,128,74,28,81,109,152,72,56,55
2026-06-06 18:24:11.628,75,119,121,128,73,25,81,110,155,72,57,56
2026-06-06 18:24:11.660,75,118,121,128,73,25,81,110,155,72,57,56
2026-06-06 18:24:11.660,75,118,120,128,73,25,81,110,155,72,57,56
2026-06-06 18:24:11.661,75,118,120,128,72,23,81,111,157,72,58,58
2026-06-06 18:24:11.691,75,117,120,128,72,23,81,111,157,72,58,58
2026-06-06 18:24:11.692,75,117,118,128,72,23,81,111,157,72,58,58
2026-06-06 18:24:11.692,75,117,118,128,71,21,81,112,159,72,59,59
2026-06-06 18:24:11.727,75,115,118,128,71,21,81,112,159,72,59,59
2026-06-06 18:24:11.728,75,115,117,128,71,21,81,112,159,72,59,59
2026-06-06 18:24:11.728,75,115,117,128,70,20,81,113,160,72,61,60
2026-06-06 18:24:11.758,75,114,117,128,70,20,81,113,160,72,61,60
2026-06-06 18:24:11.759,75,114,116,128,70,20,81,113,160,72,61,60
2026-06-06 18:24:11.760,75,114,116,128,69,19,81,114,161,72,62,62
2026-06-06 18:24:11.793,75,113,116,128,69,19,81,114,161,72,62,62
2026-06-06 18:24:11.793,75,113,114,128,69,19,81,114,161,72,62,62
2026-06-06 18:24:11.793,75,113,114,128,68,18,81,116,162,72,63,63
2026-06-06 18:24:11.826,75,112,114,128,68,18,81,116,162,72,63,63
2026-06-06 18:24:11.827,75,112,113,128,68,18,81,116,162,72,63,63
2026-06-06 18:24:11.828,75,112,113,128,66,18,81,117,162,72,64,64
2026-06-06 18:24:11.859,75,111,113,128,66,18,81,117,162,72,64,64
2026-06-06 18:24:11.861,75,111,112,128,66,18,81,117,162,72,64,64
2026-06-06 18:24:11.861,75,111,112,128,65,18,81,118,162,72,65,66
2026-06-06 18:24:11.893,75,110,112,128,65,18,81,118,162,72,65,66
2026-06-06 18:24:11.893,75,110,110,128,65,18,81,118,162,72,65,66
2026-06-06 18:24:11.894,75,110,110,128,64,18,81,119,162,72,66,67
2026-06-06 18:24:11.926,75,108,110,128,64,18,81,119,162,72,66,67
2026-06-06 18:24:11.927,75,108,109,128,64,18,81,119,162,72,66,67
2026-06-06 18:24:11.928,75,108,109,128,62,18,81,121,162,72,68,68
2026-06-06 18:24:11.959,75,107,109,128,62,18,81,121,162,72,68,68
2026-06-06 18:24:11.960,75,107,108,128,62,18,81,121,162,72,68,68
2026-06-06 18:24:11.960,75,107,108,128,61,20,81,122,160,72,69,70
2026-06-06 18:24:11.994,75,106,108,128,61,20,81,122,160,72,69,70
2026-06-06 18:24:11.994,75,106,106,128,61,20,81,122,160,72,69,70
2026-06-06 18:24:11.995,75,106,106,128,60,21,81,123,159,72,70,71
2026-06-06 18:24:12.025,75,105,106,128,60,21,81,123,159,72,70,71
2026-06-06 18:24:12.026,75,105,105,128,60,21,81,123,159,72,70,71
2026-06-06 18:24:12.027,75,105,105,128,58,23,81,125,157,72,71,72
2026-06-06 18:24:12.058,75,104,105,128,58,23,81,125,157,72,71,72
2026-06-06 18:24:12.059,75,104,104,128,58,23,81,125,157,72,71,72
2026-06-06 18:24:12.060,75,104,104,128,57,25,81,126,155,72,72,74
2026-06-06 18:24:12.094,75,102,104,128,57,25,81,126,155,72,72,74
2026-06-06 18:24:12.095,75,102,102,128,57,25,81,126,155,72,72,74
2026-06-06 18:24:12.095,75,102,102,128,56,27,81,127,153,72,74,75
2026-06-06 18:24:12.125,75,101,102,128,56,27,81,127,153,72,74,75
2026-06-06 18:24:12.126,75,101,101,128,56,27,81,127,153,72,74,75
2026-06-06 18:24:12.126,75,101,101,128,54,30,81,129,150,72,75,76
2026-06-06 18:24:12.160,75,100,101,128,54,30,81,129,150,72,75,76
2026-06-06 18:24:12.161,75,100,100,128,54,30,81,129,150,72,75,76
2026-06-06 18:24:12.161,75,100,100,128,53,33,81,130,147,72,76,78
2026-06-06 18:24:12.193,75,99,100,128,53,33,81,130,147,72,76,78
2026-06-06 18:24:12.193,75,99,98,128,53,33,81,130,147,72,76,78
2026-06-06 18:24:12.194,75,99,98,128,51,37,81,132,143,72,77,79
2026-06-06 18:24:12.225,75,98,98,128,51,37,81,132,143,72,77,79
2026-06-06 18:24:12.226,75,98,98,128,50,40,81,133,140,72,78,79
2026-06-06 18:24:12.262,75,99,98,128,50,40,81,133,140,72,78,79
2026-06-06 18:24:12.262,75,99,104,128,50,40,81,133,140,72,78,79
2026-06-06 18:24:12.262,75,99,104,128,51,42,81,132,138,72,77,73
2026-06-06 18:24:12.292,75,100,104,128,51,42,81,132,138,72,77,73
2026-06-06 18:24:12.293,75,100,110,128,51,42,81,132,138,72,77,73
2026-06-06 18:24:12.294,75,100,110,128,52,43,81,130,137,72,76,67
2026-06-06 18:24:12.325,75,101,110,128,52,43,81,130,137,72,76,67
2026-06-06 18:24:12.326,75,101,116,128,52,43,81,130,137,72,76,67
2026-06-06 18:24:12.326,75,101,116,128,54,44,81,129,136,72,75,61
2026-06-06 18:24:12.359,75,102,116,128,54,44,81,129,136,72,75,61
2026-06-06 18:24:12.360,75,102,121,128,54,44,81,129,136,72,75,61
2026-06-06 18:24:12.360,75,102,121,128,55,46,81,128,134,72,74,56
2026-06-06 18:24:12.393,75,103,121,128,55,46,81,128,134,72,74,56
2026-06-06 18:24:12.394,75,103,126,128,55,46,81,128,134,72,74,56
2026-06-06 18:24:12.395,75,103,126,128,56,47,81,127,133,72,73,51
2026-06-06 18:24:12.426,75,104,126,128,56,47,81,127,133,72,73,51
2026-06-06 18:24:12.427,75,104,131,128,56,47,81,127,133,72,73,51
2026-06-06 18:24:12.427,75,104,131,128,57,48,81,126,132,72,72,46
2026-06-06 18:24:12.459,75,104,135,128,57,48,81,126,132,72,72,46
2026-06-06 18:24:12.460,75,104,135,128,58,50,81,125,130,72,72,42
2026-06-06 18:24:12.492,75,106,135,128,58,50,81,125,130,72,72,42
2026-06-06 18:24:12.493,75,106,139,128,58,50,81,125,130,72,72,42
2026-06-06 18:24:12.493,75,106,139,128,59,51,81,124,129,72,70,38
2026-06-06 18:24:12.526,75,106,143,128,59,51,81,124,129,72,70,38
2026-06-06 18:24:12.527,75,106,143,128,61,52,81,122,128,72,70,34
2026-06-06 18:24:12.559,75,108,143,128,61,52,81,122,128,72,70,34
2026-06-06 18:24:12.559,75,108,146,128,61,52,81,122,128,72,70,34
2026-06-06 18:24:12.561,75,108,146,128,62,54,81,121,126,72,68,31
2026-06-06 18:24:12.593,75,109,146,128,62,54,81,121,126,72,68,31
2026-06-06 18:24:12.594,75,109,149,128,62,54,81,121,126,72,68,31
2026-06-06 18:24:12.595,75,109,149,128,63,55,81,120,125,72,67,28
2026-06-06 18:24:12.627,75,110,149,128,63,55,81,120,125,72,67,28
2026-06-06 18:24:12.627,75,110,152,128,63,55,81,120,125,72,67,28
2026-06-06 18:24:12.628,75,110,152,128,64,56,81,119,124,72,66,25
2026-06-06 18:24:12.659,75,111,152,128,64,56,81,119,124,72,66,25
2026-06-06 18:24:12.660,75,111,154,128,64,56,81,119,124,72,66,25
2026-06-06 18:24:12.660,75,111,154,128,65,58,81,118,122,72,65,23
2026-06-06 18:24:12.693,75,112,154,128,65,58,81,118,122,72,65,23
2026-06-06 18:24:12.693,75,112,156,128,65,58,81,118,122,72,65,23
2026-06-06 18:24:12.694,75,112,156,128,66,59,81,116,121,72,64,21
2026-06-06 18:24:12.725,75,113,156,128,66,59,81,116,121,72,64,21
2026-06-06 18:24:12.726,75,113,157,128,66,59,81,116,121,72,64,21
2026-06-06 18:24:12.727,75,113,157,128,68,60,81,115,120,72,63,20
2026-06-06 18:24:12.759,75,114,157,128,68,60,81,115,120,72,63,20
2026-06-06 18:24:12.760,75,114,158,128,68,60,81,115,120,72,63,20
2026-06-06 18:24:12.760,75,114,158,128,69,62,81,114,118,72,62,19
2026-06-06 18:24:12.793,75,116,158,128,69,62,81,114,118,72,62,19
2026-06-06 18:24:12.794,75,116,159,128,69,62,81,114,118,72,62,19
2026-06-06 18:24:12.794,75,116,159,128,70,63,81,113,117,72,60,18
2026-06-06 18:24:12.827,75,117,159,128,70,63,81,113,117,72,60,18
2026-06-06 18:24:12.827,75,117,159,128,71,64,81,112,116,72,59,18
2026-06-06 18:24:12.859,75,118,159,128,71,64,81,112,116,72,59,18
2026-06-06 18:24:12.861,75,118,160,128,71,64,81,112,116,72,59,18
2026-06-06 18:24:12.861,75,118,160,128,72,66,81,111,114,72,58,18
2026-06-06 18:24:12.893,75,119,160,128,72,66,81,111,114,72,58,18
2026-06-06 18:24:12.893,75,119,159,128,72,66,81,111,114,72,58,18
2026-06-06 18:24:12.893,75,119,159,128,74,67,81,110,113,72,57,18
2026-06-06 18:24:12.926,75,121,159,128,74,67,81,110,113,72,57,18
2026-06-06 18:24:12.927,75,121,158,128,74,67,81,110,113,72,57,18
2026-06-06 18:24:12.928,75,121,158,128,75,68,81,108,112,72,55,18
2026-06-06 18:24:12.959,75,122,158,128,75,68,81,108,112,72,55,18
2026-06-06 18:24:12.960,75,122,158,128,76,70,81,107,110,72,54,20
2026-06-06 18:24:12.992,75,123,158,128,76,70,81,107,110,72,54,20
2026-06-06 18:24:12.993,75,123,156,128,76,70,81,107,110,72,54,20
2026-06-06 18:24:12.994,75,123,156,128,77,71,81,106,109,72,53,21
2026-06-06 18:24:13.026,75,125,156,128,77,71,81,106,109,72,53,21
2026-06-06 18:24:13.026,75,125,154,128,77,71,81,106,109,72,53,21
2026-06-06 18:24:13.026,75,125,154,128,78,72,81,105,108,72,51,23
2026-06-06 18:24:13.059,75,126,154,128,78,72,81,105,108,72,51,23
2026-06-06 18:24:13.061,75,126,152,128,78,72,81,105,108,72,51,23
2026-06-06 18:24:13.061,75,126,152,128,79,74,81,104,106,72,50,25
2026-06-06 18:24:13.091,75,127,152,128,79,74,81,104,106,72,50,25
2026-06-06 18:24:13.091,75,127,150,128,79,74,81,104,106,72,50,25
2026-06-06 18:24:13.092,75,127,150,128,80,75,81,103,105,72,49,27
2026-06-06 18:24:13.126,75,129,150,128,80,75,81,103,105,72,49,27
2026-06-06 18:24:13.126,75,129,147,128,80,75,81,103,105,72,49,27
2026-06-06 18:24:13.127,75,129,147,128,82,76,81,101,104,72,47,30
2026-06-06 18:24:13.159,75,130,147,128,82,76,81,101,104,72,47,30
2026-06-06 18:24:13.161,75,130,144,128,82,76,81,101,104,72,47,30
2026-06-06 18:24:13.162,75,130,144,128,83,78,81,100,102,72,46,33
2026-06-06 18:24:13.190,75,132,144,128,83,78,81,100,102,72,46,33
2026-06-06 18:24:13.190,75,132,141,128,83,78,81,100,102,72,46,33
2026-06-06 18:24:13.191,75,132,141,128,84,79,81,99,101,72,44,36
2026-06-06 18:24:13.224,75,133,141,128,84,79,81,99,101,72,44,36
2026-06-06 18:24:13.224,75,133,137,128,84,79,81,99,101,72,44,36
2026-06-06 18:24:13.225,75,133,137,128,85,80,81,98,100,72,43,40
2026-06-06 18:24:13.257,75,132,137,128,85,80,81,98,100,72,43,40
2026-06-06 18:24:13.257,75,132,136,128,85,80,81,98,100,72,43,40
2026-06-06 18:24:13.257,75,132,136,128,84,74,81,99,106,72,44,41
2026-06-06 18:24:13.291,75,131,136,128,84,74,81,99,106,72,44,41
2026-06-06 18:24:13.292,75,131,134,128,84,74,81,99,106,72,44,41
2026-06-06 18:24:13.292,75,131,134,128,83,67,81,100,113,72,45,43
2026-06-06 18:24:13.322,75,130,134,128,83,67,81,100,113,72,45,43
2026-06-06 18:24:13.323,75,130,133,128,83,67,81,100,113,72,45,43
2026-06-06 18:24:13.323,75,130,133,128,82,62,81,101,118,72,46,44
2026-06-06 18:24:13.357,75,128,133,128,82,62,81,101,118,72,46,44
2026-06-06 18:24:13.358,75,128,132,128,82,62,81,101,118,72,46,44
2026-06-06 18:24:13.358,75,128,132,128,81,56,81,102,124,72,48,45
2026-06-06 18:24:13.389,75,127,132,128,81,56,81,102,124,72,48,45
2026-06-06 18:24:13.390,75,127,130,128,81,56,81,102,124,72,48,45
2026-06-06 18:24:13.391,75,127,130,128,80,51,81,102,129,72,49,47
2026-06-06 18:24:13.425,75,126,130,128,80,51,81,102,129,72,49,47
2026-06-06 18:24:13.425,75,126,129,128,80,51,81,102,129,72,49,47
2026-06-06 18:24:13.427,75,126,129,128,80,46,81,104,134,72,50,48
2026-06-06 18:24:13.459,75,125,129,128,80,46,81,104,134,72,50,48
2026-06-06 18:24:13.459,75,125,128,128,80,46,81,104,134,72,50,48
2026-06-06 18:24:13.460,75,125,128,128,78,42,81,104,138,72,51,50
2026-06-06 18:24:13.491,75,124,128,128,78,42,81,104,138,72,51,50
2026-06-06 18:24:13.492,75,124,126,128,78,42,81,104,138,72,51,50
2026-06-06 18:24:13.493,75,124,126,128,78,38,81,106,142,72,52,51
2026-06-06 18:24:13.524,75,122,126,128,78,38,81,106,142,72,52,51
2026-06-06 18:24:13.525,75,122,125,128,78,38,81,106,142,72,52,51
2026-06-06 18:24:13.525,75,122,125,128,76,34,81,106,146,72,54,52
2026-06-06 18:24:13.555,75,121,125,128,76,34,81,106,146,72,54,52
2026-06-06 18:24:13.556,75,121,124,128,76,34,81,106,146,72,54,52
2026-06-06 18:24:13.557,75,121,124,128,76,31,81,107,149,72,55,53
2026-06-06 18:24:13.590,75,120,124,128,76,31,81,107,149,72,55,53
2026-06-06 18:24:13.591,75,120,122,128,76,31,81,107,149,72,55,53
2026-06-06 18:24:13.592,75,120,122,128,74,28,81,109,152,72,56,55
2026-06-06 18:24:13.621,75,119,122,128,74,28,81,109,152,72,56,55
2026-06-06 18:24:13.621,75,119,121,128,74,28,81,109,152,72,56,55
2026-06-06 18:24:13.623,75,119,121,128,73,26,81,110,154,72,57,56
2026-06-06 18:24:13.644,75,118,120,128,73,24,81,110,156,72,58,57
2026-06-06 18:24:13.674,75,117,120,128,73,24,81,110,156,72,58,57
2026-06-06 18:24:13.675,75,117,119,128,73,24,81,110,156,72,58,57
2026-06-06 18:24:13.675,75,117,119,128,72,22,81,111,158,72,59,58
2026-06-06 18:24:13.708,75,116,119,128,72,22,81,111,158,72,59,58
2026-06-06 18:24:13.709,75,116,118,128,72,22,81,111,158,72,59,58
2026-06-06 18:24:13.709,75,116,118,128,70,21,81,112,159,72,60,59
2026-06-06 18:24:13.741,75,115,118,128,70,21,81,112,159,72,60,59
2026-06-06 18:24:13.742,75,115,116,128,70,21,81,112,159,72,60,59
2026-06-06 18:24:13.742,75,115,116,128,69,19,81,114,161,72,61,61
2026-06-06 18:24:13.771,75,114,116,128,69,19,81,114,161,72,61,61
2026-06-06 18:24:13.773,75,114,115,128,69,19,81,114,161,72,61,61
2026-06-06 18:24:13.773,75,114,115,128,68,18,81,115,162,72,62,62
2026-06-06 18:24:13.808,75,112,115,128,68,18,81,115,162,72,62,62
2026-06-06 18:24:13.809,75,112,114,128,68,18,81,115,162,72,62,62
2026-06-06 18:24:13.810,75,112,114,128,67,18,81,116,162,72,64,63
2026-06-06 18:24:13.841,75,111,114,128,67,18,81,116,162,72,64,63
2026-06-06 18:24:13.841,75,111,112,128,67,18,81,116,162,72,64,63
2026-06-06 18:24:13.842,75,111,112,128,66,18,81,117,162,72,65,65
2026-06-06 18:24:13.875,75,110,112,128,66,18,81,117,162,72,65,65
2026-06-06 18:24:13.876,75,110,111,128,66,18,81,117,162,72,65,65
2026-06-06 18:24:13.878,75,110,111,128,64,18,81,119,162,72,66,66
2026-06-06 18:24:13.906,75,109,111,128,64,18,81,119,162,72,66,66
2026-06-06 18:24:13.906,75,109,110,128,64,18,81,119,162,72,66,66
2026-06-06 18:24:13.907,75,109,110,128,63,18,81,120,162,72,67,67
2026-06-06 18:24:13.941,75,108,110,128,63,18,81,120,162,72,67,67
2026-06-06 18:24:13.941,75,108,108,128,63,18,81,120,162,72,67,67
2026-06-06 18:24:13.942,75,108,108,128,62,19,81,121,161,72,68,69
2026-06-06 18:24:13.975,75,107,108,128,62,19,81,121,161,72,68,69
2026-06-06 18:24:13.976,75,107,107,128,62,19,81,121,161,72,68,69
2026-06-06 18:24:13.976,75,107,107,128,60,20,81,122,160,72,69,70
2026-06-06 18:24:14.009,75,106,107,128,60,20,81,122,160,72,69,70
2026-06-06 18:24:14.010,75,106,106,128,60,20,81,122,160,72,69,70
2026-06-06 18:24:14.010,75,106,106,128,59,22,81,124,158,72,70,72
2026-06-06 18:24:14.043,75,104,106,128,59,22,81,124,158,72,70,72
2026-06-06 18:24:14.043,75,104,104,128,59,22,81,124,158,72,70,72
2026-06-06 18:24:14.044,75,104,104,128,58,24,81,125,156,72,72,73
2026-06-06 18:24:14.077,75,103,104,128,58,24,81,125,156,72,72,73
2026-06-06 18:24:14.077,75,103,103,128,58,24,81,125,156,72,72,73
2026-06-06 18:24:14.078,75,103,103,128,56,26,81,127,154,72,73,74
2026-06-06 18:24:14.109,75,102,103,128,56,26,81,127,154,72,73,74
2026-06-06 18:24:14.110,75,102,102,128,56,26,81,127,154,72,73,74
2026-06-06 18:24:14.110,75,102,102,128,55,28,81,128,152,72,74,76
2026-06-06 18:24:14.143,75,101,102,128,55,28,81,128,152,72,74,76
2026-06-06 18:24:14.143,75,101,100,128,55,28,81,128,152,72,74,76
2026-06-06 18:24:14.144,75,101,100,128,54,31,81,130,149,72,75,77
2026-06-06 18:24:14.175,75,100,100,128,54,31,81,130,149,72,75,77
2026-06-06 18:24:14.176,75,100,99,128,54,31,81,130,149,72,75,77
2026-06-06 18:24:14.177,75,100,99,128,52,35,81,131,145,72,76,78
2026-06-06 18:24:14.209,75,98,99,128,52,35,81,131,145,72,76,78
2026-06-06 18:24:14.209,75,98,98,128,52,35,81,131,145,72,76,78
2026-06-06 18:24:14.211,75,98,98,128,51,38,81,132,142,72,78,80
2026-06-06 18:24:14.243,75,98,101,128,51,38,81,132,142,72,78,80
2026-06-06 18:24:14.244,75,98,101,128,51,41,81,132,139,72,78,76
2026-06-06 18:24:14.277,75,99,101,128,51,41,81,132,139,72,78,76
2026-06-06 18:24:14.278,75,99,107,128,51,41,81,132,139,72,78,76
2026-06-06 18:24:14.279,75,99,107,128,52,42,81,131,138,72,77,70
2026-06-06 18:24:14.309,75,100,107,128,52,42,81,131,138,72,77,70
2026-06-06 18:24:14.310,75,100,113,128,52,42,81,131,138,72,77,70
2026-06-06 18:24:14.310,75,100,113,128,53,44,81,130,136,72,76,64
2026-06-06 18:24:14.342,75,101,113,128,53,44,81,130,136,72,76,64
2026-06-06 18:24:14.343,75,101,119,128,53,44,81,130,136,72,76,64
2026-06-06 18:24:14.343,75,101,119,128,54,45,81,129,135,72,75,58
2026-06-06 18:24:14.375,75,102,119,128,54,45,81,129,135,72,75,58
2026-06-06 18:24:14.376,75,102,124,128,54,45,81,129,135,72,75,58
2026-06-06 18:24:14.377,75,102,124,128,55,46,81,128,134,72,74,53
2026-06-06 18:24:14.407,75,103,124,128,55,46,81,128,134,72,74,53
2026-06-06 18:24:14.408,75,103,129,128,55,46,81,128,134,72,74,53
2026-06-06 18:24:14.409,75,103,129,128,56,47,81,126,133,72,73,48
2026-06-06 18:24:14.443,75,104,129,128,56,47,81,126,133,72,73,48
2026-06-06 18:24:14.444,75,104,133,128,56,47,81,126,133,72,73,48
2026-06-06 18:24:14.444,75,104,133,128,58,49,81,125,131,72,72,44
2026-06-06 18:24:14.475,75,105,133,128,58,49,81,125,131,72,72,44
2026-06-06 18:24:14.475,75,105,137,128,58,49,81,125,131,72,72,44
2026-06-06 18:24:14.477,75,105,137,128,59,50,81,124,130,72,71,40
2026-06-06 18:24:14.509,75,106,137,128,59,50,81,124,130,72,71,40
2026-06-06 18:24:14.509,75,106,141,128,59,50,81,124,130,72,71,40
2026-06-06 18:24:14.511,75,106,141,128,60,52,81,123,128,72,70,36
2026-06-06 18:24:14.541,75,107,141,128,60,52,81,123,128,72,70,36
2026-06-06 18:24:14.542,75,107,145,128,60,52,81,123,128,72,70,36
2026-06-06 18:24:14.543,75,107,145,128,61,53,81,122,127,72,69,32
2026-06-06 18:24:14.575,75,108,145,128,61,53,81,122,127,72,69,32
2026-06-06 18:24:14.577,75,108,148,128,61,53,81,122,127,72,69,32
2026-06-06 18:24:14.577,75,108,148,128,62,54,81,121,126,72,68,29
2026-06-06 18:24:14.610,75,109,148,128,62,54,81,121,126,72,68,29
2026-06-06 18:24:14.610,75,109,150,128,62,54,81,121,126,72,68,29
2026-06-06 18:24:14.610,75,109,150,128,64,56,81,120,124,72,67,27
2026-06-06 18:24:14.641,75,110,150,128,64,56,81,120,124,72,67,27
2026-06-06 18:24:14.642,75,110,153,128,64,56,81,120,124,72,67,27
2026-06-06 18:24:14.643,75,110,153,128,65,57,81,118,123,72,66,24
2026-06-06 18:24:14.675,75,111,153,128,65,57,81,118,123,72,66,24
2026-06-06 18:24:14.676,75,111,155,128,65,57,81,118,123,72,66,24
2026-06-06 18:24:14.677,75,111,155,128,66,58,81,117,122,72,65,22
2026-06-06 18:24:14.710,75,113,155,128,66,58,81,117,122,72,65,22
2026-06-06 18:24:14.711,75,113,156,128,66,58,81,117,122,72,65,22
2026-06-06 18:24:14.712,75,113,156,128,67,60,81,116,120,72,63,20
2026-06-06 18:24:14.741,75,114,156,128,67,60,81,116,120,72,63,20
2026-06-06 18:24:14.742,75,114,158,128,67,60,81,116,120,72,63,20
2026-06-06 18:24:14.742,75,114,158,128,68,61,81,115,119,72,62,19
2026-06-06 18:24:14.775,75,115,158,128,68,61,81,115,119,72,62,19
2026-06-06 18:24:14.776,75,115,159,128,68,61,81,115,119,72,62,19
2026-06-06 18:24:14.776,75,115,159,128,69,62,81,114,118,72,61,18
2026-06-06 18:24:14.809,75,116,159,128,69,62,81,114,118,72,61,18
2026-06-06 18:24:14.809,75,116,159,128,70,64,81,112,116,72,60,18
2026-06-06 18:24:14.842,75,117,159,128,70,64,81,112,116,72,60,18
2026-06-06 18:24:14.842,75,117,160,128,70,64,81,112,116,72,60,18
2026-06-06 18:24:14.844,75,117,160,128,72,65,81,111,115,72,59,18
2026-06-06 18:24:14.876,75,119,160,128,72,65,81,111,115,72,59,18
2026-06-06 18:24:14.876,75,119,159,128,72,65,81,111,115,72,59,18
2026-06-06 18:24:14.877,75,119,159,128,73,66,81,110,114,72,57,18
2026-06-06 18:24:14.910,75,120,159,128,73,66,81,110,114,72,57,18
2026-06-06 18:24:14.910,75,120,159,128,74,68,81,109,112,72,56,18
2026-06-06 18:24:14.943,75,121,159,128,74,68,81,109,112,72,56,18
2026-06-06 18:24:14.944,75,121,158,128,74,68,81,109,112,72,56,18
2026-06-06 18:24:14.944,75,121,158,128,75,69,81,108,111,72,55,19
2026-06-06 18:24:14.976,75,122,158,128,75,69,81,108,111,72,55,19
2026-06-06 18:24:14.976,75,122,157,128,75,69,81,108,111,72,55,19
2026-06-06 18:24:14.977,75,122,157,128,76,70,81,107,110,72,54,20
2026-06-06 18:24:15.009,75,124,157,128,76,70,81,107,110,72,54,20
2026-06-06 18:24:15.010,75,124,155,128,76,70,81,107,110,72,54,20
2026-06-06 18:24:15.010,75,124,155,128,78,72,81,105,108,72,52,22
2026-06-06 18:24:15.043,75,125,155,128,78,72,81,105,108,72,52,22
2026-06-06 18:24:15.043,75,125,153,128,78,72,81,105,108,72,52,22
2026-06-06 18:24:15.044,75,125,153,128,79,73,81,104,107,72,51,24
2026-06-06 18:24:15.074,75,127,153,128,79,73,81,104,107,72,51,24
2026-06-06 18:24:15.075,75,127,151,128,79,73,81,104,107,72,51,24
2026-06-06 18:24:15.076,75,127,151,128,80,74,81,103,106,72,49,26
2026-06-06 18:24:15.109,75,128,151,128,80,74,81,103,106,72,49,26
2026-06-06 18:24:15.109,75,128,148,128,80,74,81,103,106,72,49,26
2026-06-06 18:24:15.111,75,128,148,128,81,76,81,102,104,72,48,28
2026-06-06 18:24:15.143,75,130,148,128,81,76,81,102,104,72,48,28
2026-06-06 18:24:15.144,75,130,146,128,81,76,81,102,104,72,48,28
2026-06-06 18:24:15.144,75,130,146,128,82,77,81,101,103,72,46,32
2026-06-06 18:24:15.175,75,131,146,128,82,77,81,101,103,72,46,32
2026-06-06 18:24:15.176,75,131,142,128,82,77,81,101,103,72,46,32
2026-06-06 18:24:15.176,75,131,142,128,83,78,81,100,102,72,45,35
2026-06-06 18:24:15.209,75,132,142,128,83,78,81,100,102,72,45,35
2026-06-06 18:24:15.210,75,132,138,128,83,78,81,100,102,72,45,35
2026-06-06 18:24:15.211,75,132,138,128,85,80,81,98,100,72,44,38
2026-06-06 18:24:15.243,75,132,136,128,85,80,81,98,100,72,44,38
2026-06-06 18:24:15.244,75,132,136,128,84,76,81,98,104,72,44,41
2026-06-06 18:24:15.277,75,131,136,128,84,76,81,98,104,72,44,41
2026-06-06 18:24:15.278,75,131,135,128,84,76,81,98,104,72,44,41
2026-06-06 18:24:15.279,75,131,135,128,84,70,81,99,110,72,45,42
2026-06-06 18:24:15.309,75,130,135,128,84,70,81,99,110,72,45,42
2026-06-06 18:24:15.309,75,130,134,128,84,70,81,99,110,72,45,42
2026-06-06 18:24:15.310,75,130,134,128,83,64,81,100,116,72,46,44
2026-06-06 18:24:15.340,75,129,134,128,83,64,81,100,116,72,46,44
2026-06-06 18:24:15.341,75,129,132,128,83,64,81,100,116,72,46,44
2026-06-06 18:24:15.342,75,129,132,128,82,58,81,101,122,72,47,45
2026-06-06 18:24:15.376,75,128,132,128,82,58,81,101,122,72,47,45
2026-06-06 18:24:15.376,75,128,131,128,82,58,81,101,122,72,47,45
2026-06-06 18:24:15.377,75,128,131,128,81,53,81,102,127,72,48,46
2026-06-06 18:24:15.409,75,126,131,128,81,53,81,102,127,72,48,46
2026-06-06 18:24:15.409,75,126,130,128,81,53,81,102,127,72,48,46
2026-06-06 18:24:15.410,75,126,130,128,80,48,81,103,132,72,50,48
2026-06-06 18:24:15.442,75,125,130,128,80,48,81,103,132,72,50,48
2026-06-06 18:24:15.443,75,125,128,128,80,48,81,103,132,72,50,48
2026-06-06 18:24:15.443,75,125,128,128,79,44,81,104,136,72,51,49
2026-06-06 18:24:15.475,75,124,128,128,79,44,81,104,136,72,51,49
2026-06-06 18:24:15.476,75,124,127,128,79,44,81,104,136,72,51,49
2026-06-06 18:24:15.476,75,124,127,128,78,40,81,105,140,72,52,50
2026-06-06 18:24:15.508,75,123,127,128,78,40,81,105,140,72,52,50
2026-06-06 18:24:15.509,75,123,126,128,78,40,81,105,140,72,52,50
2026-06-06 18:24:15.509,75,123,126,128,77,36,81,106,144,72,53,52
2026-06-06 18:24:15.543,75,122,126,128,77,36,81,106,144,72,53,52
2026-06-06 18:24:15.544,75,122,124,128,77,36,81,106,144,72,53,52
2026-06-06 18:24:15.544,75,122,124,128,76,32,81,107,148,72,54,53
2026-06-06 18:24:15.576,75,121,124,128,76,32,81,107,148,72,54,53
2026-06-06 18:24:15.576,75,121,123,128,76,32,81,107,148,72,54,53
2026-06-06 18:24:15.577,75,121,123,128,75,29,81,108,151,72,55,54
2026-06-06 18:24:15.608,75,120,123,128,75,29,81,108,151,72,55,54
2026-06-06 18:24:15.608,75,120,122,128,75,29,81,108,151,72,55,54
2026-06-06 18:24:15.610,75,120,122,128,74,27,81,109,153,72,56,56
2026-06-06 18:24:15.640,75,118,122,128,74,27,81,109,153,72,56,56
2026-06-06 18:24:15.641,75,118,120,128,74,27,81,109,153,72,56,56
2026-06-06 18:24:15.642,75,118,120,128,73,24,81,110,156,72,58,57
2026-06-06 18:24:15.676,75,117,120,128,73,24,81,110,156,72,58,57
2026-06-06 18:24:15.677,75,117,119,128,73,24,81,110,156,72,58,57
2026-06-06 18:24:15.678,75,117,119,128,72,22,81,111,158,72,59,58
2026-06-06 18:24:15.707,75,116,119,128,72,22,81,111,158,72,59,58
2026-06-06 18:24:15.708,75,116,118,128,72,22,81,111,158,72,59,58
2026-06-06 18:24:15.709,75,116,118,128,70,21,81,112,159,72,60,59
2026-06-06 18:24:15.743,75,115,118,128,70,21,81,112,159,72,60,59
2026-06-06 18:24:15.743,75,115,116,128,70,21,81,112,159,72,60,59
2026-06-06 18:24:15.744,75,115,116,128,69,19,81,114,161,72,61,61
2026-06-06 18:24:15.774,75,114,116,128,69,19,81,114,161,72,61,61
2026-06-06 18:24:15.775,75,114,115,128,69,19,81,114,161,72,61,61
2026-06-06 18:24:15.776,75,114,115,128,68,18,81,115,162,72,62,62
2026-06-06 18:24:15.808,75,112,115,128,68,18,81,115,162,72,62,62
2026-06-06 18:24:15.809,75,112,114,128,68,18,81,115,162,72,62,62
2026-06-06 18:24:15.810,75,112,114,128,67,18,81,116,162,72,64,64
2026-06-06 18:24:15.843,75,111,114,128,67,18,81,116,162,72,64,64
2026-06-06 18:24:15.844,75,111,112,128,67,18,81,116,162,72,64,64
2026-06-06 18:24:15.844,75,111,112,128,66,18,81,117,162,72,65,65
2026-06-06 18:24:15.875,75,110,112,128,66,18,81,117,162,72,65,65
2026-06-06 18:24:15.876,75,110,111,128,66,18,81,117,162,72,65,65
2026-06-06 18:24:15.877,75,110,111,128,64,18,81,119,162,72,66,66
2026-06-06 18:24:15.910,75,109,111,128,64,18,81,119,162,72,66,66
2026-06-06 18:24:15.910,75,109,110,128,64,18,81,119,162,72,66,66
2026-06-06 18:24:15.910,75,109,110,128,63,18,81,120,162,72,67,68
2026-06-06 18:24:15.943,75,108,110,128,63,18,81,120,162,72,67,68
2026-06-06 18:24:15.944,75,108,108,128,63,18,81,120,162,72,67,68
2026-06-06 18:24:15.945,75,108,108,128,62,19,81,121,161,72,68,69
2026-06-06 18:24:15.974,75,107,108,128,62,19,81,121,161,72,68,69
2026-06-06 18:24:15.975,75,107,107,128,62,19,81,121,161,72,68,69
2026-06-06 18:24:15.976,75,107,107,128,60,20,81,122,160,72,69,70
2026-06-06 18:24:16.010,75,105,107,128,60,20,81,122,160,72,69,70
2026-06-06 18:24:16.011,75,105,106,128,60,20,81,122,160,72,69,70
2026-06-06 18:24:16.011,75,105,106,128,59,22,81,124,158,72,71,72
2026-06-06 18:24:16.043,75,104,106,128,59,22,81,124,158,72,71,72
2026-06-06 18:24:16.044,75,104,104,128,59,22,81,124,158,72,71,72
2026-06-06 18:24:16.045,75,104,104,128,58,24,81,125,156,72,72,73
2026-06-06 18:24:16.076,75,103,104,128,58,24,81,125,156,72,72,73
2026-06-06 18:24:16.078,75,103,103,128,58,24,81,125,156,72,72,73
2026-06-06 18:24:16.078,75,103,103,128,56,26,81,127,154,72,73,74
2026-06-06 18:24:16.111,75,102,103,128,56,26,81,127,154,72,73,74
2026-06-06 18:24:16.111,75,102,102,128,56,26,81,127,154,72,73,74
2026-06-06 18:24:16.112,75,102,102,128,55,29,81,128,151,72,74,76
2026-06-06 18:24:16.142,75,101,102,128,55,29,81,128,151,72,74,76
2026-06-06 18:24:16.142,75,101,100,128,55,29,81,128,151,72,74,76
2026-06-06 18:24:16.143,75,101,100,128,54,32,81,130,148,72,75,77
2026-06-06 18:24:16.176,75,100,100,128,54,32,81,130,148,72,75,77
2026-06-06 18:24:16.176,75,100,99,128,54,32,81,130,148,72,75,77
2026-06-06 18:24:16.177,75,100,99,128,52,35,81,131,145,72,76,78
2026-06-06 18:24:16.209,75,98,99,128,52,35,81,131,145,72,76,78
2026-06-06 18:24:16.210,75,98,98,128,52,35,81,131,145,72,76,78
2026-06-06 18:24:16.211,75,98,98,128,51,38,81,132,142,72,78,80
2026-06-06 18:24:16.244,75,98,101,128,51,38,81,132,142,72,78,80
2026-06-06 18:24:16.244,75,98,101,128,51,41,81,132,139,72,78,76
2026-06-06 18:24:16.278,75,99,101,128,51,41,81,132,139,72,78,76
2026-06-06 18:24:16.278,75,99,108,128,51,41,81,132,139,72,78,76
2026-06-06 18:24:16.279,75,99,108,128,52,42,81,131,138,72,77,70
2026-06-06 18:24:16.308,75,100,108,128,52,42,81,131,138,72,77,70
2026-06-06 18:24:16.308,75,100,113,128,52,42,81,131,138,72,77,70
2026-06-06 18:24:16.309,75,100,113,128,53,43,81,130,137,72,76,64
2026-06-06 18:24:16.343,75,101,113,128,53,43,81,130,137,72,76,64
2026-06-06 18:24:16.344,75,101,119,128,53,43,81,130,137,72,76,64
2026-06-06 18:24:16.344,75,101,119,128,54,45,81,129,135,72,75,58
2026-06-06 18:24:16.376,75,102,119,128,54,45,81,129,135,72,75,58
2026-06-06 18:24:16.376,75,102,124,128,54,45,81,129,135,72,75,58
2026-06-06 18:24:16.377,75,102,124,128,55,46,81,128,134,72,74,53
2026-06-06 18:24:16.409,75,103,124,128,55,46,81,128,134,72,74,53
2026-06-06 18:24:16.410,75,103,129,128,55,46,81,128,134,72,74,53
2026-06-06 18:24:16.410,75,103,129,128,56,48,81,126,132,72,73,48
2026-06-06 18:24:16.443,75,104,129,128,56,48,81,126,132,72,73,48
2026-06-06 18:24:16.444,75,104,133,128,56,48,81,126,132,72,73,48
2026-06-06 18:24:16.445,75,104,133,128,58,49,81,125,131,72,72,44
2026-06-06 18:24:16.475,75,105,133,128,58,49,81,125,131,72,72,44
2026-06-06 18:24:16.476,75,105,137,128,58,49,81,125,131,72,72,44
2026-06-06 18:24:16.477,75,105,137,128,59,50,81,124,130,72,71,40
2026-06-06 18:24:16.509,75,106,137,128,59,50,81,124,130,72,71,40
2026-06-06 18:24:16.510,75,106,141,128,59,50,81,124,130,72,71,40
2026-06-06 18:24:16.511,75,106,141,128,60,52,81,123,128,72,70,36
2026-06-06 18:24:16.543,75,107,141,128,60,52,81,123,128,72,70,36
2026-06-06 18:24:16.543,75,107,145,128,60,52,81,123,128,72,70,36
2026-06-06 18:24:16.544,75,107,145,128,61,53,81,122,127,72,69,32
2026-06-06 18:24:16.574,75,108,145,128,61,53,81,122,127,72,69,32
2026-06-06 18:24:16.574,75,108,148,128,61,53,81,122,127,72,69,32
2026-06-06 18:24:16.576,75,108,148,128,62,54,81,121,126,72,68,29
2026-06-06 18:24:16.610,75,109,148,128,62,54,81,121,126,72,68,29
2026-06-06 18:24:16.610,75,109,150,128,62,54,81,121,126,72,68,29
2026-06-06 18:24:16.611,75,109,150,128,64,56,81,119,124,72,67,26
2026-06-06 18:24:16.643,75,110,150,128,64,56,81,119,124,72,67,26
2026-06-06 18:24:16.643,75,110,153,128,64,56,81,119,124,72,67,26
2026-06-06 18:24:16.644,75,110,153,128,65,57,81,118,123,72,66,24
2026-06-06 18:24:16.677,75,111,153,128,65,57,81,118,123,72,66,24
2026-06-06 18:24:16.678,75,111,155,128,65,57,81,118,123,72,66,24
2026-06-06 18:24:16.678,75,111,155,128,66,58,81,117,122,72,65,22
2026-06-06 18:24:16.709,75,113,155,128,66,58,81,117,122,72,65,22
2026-06-06 18:24:16.709,75,113,156,128,66,58,81,117,122,72,65,22
2026-06-06 18:24:16.711,75,113,156,128,67,60,81,116,120,72,63,20
2026-06-06 18:24:16.743,75,114,156,128,67,60,81,116,120,72,63,20
2026-06-06 18:24:16.744,75,114,158,128,67,60,81,116,120,72,63,20
2026-06-06 18:24:16.744,75,114,158,128,68,61,81,115,119,72,62,19
2026-06-06 18:24:16.777,75,115,158,128,68,61,81,115,119,72,62,19
2026-06-06 18:24:16.777,75,115,159,128,68,61,81,115,119,72,62,19
2026-06-06 18:24:16.778,75,115,159,128,69,62,81,114,118,72,61,18
2026-06-06 18:24:16.809,75,116,159,128,69,62,81,114,118,72,61,18
2026-06-06 18:24:16.810,75,116,159,128,70,64,81,112,116,72,60,18
2026-06-06 18:24:16.842,75,117,159,128,70,64,81,112,116,72,60,18
2026-06-06 18:24:16.843,75,117,160,128,70,64,81,112,116,72,60,18
2026-06-06 18:24:16.844,75,117,160,128,72,65,81,111,115,72,59,18
2026-06-06 18:24:16.875,75,119,160,128,72,65,81,111,115,72,59,18
2026-06-06 18:24:16.877,75,119,159,128,72,65,81,111,115,72,59,18
2026-06-06 18:24:16.877,75,119,159,128,73,66,81,110,114,72,57,18
2026-06-06 18:24:16.911,75,120,159,128,73,66,81,110,114,72,57,18
2026-06-06 18:24:16.912,75,120,159,128,74,68,81,109,112,72,56,18
2026-06-06 18:24:16.946,75,121,159,128,74,68,81,109,112,72,56,18
2026-06-06 18:24:16.947,75,121,158,128,74,68,81,109,112,72,56,18
2026-06-06 18:24:16.947,75,121,158,128,75,69,81,108,111,72,55,19
2026-06-06 18:24:16.976,75,122,158,128,75,69,81,108,111,72,55,19
2026-06-06 18:24:16.977,75,122,157,128,75,69,81,108,111,72,55,19
2026-06-06 18:24:16.977,75,122,157,128,76,70,81,107,110,72,54,20
2026-06-06 18:24:17.008,75,124,157,128,76,70,81,107,110,72,54,20
2026-06-06 18:24:17.009,75,124,155,128,76,70,81,107,110,72,54,20
2026-06-06 18:24:17.010,75,124,155,128,78,72,81,106,108,72,52,22
2026-06-06 18:24:17.043,75,125,155,128,78,72,81,106,108,72,52,22
2026-06-06 18:24:17.044,75,125,153,128,78,72,81,106,108,72,52,22
2026-06-06 18:24:17.044,75,125,153,128,79,73,81,104,107,72,51,24
2026-06-06 18:24:17.076,75,127,153,128,79,73,81,104,107,72,51,24
2026-06-06 18:24:17.077,75,127,151,128,79,73,81,104,107,72,51,24
2026-06-06 18:24:17.078,75,127,151,128,80,74,81,103,106,72,49,26
2026-06-06 18:24:17.109,75,128,151,128,80,74,81,103,106,72,49,26
2026-06-06 18:24:17.110,75,128,148,128,80,74,81,103,106,72,49,26
2026-06-06 18:24:17.110,75,128,148,128,81,76,81,102,104,72,48,28
2026-06-06 18:24:17.143,75,130,148,128,81,76,81,102,104,72,48,28
2026-06-06 18:24:17.144,75,130,145,128,81,76,81,102,104,72,48,28
2026-06-06 18:24:17.145,75,130,145,128,82,77,81,101,103,72,46,32
2026-06-06 18:24:17.175,75,131,145,128,82,77,81,101,103,72,46,32
2026-06-06 18:24:17.176,75,131,142,128,82,77,81,101,103,72,46,32
2026-06-06 18:24:17.176,75,131,142,128,83,78,81,100,102,72,45,35
2026-06-06 18:24:17.209,75,132,142,128,83,78,81,100,102,72,45,35
2026-06-06 18:24:17.210,75,132,138,128,83,78,81,100,102,72,45,35
2026-06-06 18:24:17.210,75,132,138,128,84,80,81,98,100,72,44,38
2026-06-06 18:24:17.244,75,132,136,128,84,80,81,98,100,72,44,38
2026-06-06 18:24:17.244,75,132,136,128,84,76,81,98,104,72,44,41
2026-06-06 18:24:17.277,75,131,136,128,84,76,81,98,104,72,44,41
2026-06-06 18:24:17.278,75,131,135,128,84,76,81,98,104,72,44,41
2026-06-06 18:24:17.279,75,131,135,128,84,70,81,99,110,72,45,42
2026-06-06 18:24:17.308,75,130,135,128,84,70,81,99,110,72,45,42
2026-06-06 18:24:17.310,75,130,134,128,84,70,81,99,110,72,45,42
2026-06-06 18:24:17.310,75,130,134,128,83,64,81,100,116,72,46,44
2026-06-06 18:24:17.343,75,129,134,128,83,64,81,100,116,72,46,44
2026-06-06 18:24:17.344,75,129,132,128,83,64,81,100,116,72,46,44
2026-06-06 18:24:17.344,75,129,132,128,82,58,81,101,122,72,47,45
2026-06-06 18:24:17.376,75,128,132,128,82,58,81,101,122,72,47,45
2026-06-06 18:24:17.377,75,128,131,128,82,58,81,101,122,72,47,45
2026-06-06 18:24:17.377,75,128,131,128,81,53,81,102,127,72,48,46
2026-06-06 18:24:17.409,75,126,131,128,81,53,81,102,127,72,48,46
2026-06-06 18:24:17.410,75,126,130,128,81,53,81,102,127,72,48,46
2026-06-06 18:24:17.410,75,126,130,128,80,48,81,103,132,72,50,48
2026-06-06 18:24:17.442,75,125,130,128,80,48,81,103,132,72,50,48
2026-06-06 18:24:17.443,75,125,128,128,80,48,81,103,132,72,50,48
2026-06-06 18:24:17.444,75,125,128,128,79,44,81,104,136,72,51,49
2026-06-06 18:24:17.475,75,124,128,128,79,44,81,104,136,72,51,49
2026-06-06 18:24:17.475,75,124,127,128,79,44,81,104,136,72,51,49
2026-06-06 18:24:17.476,75,124,127,128,78,40,81,105,140,72,52,50
2026-06-06 18:24:17.510,75,123,127,128,78,40,81,105,140,72,52,50
2026-06-06 18:24:17.510,75,123,126,128,78,40,81,105,140,72,52,50
2026-06-06 18:24:17.511,75,123,126,128,77,36,81,106,144,72,53,52
2026-06-06 18:24:17.543,75,122,126,128,77,36,81,106,144,72,53,52
2026-06-06 18:24:17.544,75,122,124,128,77,36,81,106,144,72,53,52
2026-06-06 18:24:17.545,75,122,124,128,76,32,81,107,148,72,54,53
2026-06-06 18:24:17.576,75,121,124,128,76,32,81,107,148,72,54,53
2026-06-06 18:24:17.577,75,121,123,128,76,32,81,107,148,72,54,53
2026-06-06 18:24:17.578,75,121,123,128,75,29,81,108,151,72,55,54
2026-06-06 18:24:17.608,75,120,123,128,75,29,81,108,151,72,55,54
2026-06-06 18:24:17.608,75,120,122,128,75,29,81,108,151,72,55,54
2026-06-06 18:24:17.609,75,120,122,128,74,27,81,109,153,72,56,55
2026-06-06 18:24:17.644,75,118,122,128,74,27,81,109,153,72,56,55
2026-06-06 18:24:17.644,75,118,120,128,74,27,81,109,153,72,56,55
2026-06-06 18:24:17.645,75,118,120,128,73,24,81,110,156,72,58,57
2026-06-06 18:24:17.676,75,117,120,128,73,24,81,110,156,72,58,57
2026-06-06 18:24:17.676,75,117,119,128,73,24,81,110,156,72,58,57
2026-06-06 18:24:17.677,75,117,119,128,72,22,81,111,158,72,59,58
2026-06-06 18:24:17.708,75,116,119,128,72,22,81,111,158,72,59,58
2026-06-06 18:24:17.709,75,116,118,128,72,22,81,111,158,72,59,58
2026-06-06 18:24:17.710,75,116,118,128,70,21,81,112,159,72,60,60
2026-06-06 18:24:17.743,75,115,118,128,70,21,81,112,159,72,60,60
2026-06-06 18:24:17.743,75,115,116,128,70,21,81,112,159,72,60,60
2026-06-06 18:24:17.743,75,115,116,128,69,19,81,114,161,72,61,61
2026-06-06 18:24:17.775,75,114,116,128,69,19,81,114,161,72,61,61
2026-06-06 18:24:17.775,75,114,115,128,69,19,81,114,161,72,61,61
2026-06-06 18:24:17.776,75,114,115,128,68,18,81,115,162,72,62,62
2026-06-06 18:24:17.808,75,112,115,128,68,18,81,115,162,72,62,62
2026-06-06 18:24:17.809,75,112,114,128,68,18,81,115,162,72,62,62
2026-06-06 18:24:17.809,75,112,114,128,67,18,81,116,162,72,64,63
2026-06-06 18:24:17.842,75,111,114,128,67,18,81,116,162,72,64,63
2026-06-06 18:24:17.842,75,111,112,128,67,18,81,116,162,72,64,63
2026-06-06 18:24:17.843,75,111,112,128,66,18,81,117,162,72,65,65
2026-06-06 18:24:17.876,75,110,112,128,66,18,81,117,162,72,65,65
2026-06-06 18:24:17.876,75,110,111,128,66,18,81,117,162,72,65,65
2026-06-06 18:24:17.877,75,110,111,128,64,18,81,119,162,72,66,66
2026-06-06 18:24:17.911,75,109,111,128,64,18,81,119,162,72,66,66
2026-06-06 18:24:17.911,75,109,110,128,64,18,81,119,162,72,66,66
2026-06-06 18:24:17.911,75,109,110,128,63,18,81,120,162,72,67,68
2026-06-06 18:24:17.943,75,108,110,128,63,18,81,120,162,72,67,68
2026-06-06 18:24:17.943,75,108,108,128,63,18,81,120,162,72,67,68
2026-06-06 18:24:17.944,75,108,108,128,62,19,81,121,161,72,68,69
2026-06-06 18:24:17.974,75,107,108,128,62,19,81,121,161,72,68,69
2026-06-06 18:24:17.975,75,107,107,128,62,19,81,121,161,72,68,69
2026-06-06 18:24:17.976,75,107,107,128,60,20,81,122,160,72,69,70
2026-06-06 18:24:18.009,75,106,107,128,60,20,81,122,160,72,69,70
2026-06-06 18:24:18.009,75,106,106,128,60,20,81,122,160,72,69,70
2026-06-06 18:24:18.010,75,106,106,128,59,22,81,124,158,72,70,71
2026-06-06 18:24:18.043,75,104,106,128,59,22,81,124,158,72,70,71
2026-06-06 18:24:18.044,75,104,104,128,59,22,81,124,158,72,70,71
2026-06-06 18:24:18.044,75,104,104,128,58,24,81,125,156,72,72,73
2026-06-06 18:24:18.073,75,103,104,128,58,24,81,125,156,72,72,73
2026-06-06 18:24:18.074,75,103,103,128,58,24,81,125,156,72,72,73
2026-06-06 18:24:18.074,75,103,103,128,56,26,81,127,154,72,73,74
2026-06-06 18:24:18.110,75,102,103,128,56,26,81,127,154,72,73,74
2026-06-06 18:24:18.110,75,102,102,128,56,26,81,127,154,72,73,74
2026-06-06 18:24:18.111,75,102,102,128,55,29,81,128,151,72,74,76
2026-06-06 18:24:18.144,75,101,102,128,55,29,81,128,151,72,74,76
2026-06-06 18:24:18.145,75,101,100,128,55,29,81,128,151,72,74,76
2026-06-06 18:24:18.146,75,101,100,128,54,32,81,130,148,72,75,77
2026-06-06 18:24:18.174,75,100,100,128,54,32,81,130,148,72,75,77
2026-06-06 18:24:18.174,75,100,99,128,54,32,81,130,148,72,75,77
2026-06-06 18:24:18.176,75,100,99,128,52,35,81,131,145,72,76,78
2026-06-06 18:24:18.208,75,98,99,128,52,35,81,131,145,72,76,78
2026-06-06 18:24:18.209,75,98,98,128,52,35,81,131,145,72,76,78
2026-06-06 18:24:18.209,75,98,98,128,51,38,81,132,142,72,78,80
2026-06-06 18:24:18.243,75,98,101,128,51,38,81,132,142,72,78,80
2026-06-06 18:24:18.244,75,98,101,128,51,41,81,132,139,72,78,76
2026-06-06 18:24:18.277,75,99,101,128,51,41,81,132,139,72,78,76
2026-06-06 18:24:18.277,75,99,107,128,51,41,81,132,139,72,78,76
2026-06-06 18:24:18.278,75,99,107,128,52,42,81,131,138,72,77,70
2026-06-06 18:24:18.308,75,100,107,128,52,42,81,131,138,72,77,70
2026-06-06 18:24:18.309,75,100,113,128,52,42,81,131,138,72,77,70
2026-06-06 18:24:18.310,75,100,113,128,53,44,81,130,136,72,76,64
2026-06-06 18:24:18.342,75,101,113,128,53,44,81,130,136,72,76,64
2026-06-06 18:24:18.343,75,101,119,128,53,44,81,130,136,72,76,64
2026-06-06 18:24:18.344,75,101,119,128,54,45,81,129,135,72,75,58
2026-06-06 18:24:18.375,75,102,119,128,54,45,81,129,135,72,75,58
2026-06-06 18:24:18.376,75,102,124,128,54,45,81,129,135,72,75,58
2026-06-06 18:24:18.377,75,102,124,128,55,46,81,128,134,72,74,53
2026-06-06 18:24:18.409,75,103,124,128,55,46,81,128,134,72,74,53
2026-06-06 18:24:18.410,75,103,129,128,55,46,81,128,134,72,74,53
2026-06-06 18:24:18.411,75,103,129,128,56,48,81,126,132,72,73,48
2026-06-06 18:24:18.444,75,104,129,128,56,48,81,126,132,72,73,48
2026-06-06 18:24:18.444,75,104,133,128,56,48,81,126,132,72,73,48
2026-06-06 18:24:18.444,75,104,133,128,58,49,81,125,131,72,72,44
2026-06-06 18:24:18.475,75,105,133,128,58,49,81,125,131,72,72,44
2026-06-06 18:24:18.476,75,105,137,128,58,49,81,125,131,72,72,44
2026-06-06 18:24:18.477,75,105,137,128,59,50,81,124,130,72,71,40
2026-06-06 18:24:18.509,75,106,137,128,59,50,81,124,130,72,71,40
2026-06-06 18:24:18.509,75,106,141,128,59,50,81,124,130,72,71,40
2026-06-06 18:24:18.510,75,106,141,128,60,52,81,123,128,72,70,36
2026-06-06 18:24:18.541,75,107,141,128,60,52,81,123,128,72,70,36
2026-06-06 18:24:18.542,75,107,145,128,60,52,81,123,128,72,70,36
2026-06-06 18:24:18.543,75,107,145,128,61,53,81,122,127,72,69,32
2026-06-06 18:24:18.575,75,108,145,128,61,53,81,122,127,72,69,32
2026-06-06 18:24:18.577,75,108,148,128,61,53,81,122,127,72,69,32
2026-06-06 18:24:18.578,75,108,148,128,62,54,81,121,126,72,68,29
2026-06-06 18:24:18.609,75,109,148,128,62,54,81,121,126,72,68,29
2026-06-06 18:24:18.611,75,109,150,128,62,54,81,121,126,72,68,29
2026-06-06 18:24:18.611,75,109,150,128,64,56,81,119,124,72,67,26
2026-06-06 18:24:18.641,75,110,150,128,64,56,81,119,124,72,67,26
2026-06-06 18:24:18.642,75,110,153,128,64,56,81,119,124,72,67,26
2026-06-06 18:24:18.643,75,110,153,128,65,57,81,118,123,72,66,24
2026-06-06 18:24:18.676,75,111,153,128,65,57,81,118,123,72,66,24
2026-06-06 18:24:18.677,75,111,155,128,65,57,81,118,123,72,66,24
2026-06-06 18:24:18.677,75,111,155,128,66,58,81,117,122,72,65,22
2026-06-06 18:24:18.709,75,112,155,128,66,58,81,117,122,72,65,22
2026-06-06 18:24:18.710,75,112,156,128,66,58,81,117,122,72,65,22
2026-06-06 18:24:18.710,75,112,156,128,67,60,81,116,120,72,64,21
2026-06-06 18:24:18.742,75,114,156,128,67,60,81,116,120,72,64,21
2026-06-06 18:24:18.743,75,114,158,128,67,60,81,116,120,72,64,21
2026-06-06 18:24:18.744,75,114,158,128,68,61,81,115,119,72,62,19
2026-06-06 18:24:18.776,75,115,158,128,68,61,81,115,119,72,62,19
2026-06-06 18:24:18.776,75,115,159,128,68,61,81,115,119,72,62,19
2026-06-06 18:24:18.777,75,115,159,128,69,62,81,114,118,72,61,18
2026-06-06 18:24:18.810,75,116,159,128,69,62,81,114,118,72,61,18
2026-06-06 18:24:18.810,75,116,159,128,71,64,81,112,116,72,60,18
2026-06-06 18:24:18.843,75,117,159,128,71,64,81,112,116,72,60,18
2026-06-06 18:24:18.844,75,117,160,128,71,64,81,112,116,72,60,18
2026-06-06 18:24:18.845,75,117,160,128,72,65,81,111,115,72,59,18
2026-06-06 18:24:18.873,75,118,160,128,72,65,81,111,115,72,59,18
2026-06-06 18:24:18.873,75,118,159,128,72,65,81,111,115,72,59,18
2026-06-06 18:24:18.874,75,118,159,128,73,66,81,110,114,72,58,18
2026-06-06 18:24:18.908,75,120,159,128,73,66,81,110,114,72,58,18
2026-06-06 18:24:18.909,75,120,159,128,74,68,81,109,112,72,56,18
2026-06-06 18:24:18.941,75,121,159,128,74,68,81,109,112,72,56,18
2026-06-06 18:24:18.942,75,121,158,128,74,68,81,109,112,72,56,18
2026-06-06 18:24:18.942,75,121,158,128,75,69,81,108,111,72,55,19
2026-06-06 18:24:18.977,75,122,158,128,75,69,81,108,111,72,55,19
2026-06-06 18:24:18.977,75,122,157,128,75,69,81,108,111,72,55,19
2026-06-06 18:24:18.978,75,122,157,128,76,70,81,107,110,72,54,20
2026-06-06 18:24:19.010,75,124,157,128,76,70,81,107,110,72,54,20
2026-06-06 18:24:19.010,75,124,155,128,76,70,81,107,110,72,54,20
2026-06-06 18:24:19.011,75,124,155,128,78,72,81,105,108,72,52,22
2026-06-06 18:24:19.043,75,125,155,128,78,72,81,105,108,72,52,22
2026-06-06 18:24:19.043,75,125,153,128,78,72,81,105,108,72,52,22
2026-06-06 18:24:19.044,75,125,153,128,79,73,81,104,107,72,51,24
2026-06-06 18:24:19.076,75,127,153,128,79,73,81,104,107,72,51,24
2026-06-06 18:24:19.077,75,127,151,128,79,73,81,104,107,72,51,24
2026-06-06 18:24:19.078,75,127,151,128,80,74,81,103,106,72,49,26
2026-06-06 18:24:19.109,75,128,151,128,80,74,81,103,106,72,49,26
2026-06-06 18:24:19.110,75,128,148,128,80,74,81,103,106,72,49,26
2026-06-06 18:24:19.110,75,128,148,128,81,76,81,102,104,72,48,28
2026-06-06 18:24:19.142,75,129,148,128,81,76,81,102,104,72,48,28
2026-06-06 18:24:19.143,75,129,146,128,81,76,81,102,104,72,48,28
2026-06-06 18:24:19.144,75,129,146,128,82,77,81,101,103,72,47,31
2026-06-06 18:24:19.175,75,131,146,128,82,77,81,101,103,72,47,31
2026-06-06 18:24:19.176,75,131,142,128,82,77,81,101,103,72,47,31
2026-06-06 18:24:19.177,75,131,142,128,83,78,81,100,102,72,45,35
2026-06-06 18:24:19.210,75,132,142,128,83,78,81,100,102,72,45,35
2026-06-06 18:24:19.211,75,132,138,128,83,78,81,100,102,72,45,35
2026-06-06 18:24:19.211,75,132,138,128,85,80,81,98,100,72,44,39
2026-06-06 18:24:19.242,75,132,136,128,85,80,81,98,100,72,44,39
2026-06-06 18:24:19.243,75,132,136,128,84,76,81,98,104,72,44,41
2026-06-06 18:24:19.277,75,131,136,128,84,76,81,98,104,72,44,41
2026-06-06 18:24:19.278,75,131,135,128,84,76,81,98,104,72,44,41
2026-06-06 18:24:19.278,75,131,135,128,84,70,81,99,110,72,45,42
2026-06-06 18:24:19.308,75,130,135,128,84,70,81,99,110,72,45,42
2026-06-06 18:24:19.309,75,130,134,128,84,70,81,99,110,72,45,42
2026-06-06 18:24:19.309,75,130,134,128,83,64,81,100,116,72,46,44
2026-06-06 18:24:19.342,75,129,134,128,83,64,81,100,116,72,46,44
2026-06-06 18:24:19.343,75,129,132,128,83,64,81,100,116,72,46,44
2026-06-06 18:24:19.343,75,129,132,128,82,58,81,101,122,72,47,45
2026-06-06 18:24:19.375,75,128,132,128,82,58,81,101,122,72,47,45
2026-06-06 18:24:19.376,75,128,131,128,82,58,81,101,122,72,47,45
2026-06-06 18:24:19.377,75,128,131,128,81,53,81,102,127,72,48,46
2026-06-06 18:24:19.408,75,126,131,128,81,53,81,102,127,72,48,46
2026-06-06 18:24:19.408,75,126,130,128,81,53,81,102,127,72,48,46
2026-06-06 18:24:19.410,75,126,130,128,80,48,81,103,132,72,50,48
2026-06-06 18:24:19.442,75,125,130,128,80,48,81,103,132,72,50,48
2026-06-06 18:24:19.443,75,125,128,128,80,48,81,103,132,72,50,48
2026-06-06 18:24:19.444,75,125,128,128,79,44,81,104,136,72,51,49
2026-06-06 18:24:19.478,75,124,128,128,79,44,81,104,136,72,51,49
2026-06-06 18:24:19.478,75,124,127,128,79,44,81,104,136,72,51,49
2026-06-06 18:24:19.479,75,124,127,128,78,39,81,105,141,72,52,50
2026-06-06 18:24:19.508,75,123,127,128,78,39,81,105,141,72,52,50
2026-06-06 18:24:19.509,75,123,126,128,78,39,81,105,141,72,52,50
2026-06-06 18:24:19.510,75,123,126,128,77,36,81,106,144,72,53,52
2026-06-06 18:24:19.543,75,122,126,128,77,36,81,106,144,72,53,52
2026-06-06 18:24:19.543,75,122,124,128,77,36,81,106,144,72,53,52
2026-06-06 18:24:19.544,75,122,124,128,76,32,81,107,148,72,54,53
2026-06-06 18:24:19.575,75,121,124,128,76,32,81,107,148,72,54,53
2026-06-06 18:24:19.575,75,121,123,128,76,32,81,107,148,72,54,53
2026-06-06 18:24:19.575,75,121,123,128,75,29,81,108,151,72,55,54
2026-06-06 18:24:19.607,75,120,123,128,75,29,81,108,151,72,55,54
2026-06-06 18:24:19.608,75,120,122,128,75,29,81,108,151,72,55,54
2026-06-06 18:24:19.609,75,120,122,128,74,27,81,109,153,72,56,55
2026-06-06 18:24:19.641,75,118,122,128,74,27,81,109,153,72,56,55
2026-06-06 18:24:19.642,75,118,120,128,74,27,81,109,153,72,56,55
2026-06-06 18:24:19.643,75,118,120,128,73,24,81,110,156,72,58,57
2026-06-06 18:24:19.676,75,117,120,128,73,24,81,110,156,72,58,57
2026-06-06 18:24:19.676,75,117,119,128,73,24,81,110,156,72,58,57
2026-06-06 18:24:19.677,75,117,119,128,72,22,81,111,158,72,59,58
2026-06-06 18:24:19.708,75,116,119,128,72,22,81,111,158,72,59,58
2026-06-06 18:24:19.709,75,116,118,128,72,22,81,111,158,72,59,58
2026-06-06 18:24:19.710,75,116,118,128,70,21,81,112,159,72,60,59
2026-06-06 18:24:19.743,75,115,118,128,70,21,81,112,159,72,60,59
2026-06-06 18:24:19.744,75,115,116,128,70,21,81,112,159,72,60,59
2026-06-06 18:24:19.744,75,115,116,128,69,19,81,114,161,72,61,61
2026-06-06 18:24:19.775,75,114,116,128,69,19,81,114,161,72,61,61
2026-06-06 18:24:19.776,75,114,115,128,69,19,81,114,161,72,61,61
2026-06-06 18:24:19.777,75,114,115,128,68,18,81,115,162,72,62,62
2026-06-06 18:24:19.810,75,112,115,128,68,18,81,115,162,72,62,62
2026-06-06 18:24:19.811,75,112,114,128,68,18,81,115,162,72,62,62
2026-06-06 18:24:19.811,75,112,114,128,67,18,81,116,162,72,64,64
2026-06-06 18:24:19.840,75,111,114,128,67,18,81,116,162,72,64,64
2026-06-06 18:24:19.841,75,111,112,128,67,18,81,116,162,72,64,64
2026-06-06 18:24:19.841,75,111,112,128,66,18,81,117,162,72,65,65
2026-06-06 18:24:19.876,75,110,112,128,66,18,81,117,162,72,65,65
2026-06-06 18:24:19.876,75,110,111,128,66,18,81,117,162,72,65,65
2026-06-06 18:24:19.877,75,110,111,128,64,18,81,119,162,72,66,66
2026-06-06 18:24:19.908,75,109,111,128,64,18,81,119,162,72,66,66
2026-06-06 18:24:19.908,75,109,110,128,64,18,81,119,162,72,66,66
2026-06-06 18:24:19.910,75,109,110,128,63,18,81,120,162,72,67,68
2026-06-06 18:24:19.940,75,108,110,128,63,18,81,120,162,72,67,68
2026-06-06 18:24:19.941,75,108,108,128,63,18,81,120,162,72,67,68
2026-06-06 18:24:19.941,75,108,108,128,62,19,81,121,161,72,68,69
2026-06-06 18:24:19.974,75,107,108,128,62,19,81,121,161,72,68,69
2026-06-06 18:24:19.974,75,107,107,128,62,19,81,121,161,72,68,69
2026-06-06 18:24:19.976,75,107,107,128,60,20,81,122,160,72,69,70
2026-06-06 18:24:20.009,75,105,107,128,60,20,81,122,160,72,69,70
2026-06-06 18:24:20.011,75,105,106,128,60,20,81,122,160,72,69,70
2026-06-06 18:24:20.012,75,105,106,128,59,22,81,124,158,72,71,72
2026-06-06 18:24:20.041,75,104,106,128,59,22,81,124,158,72,71,72
2026-06-06 18:24:20.042,75,104,104,128,59,22,81,124,158,72,71,72
2026-06-06 18:24:20.043,75,104,104,128,58,24,81,125,156,72,72,73
2026-06-06 18:24:20.075,75,103,104,128,58,24,81,125,156,72,72,73
2026-06-06 18:24:20.075,75,103,103,128,58,24,81,125,156,72,72,73
2026-06-06 18:24:20.077,75,103,103,128,56,26,81,127,154,72,73,74
2026-06-06 18:24:20.111,75,102,103,128,56,26,81,127,154,72,73,74
2026-06-06 18:24:20.111,75,102,102,128,56,26,81,127,154,72,73,74
2026-06-06 18:24:20.112,75,102,102,128,55,29,81,128,151,72,74,76
2026-06-06 18:24:20.142,75,101,102,128,55,29,81,128,151,72,74,76
2026-06-06 18:24:20.143,75,101,100,128,55,29,81,128,151,72,74,76
2026-06-06 18:24:20.143,75,101,100,128,54,31,81,130,149,72,75,77
2026-06-06 18:24:20.175,75,100,100,128,54,31,81,130,149,72,75,77
2026-06-06 18:24:20.175,75,100,99,128,54,31,81,130,149,72,75,77
2026-06-06 18:24:20.176,75,100,99,128,52,35,81,131,145,72,76,78
2026-06-06 18:24:20.210,75,98,99,128,52,35,81,131,145,72,76,78
2026-06-06 18:24:20.210,75,98,98,128,52,35,81,131,145,72,76,78
2026-06-06 18:24:20.210,75,98,98,128,51,38,81,132,142,72,78,80
2026-06-06 18:24:20.243,75,98,101,128,51,38,81,132,142,72,78,80
2026-06-06 18:24:20.244,75,98,101,128,51,41,81,132,139,72,78,76
2026-06-06 18:24:20.277,75,99,101,128,51,41,81,132,139,72,78,76
2026-06-06 18:24:20.278,75,99,107,128,51,41,81,132,139,72,78,76
2026-06-06 18:24:20.278,75,99,107,128,52,42,81,131,138,72,77,70
2026-06-06 18:24:20.309,75,100,107,128,52,42,81,131,138,72,77,70
2026-06-06 18:24:20.310,75,100,113,128,52,42,81,131,138,72,77,70
2026-06-06 18:24:20.310,75,100,113,128,53,44,81,130,136,72,76,64
2026-06-06 18:24:20.342,75,101,113,128,53,44,81,130,136,72,76,64
2026-06-06 18:24:20.343,75,101,119,128,53,44,81,130,136,72,76,64
2026-06-06 18:24:20.344,75,101,119,128,54,45,81,129,135,72,75,58
2026-06-06 18:24:20.375,75,102,119,128,54,45,81,129,135,72,75,58
2026-06-06 18:24:20.376,75,102,124,128,54,45,81,129,135,72,75,58
2026-06-06 18:24:20.377,75,102,124,128,55,46,81,128,134,72,74,53
2026-06-06 18:24:20.409,75,103,124,128,55,46,81,128,134,72,74,53
2026-06-06 18:24:20.410,75,103,129,128,55,46,81,128,134,72,74,53
2026-06-06 18:24:20.411,75,103,129,128,56,48,81,126,132,72,73,48
2026-06-06 18:24:20.443,75,104,129,128,56,48,81,126,132,72,73,48
2026-06-06 18:24:20.443,75,104,133,128,56,48,81,126,132,72,73,48
2026-06-06 18:24:20.444,75,104,133,128,58,49,81,125,131,72,72,44
2026-06-06 18:24:20.477,75,105,133,128,58,49,81,125,131,72,72,44
2026-06-06 18:24:20.478,75,105,138,128,58,49,81,125,131,72,72,44
2026-06-06 18:24:20.479,75,105,138,128,59,50,81,124,130,72,71,39
2026-06-06 18:24:20.507,75,106,138,128,59,50,81,124,130,72,71,39
2026-06-06 18:24:20.508,75,106,141,128,59,50,81,124,130,72,71,39
2026-06-06 18:24:20.509,75,106,141,128,60,51,81,123,129,72,70,36
2026-06-06 18:24:20.543,75,107,141,128,60,51,81,123,129,72,70,36
2026-06-06 18:24:20.543,75,107,145,128,60,51,81,123,129,72,70,36
2026-06-06 18:24:20.545,75,107,145,128,61,53,81,122,127,72,69,32
2026-06-06 18:24:20.576,75,108,145,128,61,53,81,122,127,72,69,32
2026-06-06 18:24:20.577,75,108,148,128,61,53,81,122,127,72,69,32
2026-06-06 18:24:20.577,75,108,148,128,62,54,81,121,126,72,68,29
2026-06-06 18:24:20.608,75,109,148,128,62,54,81,121,126,72,68,29
2026-06-06 18:24:20.609,75,109,150,128,62,54,81,121,126,72,68,29
2026-06-06 18:24:20.609,75,109,150,128,64,56,81,120,124,72,67,27
2026-06-06 18:24:20.642,75,110,150,128,64,56,81,120,124,72,67,27
2026-06-06 18:24:20.642,75,110,153,128,64,56,81,120,124,72,67,27
2026-06-06 18:24:20.644,75,110,153,128,65,57,81,118,123,72,66,24
2026-06-06 18:24:20.677,75,111,153,128,65,57,81,118,123,72,66,24
2026-06-06 18:24:20.677,75,111,155,128,65,57,81,118,123,72,66,24
2026-06-06 18:24:20.678,75,111,155,128,66,58,81,117,122,72,65,22
2026-06-06 18:24:20.708,75,112,155,128,66,58,81,117,122,72,65,22
2026-06-06 18:24:20.708,75,112,156,128,66,58,81,117,122,72,65,22
2026-06-06 18:24:20.709,75,112,156,128,67,59,81,116,121,72,64,21
2026-06-06 18:24:20.741,75,114,156,128,67,59,81,116,121,72,64,21
2026-06-06 18:24:20.741,75,114,158,128,67,59,81,116,121,72,64,21
2026-06-06 18:24:20.742,75,114,158,128,68,61,81,115,119,72,62,19
2026-06-06 18:24:20.776,75,115,158,128,68,61,81,115,119,72,62,19
2026-06-06 18:24:20.776,75,115,159,128,68,61,81,115,119,72,62,19
2026-06-06 18:24:20.777,75,115,159,128,69,62,81,114,118,72,61,18
2026-06-06 18:24:20.808,75,116,159,128,69,62,81,114,118,72,61,18
2026-06-06 18:24:20.809,75,116,159,128,70,64,81,112,116,72,60,18
2026-06-06 18:24:20.842,75,117,159,128,70,64,81,112,116,72,60,18
2026-06-06 18:24:20.843,75,117,160,128,70,64,81,112,116,72,60,18
2026-06-06 18:24:20.844,75,117,160,128,72,65,81,111,115,72,59,18
2026-06-06 18:24:20.876,75,119,160,128,72,65,81,111,115,72,59,18
2026-06-06 18:24:20.876,75,119,159,128,72,65,81,111,115,72,59,18
2026-06-06 18:24:20.877,75,119,159,128,73,66,81,110,114,72,57,18
2026-06-06 18:24:20.909,75,120,159,128,73,66,81,110,114,72,57,18
2026-06-06 18:24:20.910,75,120,159,128,74,68,81,109,112,72,56,18
2026-06-06 18:24:20.942,75,121,159,128,74,68,81,109,112,72,56,18
2026-06-06 18:24:20.942,75,121,158,128,74,68,81,109,112,72,56,18
2026-06-06 18:24:20.943,75,121,158,128,75,69,81,108,111,72,55,19
2026-06-06 18:24:20.975,75,122,158,128,75,69,81,108,111,72,55,19
2026-06-06 18:24:20.975,75,122,157,128,75,69,81,108,111,72,55,19
2026-06-06 18:24:20.976,75,122,157,128,76,70,81,107,110,72,54,20
2026-06-06 18:24:21.011,75,124,157,128,76,70,81,107,110,72,54,20
2026-06-06 18:24:21.011,75,124,155,128,76,70,81,107,110,72,54,20
2026-06-06 18:24:21.011,75,124,155,128,78,72,81,105,108,72,52,22
2026-06-06 18:24:21.042,75,125,155,128,78,72,81,105,108,72,52,22
2026-06-06 18:24:21.043,75,125,153,128,78,72,81,105,108,72,52,22
2026-06-06 18:24:21.043,75,125,153,128,79,73,81,104,107,72,51,24
2026-06-06 18:24:21.075,75,127,153,128,79,73,81,104,107,72,51,24
2026-06-06 18:24:21.076,75,127,151,128,79,73,81,104,107,72,51,24
2026-06-06 18:24:21.077,75,127,151,128,80,74,81,103,106,72,49,26
2026-06-06 18:24:21.109,75,128,151,128,80,74,81,103,106,72,49,26
2026-06-06 18:24:21.110,75,128,148,128,80,74,81,103,106,72,49,26
2026-06-06 18:24:21.110,75,128,148,128,81,76,81,102,104,72,48,28
2026-06-06 18:24:21.144,75,130,148,128,81,76,81,102,104,72,48,28
2026-06-06 18:24:21.144,75,130,146,128,81,76,81,102,104,72,48,28
2026-06-06 18:24:21.144,75,130,146,128,82,77,81,101,103,72,46,32
2026-06-06 18:24:21.176,75,131,146,128,82,77,81,101,103,72,46,32
2026-06-06 18:24:21.176,75,131,142,128,82,77,81,101,103,72,46,32
2026-06-06 18:24:21.177,75,131,142,128,83,78,81,100,102,72,45,35
2026-06-06 18:24:21.209,75,132,142,128,83,78,81,100,102,72,45,35
2026-06-06 18:24:21.209,75,132,138,128,83,78,81,100,102,72,45,35
2026-06-06 18:24:21.210,75,132,138,128,85,80,81,98,100,72,44,38
2026-06-06 18:24:21.243,75,132,136,128,85,80,81,98,100,72,44,38
2026-06-06 18:24:21.243,75,132,136,128,84,76,81,98,104,72,44,41
2026-06-06 18:24:21.276,75,131,136,128,84,76,81,98,104,72,44,41
2026-06-06 18:24:21.277,75,131,135,128,84,76,81,98,104,72,44,41
2026-06-06 18:24:21.278,75,131,135,128,84,70,81,99,110,72,45,42
2026-06-06 18:24:21.310,75,130,135,128,84,70,81,99,110,72,45,42
2026-06-06 18:24:21.311,75,130,134,128,84,70,81,99,110,72,45,42
2026-06-06 18:24:21.311,75,130,134,128,83,64,81,100,116,72,46,44
2026-06-06 18:24:21.344,75,129,134,128,83,64,81,100,116,72,46,44
2026-06-06 18:24:21.344,75,129,132,128,83,64,81,100,116,72,46,44
2026-06-06 18:24:21.345,75,129,132,128,82,58,81,101,122,72,47,45
2026-06-06 18:24:21.376,75,128,132,128,82,58,81,101,122,72,47,45
2026-06-06 18:24:21.377,75,128,131,128,82,58,81,101,122,72,47,45
2026-06-06 18:24:21.377,75,128,131,128,81,53,81,102,127,72,48,46
2026-06-06 18:24:21.408,75,126,131,128,81,53,81,102,127,72,48,46
2026-06-06 18:24:21.410,75,126,130,128,81,53,81,102,127,72,48,46
2026-06-06 18:24:21.411,75,126,130,128,80,48,81,103,132,72,50,48
2026-06-06 18:24:21.441,75,125,130,128,80,48,81,103,132,72,50,48
2026-06-06 18:24:21.441,75,125,128,128,80,48,81,103,132,72,50,48
2026-06-06 18:24:21.442,75,125,128,128,79,44,81,104,136,72,51,49
2026-06-06 18:24:21.474,75,124,128,128,79,44,81,104,136,72,51,49
2026-06-06 18:24:21.475,75,124,127,128,79,44,81,104,136,72,51,49
2026-06-06 18:24:21.476,75,124,127,128,78,40,81,105,140,72,52,50
2026-06-06 18:24:21.509,75,123,127,128,78,40,81,105,140,72,52,50
2026-06-06 18:24:21.510,75,123,126,128,78,40,81,105,140,72,52,50
2026-06-06 18:24:21.511,75,123,126,128,77,36,81,106,144,72,53,52
2026-06-06 18:24:21.542,75,122,126,128,77,36,81,106,144,72,53,52
2026-06-06 18:24:21.542,75,122,124,128,77,36,81,106,144,72,53,52
2026-06-06 18:24:21.543,75,122,124,128,76,32,81,107,148,72,54,53
2026-06-06 18:24:21.574,75,121,124,128,76,32,81,107,148,72,54,53
2026-06-06 18:24:21.575,75,121,123,128,76,32,81,107,148,72,54,53
2026-06-06 18:24:21.576,75,121,123,128,75,29,81,108,151,72,55,54
2026-06-06 18:24:21.609,75,120,123,128,75,29,81,108,151,72,55,54
2026-06-06 18:24:21.610,75,120,122,128,75,29,81,108,151,72,55,54
2026-06-06 18:24:21.611,75,120,122,128,74,27,81,109,153,72,56,56
2026-06-06 18:24:21.642,75,118,122,128,74,27,81,109,153,72,56,56
2026-06-06 18:24:21.642,75,118,120,128,74,27,81,109,153,72,56,56
2026-06-06 18:24:21.643,75,118,120,128,73,24,81,110,156,72,58,57
2026-06-06 18:24:21.676,75,117,120,128,73,24,81,110,156,72,58,57
2026-06-06 18:24:21.677,75,117,119,128,73,24,81,110,156,72,58,57
2026-06-06 18:24:21.677,75,117,119,128,72,22,81,111,158,72,59,58
2026-06-06 18:24:21.709,75,116,119,128,72,22,81,111,158,72,59,58
2026-06-06 18:24:21.710,75,116,118,128,72,22,81,111,158,72,59,58
2026-06-06 18:24:21.710,75,116,118,128,70,21,81,112,159,72,60,60
2026-06-06 18:24:21.742,75,115,118,128,70,21,81,112,159,72,60,60
2026-06-06 18:24:21.742,75,115,116,128,70,21,81,112,159,72,60,60
2026-06-06 18:24:21.743,75,115,116,128,69,19,81,114,161,72,61,61
2026-06-06 18:24:21.777,75,114,116,128,69,19,81,114,161,72,61,61
2026-06-06 18:24:21.777,75,114,115,128,69,19,81,114,161,72,61,61
2026-06-06 18:24:21.778,75,114,115,128,68,18,81,115,162,72,62,62
2026-06-06 18:24:21.809,75,112,115,128,68,18,81,115,162,72,62,62
2026-06-06 18:24:21.810,75,112,114,128,68,18,81,115,162,72,62,62
2026-06-06 18:24:21.811,75,112,114,128,67,18,81,116,162,72,64,64
2026-06-06 18:24:21.840,75,111,114,128,67,18,81,116,162,72,64,64
2026-06-06 18:24:21.840,75,111,112,128,67,18,81,116,162,72,64,64
2026-06-06 18:24:21.840,75,111,112,128,66,18,81,117,162,72,65,65
2026-06-06 18:24:21.876,75,110,112,128,66,18,81,117,162,72,65,65
2026-06-06 18:24:21.878,75,110,111,128,66,18,81,117,162,72,65,65
2026-06-06 18:24:21.878,75,110,111,128,64,18,81,119,162,72,66,66
2026-06-06 18:24:21.909,75,109,111,128,64,18,81,119,162,72,66,66
2026-06-06 18:24:21.909,75,109,110,128,64,18,81,119,162,72,66,66
2026-06-06 18:24:21.911,75,109,110,128,63,18,81,120,162,72,67,68
2026-06-06 18:24:21.943,75,108,110,128,63,18,81,120,162,72,67,68
2026-06-06 18:24:21.944,75,108,108,128,63,18,81,120,162,72,67,68
2026-06-06 18:24:21.944,75,108,108,128,62,19,81,121,161,72,68,69
2026-06-06 18:24:21.975,75,107,108,128,62,19,81,121,161,72,68,69
2026-06-06 18:24:21.976,75,107,107,128,62,19,81,121,161,72,68,69
2026-06-06 18:24:21.976,75,107,107,128,60,20,81,122,160,72,69,70
2026-06-06 18:24:22.009,75,106,107,128,60,20,81,122,160,72,69,70
2026-06-06 18:24:22.010,75,106,106,128,60,20,81,122,160,72,69,70
2026-06-06 18:24:22.011,75,106,106,128,59,22,81,124,158,72,70,72
2026-06-06 18:24:22.043,75,104,106,128,59,22,81,124,158,72,70,72
2026-06-06 18:24:22.044,75,104,104,128,59,22,81,124,158,72,70,72
2026-06-06 18:24:22.044,75,104,104,128,58,24,81,125,156,72,72,73
2026-06-06 18:24:22.076,75,103,104,128,58,24,81,125,156,72,72,73
2026-06-06 18:24:22.077,75,103,103,128,58,24,81,125,156,72,72,73
2026-06-06 18:24:22.077,75,103,103,128,56,26,81,127,154,72,73,74
2026-06-06 18:24:22.108,75,102,103,128,56,26,81,127,154,72,73,74
2026-06-06 18:24:22.109,75,102,102,128,56,26,81,127,154,72,73,74
2026-06-06 18:24:22.109,75,102,102,128,55,28,81,128,152,72,74,75
2026-06-06 18:24:22.143,75,101,102,128,55,28,81,128,152,72,74,75
2026-06-06 18:24:22.144,75,101,100,128,55,28,81,128,152,72,74,75
2026-06-06 18:24:22.144,75,101,100,128,54,32,81,130,148,72,75,77
2026-06-06 18:24:22.175,75,100,100,128,54,32,81,130,148,72,75,77
2026-06-06 18:24:22.175,75,100,99,128,54,32,81,130,148,72,75,77
2026-06-06 18:24:22.177,75,100,99,128,52,35,81,131,145,72,76,78
2026-06-06 18:24:22.210,75,98,99,128,52,35,81,131,145,72,76,78
2026-06-06 18:24:22.210,75,98,98,128,52,35,81,131,145,72,76,78
2026-06-06 18:24:22.211,75,98,98,128,50,39,81,132,141,72,78,80
2026-06-06 18:24:22.243,75,98,101,128,50,39,81,132,141,72,78,80
2026-06-06 18:24:22.244,75,98,101,128,51,41,81,132,139,72,78,76
2026-06-06 18:24:22.277,75,99,101,128,51,41,81,132,139,72,78,76
2026-06-06 18:24:22.277,75,99,107,128,51,41,81,132,139,72,78,76
2026-06-06 18:24:22.278,75,99,107,128,52,42,81,131,138,72,77,70
2026-06-06 18:24:22.309,75,100,107,128,52,42,81,131,138,72,77,70
2026-06-06 18:24:22.310,75,100,113,128,52,42,81,131,138,72,77,70
2026-06-06 18:24:22.311,75,100,113,128,53,44,81,130,136,72,76,64
2026-06-06 18:24:22.342,75,101,113,128,53,44,81,130,136,72,76,64
2026-06-06 18:24:22.343,75,101,119,128,53,44,81,130,136,72,76,64
2026-06-06 18:24:22.344,75,101,119,128,54,45,81,129,135,72,75,58
2026-06-06 18:24:22.375,75,102,119,128,54,45,81,129,135,72,75,58
2026-06-06 18:24:22.376,75,102,124,128,54,45,81,129,135,72,75,58
2026-06-06 18:24:22.376,75,102,124,128,55,46,81,128,134,72,74,53
2026-06-06 18:24:22.409,75,103,124,128,55,46,81,128,134,72,74,53
2026-06-06 18:24:22.409,75,103,129,128,55,46,81,128,134,72,74,53
2026-06-06 18:24:22.410,75,103,129,128,56,48,81,126,132,72,73,48
2026-06-06 18:24:22.444,75,104,129,128,56,48,81,126,132,72,73,48
2026-06-06 18:24:22.444,75,104,134,128,56,48,81,126,132,72,73,48
2026-06-06 18:24:22.445,75,104,134,128,58,49,81,125,131,72,72,44
2026-06-06 18:24:22.476,75,105,134,128,58,49,81,125,131,72,72,44
2026-06-06 18:24:22.477,75,105,138,128,58,49,81,125,131,72,72,44
2026-06-06 18:24:22.477,75,105,138,128,59,50,81,124,130,72,71,40
2026-06-06 18:24:22.509,75,106,138,128,59,50,81,124,130,72,71,40
2026-06-06 18:24:22.509,75,106,141,128,59,50,81,124,130,72,71,40
2026-06-06 18:24:22.509,75,106,141,128,60,52,81,123,128,72,70,36
2026-06-06 18:24:22.542,75,107,141,128,60,52,81,123,128,72,70,36
2026-06-06 18:24:22.543,75,107,145,128,60,52,81,123,128,72,70,36
2026-06-06 18:24:22.544,75,107,145,128,61,53,81,122,127,72,69,32
2026-06-06 18:24:22.575,75,108,145,128,61,53,81,122,127,72,69,32
2026-06-06 18:24:22.575,75,108,148,128,61,53,81,122,127,72,69,32
2026-06-06 18:24:22.576,75,108,148,128,62,54,81,121,126,72,68,29
2026-06-06 18:24:22.609,75,109,148,128,62,54,81,121,126,72,68,29
2026-06-06 18:24:22.610,75,109,150,128,62,54,81,121,126,72,68,29
2026-06-06 18:24:22.611,75,109,150,128,64,56,81,120,124,72,67,27
2026-06-06 18:24:22.643,75,110,150,128,64,56,81,120,124,72,67,27
2026-06-06 18:24:22.643,75,110,153,128,64,56,81,120,124,72,67,27
2026-06-06 18:24:22.643,75,110,153,128,65,57,81,118,123,72,66,24
2026-06-06 18:24:22.676,75,111,153,128,65,57,81,118,123,72,66,24
2026-06-06 18:24:22.676,75,111,155,128,65,57,81,118,123,72,66,24
2026-06-06 18:24:22.677,75,111,155,128,66,58,81,117,122,72,65,22
2026-06-06 18:24:22.708,75,112,155,128,66,58,81,117,122,72,65,22
2026-06-06 18:24:22.709,75,112,156,128,66,58,81,117,122,72,65,22
2026-06-06 18:24:22.709,75,112,156,128,67,60,81,116,120,72,64,21
2026-06-06 18:24:22.743,75,114,156,128,67,60,81,116,120,72,64,21
2026-06-06 18:24:22.744,75,114,158,128,67,60,81,116,120,72,64,21
2026-06-06 18:24:22.744,75,114,158,128,68,61,81,115,119,72,62,19
2026-06-06 18:24:22.778,75,115,158,128,68,61,81,115,119,72,62,19
2026-06-06 18:24:22.778,75,115,159,128,68,61,81,115,119,72,62,19
2026-06-06 18:24:22.778,75,115,159,128,69,62,81,114,118,72,61,18
2026-06-06 18:24:22.809,75,116,159,128,69,62,81,114,118,72,61,18
2026-06-06 18:24:22.810,75,116,159,128,71,64,81,112,116,72,60,18
2026-06-06 18:24:22.842,75,117,159,128,71,64,81,112,116,72,60,18
2026-06-06 18:24:22.842,75,117,160,128,71,64,81,112,116,72,60,18
2026-06-06 18:24:22.843,75,117,160,128,72,65,81,111,115,72,59,18
2026-06-06 18:24:22.876,75,119,160,128,72,65,81,111,115,72,59,18
2026-06-06 18:24:22.877,75,119,159,128,72,65,81,111,115,72,59,18
2026-06-06 18:24:22.877,75,119,159,128,73,66,81,110,114,72,57,18
2026-06-06 18:24:22.911,75,120,159,128,73,66,81,110,114,72,57,18
2026-06-06 18:24:22.912,75,120,159,128,74,68,81,109,112,72,56,18
2026-06-06 18:24:22.941,75,121,159,128,74,68,81,109,112,72,56,18
2026-06-06 18:24:22.942,75,121,158,128,74,68,81,109,112,72,56,18
2026-06-06 18:24:22.943,75,121,158,128,75,69,81,108,111,72,55,19
2026-06-06 18:24:22.977,75,123,158,128,75,69,81,108,111,72,55,19
2026-06-06 18:24:22.978,75,123,157,128,75,69,81,108,111,72,55,19
2026-06-06 18:24:22.978,75,123,157,128,76,70,81,107,110,72,53,20
2026-06-06 18:24:23.009,75,124,157,128,76,70,81,107,110,72,53,20
2026-06-06 18:24:23.010,75,124,155,128,76,70,81,107,110,72,53,20
2026-06-06 18:24:23.010,75,124,155,128,78,72,81,105,108,72,52,22
2026-06-06 18:24:23.042,75,125,155,128,78,72,81,105,108,72,52,22
2026-06-06 18:24:23.042,75,125,153,128,78,72,81,105,108,72,52,22
2026-06-06 18:24:23.043,75,125,153,128,79,73,81,104,107,72,51,24
2026-06-06 18:24:23.075,75,127,153,128,79,73,81,104,107,72,51,24
2026-06-06 18:24:23.075,75,127,151,128,79,73,81,104,107,72,51,24
2026-06-06 18:24:23.077,75,127,151,128,80,74,81,103,106,72,49,26
2026-06-06 18:24:23.108,75,128,151,128,80,74,81,103,106,72,49,26
2026-06-06 18:24:23.109,75,128,149,128,80,74,81,103,106,72,49,26
2026-06-06 18:24:23.110,75,128,149,128,81,76,81,102,104,72,48,28
2026-06-06 18:24:23.143,75,130,149,128,81,76,81,102,104,72,48,28
2026-06-06 18:24:23.145,75,130,145,128,81,76,81,102,104,72,48,28
2026-06-06 18:24:23.145,75,130,145,128,82,77,81,101,103,72,46,32
2026-06-06 18:24:23.176,75,131,145,128,82,77,81,101,103,72,46,32
2026-06-06 18:24:23.176,75,131,142,128,82,77,81,101,103,72,46,32
2026-06-06 18:24:23.177,75,131,142,128,83,78,81,100,102,72,45,35
2026-06-06 18:24:23.209,75,132,142,128,83,78,81,100,102,72,45,35
2026-06-06 18:24:23.210,75,132,139,128,83,78,81,100,102,72,45,35
2026-06-06 18:24:23.210,75,132,139,128,84,80,81,98,100,72,44,38
2026-06-06 18:24:23.242,75,132,136,128,84,80,81,98,100,72,44,38
2026-06-06 18:24:23.242,75,132,136,128,84,76,81,98,104,72,44,41
2026-06-06 18:24:23.277,75,131,136,128,84,76,81,98,104,72,44,41
2026-06-06 18:24:23.277,75,131,135,128,84,76,81,98,104,72,44,41
2026-06-06 18:24:23.278,75,131,135,128,84,70,81,99,110,72,45,42
2026-06-06 18:24:23.308,75,130,135,128,84,70,81,99,110,72,45,42
2026-06-06 18:24:23.309,75,130,134,128,84,70,81,99,110,72,45,42
2026-06-06 18:24:23.309,75,130,134,128,83,64,81,100,116,72,46,44
2026-06-06 18:24:23.340,75,129,134,128,83,64,81,100,116,72,46,44
2026-06-06 18:24:23.341,75,129,132,128,83,64,81,100,116,72,46,44
2026-06-06 18:24:23.342,75,129,132,128,82,59,81,101,121,72,47,45
2026-06-06 18:24:23.371,75,128,132,128,82,59,81,101,121,72,47,45
2026-06-06 18:24:23.371,75,128,131,128,82,59,81,101,121,72,47,45
2026-06-06 18:24:23.373,75,128,131,128,81,54,81,102,126,72,48,46
2026-06-06 18:24:23.403,75,127,131,128,81,54,81,102,126,72,48,46
2026-06-06 18:24:23.403,75,127,130,128,81,54,81,102,126,72,48,46
2026-06-06 18:24:23.403,75,127,130,128,80,49,81,103,131,72,49,47
2026-06-06 18:24:23.435,75,126,130,128,80,49,81,103,131,72,49,47
2026-06-06 18:24:23.436,75,126,128,128,80,49,81,103,131,72,49,47
2026-06-06 18:24:23.436,75,126,128,128,79,45,81,104,135,72,50,48
2026-06-06 18:24:23.459,75,125,128,128,78,42,81,104,138,72,51,50
2026-06-06 18:24:23.492,75,124,128,128,78,42,81,104,138,72,51,50
2026-06-06 18:24:23.493,75,124,126,128,78,42,81,104,138,72,51,50
2026-06-06 18:24:23.493,75,124,126,128,78,38,81,106,142,72,52,51
2026-06-06 18:24:23.526,75,122,126,128,78,38,81,106,142,72,52,51
2026-06-06 18:24:23.526,75,122,125,128,78,38,81,106,142,72,52,51
2026-06-06 18:24:23.528,75,122,125,128,76,34,81,106,146,72,54,52
2026-06-06 18:24:23.559,75,121,125,128,76,34,81,106,146,72,54,52
2026-06-06 18:24:23.559,75,121,124,128,76,34,81,106,146,72,54,52
2026-06-06 18:24:23.560,75,121,124,128,75,31,81,108,149,72,55,54
2026-06-06 18:24:23.592,75,120,124,128,75,31,81,108,149,72,55,54
2026-06-06 18:24:23.593,75,120,122,128,75,31,81,108,149,72,55,54
2026-06-06 18:24:23.593,75,120,122,128,74,28,81,109,152,72,56,55
2026-06-06 18:24:23.625,75,119,122,128,74,28,81,109,152,72,56,55
2026-06-06 18:24:23.626,75,119,121,128,74,28,81,109,152,72,56,55
2026-06-06 18:24:23.626,75,119,121,128,73,25,81,110,155,72,57,56
2026-06-06 18:24:23.657,75,118,121,128,73,25,81,110,155,72,57,56
2026-06-06 18:24:23.657,75,118,120,128,73,25,81,110,155,72,57,56
2026-06-06 18:24:23.658,75,118,120,128,72,23,81,111,157,72,58,57
2026-06-06 18:24:23.688,75,117,120,128,72,23,81,111,157,72,58,57
2026-06-06 18:24:23.688,75,117,118,128,72,23,81,111,157,72,58,57
2026-06-06 18:24:23.688,75,117,118,128,71,22,81,112,158,72,59,59
2026-06-06 18:24:23.710,75,116,118,128,70,20,81,113,160,72,60,60
2026-06-06 18:24:23.742,75,115,118,128,70,20,81,113,160,72,60,60
2026-06-06 18:24:23.742,75,115,116,128,70,20,81,113,160,72,60,60
2026-06-06 18:24:23.744,75,115,116,128,69,19,81,114,161,72,61,61
2026-06-06 18:24:23.774,75,114,116,128,69,19,81,114,161,72,61,61
2026-06-06 18:24:23.774,75,114,115,128,69,19,81,114,161,72,61,61
2026-06-06 18:24:23.775,75,114,115,128,68,18,81,115,162,72,62,62
2026-06-06 18:24:23.806,75,113,115,128,68,18,81,115,162,72,62,62
2026-06-06 18:24:23.806,75,113,114,128,68,18,81,115,162,72,62,62
2026-06-06 18:24:23.807,75,113,114,128,67,18,81,116,162,72,63,63
2026-06-06 18:24:23.836,75,112,114,128,67,18,81,116,162,72,63,63
2026-06-06 18:24:23.837,75,112,112,128,67,18,81,116,162,72,63,63
2026-06-06 18:24:23.838,75,112,112,128,66,18,81,117,162,72,64,65
2026-06-06 18:24:23.859,75,111,112,128,65,18,81,118,162,72,65,66
2026-06-06 18:24:23.893,75,110,112,128,65,18,81,118,162,72,65,66
2026-06-06 18:24:23.894,75,110,110,128,65,18,81,118,162,72,65,66
2026-06-06 18:24:23.895,75,110,110,128,64,18,81,119,162,72,66,67
2026-06-06 18:24:23.926,75,108,110,128,64,18,81,119,162,72,66,67
2026-06-06 18:24:23.926,75,108,109,128,64,18,81,119,162,72,66,67
2026-06-06 18:24:23.928,75,108,109,128,62,18,81,121,162,72,68,68
2026-06-06 18:24:23.957,75,107,109,128,62,18,81,121,162,72,68,68
2026-06-06 18:24:23.957,75,107,108,128,62,18,81,121,162,72,68,68
2026-06-06 18:24:23.958,75,107,108,128,61,19,81,122,161,72,69,69
2026-06-06 18:24:23.991,75,106,108,128,61,19,81,122,161,72,69,69
2026-06-06 18:24:23.992,75,106,106,128,61,19,81,122,161,72,69,69
2026-06-06 18:24:23.992,75,106,106,128,60,21,81,123,159,72,70,71
2026-06-06 18:24:24.026,75,105,106,128,60,21,81,123,159,72,70,71
2026-06-06 18:24:24.027,75,105,105,128,60,21,81,123,159,72,70,71
2026-06-06 18:24:24.027,75,105,105,128,58,23,81,125,157,72,71,72
2026-06-06 18:24:24.056,75,104,105,128,58,23,81,125,157,72,71,72
2026-06-06 18:24:24.057,75,104,104,128,58,23,81,125,157,72,71,72
2026-06-06 18:24:24.057,75,104,104,128,57,24,81,126,156,72,72,73
2026-06-06 18:24:24.093,75,102,104,128,57,24,81,126,156,72,72,73
2026-06-06 18:24:24.093,75,102,102,128,57,24,81,126,156,72,72,73
2026-06-06 18:24:24.094,75,102,102,128,56,27,81,127,153,72,74,75
2026-06-06 18:24:24.127,75,101,102,128,56,27,81,127,153,72,74,75
2026-06-06 18:24:24.127,75,101,101,128,56,27,81,127,153,72,74,75
2026-06-06 18:24:24.128,75,101,101,128,54,30,81,129,150,72,75,76
2026-06-06 18:24:24.159,75,100,101,128,54,30,81,129,150,72,75,76
2026-06-06 18:24:24.159,75,100,100,128,54,30,81,129,150,72,75,76
2026-06-06 18:24:24.160,75,100,100,128,53,33,81,130,147,72,76,77
2026-06-06 18:24:24.192,75,99,100,128,53,33,81,130,147,72,76,77
2026-06-06 18:24:24.192,75,99,98,128,53,33,81,130,147,72,76,77
2026-06-06 18:24:24.193,75,99,98,128,51,36,81,132,144,72,77,79
2026-06-06 18:24:24.225,75,98,98,128,51,36,81,132,144,72,77,79
2026-06-06 18:24:24.227,75,98,98,128,50,40,81,133,140,72,78,79
2026-06-06 18:24:24.259,75,99,98,128,50,40,81,133,140,72,78,79
2026-06-06 18:24:24.260,75,99,104,128,50,40,81,133,140,72,78,79
2026-06-06 18:24:24.261,75,99,104,128,51,42,81,132,138,72,77,73
2026-06-06 18:24:24.292,75,100,104,128,51,42,81,132,138,72,77,73
2026-06-06 18:24:24.292,75,100,110,128,51,42,81,132,138,72,77,73
2026-06-06 18:24:24.293,75,100,110,128,52,43,81,130,137,72,76,67
2026-06-06 18:24:24.325,75,101,110,128,52,43,81,130,137,72,76,67
2026-06-06 18:24:24.326,75,101,116,128,52,43,81,130,137,72,76,67
2026-06-06 18:24:24.327,75,101,116,128,54,44,81,129,136,72,75,61
2026-06-06 18:24:24.360,75,102,116,128,54,44,81,129,136,72,75,61
2026-06-06 18:24:24.360,75,102,122,128,54,44,81,129,136,72,75,61
2026-06-06 18:24:24.361,75,102,122,128,55,46,81,128,134,72,74,56
2026-06-06 18:24:24.392,75,102,126,128,55,46,81,128,134,72,74,56
2026-06-06 18:24:24.393,75,102,126,128,56,47,81,127,133,72,74,51
2026-06-06 18:24:24.426,75,104,126,128,56,47,81,127,133,72,74,51
2026-06-06 18:24:24.427,75,104,131,128,56,47,81,127,133,72,74,51
2026-06-06 18:24:24.427,75,104,131,128,57,48,81,126,132,72,72,46
2026-06-06 18:24:24.460,75,104,136,128,57,48,81,126,132,72,72,46
2026-06-06 18:24:24.460,75,104,136,128,58,50,81,125,130,72,72,42
2026-06-06 18:24:24.493,75,106,136,128,58,50,81,125,130,72,72,42
2026-06-06 18:24:24.493,75,106,140,128,58,50,81,125,130,72,72,42
2026-06-06 18:24:24.494,75,106,140,128,60,51,81,124,129,72,70,38
2026-06-06 18:24:24.525,75,106,143,128,60,51,81,124,129,72,70,38
2026-06-06 18:24:24.526,75,106,143,128,61,52,81,122,128,72,70,34
2026-06-06 18:24:24.560,75,108,143,128,61,52,81,122,128,72,70,34
2026-06-06 18:24:24.560,75,108,146,128,61,52,81,122,128,72,70,34
2026-06-06 18:24:24.561,75,108,146,128,62,54,81,121,126,72,68,31
2026-06-06 18:24:24.591,75,109,146,128,62,54,81,121,126,72,68,31
2026-06-06 18:24:24.592,75,109,149,128,62,54,81,121,126,72,68,31
2026-06-06 18:24:24.593,75,109,149,128,63,55,81,120,125,72,67,28
2026-06-06 18:24:24.625,75,110,149,128,63,55,81,120,125,72,67,28
2026-06-06 18:24:24.626,75,110,152,128,63,55,81,120,125,72,67,28
2026-06-06 18:24:24.626,75,110,152,128,64,56,81,119,124,72,66,25
2026-06-06 18:24:24.659,75,111,152,128,64,56,81,119,124,72,66,25
2026-06-06 18:24:24.660,75,111,154,128,64,56,81,119,124,72,66,25
2026-06-06 18:24:24.660,75,111,154,128,65,58,81,118,122,72,65,23
2026-06-06 18:24:24.692,75,112,154,128,65,58,81,118,122,72,65,23
2026-06-06 18:24:24.693,75,112,156,128,65,58,81,118,122,72,65,23
2026-06-06 18:24:24.694,75,112,156,128,66,59,81,117,121,72,64,21
2026-06-06 18:24:24.726,75,113,156,128,66,59,81,117,121,72,64,21
2026-06-06 18:24:24.727,75,113,157,128,66,59,81,117,121,72,64,21
2026-06-06 18:24:24.727,75,113,157,128,68,60,81,115,120,72,63,20
2026-06-06 18:24:24.759,75,114,157,128,68,60,81,115,120,72,63,20
2026-06-06 18:24:24.759,75,114,158,128,68,60,81,115,120,72,63,20
2026-06-06 18:24:24.760,75,114,158,128,69,62,81,114,118,72,62,19
2026-06-06 18:24:24.793,75,116,158,128,69,62,81,114,118,72,62,19
2026-06-06 18:24:24.793,75,116,159,128,69,62,81,114,118,72,62,19
2026-06-06 18:24:24.794,75,116,159,128,70,63,81,113,117,72,60,18
2026-06-06 18:24:24.826,75,117,159,128,70,63,81,113,117,72,60,18
2026-06-06 18:24:24.827,75,117,159,128,71,64,81,112,116,72,59,18
2026-06-06 18:24:24.859,75,118,159,128,71,64,81,112,116,72,59,18
2026-06-06 18:24:24.860,75,118,160,128,71,64,81,112,116,72,59,18
2026-06-06 18:24:24.860,75,118,160,128,72,66,81,111,114,72,58,18
2026-06-06 18:24:24.893,75,119,160,128,72,66,81,111,114,72,58,18
2026-06-06 18:24:24.894,75,119,159,128,72,66,81,111,114,72,58,18
2026-06-06 18:24:24.894,75,119,159,128,74,67,81,110,113,72,57,18
2026-06-06 18:24:24.925,75,120,159,128,74,67,81,110,113,72,57,18
2026-06-06 18:24:24.925,75,120,158,128,74,67,81,110,113,72,57,18
2026-06-06 18:24:24.926,75,120,158,128,75,68,81,108,112,72,56,18
2026-06-06 18:24:24.959,75,122,158,128,75,68,81,108,112,72,56,18
2026-06-06 18:24:24.960,75,122,158,128,76,70,81,107,110,72,54,20
2026-06-06 18:24:24.993,75,123,158,128,76,70,81,107,110,72,54,20
2026-06-06 18:24:24.994,75,123,156,128,76,70,81,107,110,72,54,20
2026-06-06 18:24:24.994,75,123,156,128,77,71,81,106,109,72,53,21
2026-06-06 18:24:25.026,75,125,156,128,77,71,81,106,109,72,53,21
2026-06-06 18:24:25.026,75,125,154,128,77,71,81,106,109,72,53,21
2026-06-06 18:24:25.027,75,125,154,128,78,72,81,105,108,72,51,23
2026-06-06 18:24:25.057,75,126,154,128,78,72,81,105,108,72,51,23
2026-06-06 18:24:25.058,75,126,152,128,78,72,81,105,108,72,51,23
2026-06-06 18:24:25.059,75,126,152,128,79,73,81,104,107,72,50,25
2026-06-06 18:24:25.094,75,127,152,128,79,73,81,104,107,72,50,25
2026-06-06 18:24:25.094,75,127,150,128,79,73,81,104,107,72,50,25
2026-06-06 18:24:25.094,75,127,150,128,80,75,81,102,105,72,49,27
2026-06-06 18:24:25.125,75,129,150,128,80,75,81,102,105,72,49,27
2026-06-06 18:24:25.126,75,129,147,128,80,75,81,102,105,72,49,27
2026-06-06 18:24:25.127,75,129,147,128,82,76,81,101,104,72,47,30
2026-06-06 18:24:25.158,75,130,147,128,82,76,81,101,104,72,47,30
2026-06-06 18:24:25.159,75,130,144,128,82,76,81,101,104,72,47,30
2026-06-06 18:24:25.160,75,130,144,128,83,78,81,100,102,72,46,33
2026-06-06 18:24:25.192,75,132,144,128,83,78,81,100,102,72,46,33
2026-06-06 18:24:25.192,75,132,141,128,83,78,81,100,102,72,46,33
2026-06-06 18:24:25.193,75,132,141,128,84,79,81,99,101,72,44,36
2026-06-06 18:24:25.224,75,133,141,128,84,79,81,99,101,72,44,36
2026-06-06 18:24:25.225,75,133,137,128,84,79,81,99,101,72,44,36
2026-06-06 18:24:25.226,75,133,137,128,85,79,81,98,101,72,43,40
2026-06-06 18:24:25.259,75,132,137,128,85,79,81,98,101,72,43,40
2026-06-06 18:24:25.259,75,132,136,128,85,79,81,98,101,72,43,40
2026-06-06 18:24:25.261,75,132,136,128,84,73,81,99,107,72,44,42
2026-06-06 18:24:25.290,75,131,136,128,84,73,81,99,107,72,44,42
2026-06-06 18:24:25.290,75,131,134,128,84,73,81,99,107,72,44,42
2026-06-06 18:24:25.291,75,131,134,128,83,67,81,100,113,72,45,43
2026-06-06 18:24:25.325,75,129,134,128,83,67,81,100,113,72,45,43
2026-06-06 18:24:25.326,75,129,133,128,83,67,81,100,113,72,45,43
2026-06-06 18:24:25.327,75,129,133,128,82,61,81,101,119,72,47,44
2026-06-06 18:24:25.359,75,128,133,128,82,61,81,101,119,72,47,44
2026-06-06 18:24:25.360,75,128,132,128,82,61,81,101,119,72,47,44
2026-06-06 18:24:25.361,75,128,132,128,81,56,81,102,124,72,48,46
2026-06-06 18:24:25.393,75,127,132,128,81,56,81,102,124,72,48,46
2026-06-06 18:24:25.394,75,127,130,128,81,56,81,102,124,72,48,46
2026-06-06 18:24:25.395,75,127,130,128,80,50,81,103,130,72,49,47
2026-06-06 18:24:25.425,75,126,130,128,80,50,81,103,130,72,49,47
2026-06-06 18:24:25.426,75,126,129,128,80,50,81,103,130,72,49,47
2026-06-06 18:24:25.426,75,126,129,128,80,46,81,104,134,72,50,48
2026-06-06 18:24:25.460,75,125,129,128,80,46,81,104,134,72,50,48
2026-06-06 18:24:25.460,75,125,128,128,80,46,81,104,134,72,50,48
2026-06-06 18:24:25.461,75,125,128,128,78,42,81,104,138,72,51,50
2026-06-06 18:24:25.492,75,124,128,128,78,42,81,104,138,72,51,50
2026-06-06 18:24:25.493,75,124,126,128,78,42,81,104,138,72,51,50
2026-06-06 18:24:25.493,75,124,126,128,78,38,81,106,142,72,52,51
2026-06-06 18:24:25.526,75,122,126,128,78,38,81,106,142,72,52,51
2026-06-06 18:24:25.527,75,122,125,128,78,38,81,106,142,72,52,51
2026-06-06 18:24:25.528,75,122,125,128,76,34,81,106,146,72,54,52
2026-06-06 18:24:25.560,75,121,125,128,76,34,81,106,146,72,54,52
2026-06-06 18:24:25.561,75,121,124,128,76,34,81,106,146,72,54,52
2026-06-06 18:24:25.561,75,121,124,128,75,31,81,108,149,72,55,54
2026-06-06 18:24:25.589,75,120,124,128,75,31,81,108,149,72,55,54
2026-06-06 18:24:25.590,75,120,122,128,75,31,81,108,149,72,55,54
2026-06-06 18:24:25.591,75,120,122,128,74,28,81,109,152,72,56,55
2026-06-06 18:24:25.626,75,119,122,128,74,28,81,109,152,72,56,55
2026-06-06 18:24:25.626,75,119,121,128,74,28,81,109,152,72,56,55
2026-06-06 18:24:25.627,75,119,121,128,73,25,81,110,155,72,57,56
2026-06-06 18:24:25.660,75,118,121,128,73,25,81,110,155,72,57,56
2026-06-06 18:24:25.661,75,118,120,128,73,25,81,110,155,72,57,56
2026-06-06 18:24:25.661,75,118,120,128,72,23,81,111,157,72,58,58
2026-06-06 18:24:25.690,75,117,120,128,72,23,81,111,157,72,58,58
2026-06-06 18:24:25.691,75,117,118,128,72,23,81,111,157,72,58,58
2026-06-06 18:24:25.691,75,117,118,128,71,21,81,112,159,72,59,59
2026-06-06 18:24:25.725,75,115,118,128,71,21,81,112,159,72,59,59
2026-06-06 18:24:25.725,75,115,117,128,71,21,81,112,159,72,59,59
2026-06-06 18:24:25.726,75,115,117,128,70,20,81,113,160,72,61,60
2026-06-06 18:24:25.759,75,114,117,128,70,20,81,113,160,72,61,60
2026-06-06 18:24:25.760,75,114,116,128,70,20,81,113,160,72,61,60
2026-06-06 18:24:25.760,75,114,116,128,69,19,81,114,161,72,62,62
2026-06-06 18:24:25.793,75,113,116,128,69,19,81,114,161,72,62,62
2026-06-06 18:24:25.793,75,113,114,128,69,19,81,114,161,72,62,62
2026-06-06 18:24:25.794,75,113,114,128,68,18,81,116,162,72,63,63
2026-06-06 18:24:25.826,75,112,114,128,68,18,81,116,162,72,63,63
2026-06-06 18:24:25.826,75,112,113,128,68,18,81,116,162,72,63,63
2026-06-06 18:24:25.827,75,112,113,128,66,18,81,117,162,72,64,64
2026-06-06 18:24:25.860,75,111,113,128,66,18,81,117,162,72,64,64
2026-06-06 18:24:25.860,75,111,112,128,66,18,81,117,162,72,64,64
2026-06-06 18:24:25.861,75,111,112,128,65,18,81,118,162,72,65,66
2026-06-06 18:24:25.893,75,110,112,128,65,18,81,118,162,72,65,66
2026-06-06 18:24:25.893,75,110,110,128,65,18,81,118,162,72,65,66
2026-06-06 18:24:25.893,75,110,110,128,64,18,81,119,162,72,66,67
2026-06-06 18:24:25.926,75,108,110,128,64,18,81,119,162,72,66,67
2026-06-06 18:24:25.927,75,108,109,128,64,18,81,119,162,72,66,67
2026-06-06 18:24:25.927,75,108,109,128,62,18,81,121,162,72,68,68
2026-06-06 18:24:25.960,75,107,109,128,62,18,81,121,162,72,68,68
2026-06-06 18:24:25.960,75,107,108,128,62,18,81,121,162,72,68,68
2026-06-06 18:24:25.960,75,107,108,128,61,20,81,122,160,72,69,70
2026-06-06 18:24:25.991,75,106,108,128,61,20,81,122,160,72,69,70
2026-06-06 18:24:25.992,75,106,106,128,61,20,81,122,160,72,69,70
2026-06-06 18:24:25.993,75,106,106,128,60,21,81,123,159,72,70,71
2026-06-06 18:24:26.026,75,105,106,128,60,21,81,123,159,72,70,71
2026-06-06 18:24:26.027,75,105,105,128,60,21,81,123,159,72,70,71
2026-06-06 18:24:26.027,75,105,105,128,58,23,81,125,157,72,71,72
2026-06-06 18:24:26.057,75,104,105,128,58,23,81,125,157,72,71,72
2026-06-06 18:24:26.058,75,104,104,128,58,23,81,125,157,72,71,72
2026-06-06 18:24:26.059,75,104,104,128,57,25,81,126,155,72,72,73
2026-06-06 18:24:26.094,75,102,104,128,57,25,81,126,155,72,72,73
2026-06-06 18:24:26.094,75,102,102,128,57,25,81,126,155,72,72,73
2026-06-06 18:24:26.095,75,102,102,128,56,27,81,127,153,72,74,75
2026-06-06 18:24:26.125,75,101,102,128,56,27,81,127,153,72,74,75
2026-06-06 18:24:26.125,75,101,101,128,56,27,81,127,153,72,74,75
2026-06-06 18:24:26.126,75,101,101,128,54,30,81,129,150,72,75,76
2026-06-06 18:24:26.159,75,100,101,128,54,30,81,129,150,72,75,76
2026-06-06 18:24:26.160,75,100,100,128,54,30,81,129,150,72,75,76
2026-06-06 18:24:26.160,75,100,100,128,53,33,81,130,147,72,76,78
2026-06-06 18:24:26.193,75,99,100,128,53,33,81,130,147,72,76,78
2026-06-06 18:24:26.194,75,99,98,128,53,33,81,130,147,72,76,78
2026-06-06 18:24:26.194,75,99,98,128,51,37,81,132,143,72,77,79
2026-06-06 18:24:26.226,75,98,98,128,51,37,81,132,143,72,77,79
2026-06-06 18:24:26.227,75,98,98,128,50,40,81,133,140,72,78,79
2026-06-06 18:24:26.259,75,99,98,128,50,40,81,133,140,72,78,79
2026-06-06 18:24:26.259,75,99,104,128,50,40,81,133,140,72,78,79
2026-06-06 18:24:26.261,75,99,104,128,51,42,81,132,138,72,77,73
2026-06-06 18:24:26.293,75,100,104,128,51,42,81,132,138,72,77,73
2026-06-06 18:24:26.293,75,100,110,128,51,42,81,132,138,72,77,73
2026-06-06 18:24:26.294,75,100,110,128,52,43,81,130,137,72,76,67
2026-06-06 18:24:26.325,75,101,110,128,52,43,81,130,137,72,76,67
2026-06-06 18:24:26.326,75,101,116,128,52,43,81,130,137,72,76,67
2026-06-06 18:24:26.327,75,101,116,128,54,44,81,129,136,72,75,61
2026-06-06 18:24:26.359,75,102,116,128,54,44,81,129,136,72,75,61
2026-06-06 18:24:26.360,75,102,121,128,54,44,81,129,136,72,75,61
2026-06-06 18:24:26.360,75,102,121,128,55,46,81,128,134,72,74,56
2026-06-06 18:24:26.391,75,102,126,128,55,46,81,128,134,72,74,56
2026-06-06 18:24:26.391,75,102,126,128,56,47,81,127,133,72,74,51
2026-06-06 18:24:26.426,75,104,126,128,56,47,81,127,133,72,74,51
2026-06-06 18:24:26.427,75,104,131,128,56,47,81,127,133,72,74,51
2026-06-06 18:24:26.428,75,104,131,128,57,48,81,126,132,72,72,46
2026-06-06 18:24:26.459,75,104,135,128,57,48,81,126,132,72,72,46
2026-06-06 18:24:26.460,75,104,135,128,58,50,81,125,130,72,72,42
2026-06-06 18:24:26.492,75,106,135,128,58,50,81,125,130,72,72,42
2026-06-06 18:24:26.493,75,106,139,128,58,50,81,125,130,72,72,42
2026-06-06 18:24:26.494,75,106,139,128,60,51,81,124,129,72,70,38
2026-06-06 18:24:26.525,75,106,143,128,60,51,81,124,129,72,70,38
2026-06-06 18:24:26.526,75,106,143,128,61,52,81,122,128,72,70,34
2026-06-06 18:24:26.560,75,108,143,128,61,52,81,122,128,72,70,34
2026-06-06 18:24:26.561,75,108,146,128,61,52,81,122,128,72,70,34
2026-06-06 18:24:26.561,75,108,146,128,62,54,81,121,126,72,68,31
2026-06-06 18:24:26.593,75,109,146,128,62,54,81,121,126,72,68,31
2026-06-06 18:24:26.593,75,109,149,128,62,54,81,121,126,72,68,31
2026-06-06 18:24:26.593,75,109,149,128,63,55,81,120,125,72,67,28
2026-06-06 18:24:26.626,75,110,149,128,63,55,81,120,125,72,67,28
2026-06-06 18:24:26.626,75,110,152,128,63,55,81,120,125,72,67,28
2026-06-06 18:24:26.627,75,110,152,128,64,56,81,119,124,72,66,25
2026-06-06 18:24:26.658,75,111,152,128,64,56,81,119,124,72,66,25
2026-06-06 18:24:26.659,75,111,154,128,64,56,81,119,124,72,66,25
2026-06-06 18:24:26.659,75,111,154,128,65,58,81,118,122,72,65,23
2026-06-06 18:24:26.692,75,112,154,128,65,58,81,118,122,72,65,23
2026-06-06 18:24:26.693,75,112,156,128,65,58,81,118,122,72,65,23
2026-06-06 18:24:26.694,75,112,156,128,66,59,81,117,121,72,64,21
2026-06-06 18:24:26.727,75,113,156,128,66,59,81,117,121,72,64,21
2026-06-06 18:24:26.728,75,113,157,128,66,59,81,117,121,72,64,21
2026-06-06 18:24:26.728,75,113,157,128,68,60,81,115,120,72,63,20
2026-06-06 18:24:26.761,75,114,157,128,68,60,81,115,120,72,63,20
2026-06-06 18:24:26.761,75,114,158,128,68,60,81,115,120,72,63,20
2026-06-06 18:24:26.761,75,114,158,128,69,62,81,114,118,72,62,19
2026-06-06 18:24:26.791,75,116,158,128,69,62,81,114,118,72,62,19
2026-06-06 18:24:26.791,75,116,159,128,69,62,81,114,118,72,62,19
2026-06-06 18:24:26.792,75,116,159,128,70,63,81,113,117,72,60,18
2026-06-06 18:24:26.825,75,117,159,128,70,63,81,113,117,72,60,18
2026-06-06 18:24:26.827,75,117,159,128,71,64,81,112,116,72,59,18
2026-06-06 18:24:26.859,75,118,159,128,71,64,81,112,116,72,59,18
2026-06-06 18:24:26.861,75,118,160,128,71,64,81,112,116,72,59,18
2026-06-06 18:24:26.861,75,118,160,128,72,66,81,111,114,72,58,18
2026-06-06 18:24:26.892,75,119,160,128,72,66,81,111,114,72,58,18
2026-06-06 18:24:26.893,75,119,159,128,72,66,81,111,114,72,58,18
2026-06-06 18:24:26.894,75,119,159,128,74,67,81,110,113,72,57,18
2026-06-06 18:24:26.927,75,121,159,128,74,67,81,110,113,72,57,18
2026-06-06 18:24:26.927,75,121,158,128,74,67,81,110,113,72,57,18
2026-06-06 18:24:26.928,75,121,158,128,75,68,81,108,112,72,55,18
2026-06-06 18:24:26.959,75,122,158,128,75,68,81,108,112,72,55,18
2026-06-06 18:24:26.960,75,122,158,128,76,70,81,107,110,72,54,20
2026-06-06 18:24:26.990,75,123,158,128,76,70,81,107,110,72,54,20
2026-06-06 18:24:26.991,75,123,156,128,76,70,81,107,110,72,54,20
2026-06-06 18:24:26.992,75,123,156,128,77,71,81,106,109,72,53,21
2026-06-06 18:24:27.026,75,125,156,128,77,71,81,106,109,72,53,21
2026-06-06 18:24:27.026,75,125,154,128,77,71,81,106,109,72,53,21
2026-06-06 18:24:27.027,75,125,154,128,78,72,81,105,108,72,51,23
2026-06-06 18:24:27.060,75,126,154,128,78,72,81,105,108,72,51,23
2026-06-06 18:24:27.060,75,126,152,128,78,72,81,105,108,72,51,23
2026-06-06 18:24:27.061,75,126,152,128,79,74,81,104,106,72,50,25
2026-06-06 18:24:27.094,75,127,152,128,79,74,81,104,106,72,50,25
2026-06-06 18:24:27.094,75,127,150,128,79,74,81,104,106,72,50,25
2026-06-06 18:24:27.096,75,127,150,128,80,75,81,102,105,72,49,27
2026-06-06 18:24:27.125,75,129,150,128,80,75,81,102,105,72,49,27
2026-06-06 18:24:27.126,75,129,147,128,80,75,81,102,105,72,49,27
2026-06-06 18:24:27.126,75,129,147,128,82,76,81,101,104,72,47,30
2026-06-06 18:24:27.159,75,130,147,128,82,76,81,101,104,72,47,30
2026-06-06 18:24:27.160,75,130,144,128,82,76,81,101,104,72,47,30
2026-06-06 18:24:27.161,75,130,144,128,83,78,81,100,102,72,46,33
2026-06-06 18:24:27.193,75,132,144,128,83,78,81,100,102,72,46,33
2026-06-06 18:24:27.194,75,132,140,128,83,78,81,100,102,72,46,33
2026-06-06 18:24:27.194,75,132,140,128,84,79,81,99,101,72,44,37
2026-06-06 18:24:27.225,75,133,140,128,84,79,81,99,101,72,44,37
2026-06-06 18:24:27.226,75,133,137,128,84,79,81,99,101,72,44,37
2026-06-06 18:24:27.226,75,133,137,128,85,79,81,98,101,72,43,40
2026-06-06 18:24:27.260,75,132,137,128,85,79,81,98,101,72,43,40
2026-06-06 18:24:27.260,75,132,136,128,85,79,81,98,101,72,43,40
2026-06-06 18:24:27.260,75,132,136,128,84,73,81,99,107,72,44,42
2026-06-06 18:24:27.291,75,131,136,128,84,73,81,99,107,72,44,42
2026-06-06 18:24:27.292,75,131,134,128,84,73,81,99,107,72,44,42
2026-06-06 18:24:27.292,75,131,134,128,83,67,81,100,113,72,45,43
2026-06-06 18:24:27.326,75,129,134,128,83,67,81,100,113,72,45,43
2026-06-06 18:24:27.326,75,129,133,128,83,67,81,100,113,72,45,43
2026-06-06 18:24:27.327,75,129,133,128,82,61,81,101,119,72,47,44
2026-06-06 18:24:27.358,75,128,133,128,82,61,81,101,119,72,47,44
2026-06-06 18:24:27.359,75,128,132,128,82,61,81,101,119,72,47,44
2026-06-06 18:24:27.360,75,128,132,128,81,56,81,102,124,72,48,46
2026-06-06 18:24:27.393,75,127,132,128,81,56,81,102,124,72,48,46
2026-06-06 18:24:27.393,75,127,130,128,81,56,81,102,124,72,48,46
2026-06-06 18:24:27.395,75,127,130,128,80,50,81,103,130,72,49,47
2026-06-06 18:24:27.425,75,126,130,128,80,50,81,103,130,72,49,47
2026-06-06 18:24:27.425,75,126,129,128,80,50,81,103,130,72,49,47
2026-06-06 18:24:27.426,75,126,129,128,80,46,81,104,134,72,50,48
2026-06-06 18:24:27.459,75,125,129,128,80,46,81,104,134,72,50,48
2026-06-06 18:24:27.460,75,125,128,128,80,46,81,104,134,72,50,48
2026-06-06 18:24:27.460,75,125,128,128,78,42,81,104,138,72,51,50
2026-06-06 18:24:27.494,75,124,128,128,78,42,81,104,138,72,51,50
2026-06-06 18:24:27.494,75,124,126,128,78,42,81,104,138,72,51,50
2026-06-06 18:24:27.495,75,124,126,128,78,38,81,106,142,72,52,51
2026-06-06 18:24:27.525,75,122,126,128,78,38,81,106,142,72,52,51
2026-06-06 18:24:27.526,75,122,125,128,78,38,81,106,142,72,52,51
2026-06-06 18:24:27.526,75,122,125,128,76,34,81,106,146,72,54,52
2026-06-06 18:24:27.560,75,121,125,128,76,34,81,106,146,72,54,52
2026-06-06 18:24:27.561,75,121,123,128,76,34,81,106,146,72,54,52
2026-06-06 18:24:27.562,75,121,123,128,75,31,81,108,149,72,55,54
2026-06-06 18:24:27.592,75,120,123,128,75,31,81,108,149,72,55,54
2026-06-06 18:24:27.592,75,120,122,128,75,31,81,108,149,72,55,54
2026-06-06 18:24:27.594,75,120,122,128,74,28,81,109,152,72,56,55
2026-06-06 18:24:27.624,75,119,122,128,74,28,81,109,152,72,56,55
2026-06-06 18:24:27.625,75,119,121,128,74,28,81,109,152,72,56,55
2026-06-06 18:24:27.626,75,119,121,128,73,25,81,110,155,72,57,56
2026-06-06 18:24:27.659,75,118,121,128,73,25,81,110,155,72,57,56
2026-06-06 18:24:27.659,75,118,120,128,73,25,81,110,155,72,57,56
2026-06-06 18:24:27.661,75,118,120,128,72,23,81,111,157,72,58,58
2026-06-06 18:24:27.693,75,116,120,128,72,23,81,111,157,72,58,58
2026-06-06 18:24:27.694,75,116,118,128,72,23,81,111,157,72,58,58
2026-06-06 18:24:27.694,75,116,118,128,71,21,81,112,159,72,60,59
2026-06-06 18:24:27.726,75,115,118,128,71,21,81,112,159,72,60,59
2026-06-06 18:24:27.726,75,115,117,128,71,21,81,112,159,72,60,59
2026-06-06 18:24:27.727,75,115,117,128,70,20,81,113,160,72,61,60
2026-06-06 18:24:27.760,75,114,117,128,70,20,81,113,160,72,61,60
2026-06-06 18:24:27.760,75,114,116,128,70,20,81,113,160,72,61,60
2026-06-06 18:24:27.761,75,114,116,128,69,19,81,114,161,72,62,62
2026-06-06 18:24:27.792,75,113,116,128,69,19,81,114,161,72,62,62
2026-06-06 18:24:27.792,75,113,114,128,69,19,81,114,161,72,62,62
2026-06-06 18:24:27.793,75,113,114,128,68,18,81,116,162,72,63,63
2026-06-06 18:24:27.825,75,112,114,128,68,18,81,116,162,72,63,63
2026-06-06 18:24:27.826,75,112,113,128,68,18,81,116,162,72,63,63
2026-06-06 18:24:27.826,75,112,113,128,66,18,81,117,162,72,64,64
2026-06-06 18:24:27.859,75,111,113,128,66,18,81,117,162,72,64,64
2026-06-06 18:24:27.859,75,111,112,128,66,18,81,117,162,72,64,64
2026-06-06 18:24:27.860,75,111,112,128,65,18,81,118,162,72,65,66
2026-06-06 18:24:27.892,75,110,112,128,65,18,81,118,162,72,65,66
2026-06-06 18:24:27.893,75,110,110,128,65,18,81,118,162,72,65,66
2026-06-06 18:24:27.894,75,110,110,128,64,18,81,119,162,72,66,67
2026-06-06 18:24:27.926,75,108,110,128,64,18,81,119,162,72,66,67
2026-06-06 18:24:27.927,75,108,109,128,64,18,81,119,162,72,66,67
2026-06-06 18:24:27.927,75,108,109,128,62,18,81,120,162,72,68,68
2026-06-06 18:24:27.958,75,107,109,128,62,18,81,120,162,72,68,68
2026-06-06 18:24:27.959,75,107,108,128,62,18,81,120,162,72,68,68
2026-06-06 18:24:27.959,75,107,108,128,61,20,81,122,160,72,69,69
2026-06-06 18:24:27.993,75,106,108,128,61,20,81,122,160,72,69,69
2026-06-06 18:24:27.994,75,106,106,128,61,20,81,122,160,72,69,69
2026-06-06 18:24:27.995,75,106,106,128,60,21,81,123,159,72,70,71
2026-06-06 18:24:28.025,75,105,106,128,60,21,81,123,159,72,70,71
2026-06-06 18:24:28.027,75,105,105,128,60,21,81,123,159,72,70,71
2026-06-06 18:24:28.027,75,105,105,128,58,23,81,125,157,72,71,72
2026-06-06 18:24:28.059,75,104,105,128,58,23,81,125,157,72,71,72
2026-06-06 18:24:28.059,75,104,104,128,58,23,81,125,157,72,71,72
2026-06-06 18:24:28.060,75,104,104,128,57,25,81,126,155,72,72,74
2026-06-06 18:24:28.094,75,102,104,128,57,25,81,126,155,72,72,74
2026-06-06 18:24:28.094,75,102,102,128,57,25,81,126,155,72,72,74
2026-06-06 18:24:28.094,75,102,102,128,56,27,81,127,153,72,74,75
2026-06-06 18:24:28.125,75,101,102,128,56,27,81,127,153,72,74,75
2026-06-06 18:24:28.126,75,101,101,128,56,27,81,127,153,72,74,75
2026-06-06 18:24:28.127,75,101,101,128,54,30,81,129,150,72,75,76
2026-06-06 18:24:28.160,75,100,101,128,54,30,81,129,150,72,75,76
2026-06-06 18:24:28.160,75,100,100,128,54,30,81,129,150,72,75,76
2026-06-06 18:24:28.161,75,100,100,128,53,33,81,130,147,72,76,78
2026-06-06 18:24:28.192,75,99,100,128,53,33,81,130,147,72,76,78
2026-06-06 18:24:28.193,75,99,98,128,53,33,81,130,147,72,76,78
2026-06-06 18:24:28.194,75,99,98,128,51,37,81,132,143,72,77,79
2026-06-06 18:24:28.225,75,98,98,128,51,37,81,132,143,72,77,79
2026-06-06 18:24:28.225,75,98,98,128,50,40,81,133,140,72,78,79
2026-06-06 18:24:28.260,75,99,98,128,50,40,81,133,140,72,78,79
2026-06-06 18:24:28.261,75,99,104,128,50,40,81,133,140,72,78,79
2026-06-06 18:24:28.261,75,99,104,128,51,42,81,132,138,72,77,73
2026-06-06 18:24:28.293,75,100,104,128,51,42,81,132,138,72,77,73
2026-06-06 18:24:28.293,75,100,110,128,51,42,81,132,138,72,77,73
2026-06-06 18:24:28.293,75,100,110,128,52,43,81,130,137,72,76,67
2026-06-06 18:24:28.324,75,101,110,128,52,43,81,130,137,72,76,67
2026-06-06 18:24:28.325,75,101,116,128,52,43,81,130,137,72,76,67
2026-06-06 18:24:28.326,75,101,116,128,54,44,81,129,136,72,75,61
2026-06-06 18:24:28.360,75,102,116,128,54,44,81,129,136,72,75,61
2026-06-06 18:24:28.361,75,102,122,128,54,44,81,129,136,72,75,61
2026-06-06 18:24:28.361,75,102,122,128,55,46,81,128,134,72,74,55
2026-06-06 18:24:28.391,75,102,126,128,55,46,81,128,134,72,74,55
2026-06-06 18:24:28.391,75,102,126,128,56,47,81,127,133,72,74,51
2026-06-06 18:24:28.425,75,104,126,128,56,47,81,127,133,72,74,51
2026-06-06 18:24:28.426,75,104,131,128,56,47,81,127,133,72,74,51
2026-06-06 18:24:28.427,75,104,131,128,57,48,81,126,132,72,72,46
2026-06-06 18:24:28.459,75,104,135,128,57,48,81,126,132,72,72,46
2026-06-06 18:24:28.460,75,104,135,128,58,50,81,125,130,72,72,42
2026-06-06 18:24:28.491,75,105,135,128,58,50,81,125,130,72,72,42
2026-06-06 18:24:28.491,75,105,139,128,58,50,81,125,130,72,72,42
2026-06-06 18:24:28.492,75,105,139,128,59,51,81,124,129,72,71,38
2026-06-06 18:24:28.525,75,106,139,128,59,51,81,124,129,72,71,38
2026-06-06 18:24:28.527,75,106,143,128,59,51,81,124,129,72,71,38
2026-06-06 18:24:28.528,75,106,143,128,61,52,81,122,128,72,70,34
2026-06-06 18:24:28.556,75,108,143,128,61,52,81,122,128,72,70,34
2026-06-06 18:24:28.557,75,108,146,128,61,52,81,122,128,72,70,34
2026-06-06 18:24:28.557,75,108,146,128,62,53,81,121,127,72,68,31
2026-06-06 18:24:28.587,75,108,149,128,62,53,81,121,127,72,68,31
2026-06-06 18:24:28.588,75,108,149,128,63,55,81,120,125,72,68,28
2026-06-06 18:24:28.609,75,109,149,128,63,55,81,120,125,72,68,28
2026-06-06 18:24:28.610,75,109,150,128,64,56,81,119,124,72,67,26
2026-06-06 18:24:28.640,75,110,150,128,64,56,81,119,124,72,67,26
2026-06-06 18:24:28.640,75,110,153,128,64,56,81,119,124,72,67,26
2026-06-06 18:24:28.641,75,110,153,128,65,57,81,118,123,72,66,24
2026-06-06 18:24:28.671,75,111,153,128,65,57,81,118,123,72,66,24
2026-06-06 18:24:28.672,75,111,155,128,65,57,81,118,123,72,66,24
2026-06-06 18:24:28.673,75,111,155,128,66,58,81,117,122,72,65,22
2026-06-06 18:24:28.693,75,112,156,128,66,59,81,116,121,72,64,21
2026-06-06 18:24:28.723,75,113,156,128,66,59,81,116,121,72,64,21
2026-06-06 18:24:28.724,75,113,157,128,66,59,81,116,121,72,64,21
2026-06-06 18:24:28.724,75,113,157,128,68,60,81,115,120,72,63,20
2026-06-06 18:24:28.755,75,114,157,128,68,60,81,115,120,72,63,20
2026-06-06 18:24:28.756,75,114,158,128,68,60,81,115,120,72,63,20
2026-06-06 18:24:28.756,75,114,158,128,69,61,81,114,119,72,62,19
2026-06-06 18:24:28.787,75,115,158,128,69,61,81,114,119,72,62,19
2026-06-06 18:24:28.787,75,115,159,128,69,61,81,114,119,72,62,19
2026-06-06 18:24:28.787,75,115,159,128,70,63,81,113,117,72,61,18
2026-06-06 18:24:28.818,75,116,159,128,70,63,81,113,117,72,61,18
2026-06-06 18:24:28.819,75,116,159,128,71,64,81,112,116,72,60,18
2026-06-06 18:24:28.842,75,117,159,128,71,64,81,112,116,72,60,18
2026-06-06 18:24:28.844,75,117,160,128,71,64,81,112,116,72,60,18
2026-06-06 18:24:28.844,75,117,160,128,72,65,81,111,115,72,59,18
2026-06-06 18:24:28.873,75,118,160,128,72,65,81,111,115,72,59,18
2026-06-06 18:24:28.874,75,118,159,128,72,65,81,111,115,72,59,18
2026-06-06 18:24:28.874,75,118,159,128,73,66,81,110,114,72,58,18
2026-06-06 18:24:28.905,75,120,159,128,73,66,81,110,114,72,58,18
2026-06-06 18:24:28.906,75,120,159,128,74,67,81,109,113,72,56,18
2026-06-06 18:24:28.927,75,120,158,128,74,67,81,109,113,72,56,18
2026-06-06 18:24:28.928,75,121,158,128,75,68,81,108,112,72,55,18
2026-06-06 18:24:28.957,75,122,158,128,75,68,81,108,112,72,55,18
2026-06-06 18:24:28.958,75,122,158,128,76,69,81,107,111,72,54,19
2026-06-06 18:24:28.992,75,123,158,128,76,69,81,107,111,72,54,19
2026-06-06 18:24:28.993,75,123,156,128,76,69,81,107,111,72,54,19
2026-06-06 18:24:28.994,75,123,156,128,77,71,81,106,109,72,53,21
2026-06-06 18:24:29.023,75,124,156,128,77,71,81,106,109,72,53,21
2026-06-06 18:24:29.023,75,124,155,128,77,71,81,106,109,72,53,21
2026-06-06 18:24:29.023,75,124,155,128,78,72,81,105,108,72,52,22
2026-06-06 18:24:29.059,75,126,155,128,78,72,81,105,108,72,52,22
2026-06-06 18:24:29.059,75,126,152,128,78,72,81,105,108,72,52,22
2026-06-06 18:24:29.060,75,126,152,128,79,74,81,104,106,72,50,25
2026-06-06 18:24:29.091,75,127,152,128,79,74,81,104,106,72,50,25
2026-06-06 18:24:29.092,75,127,150,128,79,74,81,104,106,72,50,25
2026-06-06 18:24:29.093,75,127,150,128,80,75,81,103,105,72,49,27
2026-06-06 18:24:29.124,75,129,150,128,80,75,81,103,105,72,49,27
2026-06-06 18:24:29.125,75,129,147,128,80,75,81,103,105,72,49,27
2026-06-06 18:24:29.126,75,129,147,128,82,76,81,101,104,72,47,30
2026-06-06 18:24:29.160,75,130,147,128,82,76,81,101,104,72,47,30
2026-06-06 18:24:29.160,75,130,144,128,82,76,81,101,104,72,47,30
2026-06-06 18:24:29.160,75,130,144,128,83,78,81,100,102,72,46,33
2026-06-06 18:24:29.193,75,132,144,128,83,78,81,100,102,72,46,33
2026-06-06 18:24:29.193,75,132,140,128,83,78,81,100,102,72,46,33
2026-06-06 18:24:29.194,75,132,140,128,84,79,81,99,101,72,44,37
2026-06-06 18:24:29.227,75,133,140,128,84,79,81,99,101,72,44,37
2026-06-06 18:24:29.227,75,133,137,128,84,79,81,99,101,72,44,37
2026-06-06 18:24:29.227,75,133,137,128,85,79,81,98,101,72,43,40
2026-06-06 18:24:29.259,75,132,137,128,85,79,81,98,101,72,43,40
2026-06-06 18:24:29.260,75,132,136,128,85,79,81,98,101,72,43,40
2026-06-06 18:24:29.261,75,132,136,128,84,73,81,99,107,72,44,42
2026-06-06 18:24:29.290,75,131,136,128,84,73,81,99,107,72,44,42
2026-06-06 18:24:29.290,75,131,134,128,84,73,81,99,107,72,44,42
2026-06-06 18:24:29.291,75,131,134,128,83,67,81,100,113,72,45,43
2026-06-06 18:24:29.324,75,129,134,128,83,67,81,100,113,72,45,43
2026-06-06 18:24:29.325,75,129,133,128,83,67,81,100,113,72,45,43
2026-06-06 18:24:29.326,75,129,133,128,82,61,81,101,119,72,47,44
2026-06-06 18:24:29.359,75,128,133,128,82,61,81,101,119,72,47,44
2026-06-06 18:24:29.360,75,128,132,128,82,61,81,101,119,72,47,44
2026-06-06 18:24:29.361,75,128,132,128,81,56,81,102,124,72,48,46
2026-06-06 18:24:29.394,75,127,132,128,81,56,81,102,124,72,48,46
2026-06-06 18:24:29.394,75,127,130,128,81,56,81,102,124,72,48,46
2026-06-06 18:24:29.394,75,127,130,128,80,50,81,103,130,72,49,47
2026-06-06 18:24:29.425,75,126,130,128,80,50,81,103,130,72,49,47
2026-06-06 18:24:29.426,75,126,129,128,80,50,81,103,130,72,49,47
2026-06-06 18:24:29.426,75,126,129,128,80,46,81,104,134,72,50,48
2026-06-06 18:24:29.459,75,125,129,128,80,46,81,104,134,72,50,48
2026-06-06 18:24:29.459,75,125,128,128,80,46,81,104,134,72,50,48
2026-06-06 18:24:29.460,75,125,128,128,78,42,81,104,138,72,51,50
2026-06-06 18:24:29.491,75,124,128,128,78,42,81,104,138,72,51,50
2026-06-06 18:24:29.492,75,124,126,128,78,42,81,104,138,72,51,50
2026-06-06 18:24:29.493,75,124,126,128,78,38,81,106,142,72,52,51
2026-06-06 18:24:29.526,75,122,126,128,78,38,81,106,142,72,52,51
2026-06-06 18:24:29.527,75,122,125,128,78,38,81,106,142,72,52,51
2026-06-06 18:24:29.528,75,122,125,128,76,34,81,106,146,72,54,52
2026-06-06 18:24:29.559,75,121,125,128,76,34,81,106,146,72,54,52
2026-06-06 18:24:29.560,75,121,124,128,76,34,81,106,146,72,54,52
2026-06-06 18:24:29.560,75,121,124,128,75,31,81,108,149,72,55,54
2026-06-06 18:24:29.593,75,120,124,128,75,31,81,108,149,72,55,54
2026-06-06 18:24:29.594,75,120,122,128,75,31,81,108,149,72,55,54
2026-06-06 18:24:29.594,75,120,122,128,74,28,81,109,152,72,56,55
2026-06-06 18:24:29.626,75,119,122,128,74,28,81,109,152,72,56,55
2026-06-06 18:24:29.626,75,119,121,128,74,28,81,109,152,72,56,55
2026-06-06 18:24:29.627,75,119,121,128,73,25,81,110,155,72,57,56
2026-06-06 18:24:29.656,75,118,121,128,73,25,81,110,155,72,57,56
2026-06-06 18:24:29.656,75,118,120,128,73,25,81,110,155,72,57,56
2026-06-06 18:24:29.657,75,118,120,128,72,23,81,111,157,72,58,57
2026-06-06 18:24:29.692,75,116,120,128,72,23,81,111,157,72,58,57
2026-06-06 18:24:29.692,75,116,118,128,72,23,81,111,157,72,58,57
2026-06-06 18:24:29.693,75,116,118,128,71,21,81,112,159,72,60,59
2026-06-06 18:24:29.725,75,115,118,128,71,21,81,112,159,72,60,59
2026-06-06 18:24:29.726,75,115,117,128,71,21,81,112,159,72,60,59
2026-06-06 18:24:29.727,75,115,117,128,70,20,81,113,160,72,61,60
2026-06-06 18:24:29.759,75,114,117,128,70,20,81,113,160,72,61,60
2026-06-06 18:24:29.760,75,114,116,128,70,20,81,113,160,72,61,60
2026-06-06 18:24:29.761,75,114,116,128,69,19,81,114,161,72,62,62
2026-06-06 18:24:29.792,75,113,116,128,69,19,81,114,161,72,62,62
2026-06-06 18:24:29.792,75,113,114,128,69,19,81,114,161,72,62,62
2026-06-06 18:24:29.793,75,113,114,128,68,18,81,116,162,72,63,63
2026-06-06 18:24:29.826,75,112,114,128,68,18,81,116,162,72,63,63
2026-06-06 18:24:29.827,75,112,113,128,68,18,81,116,162,72,63,63
2026-06-06 18:24:29.828,75,112,113,128,66,18,81,117,162,72,64,64
2026-06-06 18:24:29.859,75,111,113,128,66,18,81,117,162,72,64,64
2026-06-06 18:24:29.859,75,111,112,128,66,18,81,117,162,72,64,64
2026-06-06 18:24:29.861,75,111,112,128,65,18,81,118,162,72,65,66
2026-06-06 18:24:29.890,75,110,112,128,65,18,81,118,162,72,65,66
2026-06-06 18:24:29.890,75,110,110,128,65,18,81,118,162,72,65,66
2026-06-06 18:24:29.891,75,110,110,128,64,18,81,119,162,72,66,67
2026-06-06 18:24:29.925,75,108,110,128,64,18,81,119,162,72,66,67
2026-06-06 18:24:29.926,75,108,109,128,64,18,81,119,162,72,66,67
2026-06-06 18:24:29.927,75,108,109,128,62,18,81,120,162,72,68,68
2026-06-06 18:24:29.957,75,107,109,128,62,18,81,120,162,72,68,68
2026-06-06 18:24:29.957,75,107,108,128,62,18,81,120,162,72,68,68
2026-06-06 18:24:29.958,75,107,108,128,61,19,81,122,161,72,69,69
2026-06-06 18:24:29.994,75,106,108,128,61,19,81,122,161,72,69,69
2026-06-06 18:24:29.994,75,106,106,128,61,19,81,122,161,72,69,69
2026-06-06 18:24:29.994,75,106,106,128,60,21,81,123,159,72,70,71
2026-06-06 18:24:30.024,75,105,106,128,60,21,81,123,159,72,70,71
2026-06-06 18:24:30.025,75,105,105,128,60,21,81,123,159,72,70,71
2026-06-06 18:24:30.025,75,105,105,128,58,23,81,124,157,72,71,72
2026-06-06 18:24:30.060,75,104,105,128,58,23,81,124,157,72,71,72
2026-06-06 18:24:30.060,75,104,104,128,58,23,81,124,157,72,71,72
2026-06-06 18:24:30.061,75,104,104,128,57,25,81,126,155,72,72,74
2026-06-06 18:24:30.092,75,102,104,128,57,25,81,126,155,72,72,74
2026-06-06 18:24:30.093,75,102,102,128,57,25,81,126,155,72,72,74
2026-06-06 18:24:30.094,75,102,102,128,56,27,81,127,153,72,74,75
2026-06-06 18:24:30.126,75,101,102,128,56,27,81,127,153,72,74,75
2026-06-06 18:24:30.127,75,101,101,128,56,27,81,127,153,72,74,75
2026-06-06 18:24:30.128,75,101,101,128,54,30,81,129,150,72,75,76
2026-06-06 18:24:30.159,75,100,101,128,54,30,81,129,150,72,75,76
2026-06-06 18:24:30.160,75,100,100,128,54,30,81,129,150,72,75,76
2026-06-06 18:24:30.160,75,100,100,128,53,33,81,130,147,72,76,78
2026-06-06 18:24:30.192,75,99,100,128,53,33,81,130,147,72,76,78
2026-06-06 18:24:30.193,75,99,98,128,53,33,81,130,147,72,76,78
2026-06-06 18:24:30.194,75,99,98,128,51,37,81,132,143,72,77,79
2026-06-06 18:24:30.227,75,98,98,128,51,37,81,132,143,72,77,79
2026-06-06 18:24:30.228,75,98,98,128,50,40,81,133,140,72,78,79
2026-06-06 18:24:30.261,75,99,98,128,50,40,81,133,140,72,78,79
2026-06-06 18:24:30.261,75,99,104,128,50,40,81,133,140,72,78,79
2026-06-06 18:24:30.262,75,99,104,128,51,42,81,132,138,72,77,73
2026-06-06 18:24:30.291,75,100,104,128,51,42,81,132,138,72,77,73
2026-06-06 18:24:30.292,75,100,110,128,51,42,81,132,138,72,77,73
2026-06-06 18:24:30.292,75,100,110,128,52,43,81,131,137,72,76,67
2026-06-06 18:24:30.325,75,101,110,128,52,43,81,131,137,72,76,67
2026-06-06 18:24:30.325,75,101,116,128,52,43,81,131,137,72,76,67
2026-06-06 18:24:30.327,75,101,116,128,54,44,81,129,136,72,75,61
2026-06-06 18:24:30.357,75,102,116,128,54,44,81,129,136,72,75,61
2026-06-06 18:24:30.357,75,102,121,128,54,44,81,129,136,72,75,61
2026-06-06 18:24:30.358,75,102,121,128,55,45,81,128,135,72,74,56
2026-06-06 18:24:30.391,75,102,126,128,55,45,81,128,135,72,74,56
2026-06-06 18:24:30.392,75,102,126,128,56,47,81,127,133,72,74,51
2026-06-06 18:24:30.424,75,104,126,128,56,47,81,127,133,72,74,51
2026-06-06 18:24:30.425,75,104,131,128,56,47,81,127,133,72,74,51
2026-06-06 18:24:30.426,75,104,131,128,57,48,81,126,132,72,72,46
2026-06-06 18:24:30.459,75,104,136,128,57,48,81,126,132,72,72,46
2026-06-06 18:24:30.461,75,104,136,128,58,50,81,125,130,72,72,42
2026-06-06 18:24:30.491,75,106,136,128,58,50,81,125,130,72,72,42
2026-06-06 18:24:30.492,75,106,139,128,58,50,81,125,130,72,72,42
2026-06-06 18:24:30.493,75,106,139,128,59,51,81,124,129,72,70,38
2026-06-06 18:24:30.526,75,106,143,128,59,51,81,124,129,72,70,38
2026-06-06 18:24:30.526,75,106,143,128,61,52,81,122,128,72,70,34
2026-06-06 18:24:30.560,75,108,143,128,61,52,81,122,128,72,70,34
2026-06-06 18:24:30.560,75,108,146,128,61,52,81,122,128,72,70,34
2026-06-06 18:24:30.561,75,108,146,128,62,54,81,121,126,72,68,31
2026-06-06 18:24:30.591,75,109,146,128,62,54,81,121,126,72,68,31
2026-06-06 18:24:30.592,75,109,149,128,62,54,81,121,126,72,68,31
2026-06-06 18:24:30.593,75,109,149,128,63,55,81,120,125,72,67,28
2026-06-06 18:24:30.626,75,110,149,128,63,55,81,120,125,72,67,28
2026-06-06 18:24:30.627,75,110,152,128,63,55,81,120,125,72,67,28
2026-06-06 18:24:30.627,75,110,152,128,64,56,81,119,124,72,66,25
2026-06-06 18:24:30.656,75,111,152,128,64,56,81,119,124,72,66,25
2026-06-06 18:24:30.657,75,111,154,128,64,56,81,119,124,72,66,25
2026-06-06 18:24:30.658,75,111,154,128,65,57,81,118,123,72,65,23
2026-06-06 18:24:30.691,75,112,154,128,65,57,81,118,123,72,65,23
2026-06-06 18:24:30.692,75,112,156,128,65,57,81,118,123,72,65,23
2026-06-06 18:24:30.692,75,112,156,128,66,59,81,117,121,72,64,21
2026-06-06 18:24:30.725,75,113,156,128,66,59,81,117,121,72,64,21
2026-06-06 18:24:30.726,75,113,157,128,66,59,81,117,121,72,64,21
2026-06-06 18:24:30.726,75,113,157,128,68,60,81,115,120,72,63,20
2026-06-06 18:24:30.760,75,114,157,128,68,60,81,115,120,72,63,20
2026-06-06 18:24:30.761,75,114,158,128,68,60,81,115,120,72,63,20
2026-06-06 18:24:30.761,75,114,158,128,69,62,81,114,118,72,62,19
2026-06-06 18:24:30.794,75,116,158,128,69,62,81,114,118,72,62,19
2026-06-06 18:24:30.794,75,116,159,128,69,62,81,114,118,72,62,19
2026-06-06 18:24:30.795,75,116,159,128,70,63,81,113,117,72,60,18
2026-06-06 18:24:30.826,75,117,159,128,70,63,81,113,117,72,60,18
2026-06-06 18:24:30.827,75,117,159,128,71,64,81,112,116,72,59,18
2026-06-06 18:24:30.861,75,118,159,128,71,64,81,112,116,72,59,18
2026-06-06 18:24:30.862,75,118,160,128,71,64,81,112,116,72,59,18
2026-06-06 18:24:30.862,75,118,160,128,72,66,81,111,114,72,58,18
2026-06-06 18:24:30.892,75,119,160,128,72,66,81,111,114,72,58,18
2026-06-06 18:24:30.893,75,119,159,128,72,66,81,111,114,72,58,18
2026-06-06 18:24:30.894,75,119,159,128,74,67,81,110,113,72,57,18
2026-06-06 18:24:30.927,75,121,159,128,74,67,81,110,113,72,57,18
2026-06-06 18:24:30.928,75,121,158,128,74,67,81,110,113,72,57,18
2026-06-06 18:24:30.928,75,121,158,128,75,68,81,108,112,72,55,18
2026-06-06 18:24:30.959,75,122,158,128,75,68,81,108,112,72,55,18
2026-06-06 18:24:30.960,75,122,158,128,76,70,81,107,110,72,54,20
2026-06-06 18:24:30.991,75,123,158,128,76,70,81,107,110,72,54,20
2026-06-06 18:24:30.991,75,123,156,128,76,70,81,107,110,72,54,20
2026-06-06 18:24:30.992,75,123,156,128,77,71,81,106,109,72,53,21
2026-06-06 18:24:31.025,75,125,156,128,77,71,81,106,109,72,53,21
2026-06-06 18:24:31.027,75,125,154,128,77,71,81,106,109,72,53,21
2026-06-06 18:24:31.027,75,125,154,128,78,72,81,105,108,72,51,23
2026-06-06 18:24:31.060,75,126,154,128,78,72,81,105,108,72,51,23
2026-06-06 18:24:31.060,75,126,152,128,78,72,81,105,108,72,51,23
2026-06-06 18:24:31.061,75,126,152,128,79,74,81,104,106,72,50,25
2026-06-06 18:24:31.092,75,127,152,128,79,74,81,104,106,72,50,25
2026-06-06 18:24:31.093,75,127,150,128,79,74,81,104,106,72,50,25
2026-06-06 18:24:31.094,75,127,150,128,80,75,81,102,105,72,49,27
2026-06-06 18:24:31.126,75,129,150,128,80,75,81,102,105,72,49,27
2026-06-06 18:24:31.127,75,129,147,128,80,75,81,102,105,72,49,27
2026-06-06 18:24:31.127,75,129,147,128,82,76,81,101,104,72,47,30
2026-06-06 18:24:31.158,75,130,147,128,82,76,81,101,104,72,47,30
2026-06-06 18:24:31.159,75,130,144,128,82,76,81,101,104,72,47,30
2026-06-06 18:24:31.159,75,130,144,128,83,77,81,100,103,72,46,33
2026-06-06 18:24:31.194,75,132,144,128,83,77,81,100,103,72,46,33
2026-06-06 18:24:31.194,75,132,140,128,83,77,81,100,103,72,46,33
2026-06-06 18:24:31.194,75,132,140,128,84,79,81,99,101,72,44,37
2026-06-06 18:24:31.224,75,133,140,128,84,79,81,99,101,72,44,37
2026-06-06 18:24:31.225,75,133,137,128,84,79,81,99,101,72,44,37
2026-06-06 18:24:31.226,75,133,137,128,85,80,81,98,100,72,43,40
2026-06-06 18:24:31.262,75,132,137,128,85,80,81,98,100,72,43,40
2026-06-06 18:24:31.262,75,132,136,128,85,80,81,98,100,72,43,40
2026-06-06 18:24:31.262,75,132,136,128,84,73,81,99,107,72,44,42
2026-06-06 18:24:31.292,75,130,136,128,84,73,81,99,107,72,44,42
2026-06-06 18:24:31.293,75,130,134,128,84,73,81,99,107,72,44,42
2026-06-06 18:24:31.294,75,130,134,128,83,67,81,100,113,72,46,43
2026-06-06 18:24:31.327,75,129,134,128,83,67,81,100,113,72,46,43
2026-06-06 18:24:31.327,75,129,133,128,83,67,81,100,113,72,46,43
2026-06-06 18:24:31.327,75,129,133,128,82,61,81,101,119,72,47,44
2026-06-06 18:24:31.359,75,128,133,128,82,61,81,101,119,72,47,44
2026-06-06 18:24:31.360,75,128,132,128,82,61,81,101,119,72,47,44
2026-06-06 18:24:31.361,75,128,132,128,81,56,81,102,124,72,48,46
2026-06-06 18:24:31.394,75,127,132,128,81,56,81,102,124,72,48,46
2026-06-06 18:24:31.395,75,127,130,128,81,56,81,102,124,72,48,46
2026-06-06 18:24:31.395,75,127,130,128,80,50,81,103,130,72,49,47
2026-06-06 18:24:31.426,75,126,130,128,80,50,81,103,130,72,49,47
2026-06-06 18:24:31.426,75,126,129,128,80,50,81,103,130,72,49,47
2026-06-06 18:24:31.427,75,126,129,128,80,46,81,104,134,72,50,48
2026-06-06 18:24:31.459,75,125,129,128,80,46,81,104,134,72,50,48
2026-06-06 18:24:31.460,75,125,128,128,80,46,81,104,134,72,50,48
2026-06-06 18:24:31.460,75,125,128,128,78,42,81,104,138,72,51,50
2026-06-06 18:24:31.493,75,124,128,128,78,42,81,104,138,72,51,50
2026-06-06 18:24:31.493,75,124,126,128,78,42,81,104,138,72,51,50
2026-06-06 18:24:31.494,75,124,126,128,78,38,81,106,142,72,52,51
2026-06-06 18:24:31.526,75,122,126,128,78,38,81,106,142,72,52,51
2026-06-06 18:24:31.526,75,122,125,128,78,38,81,106,142,72,52,51
2026-06-06 18:24:31.527,75,122,125,128,76,34,81,106,146,72,54,52
2026-06-06 18:24:31.559,75,121,125,128,76,34,81,106,146,72,54,52
2026-06-06 18:24:31.560,75,121,124,128,76,34,81,106,146,72,54,52
2026-06-06 18:24:31.560,75,121,124,128,75,31,81,108,149,72,55,54
2026-06-06 18:24:31.592,75,120,124,128,75,31,81,108,149,72,55,54
2026-06-06 18:24:31.592,75,120,122,128,75,31,81,108,149,72,55,54
2026-06-06 18:24:31.593,75,120,122,128,74,28,81,109,152,72,56,55
2026-06-06 18:24:31.626,75,119,122,128,74,28,81,109,152,72,56,55
2026-06-06 18:24:31.626,75,119,121,128,74,28,81,109,152,72,56,55
2026-06-06 18:24:31.627,75,119,121,128,73,25,81,110,155,72,57,56
2026-06-06 18:24:31.659,75,118,121,128,73,25,81,110,155,72,57,56
2026-06-06 18:24:31.659,75,118,120,128,73,25,81,110,155,72,57,56
2026-06-06 18:24:31.659,75,118,120,128,72,23,81,111,157,72,58,58
2026-06-06 18:24:31.693,75,116,120,128,72,23,81,111,157,72,58,58
2026-06-06 18:24:31.694,75,116,118,128,72,23,81,111,157,72,58,58
2026-06-06 18:24:31.694,75,116,118,128,71,21,81,112,159,72,60,59
2026-06-06 18:24:31.726,75,115,118,128,71,21,81,112,159,72,60,59
2026-06-06 18:24:31.726,75,115,117,128,71,21,81,112,159,72,60,59
2026-06-06 18:24:31.727,75,115,117,128,70,20,81,113,160,72,61,60
2026-06-06 18:24:31.760,75,114,117,128,70,20,81,113,160,72,61,60
2026-06-06 18:24:31.760,75,114,116,128,70,20,81,113,160,72,61,60
2026-06-06 18:24:31.761,75,114,116,128,69,19,81,114,161,72,62,62
2026-06-06 18:24:31.791,75,113,116,128,69,19,81,114,161,72,62,62
2026-06-06 18:24:31.792,75,113,114,128,69,19,81,114,161,72,62,62
2026-06-06 18:24:31.793,75,113,114,128,68,18,81,116,162,72,63,63
2026-06-06 18:24:31.826,75,112,114,128,68,18,81,116,162,72,63,63
2026-06-06 18:24:31.827,75,112,113,128,68,18,81,116,162,72,63,63
2026-06-06 18:24:31.827,75,112,113,128,66,18,81,117,162,72,64,64
2026-06-06 18:24:31.859,75,111,113,128,66,18,81,117,162,72,64,64
2026-06-06 18:24:31.860,75,111,112,128,66,18,81,117,162,72,64,64
2026-06-06 18:24:31.860,75,111,112,128,65,18,81,118,162,72,65,66
2026-06-06 18:24:31.892,75,110,112,128,65,18,81,118,162,72,65,66
2026-06-06 18:24:31.893,75,110,110,128,65,18,81,118,162,72,65,66
2026-06-06 18:24:31.894,75,110,110,128,64,18,81,119,162,72,66,67
2026-06-06 18:24:31.925,75,108,110,128,64,18,81,119,162,72,66,67
2026-06-06 18:24:31.926,75,108,109,128,64,18,81,119,162,72,66,67
2026-06-06 18:24:31.927,75,108,109,128,62,18,81,121,162,72,68,68
2026-06-06 18:24:31.959,75,107,109,128,62,18,81,121,162,72,68,68
2026-06-06 18:24:31.959,75,107,108,128,62,18,81,121,162,72,68,68
2026-06-06 18:24:31.960,75,107,108,128,61,20,81,122,160,72,69,70
2026-06-06 18:24:31.992,75,106,108,128,61,20,81,122,160,72,69,70
2026-06-06 18:24:31.993,75,106,106,128,61,20,81,122,160,72,69,70
2026-06-06 18:24:31.994,75,106,106,128,60,21,81,123,159,72,70,71
2026-06-06 18:24:32.027,75,105,106,128,60,21,81,123,159,72,70,71
2026-06-06 18:24:32.028,75,105,105,128,60,21,81,123,159,72,70,71
2026-06-06 18:24:32.028,75,105,105,128,58,23,81,125,157,72,71,72
2026-06-06 18:24:32.059,75,104,105,128,58,23,81,125,157,72,71,72
2026-06-06 18:24:32.061,75,104,104,128,58,23,81,125,157,72,71,72
2026-06-06 18:24:32.061,75,104,104,128,57,25,81,126,155,72,72,74
2026-06-06 18:24:32.093,75,102,104,128,57,25,81,126,155,72,72,74
2026-06-06 18:24:32.094,75,102,102,128,57,25,81,126,155,72,72,74
2026-06-06 18:24:32.094,75,102,102,128,56,27,81,127,153,72,74,75
2026-06-06 18:24:32.125,75,101,102,128,56,27,81,127,153,72,74,75
2026-06-06 18:24:32.126,75,101,101,128,56,27,81,127,153,72,74,75
2026-06-06 18:24:32.127,75,101,101,128,54,30,81,129,150,72,75,76
2026-06-06 18:24:32.158,75,100,101,128,54,30,81,129,150,72,75,76
2026-06-06 18:24:32.159,75,100,100,128,54,30,81,129,150,72,75,76
2026-06-06 18:24:32.159,75,100,100,128,53,33,81,130,147,72,76,78
2026-06-06 18:24:32.194,75,99,100,128,53,33,81,130,147,72,76,78
2026-06-06 18:24:32.195,75,99,98,128,53,33,81,130,147,72,76,78
2026-06-06 18:24:32.195,75,99,98,128,51,37,81,132,143,72,77,79
2026-06-06 18:24:32.224,75,98,98,128,51,37,81,132,143,72,77,79
2026-06-06 18:24:32.226,75,98,98,128,50,40,81,133,140,72,78,79
2026-06-06 18:24:32.246,75,98,102,128,50,40,81,133,140,72,78,79
2026-06-06 18:24:32.247,75,99,102,128,51,41,81,132,139,72,77,75
2026-06-06 18:24:32.275,75,99,107,128,51,41,81,132,139,72,77,75
2026-06-06 18:24:32.277,75,99,107,128,52,42,81,131,138,72,77,70
2026-06-06 18:24:32.308,75,100,107,128,52,42,81,131,138,72,77,70
2026-06-06 18:24:32.308,75,100,113,128,52,42,81,131,138,72,77,70
2026-06-06 18:24:32.309,75,100,113,128,53,43,81,130,137,72,76,64
2026-06-06 18:24:32.343,75,101,113,128,53,43,81,130,137,72,76,64
2026-06-06 18:24:32.346,75,101,119,128,53,43,81,130,137,72,76,64
2026-06-06 18:24:32.346,75,101,119,128,54,45,81,129,135,72,75,58
2026-06-06 18:24:32.375,75,102,119,128,54,45,81,129,135,72,75,58
2026-06-06 18:24:32.375,75,102,124,128,54,45,81,129,135,72,75,58
2026-06-06 18:24:32.376,75,102,124,128,55,46,81,128,134,72,74,53
2026-06-06 18:24:32.400,75,103,128,128,56,47,81,127,133,72,73,49
2026-06-06 18:24:32.421,75,103,131,128,56,47,81,127,133,72,73,49
2026-06-06 18:24:32.422,75,103,131,128,57,48,81,126,132,72,73,46
2026-06-06 18:24:32.443,75,104,131,128,57,48,81,126,132,72,73,46
2026-06-06 18:24:32.443,75,104,134,128,58,49,81,125,131,72,72,44
2026-06-06 18:24:32.464,75,104,136,128,58,49,81,125,131,72,72,44
2026-06-06 18:24:32.465,75,105,136,128,58,50,81,124,130,72,71,41
2026-06-06 18:24:32.486,75,105,139,128,59,51,81,124,129,72,71,38
2026-06-06 18:24:32.506,75,106,139,128,59,51,81,124,129,72,71,38
2026-06-06 18:24:32.507,75,106,141,128,59,51,81,124,129,72,71,38
2026-06-06 18:24:32.508,75,106,141,128,60,51,81,123,129,72,70,36
2026-06-06 18:24:32.531,75,107,144,128,61,52,81,122,128,72,69,34
2026-06-06 18:24:32.552,75,107,146,128,61,52,81,122,128,72,69,34
2026-06-06 18:24:32.552,75,107,146,128,62,53,81,121,127,72,69,31
2026-06-06 18:24:32.573,75,108,146,128,62,53,81,121,127,72,69,31
2026-06-06 18:24:32.574,75,108,148,128,62,54,81,121,126,72,68,29
2026-06-06 18:24:32.594,75,108,149,128,62,54,81,121,126,72,68,29
2026-06-06 18:24:32.595,75,109,149,128,63,55,81,120,125,72,67,28
2026-06-06 18:24:32.616,75,110,149,128,63,55,81,120,125,72,67,28
2026-06-06 18:24:32.618,75,110,151,128,64,56,81,119,124,72,66,26
2026-06-06 18:24:32.638,75,110,153,128,64,56,81,119,124,72,66,26
2026-06-06 18:24:32.639,75,110,153,128,65,57,81,118,123,72,66,24
2026-06-06 18:24:32.659,75,111,153,128,65,57,81,118,123,72,66,24
2026-06-06 18:24:32.660,75,111,154,128,65,58,81,118,122,72,65,23
2026-06-06 18:24:32.686,75,112,154,128,65,58,81,118,122,72,65,23
2026-06-06 18:24:32.686,75,112,155,128,65,58,81,118,122,72,65,23
2026-06-06 18:24:32.687,75,112,155,128,66,59,81,117,121,72,64,22
2026-06-06 18:24:32.709,75,112,156,128,67,60,81,116,120,72,64,21
2026-06-06 18:24:32.741,75,114,156,128,67,60,81,116,120,72,64,21
2026-06-06 18:24:32.742,75,114,158,128,67,60,81,116,120,72,64,21
2026-06-06 18:24:32.743,75,114,158,128,68,61,81,115,119,72,62,19
2026-06-06 18:24:32.776,75,115,158,128,68,61,81,115,119,72,62,19
2026-06-06 18:24:32.776,75,115,159,128,68,61,81,115,119,72,62,19
2026-06-06 18:24:32.777,75,115,159,128,69,62,81,114,118,72,61,18
2026-06-06 18:24:32.806,75,116,159,128,69,62,81,114,118,72,61,18
2026-06-06 18:24:32.807,75,116,159,128,70,63,81,113,117,72,60,18
2026-06-06 18:24:32.828,75,117,159,128,71,64,81,112,116,72,59,18
2026-06-06 18:24:32.848,75,118,159,128,71,64,81,112,116,72,59,18
2026-06-06 18:24:32.849,75,118,160,128,71,64,81,112,116,72,59,18
2026-06-06 18:24:32.851,75,118,160,128,72,65,81,111,115,72,58,18
2026-06-06 18:24:32.871,75,118,159,128,73,66,81,110,114,72,58,18
2026-06-06 18:24:32.894,75,119,159,128,73,66,81,110,114,72,58,18
2026-06-06 18:24:32.894,75,119,159,128,74,67,81,109,113,72,57,18
2026-06-06 18:24:32.916,75,120,159,128,74,68,81,109,112,72,56,18
2026-06-06 18:24:32.936,75,121,159,128,74,68,81,109,112,72,56,18
2026-06-06 18:24:32.937,75,121,158,128,74,68,81,109,112,72,56,18
2026-06-06 18:24:32.937,75,121,158,128,75,69,81,108,111,72,55,19
2026-06-06 18:24:32.961,75,122,157,128,76,70,81,107,110,72,54,20
2026-06-06 18:24:32.982,75,123,157,128,76,70,81,107,110,72,54,20
2026-06-06 18:24:32.983,75,123,156,128,76,70,81,107,110,72,54,20
2026-06-06 18:24:32.983,75,123,156,128,77,70,81,106,110,72,53,20
2026-06-06 18:24:33.005,75,124,156,128,77,71,81,106,109,72,52,22
2026-06-06 18:24:33.026,75,125,156,128,77,71,81,106,109,72,52,22
2026-06-06 18:24:33.027,75,125,154,128,77,71,81,106,109,72,52,22
2026-06-06 18:24:33.028,75,125,154,128,78,72,81,105,108,72,51,23
2026-06-06 18:24:33.052,75,126,154,128,78,72,81,105,108,72,51,23
2026-06-06 18:24:33.053,75,126,153,128,78,72,81,105,108,72,51,23
2026-06-06 18:24:33.053,75,126,153,128,79,73,81,104,107,72,50,24
2026-06-06 18:24:33.076,75,127,151,128,80,74,81,103,106,72,49,26
2026-06-06 18:24:33.103,75,128,151,128,80,74,81,103,106,72,49,26
2026-06-06 18:24:33.103,75,128,149,128,80,74,81,103,106,72,49,26
2026-06-06 18:24:33.103,75,128,149,128,81,75,81,102,105,72,48,28
2026-06-06 18:24:33.127,75,129,147,128,82,76,81,101,104,72,47,30
2026-06-06 18:24:33.148,75,130,147,128,82,76,81,101,104,72,47,30
2026-06-06 18:24:33.148,75,130,145,128,82,76,81,101,104,72,47,30
2026-06-06 18:24:33.150,75,130,145,128,82,77,81,100,103,72,46,32
2026-06-06 18:24:33.171,75,131,143,128,83,78,81,100,102,72,45,34
2026-06-06 18:24:33.202,75,132,143,128,83,78,81,100,102,72,45,34
2026-06-06 18:24:33.203,75,132,139,128,83,78,81,100,102,72,45,34
2026-06-06 18:24:33.203,75,132,139,128,84,79,81,99,101,72,44,38
2026-06-06 18:24:33.225,75,133,137,128,85,79,81,98,101,72,43,40
2026-06-06 18:24:33.246,75,132,137,128,85,79,81,98,101,72,43,40
2026-06-06 18:24:33.247,75,132,136,128,85,79,81,98,101,72,43,40
2026-06-06 18:24:33.247,75,132,136,128,84,75,81,99,105,72,44,41
2026-06-06 18:24:33.268,75,131,135,128,84,71,81,99,109,72,45,42
2026-06-06 18:24:33.289,75,131,134,128,84,71,81,99,109,72,45,42
2026-06-06 18:24:33.290,75,131,134,128,83,67,81,100,113,72,45,43
2026-06-06 18:24:33.312,75,130,134,128,83,67,81,100,113,72,45,43
2026-06-06 18:24:33.312,75,130,133,128,83,63,81,100,117,72,46,44
2026-06-06 18:24:33.333,75,130,132,128,83,63,81,100,117,72,46,44
2026-06-06 18:24:33.334,75,129,132,128,82,60,81,101,120,72,47,44
2026-06-06 18:24:33.359,75,128,132,128,82,60,81,101,120,72,47,44
2026-06-06 18:24:33.360,75,128,132,128,81,56,81,102,124,72,48,46
2026-06-06 18:24:33.392,75,127,132,128,81,56,81,102,124,72,48,46
2026-06-06 18:24:33.393,75,127,130,128,81,56,81,102,124,72,48,46
2026-06-06 18:24:33.393,75,127,130,128,80,51,81,102,129,72,49,47
2026-06-06 18:24:33.424,75,126,130,128,80,51,81,102,129,72,49,47
2026-06-06 18:24:33.425,75,126,129,128,80,51,81,102,129,72,49,47
2026-06-06 18:24:33.426,75,126,129,128,80,46,81,104,134,72,50,48
2026-06-06 18:24:33.459,75,125,129,128,80,46,81,104,134,72,50,48
2026-06-06 18:24:33.460,75,125,128,128,80,46,81,104,134,72,50,48
2026-06-06 18:24:33.460,75,125,128,128,78,42,81,104,138,72,51,50
2026-06-06 18:24:33.486,75,124,128,128,78,42,81,104,138,72,51,50
2026-06-06 18:24:33.486,75,124,126,128,78,42,81,104,138,72,51,50
2026-06-06 18:24:33.487,75,124,126,128,78,38,81,105,142,72,52,51
2026-06-06 18:24:33.510,75,123,126,128,77,36,81,106,144,72,53,52
2026-06-06 18:24:33.531,75,122,126,128,77,36,81,106,144,72,53,52
2026-06-06 18:24:33.532,75,122,125,128,77,36,81,106,144,72,53,52
2026-06-06 18:24:33.533,75,122,125,128,76,33,81,107,147,72,54,52
2026-06-06 18:24:33.558,75,121,125,128,76,33,81,107,147,72,54,52
2026-06-06 18:24:33.559,75,121,124,128,76,33,81,107,147,72,54,52
2026-06-06 18:24:33.560,75,121,124,128,76,31,81,108,149,72,55,54
2026-06-06 18:24:33.587,75,120,124,128,76,31,81,108,149,72,55,54
2026-06-06 18:24:33.588,75,120,122,128,76,31,81,108,149,72,55,54
2026-06-06 18:24:33.588,75,120,122,128,74,28,81,108,152,72,56,55
2026-06-06 18:24:33.610,75,119,122,128,74,26,81,109,154,72,57,56
2026-06-06 18:24:33.631,75,119,121,128,74,26,81,109,154,72,57,56
2026-06-06 18:24:33.632,75,119,121,128,73,25,81,110,155,72,57,56
2026-06-06 18:24:33.653,75,118,121,128,73,25,81,110,155,72,57,56
2026-06-06 18:24:33.654,75,118,120,128,72,24,81,111,156,72,58,57
2026-06-06 18:24:33.686,75,117,120,128,72,24,81,111,156,72,58,57
2026-06-06 18:24:33.686,75,117,118,128,72,24,81,111,156,72,58,57
2026-06-06 18:24:33.687,75,117,118,128,71,22,81,112,158,72,59,59
2026-06-06 18:24:33.713,75,116,118,128,71,22,81,112,158,72,59,59
2026-06-06 18:24:33.713,75,116,117,128,71,22,81,112,158,72,59,59
2026-06-06 18:24:33.714,75,116,117,128,70,20,81,113,160,72,60,60
2026-06-06 18:24:33.738,75,115,116,128,69,19,81,114,161,72,61,61
2026-06-06 18:24:33.758,75,114,116,128,69,19,81,114,161,72,61,61
2026-06-06 18:24:33.759,75,114,116,128,69,19,81,114,161,72,62,62
2026-06-06 18:24:33.780,75,114,115,128,69,19,81,114,161,72,62,62
2026-06-06 18:24:33.780,75,113,115,128,68,18,81,115,162,72,63,62
2026-06-06 18:24:33.807,75,112,115,128,68,18,81,115,162,72,63,62
2026-06-06 18:24:33.808,75,112,114,128,68,18,81,115,162,72,63,62
2026-06-06 18:24:33.809,75,112,114,128,67,18,81,116,162,72,64,63
2026-06-06 18:24:33.835,75,112,112,128,67,18,81,116,162,72,64,63
2026-06-06 18:24:33.836,75,112,112,128,66,18,81,117,162,72,64,65
2026-06-06 18:24:33.858,75,111,112,128,66,18,81,117,162,72,64,65
2026-06-06 18:24:33.859,75,111,112,128,65,18,81,118,162,72,65,65
2026-06-06 18:24:33.889,75,110,112,128,65,18,81,118,162,72,65,65
2026-06-06 18:24:33.889,75,110,110,128,65,18,81,118,162,72,65,65
2026-06-06 18:24:33.891,75,110,110,128,64,18,81,119,162,72,66,67
2026-06-06 18:24:33.925,75,108,110,128,64,18,81,119,162,72,66,67
2026-06-06 18:24:33.926,75,108,109,128,64,18,81,119,162,72,66,67
2026-06-06 18:24:33.926,75,108,109,128,62,18,81,121,162,72,68,68
2026-06-06 18:24:33.959,75,107,109,128,62,18,81,121,162,72,68,68
2026-06-06 18:24:33.960,75,107,108,128,62,18,81,121,162,72,68,68
2026-06-06 18:24:33.961,75,107,108,128,61,20,81,122,160,72,69,70
2026-06-06 18:24:33.993,75,106,108,128,61,20,81,122,160,72,69,70
2026-06-06 18:24:33.994,75,106,106,128,61,20,81,122,160,72,69,70
2026-06-06 18:24:33.994,75,106,106,128,60,21,81,123,159,72,70,71
2026-06-06 18:24:34.024,75,105,106,128,60,21,81,123,159,72,70,71
2026-06-06 18:24:34.024,75,105,105,128,60,21,81,123,159,72,70,71
2026-06-06 18:24:34.025,75,105,105,128,58,22,81,124,158,72,71,72
2026-06-06 18:24:34.057,75,104,105,128,58,22,81,124,158,72,71,72
2026-06-06 18:24:34.058,75,104,104,128,58,22,81,124,158,72,71,72
2026-06-06 18:24:34.059,75,104,104,128,57,25,81,126,155,72,72,73
2026-06-06 18:24:34.083,75,103,103,128,56,26,81,127,154,72,73,74
2026-06-06 18:24:34.108,75,102,103,128,56,26,81,127,154,72,73,74
2026-06-06 18:24:34.109,75,102,102,128,56,26,81,127,154,72,73,74
2026-06-06 18:24:34.110,75,102,102,128,55,28,81,128,152,72,74,75
2026-06-06 18:24:34.133,75,101,102,128,55,28,81,128,152,72,74,75
2026-06-06 18:24:34.135,75,101,100,128,55,28,81,128,152,72,74,75
2026-06-06 18:24:34.136,75,101,100,128,54,31,81,129,149,72,75,76
2026-06-06 18:24:34.159,75,100,100,128,53,33,81,130,147,72,76,78
2026-06-06 18:24:34.182,75,99,100,128,53,33,81,130,147,72,76,78
2026-06-06 18:24:34.182,75,99,99,128,53,33,81,130,147,72,76,78
2026-06-06 18:24:34.183,75,99,99,128,52,36,81,131,144,72,77,78
2026-06-06 18:24:34.205,75,99,98,128,51,38,81,132,142,72,77,79
2026-06-06 18:24:34.226,75,98,98,128,51,38,81,132,142,72,77,79
2026-06-06 18:24:34.227,75,98,98,128,50,40,81,133,140,72,78,79
2026-06-06 18:24:34.248,75,98,102,128,50,40,81,133,140,72,78,79
2026-06-06 18:24:34.248,75,99,102,128,51,41,81,132,139,72,77,75
2026-06-06 18:24:34.275,75,99,107,128,51,41,81,132,139,72,77,75
2026-06-06 18:24:34.276,75,99,107,128,52,42,81,131,138,72,77,70
2026-06-06 18:24:34.308,75,100,107,128,52,42,81,131,138,72,77,70
2026-06-06 18:24:34.309,75,100,113,128,52,42,81,131,138,72,77,70
2026-06-06 18:24:34.310,75,100,113,128,53,43,81,130,137,72,76,64
2026-06-06 18:24:34.341,75,101,113,128,53,43,81,130,137,72,76,64
2026-06-06 18:24:34.342,75,101,118,128,53,43,81,130,137,72,76,64
2026-06-06 18:24:34.342,75,101,118,128,54,45,81,129,135,72,75,58
2026-06-06 18:24:34.375,75,102,118,128,54,45,81,129,135,72,75,58
2026-06-06 18:24:34.376,75,102,124,128,54,45,81,129,135,72,75,58
2026-06-06 18:24:34.377,75,102,124,128,55,46,81,128,134,72,74,53
2026-06-06 18:24:34.410,75,103,124,128,55,46,81,128,134,72,74,53
2026-06-06 18:24:34.411,75,103,129,128,55,46,81,128,134,72,74,53
2026-06-06 18:24:34.412,75,103,129,128,57,48,81,126,132,72,73,48
2026-06-06 18:24:34.443,75,104,129,128,57,48,81,126,132,72,73,48
2026-06-06 18:24:34.444,75,104,133,128,57,48,81,126,132,72,73,48
2026-06-06 18:24:34.445,75,104,133,128,58,49,81,125,131,72,72,44
2026-06-06 18:24:34.476,75,105,133,128,58,49,81,125,131,72,72,44
2026-06-06 18:24:34.477,75,105,138,128,58,49,81,125,131,72,72,44
2026-06-06 18:24:34.477,75,105,138,128,59,50,81,124,130,72,71,40
2026-06-06 18:24:34.509,75,106,138,128,59,50,81,124,130,72,71,40
2026-06-06 18:24:34.510,75,106,141,128,59,50,81,124,130,72,71,40
2026-06-06 18:24:34.510,75,106,141,128,60,52,81,123,128,72,70,36
2026-06-06 18:24:34.542,75,107,141,128,60,52,81,123,128,72,70,36
2026-06-06 18:24:34.542,75,107,144,128,60,52,81,123,128,72,70,36
2026-06-06 18:24:34.543,75,107,144,128,61,53,81,122,127,72,69,32
2026-06-06 18:24:34.573,75,108,144,128,61,53,81,122,127,72,69,32
2026-06-06 18:24:34.574,75,108,148,128,61,53,81,122,127,72,69,32
2026-06-06 18:24:34.575,75,108,148,128,62,54,81,121,126,72,68,29
2026-06-06 18:24:34.596,75,109,149,128,63,55,81,120,125,72,67,28
2026-06-06 18:24:34.616,75,109,151,128,63,55,81,120,125,72,67,28
2026-06-06 18:24:34.618,75,109,151,128,64,56,81,119,124,72,67,26
2026-06-06 18:24:34.639,75,110,151,128,64,56,81,119,124,72,67,26
2026-06-06 18:24:34.639,75,110,153,128,65,57,81,118,123,72,66,24
2026-06-06 18:24:34.661,75,110,154,128,65,57,81,118,123,72,66,24
2026-06-06 18:24:34.662,75,111,154,128,65,58,81,118,122,72,65,23
2026-06-06 18:24:34.686,75,112,154,128,65,58,81,118,122,72,65,23
2026-06-06 18:24:34.687,75,112,155,128,65,58,81,118,122,72,65,23
2026-06-06 18:24:34.687,75,112,155,128,66,59,81,117,121,72,64,22
2026-06-06 18:24:34.710,75,113,156,128,67,60,81,116,120,72,63,20
2026-06-06 18:24:34.734,75,114,156,128,67,60,81,116,120,72,63,20
2026-06-06 18:24:34.735,75,114,158,128,67,60,81,116,120,72,63,20
2026-06-06 18:24:34.735,75,114,158,128,68,61,81,115,119,72,62,20
2026-06-06 18:24:34.763,75,114,158,128,69,62,81,114,118,72,62,19
2026-06-06 18:24:34.789,75,115,158,128,69,62,81,114,118,72,62,19
2026-06-06 18:24:34.789,75,115,159,128,69,62,81,114,118,72,62,19
2026-06-06 18:24:34.791,75,115,159,128,70,63,81,113,117,72,61,18
2026-06-06 18:24:34.818,75,116,159,128,70,63,81,113,117,72,61,18
2026-06-06 18:24:34.819,75,116,159,128,71,64,81,112,116,72,60,18
2026-06-06 18:24:34.846,75,118,159,128,71,64,81,112,116,72,60,18
2026-06-06 18:24:34.847,75,118,160,128,71,64,81,112,116,72,60,18
2026-06-06 18:24:34.847,75,118,160,128,72,65,81,111,115,72,58,18
2026-06-06 18:24:34.876,75,119,160,128,72,65,81,111,115,72,58,18
2026-06-06 18:24:34.876,75,119,159,128,72,65,81,111,115,72,58,18
2026-06-06 18:24:34.877,75,119,159,128,73,66,81,110,114,72,57,18
2026-06-06 18:24:34.907,75,120,159,128,73,66,81,110,114,72,57,18
2026-06-06 18:24:34.908,75,120,159,128,74,67,81,109,113,72,56,18
2026-06-06 18:24:34.938,75,121,159,128,74,67,81,109,113,72,56,18
2026-06-06 18:24:34.939,75,121,158,128,74,67,81,109,113,72,56,18
2026-06-06 18:24:34.939,75,121,158,128,75,69,81,108,111,72,55,19
2026-06-06 18:24:34.974,75,122,158,128,75,69,81,108,111,72,55,19
2026-06-06 18:24:34.975,75,122,157,128,75,69,81,108,111,72,55,19
2026-06-06 18:24:34.976,75,122,157,128,76,70,81,107,110,72,54,20
2026-06-06 18:24:35.009,75,124,157,128,76,70,81,107,110,72,54,20
2026-06-06 18:24:35.010,75,124,155,128,76,70,81,107,110,72,54,20
2026-06-06 18:24:35.010,75,124,155,128,78,72,81,105,108,72,52,22
2026-06-06 18:24:35.043,75,125,155,128,78,72,81,105,108,72,52,22
2026-06-06 18:24:35.044,75,125,153,128,78,72,81,105,108,72,52,22
2026-06-06 18:24:35.045,75,125,153,128,79,73,81,104,107,72,51,24
2026-06-06 18:24:35.091,75,127,153,128,79,73,81,104,107,72,51,24
2026-06-06 18:24:35.091,75,127,150,128,79,73,81,104,107,72,51,24
2026-06-06 18:24:35.093,75,127,150,128,80,75,81,103,105,72,49,27
2026-06-06 18:24:35.142,75,130,150,128,80,75,81,103,105,72,49,27
2026-06-06 18:24:35.142,75,130,146,128,80,75,81,103,105,72,49,27
2026-06-06 18:24:35.144,75,130,146,128,82,77,81,101,103,72,46,31
2026-06-06 18:24:35.177,75,131,146,128,82,77,81,101,103,72,46,31
2026-06-06 18:24:35.177,75,131,142,128,82,77,81,101,103,72,46,31
2026-06-06 18:24:35.178,75,131,142,128,83,78,81,100,102,72,45,35
2026-06-06 18:24:35.225,75,133,142,128,83,78,81,100,102,72,45,35
2026-06-06 18:24:35.225,75,133,137,128,83,78,81,100,102,72,45,35
2026-06-06 18:24:35.227,75,133,137,128,85,79,81,98,101,72,43,40
2026-06-06 18:24:35.276,75,131,137,128,85,79,81,98,101,72,43,40
2026-06-06 18:24:35.277,75,131,135,128,85,79,81,98,101,72,43,40
2026-06-06 18:24:35.277,75,131,135,128,84,70,81,99,110,72,45,42
2026-06-06 18:24:35.325,75,129,135,128,84,70,81,99,110,72,45,42
2026-06-06 18:24:35.326,75,129,133,128,84,70,81,99,110,72,45,42
2026-06-06 18:24:35.327,75,129,133,128,82,61,81,101,119,72,47,44
2026-06-06 18:24:35.376,75,128,133,128,82,61,81,101,119,72,47,44
2026-06-06 18:24:35.376,75,128,131,128,82,61,81,101,119,72,47,44
2026-06-06 18:24:35.377,75,128,131,128,81,53,81,102,127,72,48,46
2026-06-06 18:24:35.415,75,126,131,128,81,53,81,102,127,72,48,46
2026-06-06 18:24:35.416,75,126,129,128,81,53,81,102,127,72,48,46
2026-06-06 18:24:35.416,75,126,129,128,80,47,81,103,133,72,50,48
2026-06-06 18:24:35.453,75,125,129,128,80,47,81,103,133,72,50,48
2026-06-06 18:24:35.453,75,125,128,128,80,47,81,103,133,72,50,48
2026-06-06 18:24:35.454,75,125,128,128,79,42,81,104,138,72,51,49
2026-06-06 18:24:35.491,75,124,128,128,79,42,81,104,138,72,51,49
2026-06-06 18:24:35.492,75,124,126,128,79,42,81,104,138,72,51,49
2026-06-06 18:24:35.492,75,124,126,128,78,38,81,105,142,72,52,51
2026-06-06 18:24:35.534,75,122,126,128,78,38,81,105,142,72,52,51
2026-06-06 18:24:35.535,75,122,124,128,78,38,81,105,142,72,52,51
2026-06-06 18:24:35.536,75,122,124,128,76,33,81,107,147,72,54,52
2026-06-06 18:24:35.575,75,121,124,128,76,33,81,107,147,72,54,52
2026-06-06 18:24:35.576,75,121,123,128,76,33,81,107,147,72,54,52
2026-06-06 18:24:35.577,75,121,123,128,75,29,81,108,151,72,55,54
2026-06-06 18:24:35.625,75,119,123,128,75,29,81,108,151,72,55,54
2026-06-06 18:24:35.626,75,119,121,128,75,29,81,108,151,72,55,54
2026-06-06 18:24:35.626,75,119,121,128,73,25,81,110,155,72,57,56
2026-06-06 18:24:35.671,75,117,121,128,73,25,81,110,155,72,57,56
2026-06-06 18:24:35.672,75,117,119,128,73,25,81,110,155,72,57,56
2026-06-06 18:24:35.673,75,117,119,128,72,22,81,111,158,72,59,58
2026-06-06 18:24:35.709,75,116,119,128,72,22,81,111,158,72,59,58
2026-06-06 18:24:35.711,75,116,118,128,72,22,81,111,158,72,59,58
2026-06-06 18:24:35.711,75,116,118,128,70,20,81,113,160,72,60,60
2026-06-06 18:24:35.756,75,114,118,128,70,20,81,113,160,72,60,60
2026-06-06 18:24:35.757,75,114,116,128,70,20,81,113,160,72,60,60
2026-06-06 18:24:35.758,75,114,116,128,69,19,81,114,161,72,62,61
2026-06-06 18:24:35.810,75,112,116,128,69,19,81,114,161,72,62,61
2026-06-06 18:24:35.810,75,112,114,128,69,19,81,114,161,72,62,61
2026-06-06 18:24:35.811,75,112,114,128,67,18,81,116,162,72,64,64
2026-06-06 18:24:35.853,75,111,114,128,67,18,81,116,162,72,64,64
2026-06-06 18:24:35.853,75,111,112,128,67,18,81,116,162,72,64,64
2026-06-06 18:24:35.854,75,111,112,128,65,18,81,118,162,72,65,65
2026-06-06 18:24:35.892,75,110,112,128,65,18,81,118,162,72,65,65
2026-06-06 18:24:35.893,75,110,110,128,65,18,81,118,162,72,65,65
2026-06-06 18:24:35.894,75,110,110,128,64,18,81,119,162,72,66,67
2026-06-06 18:24:35.944,75,108,110,128,64,18,81,119,162,72,66,67
2026-06-06 18:24:35.944,75,108,108,128,64,18,81,119,162,72,66,67
2026-06-06 18:24:35.944,75,108,108,128,62,19,81,121,161,72,68,69
2026-06-06 18:24:35.983,75,106,108,128,62,19,81,121,161,72,68,69
2026-06-06 18:24:35.984,75,106,106,128,62,19,81,121,161,72,68,69
2026-06-06 18:24:35.984,75,106,106,128,60,20,81,123,160,72,70,70
2026-06-06 18:24:36.025,75,105,106,128,60,20,81,123,160,72,70,70
2026-06-06 18:24:36.026,75,105,105,128,60,20,81,123,160,72,70,70
2026-06-06 18:24:36.027,75,105,105,128,58,23,81,125,157,72,71,72
2026-06-06 18:24:36.065,75,103,105,128,58,23,81,125,157,72,71,72
2026-06-06 18:24:36.066,75,103,103,128,58,23,81,125,157,72,71,72
2026-06-06 18:24:36.066,75,103,103,128,57,25,81,126,155,72,73,74
2026-06-06 18:24:36.109,75,102,103,128,57,25,81,126,155,72,73,74
2026-06-06 18:24:36.110,75,102,102,128,57,25,81,126,155,72,73,74
2026-06-06 18:24:36.110,75,102,102,128,55,28,81,128,152,72,74,76
2026-06-06 18:24:36.148,75,100,102,128,55,28,81,128,152,72,74,76
2026-06-06 18:24:36.151,75,100,100,128,55,28,81,128,152,72,74,76
2026-06-06 18:24:36.151,75,100,100,128,53,32,81,130,148,72,76,77
2026-06-06 18:24:36.191,75,99,100,128,53,32,81,130,148,72,76,77
2026-06-06 18:24:36.192,75,99,98,128,53,32,81,130,148,72,76,77
2026-06-06 18:24:36.193,75,99,98,128,51,36,81,132,144,72,77,79
2026-06-06 18:24:36.243,75,98,98,128,51,36,81,132,144,72,77,79
2026-06-06 18:24:36.244,75,98,101,128,51,36,81,132,144,72,77,79
2026-06-06 18:24:36.244,75,98,101,128,51,41,81,132,139,72,78,76
2026-06-06 18:24:36.289,75,100,101,128,51,41,81,132,139,72,78,76
2026-06-06 18:24:36.290,75,100,110,128,51,41,81,132,139,72,78,76
2026-06-06 18:24:36.290,75,100,110,128,52,43,81,131,137,72,76,67
2026-06-06 18:24:36.343,75,101,110,128,52,43,81,131,137,72,76,67
2026-06-06 18:24:36.345,75,101,119,128,52,43,81,131,137,72,76,67
2026-06-06 18:24:36.345,75,101,119,128,54,45,81,129,135,72,75,58
2026-06-06 18:24:36.392,75,102,119,128,54,45,81,129,135,72,75,58
2026-06-06 18:24:36.393,75,102,126,128,54,45,81,129,135,72,75,58
2026-06-06 18:24:36.394,75,102,126,128,56,47,81,127,133,72,74,51
2026-06-06 18:24:36.441,75,104,126,128,56,47,81,127,133,72,74,51
2026-06-06 18:24:36.442,75,104,133,128,56,47,81,127,133,72,74,51
2026-06-06 18:24:36.443,75,104,133,128,58,49,81,125,131,72,72,44
2026-06-06 18:24:36.491,75,106,133,128,58,49,81,125,131,72,72,44
2026-06-06 18:24:36.492,75,106,139,128,58,49,81,125,131,72,72,44
2026-06-06 18:24:36.493,75,106,139,128,59,51,81,124,129,72,70,38
2026-06-06 18:24:36.541,75,107,139,128,59,51,81,124,129,72,70,38
2026-06-06 18:24:36.543,75,107,145,128,59,51,81,124,129,72,70,38
2026-06-06 18:24:36.544,75,107,145,128,61,53,81,122,127,72,69,32
2026-06-06 18:24:36.591,75,109,145,128,61,53,81,122,127,72,69,32
2026-06-06 18:24:36.591,75,109,149,128,61,53,81,122,127,72,69,32
2026-06-06 18:24:36.593,75,109,149,128,63,55,81,120,125,72,67,28
2026-06-06 18:24:36.642,75,110,149,128,63,55,81,120,125,72,67,28
2026-06-06 18:24:36.643,75,110,153,128,63,55,81,120,125,72,67,28
2026-06-06 18:24:36.643,75,110,153,128,65,57,81,118,123,72,66,24
2026-06-06 18:24:36.691,75,112,153,128,65,57,81,118,123,72,66,24
2026-06-06 18:24:36.692,75,112,156,128,65,57,81,118,123,72,66,24
2026-06-06 18:24:36.693,75,112,156,128,66,59,81,117,121,72,64,21
2026-06-06 18:24:36.743,75,114,156,128,66,59,81,117,121,72,64,21
2026-06-06 18:24:36.743,75,114,158,128,66,59,81,117,121,72,64,21
2026-06-06 18:24:36.744,75,114,158,128,68,61,81,115,119,72,62,19
2026-06-06 18:24:36.793,75,116,158,128,68,61,81,115,119,72,62,19
2026-06-06 18:24:36.794,75,116,159,128,68,61,81,115,119,72,62,19
2026-06-06 18:24:36.794,75,116,159,128,70,63,81,113,117,72,60,18
2026-06-06 18:24:36.841,75,117,159,128,70,63,81,113,117,72,60,18
2026-06-06 18:24:36.841,75,117,160,128,70,63,81,113,117,72,60,18
2026-06-06 18:24:36.842,75,117,160,128,72,65,81,111,115,72,59,18
2026-06-06 18:24:36.891,75,119,160,128,72,65,81,111,115,72,59,18
2026-06-06 18:24:36.891,75,119,159,128,72,65,81,111,115,72,59,18
2026-06-06 18:24:36.892,75,119,159,128,73,67,81,110,113,72,57,18
2026-06-06 18:24:36.941,75,121,159,128,73,67,81,110,113,72,57,18
2026-06-06 18:24:36.942,75,121,158,128,73,67,81,110,113,72,57,18
2026-06-06 18:24:36.943,75,121,158,128,75,69,81,108,111,72,55,19
2026-06-06 18:24:36.986,75,123,158,128,75,69,81,108,111,72,55,19
2026-06-06 18:24:36.987,75,123,156,128,75,69,81,108,111,72,55,19
2026-06-06 18:24:36.987,75,123,156,128,77,71,81,106,109,72,53,21
2026-06-06 18:24:37.029,75,125,156,128,77,71,81,106,109,72,53,21
2026-06-06 18:24:37.030,75,125,154,128,77,71,81,106,109,72,53,21
2026-06-06 18:24:37.030,75,125,154,128,78,72,81,105,108,72,51,23
2026-06-06 18:24:37.071,75,126,154,128,78,72,81,105,108,72,51,23
2026-06-06 18:24:37.071,75,126,152,128,78,72,81,105,108,72,51,23
2026-06-06 18:24:37.072,75,126,152,128,80,74,81,103,106,72,50,26
2026-06-06 18:24:37.113,75,128,152,128,80,74,81,103,106,72,50,26
2026-06-06 18:24:37.113,75,128,148,128,80,74,81,103,106,72,50,26
2026-06-06 18:24:37.114,75,128,148,128,81,76,81,102,104,72,48,29
2026-06-06 18:24:37.156,75,130,148,128,81,76,81,102,104,72,48,29
2026-06-06 18:24:37.156,75,130,144,128,81,76,81,102,104,72,48,29
2026-06-06 18:24:37.157,75,130,144,128,83,77,81,100,103,72,46,33
2026-06-06 18:24:37.197,75,132,144,128,83,77,81,100,103,72,46,33
2026-06-06 18:24:37.198,75,132,140,128,83,77,81,100,103,72,46,33
2026-06-06 18:24:37.199,75,132,140,128,84,79,81,99,101,72,44,37
2026-06-06 18:24:37.240,75,132,136,128,84,79,81,99,101,72,44,37
2026-06-06 18:24:37.240,75,132,136,128,84,76,81,98,104,72,44,41
2026-06-06 18:24:37.282,75,131,136,128,84,76,81,98,104,72,44,41
2026-06-06 18:24:37.282,75,131,135,128,84,76,81,98,104,72,44,41
2026-06-06 18:24:37.283,75,131,135,128,84,68,81,100,112,72,45,42
2026-06-06 18:24:37.324,75,129,135,128,84,68,81,100,112,72,45,42
2026-06-06 18:24:37.325,75,129,133,128,84,68,81,100,112,72,45,42
2026-06-06 18:24:37.325,75,129,133,128,82,61,81,101,119,72,47,44
2026-06-06 18:24:37.367,75,128,133,128,82,61,81,101,119,72,47,44
2026-06-06 18:24:37.367,75,128,131,128,82,61,81,101,119,72,47,44
2026-06-06 18:24:37.368,75,128,131,128,81,54,81,102,126,72,48,46
2026-06-06 18:24:37.424,75,126,131,128,81,54,81,102,126,72,48,46
2026-06-06 18:24:37.424,75,126,129,128,81,54,81,102,126,72,48,46
2026-06-06 18:24:37.425,75,126,129,128,80,46,81,103,134,72,50,48
2026-06-06 18:24:37.474,75,124,129,128,80,46,81,103,134,72,50,48
2026-06-06 18:24:37.476,75,124,127,128,80,46,81,103,134,72,50,48
2026-06-06 18:24:37.477,75,124,127,128,78,40,81,105,140,72,52,50
2026-06-06 18:24:37.524,75,122,127,128,78,40,81,105,140,72,52,50
2026-06-06 18:24:37.525,75,122,125,128,78,40,81,105,140,72,52,50
2026-06-06 18:24:37.525,75,122,125,128,76,34,81,106,146,72,54,52
2026-06-06 18:24:37.576,75,121,125,128,76,34,81,106,146,72,54,52
2026-06-06 18:24:37.577,75,121,123,128,76,34,81,106,146,72,54,52
2026-06-06 18:24:37.577,75,121,123,128,75,29,81,108,151,72,55,54
2026-06-06 18:24:37.624,75,119,123,128,75,29,81,108,151,72,55,54
2026-06-06 18:24:37.625,75,119,121,128,75,29,81,108,151,72,55,54
2026-06-06 18:24:37.626,75,119,121,128,73,25,81,110,155,72,57,56
2026-06-06 18:24:37.676,75,117,121,128,73,25,81,110,155,72,57,56
2026-06-06 18:24:37.676,75,117,119,128,73,25,81,110,155,72,57,56
2026-06-06 18:24:37.677,75,117,119,128,72,22,81,111,158,72,59,58
2026-06-06 18:24:37.726,75,115,119,128,72,22,81,111,158,72,59,58
2026-06-06 18:24:37.727,75,115,117,128,72,22,81,111,158,72,59,58
2026-06-06 18:24:37.727,75,115,117,128,70,20,81,113,160,72,61,60
2026-06-06 18:24:37.776,75,114,117,128,70,20,81,113,160,72,61,60
2026-06-06 18:24:37.777,75,114,115,128,70,20,81,113,160,72,61,60
2026-06-06 18:24:37.777,75,114,115,128,68,18,81,115,162,72,62,62
2026-06-06 18:24:37.824,75,112,115,128,68,18,81,115,162,72,62,62
2026-06-06 18:24:37.824,75,112,113,128,68,18,81,115,162,72,62,62
2026-06-06 18:24:37.825,75,112,113,128,66,18,81,117,162,72,64,64
2026-06-06 18:24:37.876,75,110,113,128,66,18,81,117,162,72,64,64
2026-06-06 18:24:37.877,75,110,111,128,66,18,81,117,162,72,64,64
2026-06-06 18:24:37.878,75,110,111,128,64,18,81,119,162,72,66,66
2026-06-06 18:24:37.925,75,108,111,128,64,18,81,119,162,72,66,66
2026-06-06 18:24:37.926,75,108,109,128,64,18,81,119,162,72,66,66
2026-06-06 18:24:37.926,75,108,109,128,62,18,81,120,162,72,68,68
2026-06-06 18:24:37.975,75,107,109,128,62,18,81,120,162,72,68,68
2026-06-06 18:24:37.977,75,107,107,128,62,18,81,120,162,72,68,68
2026-06-06 18:24:37.977,75,107,107,128,60,20,81,122,160,72,69,70
2026-06-06 18:24:38.024,75,105,107,128,60,20,81,122,160,72,69,70
2026-06-06 18:24:38.026,75,105,105,128,60,20,81,122,160,72,69,70
2026-06-06 18:24:38.026,75,105,105,128,58,23,81,124,157,72,71,72
2026-06-06 18:24:38.074,75,103,105,128,58,23,81,124,157,72,71,72
2026-06-06 18:24:38.075,75,103,103,128,58,23,81,124,157,72,71,72
2026-06-06 18:24:38.076,75,103,103,128,56,26,81,127,154,72,73,74
2026-06-06 18:24:38.125,75,101,103,128,56,26,81,127,154,72,73,74
2026-06-06 18:24:38.125,75,101,101,128,56,26,81,127,154,72,73,74
2026-06-06 18:24:38.126,75,101,101,128,54,30,81,129,150,72,75,76
2026-06-06 18:24:38.174,75,100,101,128,54,30,81,129,150,72,75,76
2026-06-06 18:24:38.175,75,100,99,128,54,30,81,129,150,72,75,76
2026-06-06 18:24:38.176,75,100,99,128,52,35,81,131,145,72,76,78
2026-06-06 18:24:38.226,75,98,99,128,52,35,81,131,145,72,76,78
2026-06-06 18:24:38.227,75,98,98,128,52,35,81,131,145,72,76,78
2026-06-06 18:24:38.227,75,98,98,128,50,40,81,133,140,72,78,79
2026-06-06 18:24:38.276,75,99,98,128,50,40,81,133,140,72,78,79
2026-06-06 18:24:38.277,75,99,107,128,50,40,81,133,140,72,78,79
2026-06-06 18:24:38.278,75,99,107,128,52,42,81,131,138,72,77,70
2026-06-06 18:24:38.326,75,101,107,128,52,42,81,131,138,72,77,70
2026-06-06 18:24:38.326,75,101,116,128,52,42,81,131,138,72,77,70
2026-06-06 18:24:38.327,75,101,116,128,54,44,81,129,136,72,75,61
2026-06-06 18:24:38.375,75,102,116,128,54,44,81,129,136,72,75,61
2026-06-06 18:24:38.378,75,102,124,128,54,44,81,129,136,72,75,61
2026-06-06 18:24:38.379,75,102,124,128,55,46,81,128,134,72,74,53
2026-06-06 18:24:38.426,75,104,124,128,55,46,81,128,134,72,74,53
2026-06-06 18:24:38.426,75,104,131,128,55,46,81,128,134,72,74,53
2026-06-06 18:24:38.427,75,104,131,128,57,48,81,126,132,72,72,46
2026-06-06 18:24:38.475,75,105,131,128,57,48,81,126,132,72,72,46
2026-06-06 18:24:38.476,75,105,137,128,57,48,81,126,132,72,72,46
2026-06-06 18:24:38.476,75,105,137,128,59,50,81,124,130,72,71,40
2026-06-06 18:24:38.526,75,107,137,128,59,50,81,124,130,72,71,40
2026-06-06 18:24:38.527,75,107,143,128,59,50,81,124,130,72,71,40
2026-06-06 18:24:38.527,75,107,143,128,61,52,81,122,128,72,69,34
2026-06-06 18:24:38.574,75,108,143,128,61,52,81,122,128,72,69,34
2026-06-06 18:24:38.575,75,108,148,128,61,52,81,122,128,72,69,34
2026-06-06 18:24:38.575,75,108,148,128,62,54,81,121,126,72,68,29
2026-06-06 18:24:38.623,75,110,148,128,62,54,81,121,126,72,68,29
2026-06-06 18:24:38.624,75,110,152,128,62,54,81,121,126,72,68,29
2026-06-06 18:24:38.625,75,110,152,128,64,56,81,119,124,72,66,26
2026-06-06 18:24:38.673,75,111,152,128,64,56,81,119,124,72,66,26
2026-06-06 18:24:38.674,75,111,155,128,64,56,81,119,124,72,66,26
2026-06-06 18:24:38.675,75,111,155,128,66,58,81,117,122,72,65,22
2026-06-06 18:24:38.723,75,113,155,128,66,58,81,117,122,72,65,22
2026-06-06 18:24:38.724,75,113,157,128,66,58,81,117,122,72,65,22
2026-06-06 18:24:38.725,75,113,157,128,68,60,81,115,120,72,63,20
2026-06-06 18:24:38.770,75,115,157,128,68,60,81,115,120,72,63,20
2026-06-06 18:24:38.770,75,115,158,128,68,60,81,115,120,72,63,20
2026-06-06 18:24:38.771,75,115,158,128,69,62,81,114,118,72,61,18
2026-06-06 18:24:38.827,75,117,158,128,69,62,81,114,118,72,61,18
2026-06-06 18:24:38.827,75,117,159,128,69,62,81,114,118,72,61,18
2026-06-06 18:24:38.828,75,117,159,128,71,64,81,112,116,72,59,18
2026-06-06 18:24:38.875,75,119,159,128,71,64,81,112,116,72,59,18
2026-06-06 18:24:38.877,75,119,159,128,73,66,81,110,114,72,57,18
2026-06-06 18:24:38.925,75,120,159,128,73,66,81,110,114,72,57,18
2026-06-06 18:24:38.925,75,120,158,128,73,66,81,110,114,72,57,18
2026-06-06 18:24:38.926,75,120,158,128,75,68,81,108,112,72,56,18
2026-06-06 18:24:38.974,75,122,158,128,75,68,81,108,112,72,56,18
2026-06-06 18:24:38.974,75,122,157,128,75,68,81,108,112,72,56,18
2026-06-06 18:24:38.975,75,122,157,128,76,70,81,107,110,72,54,20
2026-06-06 18:24:39.024,75,124,157,128,76,70,81,107,110,72,54,20
2026-06-06 18:24:39.024,75,124,154,128,76,70,81,107,110,72,54,20
2026-06-06 18:24:39.025,75,124,154,128,78,72,81,105,108,72,52,22
2026-06-06 18:24:39.071,75,126,154,128,78,72,81,105,108,72,52,22
2026-06-06 18:24:39.071,75,126,152,128,78,72,81,105,108,72,52,22
2026-06-06 18:24:39.072,75,126,152,128,80,74,81,103,106,72,50,26
2026-06-06 18:24:39.124,75,129,152,128,80,74,81,103,106,72,50,26
2026-06-06 18:24:39.125,75,129,147,128,80,74,81,103,106,72,50,26
2026-06-06 18:24:39.125,75,129,147,128,82,76,81,101,104,72,47,30
2026-06-06 18:24:39.171,75,131,147,128,82,76,81,101,104,72,47,30
2026-06-06 18:24:39.171,75,131,143,128,82,76,81,101,104,72,47,30
2026-06-06 18:24:39.172,75,131,143,128,83,78,81,100,102,72,45,34
2026-06-06 18:24:39.217,75,133,143,128,83,78,81,100,102,72,45,34
2026-06-06 18:24:39.218,75,133,138,128,83,78,81,100,102,72,45,34
2026-06-06 18:24:39.218,75,133,138,128,85,80,81,98,100,72,43,39
2026-06-06 18:24:39.263,75,132,138,128,85,80,81,98,100,72,43,39
2026-06-06 18:24:39.264,75,132,135,128,85,80,81,98,100,72,43,39
2026-06-06 18:24:39.265,75,132,135,128,84,72,81,99,108,72,44,42
2026-06-06 18:24:39.309,75,130,135,128,84,72,81,99,108,72,44,42
2026-06-06 18:24:39.309,75,130,134,128,84,72,81,99,108,72,44,42
2026-06-06 18:24:39.310,75,130,134,128,83,64,81,100,116,72,46,44
2026-06-06 18:24:39.360,75,128,134,128,83,64,81,100,116,72,46,44
2026-06-06 18:24:39.360,75,128,132,128,83,64,81,100,116,72,46,44
2026-06-06 18:24:39.361,75,128,132,128,81,56,81,102,124,72,48,46
2026-06-06 18:24:39.408,75,126,132,128,81,56,81,102,124,72,48,46
2026-06-06 18:24:39.409,75,126,130,128,81,56,81,102,124,72,48,46
2026-06-06 18:24:39.410,75,126,130,128,80,48,81,103,132,72,50,48
2026-06-06 18:24:39.461,75,125,130,128,80,48,81,103,132,72,50,48
2026-06-06 18:24:39.461,75,125,128,128,80,48,81,103,132,72,50,48
2026-06-06 18:24:39.462,75,125,128,128,78,41,81,104,139,72,51,50
2026-06-06 18:24:39.506,75,123,128,128,78,41,81,104,139,72,51,50
2026-06-06 18:24:39.507,75,123,126,128,78,41,81,104,139,72,51,50
2026-06-06 18:24:39.508,75,123,126,128,77,36,81,106,144,72,53,51
2026-06-06 18:24:39.558,75,121,126,128,77,36,81,106,144,72,53,51
2026-06-06 18:24:39.559,75,121,124,128,77,36,81,106,144,72,53,51
2026-06-06 18:24:39.559,75,121,124,128,76,31,81,108,149,72,55,53
2026-06-06 18:24:39.609,75,120,124,128,76,31,81,108,149,72,55,53
2026-06-06 18:24:39.610,75,120,122,128,76,31,81,108,149,72,55,53
2026-06-06 18:24:39.610,75,120,122,128,74,27,81,109,153,72,56,56
2026-06-06 18:24:39.659,75,118,122,128,74,27,81,109,153,72,56,56
2026-06-06 18:24:39.661,75,118,120,128,74,27,81,109,153,72,56,56
2026-06-06 18:24:39.661,75,118,120,128,72,23,81,111,157,72,58,58
2026-06-06 18:24:39.709,75,116,120,128,72,23,81,111,157,72,58,58
2026-06-06 18:24:39.710,75,116,118,128,72,23,81,111,157,72,58,58
2026-06-06 18:24:39.711,75,116,118,128,70,21,81,112,159,72,60,60
2026-06-06 18:24:39.756,75,114,118,128,70,21,81,112,159,72,60,60
2026-06-06 18:24:39.757,75,114,116,128,70,21,81,112,159,72,60,60
2026-06-06 18:24:39.758,75,114,116,128,69,19,81,114,161,72,62,61
2026-06-06 18:24:39.811,75,112,116,128,69,19,81,114,161,72,62,61
2026-06-06 18:24:39.811,75,112,114,128,69,19,81,114,161,72,62,61
2026-06-06 18:24:39.812,75,112,114,128,67,18,81,116,162,72,64,64
2026-06-06 18:24:39.859,75,111,114,128,67,18,81,116,162,72,64,64
2026-06-06 18:24:39.859,75,111,112,128,67,18,81,116,162,72,64,64
2026-06-06 18:24:39.860,75,111,112,128,65,18,81,118,162,72,65,66
2026-06-06 18:24:39.909,75,109,112,128,65,18,81,118,162,72,65,66
2026-06-06 18:24:39.911,75,109,110,128,65,18,81,118,162,72,65,66
2026-06-06 18:24:39.911,75,109,110,128,63,18,81,120,162,72,67,68
2026-06-06 18:24:39.960,75,107,110,128,63,18,81,120,162,72,67,68
2026-06-06 18:24:39.961,75,107,108,128,63,18,81,120,162,72,67,68
2026-06-06 18:24:39.961,75,107,108,128,61,20,81,122,160,72,69,70
2026-06-06 18:24:40.011,75,105,108,128,61,20,81,122,160,72,69,70
2026-06-06 18:24:40.011,75,105,106,128,61,20,81,122,160,72,69,70
2026-06-06 18:24:40.012,75,105,106,128,59,22,81,124,158,72,71,72
2026-06-06 18:24:40.060,75,104,106,128,59,22,81,124,158,72,71,72
2026-06-06 18:24:40.060,75,104,104,128,59,22,81,124,158,72,71,72
2026-06-06 18:24:40.061,75,104,104,128,57,25,81,126,155,72,72,74
2026-06-06 18:24:40.111,75,102,104,128,57,25,81,126,155,72,72,74
2026-06-06 18:24:40.111,75,102,102,128,57,25,81,126,155,72,72,74
2026-06-06 18:24:40.111,75,102,102,128,55,29,81,128,151,72,74,76
2026-06-06 18:24:40.152,75,100,102,128,55,29,81,128,151,72,74,76
2026-06-06 18:24:40.153,75,100,100,128,55,29,81,128,151,72,74,76
2026-06-06 18:24:40.154,75,100,100,128,53,32,81,130,148,72,76,77
2026-06-06 18:24:40.195,75,99,100,128,53,32,81,130,148,72,76,77
2026-06-06 18:24:40.196,75,99,98,128,53,32,81,130,148,72,76,77
2026-06-06 18:24:40.197,75,99,98,128,51,37,81,132,143,72,77,79
2026-06-06 18:24:40.240,75,98,98,128,51,37,81,132,143,72,77,79
2026-06-06 18:24:40.240,75,98,101,128,51,37,81,132,143,72,77,79
2026-06-06 18:24:40.241,75,98,101,128,51,41,81,132,139,72,78,76
2026-06-06 18:24:40.282,75,100,101,128,51,41,81,132,139,72,78,76
2026-06-06 18:24:40.283,75,100,108,128,51,41,81,132,139,72,78,76
2026-06-06 18:24:40.283,75,100,108,128,52,42,81,131,138,72,76,68
2026-06-06 18:24:40.325,75,101,108,128,52,42,81,131,138,72,76,68
2026-06-06 18:24:40.326,75,101,116,128,52,42,81,131,138,72,76,68
2026-06-06 18:24:40.326,75,101,116,128,54,44,81,129,136,72,75,61
2026-06-06 18:24:40.368,75,102,116,128,54,44,81,129,136,72,75,61
2026-06-06 18:24:40.368,75,102,123,128,54,44,81,129,136,72,75,61
2026-06-06 18:24:40.368,75,102,123,128,55,46,81,128,134,72,74,54
2026-06-06 18:24:40.410,75,103,123,128,55,46,81,128,134,72,74,54
2026-06-06 18:24:40.410,75,103,129,128,55,46,81,128,134,72,74,54
2026-06-06 18:24:40.411,75,103,129,128,57,48,81,126,132,72,73,48
2026-06-06 18:24:40.452,75,104,129,128,57,48,81,126,132,72,73,48
2026-06-06 18:24:40.453,75,104,135,128,57,48,81,126,132,72,73,48
2026-06-06 18:24:40.454,75,104,135,128,58,49,81,125,131,72,72,42
2026-06-06 18:24:40.506,75,106,135,128,58,49,81,125,131,72,72,42
2026-06-06 18:24:40.507,75,106,141,128,58,49,81,125,131,72,72,42
2026-06-06 18:24:40.508,75,106,141,128,60,51,81,123,129,72,70,36
2026-06-06 18:24:40.553,75,107,141,128,60,51,81,123,129,72,70,36
2026-06-06 18:24:40.554,75,107,146,128,60,51,81,123,129,72,70,36
2026-06-06 18:24:40.554,75,107,146,128,62,53,81,121,127,72,69,31
2026-06-06 18:24:40.595,75,109,146,128,62,53,81,121,127,72,69,31
2026-06-06 18:24:40.596,75,109,149,128,62,53,81,121,127,72,69,31
2026-06-06 18:24:40.596,75,109,149,128,63,55,81,120,125,72,67,28
2026-06-06 18:24:40.640,75,110,149,128,63,55,81,120,125,72,67,28
2026-06-06 18:24:40.641,75,110,153,128,63,55,81,120,125,72,67,28
2026-06-06 18:24:40.642,75,110,153,128,65,57,81,118,123,72,66,24
2026-06-06 18:24:40.688,75,112,153,128,65,57,81,118,123,72,66,24
2026-06-06 18:24:40.688,75,112,155,128,65,57,81,118,123,72,66,24
2026-06-06 18:24:40.689,75,112,155,128,66,59,81,117,121,72,64,22
2026-06-06 18:24:40.740,75,114,155,128,66,59,81,117,121,72,64,22
2026-06-06 18:24:40.740,75,114,158,128,66,59,81,117,121,72,64,22
2026-06-06 18:24:40.741,75,114,158,128,68,61,81,115,119,72,62,19
2026-06-06 18:24:40.789,75,115,158,128,68,61,81,115,119,72,62,19
2026-06-06 18:24:40.791,75,115,159,128,68,61,81,115,119,72,62,19
2026-06-06 18:24:40.791,75,115,159,128,70,63,81,113,117,72,61,18
2026-06-06 18:24:40.842,75,117,159,128,70,63,81,113,117,72,61,18
2026-06-06 18:24:40.843,75,117,160,128,70,63,81,113,117,72,61,18
2026-06-06 18:24:40.844,75,117,160,128,72,65,81,111,115,72,59,18
2026-06-06 18:24:40.892,75,119,160,128,72,65,81,111,115,72,59,18
2026-06-06 18:24:40.892,75,119,159,128,72,65,81,111,115,72,59,18
2026-06-06 18:24:40.894,75,119,159,128,74,67,81,110,113,72,57,18
2026-06-06 18:24:40.940,75,121,159,128,74,67,81,110,113,72,57,18
2026-06-06 18:24:40.941,75,121,158,128,74,67,81,110,113,72,57,18
2026-06-06 18:24:40.942,75,121,158,128,75,69,81,108,111,72,55,19
2026-06-06 18:24:40.993,75,123,158,128,75,69,81,108,111,72,55,19
2026-06-06 18:24:40.994,75,123,156,128,75,69,81,108,111,72,55,19
2026-06-06 18:24:40.995,75,123,156,128,77,71,81,106,109,72,53,21
2026-06-06 18:24:41.043,75,125,156,128,77,71,81,106,109,72,53,21
2026-06-06 18:24:41.044,75,125,153,128,77,71,81,106,109,72,53,21
2026-06-06 18:24:41.045,75,125,153,128,79,73,81,104,107,72,51,24
2026-06-06 18:24:41.090,75,127,153,128,79,73,81,104,107,72,51,24
2026-06-06 18:24:41.091,75,127,150,128,79,73,81,104,107,72,51,24
2026-06-06 18:24:41.092,75,127,150,128,80,75,81,103,105,72,49,27
2026-06-06 18:24:41.142,75,130,150,128,80,75,81,103,105,72,49,27
2026-06-06 18:24:41.142,75,130,146,128,80,75,81,103,105,72,49,27
2026-06-06 18:24:41.144,75,130,146,128,82,77,81,101,103,72,46,32
2026-06-06 18:24:41.192,75,132,146,128,82,77,81,101,103,72,46,32
2026-06-06 18:24:41.193,75,132,140,128,82,77,81,101,103,72,46,32
2026-06-06 18:24:41.194,75,132,140,128,84,79,81,99,101,72,44,36
2026-06-06 18:24:41.243,75,132,136,128,84,79,81,99,101,72,44,36
2026-06-06 18:24:41.244,75,132,136,128,84,76,81,98,104,72,44,41
2026-06-06 18:24:41.291,75,131,136,128,84,76,81,98,104,72,44,41
2026-06-06 18:24:41.292,75,131,134,128,84,76,81,98,104,72,44,41
2026-06-06 18:24:41.292,75,131,134,128,83,67,81,100,113,72,45,43
2026-06-06 18:24:41.344,75,129,134,128,83,67,81,100,113,72,45,43
2026-06-06 18:24:41.344,75,129,132,128,83,67,81,100,113,72,45,43
2026-06-06 18:24:41.345,75,129,132,128,82,58,81,101,122,72,47,45
2026-06-06 18:24:41.392,75,127,132,128,82,58,81,101,122,72,47,45
2026-06-06 18:24:41.393,75,127,130,128,82,58,81,101,122,72,47,45
2026-06-06 18:24:41.394,75,127,130,128,80,50,81,103,130,72,49,47
2026-06-06 18:24:41.442,75,125,130,128,80,50,81,103,130,72,49,47
2026-06-06 18:24:41.443,75,125,128,128,80,50,81,103,130,72,49,47
2026-06-06 18:24:41.443,75,125,128,128,79,44,81,104,136,72,51,49
2026-06-06 18:24:41.492,75,124,128,128,79,44,81,104,136,72,51,49
2026-06-06 18:24:41.493,75,124,126,128,79,44,81,104,136,72,51,49
2026-06-06 18:24:41.494,75,124,126,128,78,38,81,106,142,72,52,51
2026-06-06 18:24:41.543,75,122,126,128,78,38,81,106,142,72,52,51
2026-06-06 18:24:41.543,75,122,124,128,78,38,81,106,142,72,52,51
2026-06-06 18:24:41.544,75,122,124,128,76,32,81,107,148,72,54,53
2026-06-06 18:24:41.593,75,120,124,128,76,32,81,107,148,72,54,53
2026-06-06 18:24:41.594,75,120,122,128,76,32,81,107,148,72,54,53
2026-06-06 18:24:41.594,75,120,122,128,74,28,81,109,152,72,56,55
2026-06-06 18:24:41.642,75,118,122,128,74,28,81,109,152,72,56,55
2026-06-06 18:24:41.643,75,118,120,128,74,28,81,109,152,72,56,55
2026-06-06 18:24:41.643,75,118,120,128,73,24,81,110,156,72,58,57
2026-06-06 18:24:41.692,75,116,120,128,73,24,81,110,156,72,58,57
2026-06-06 18:24:41.693,75,116,118,128,73,24,81,110,156,72,58,57
2026-06-06 18:24:41.694,75,116,118,128,71,21,81,112,159,72,60,59
2026-06-06 18:24:41.743,75,115,118,128,71,21,81,112,159,72,60,59
2026-06-06 18:24:41.744,75,115,116,128,71,21,81,112,159,72,60,59
2026-06-06 18:24:41.744,75,115,116,128,69,19,81,114,161,72,61,61
2026-06-06 18:24:41.794,75,113,116,128,69,19,81,114,161,72,61,61
2026-06-06 18:24:41.794,75,113,114,128,69,19,81,114,161,72,61,61
2026-06-06 18:24:41.795,75,113,114,128,68,18,81,116,162,72,63,63
2026-06-06 18:24:41.842,75,111,114,128,68,18,81,116,162,72,63,63
2026-06-06 18:24:41.842,75,111,112,128,68,18,81,116,162,72,63,63
2026-06-06 18:24:41.843,75,111,112,128,66,18,81,117,162,72,65,65
2026-06-06 18:24:41.893,75,110,112,128,66,18,81,117,162,72,65,65
2026-06-06 18:24:41.894,75,110,110,128,66,18,81,117,162,72,65,65
2026-06-06 18:24:41.894,75,110,110,128,64,18,81,119,162,72,66,67
2026-06-06 18:24:41.941,75,108,110,128,64,18,81,119,162,72,66,67
2026-06-06 18:24:41.942,75,108,108,128,64,18,81,119,162,72,66,67
2026-06-06 18:24:41.943,75,108,108,128,62,19,81,121,161,72,68,69
2026-06-06 18:24:41.992,75,106,108,128,62,19,81,121,161,72,68,69
2026-06-06 18:24:41.993,75,106,106,128,62,19,81,121,161,72,68,69
2026-06-06 18:24:41.993,75,106,106,128,60,21,81,123,159,72,70,71
2026-06-06 18:24:42.042,75,104,106,128,60,21,81,123,159,72,70,71
2026-06-06 18:24:42.044,75,104,104,128,60,21,81,123,159,72,70,71
2026-06-06 18:24:42.044,75,104,104,128,58,24,81,125,156,72,72,73
2026-06-06 18:24:42.093,75,102,104,128,58,24,81,125,156,72,72,73
2026-06-06 18:24:42.094,75,102,102,128,58,24,81,125,156,72,72,73
2026-06-06 18:24:42.095,75,102,102,128,56,27,81,127,153,72,74,75
2026-06-06 18:24:42.143,75,101,102,128,56,27,81,127,153,72,74,75
2026-06-06 18:24:42.144,75,101,100,128,56,27,81,127,153,72,74,75
2026-06-06 18:24:42.144,75,101,100,128,54,32,81,130,148,72,75,77
2026-06-06 18:24:42.192,75,99,100,128,54,32,81,130,148,72,75,77
2026-06-06 18:24:42.192,75,99,98,128,54,32,81,130,148,72,75,77
2026-06-06 18:24:42.193,75,99,98,128,51,36,81,132,144,72,77,79
2026-06-06 18:24:42.243,75,98,98,128,51,36,81,132,144,72,77,79
2026-06-06 18:24:42.243,75,98,101,128,51,36,81,132,144,72,77,79
2026-06-06 18:24:42.243,75,98,101,128,51,41,81,132,139,72,78,76
2026-06-06 18:24:42.292,75,100,101,128,51,41,81,132,139,72,78,76
2026-06-06 18:24:42.292,75,100,110,128,51,41,81,132,139,72,78,76
2026-06-06 18:24:42.294,75,100,110,128,52,43,81,130,137,72,76,67
2026-06-06 18:24:42.341,75,101,110,128,52,43,81,130,137,72,76,67
2026-06-06 18:24:42.342,75,101,119,128,52,43,81,130,137,72,76,67
2026-06-06 18:24:42.343,75,101,119,128,54,45,81,129,135,72,75,58
2026-06-06 18:24:42.393,75,103,119,128,54,45,81,129,135,72,75,58
2026-06-06 18:24:42.394,75,103,126,128,54,45,81,129,135,72,75,58
2026-06-06 18:24:42.394,75,103,126,128,56,47,81,127,133,72,73,50
2026-06-06 18:24:42.443,75,104,126,128,56,47,81,127,133,72,73,50
2026-06-06 18:24:42.444,75,104,133,128,56,47,81,127,133,72,73,50
2026-06-06 18:24:42.444,75,104,133,128,58,49,81,125,131,72,72,44
2026-06-06 18:24:42.492,75,106,133,128,58,49,81,125,131,72,72,44
2026-06-06 18:24:42.493,75,106,139,128,58,49,81,125,131,72,72,44
2026-06-06 18:24:42.494,75,106,139,128,60,51,81,124,129,72,70,38
2026-06-06 18:24:42.543,75,107,139,128,60,51,81,124,129,72,70,38
2026-06-06 18:24:42.543,75,107,145,128,60,51,81,124,129,72,70,38
2026-06-06 18:24:42.544,75,107,145,128,61,53,81,122,127,72,69,32
2026-06-06 18:24:42.593,75,109,145,128,61,53,81,122,127,72,69,32
2026-06-06 18:24:42.594,75,109,149,128,61,53,81,122,127,72,69,32
2026-06-06 18:24:42.595,75,109,149,128,63,55,81,120,125,72,67,28
2026-06-06 18:24:42.643,75,110,149,128,63,55,81,120,125,72,67,28
2026-06-06 18:24:42.644,75,110,153,128,63,55,81,120,125,72,67,28
2026-06-06 18:24:42.644,75,110,153,128,65,57,81,118,123,72,66,24
2026-06-06 18:24:42.691,75,112,153,128,65,57,81,118,123,72,66,24
2026-06-06 18:24:42.691,75,112,156,128,65,57,81,118,123,72,66,24
2026-06-06 18:24:42.692,75,112,156,128,66,59,81,117,121,72,64,21
2026-06-06 18:24:42.742,75,114,156,128,66,59,81,117,121,72,64,21
2026-06-06 18:24:42.742,75,114,158,128,66,59,81,117,121,72,64,21
2026-06-06 18:24:42.744,75,114,158,128,68,61,81,115,119,72,62,19
2026-06-06 18:24:42.794,75,116,158,128,68,61,81,115,119,72,62,19
2026-06-06 18:24:42.795,75,116,159,128,68,61,81,115,119,72,62,19
2026-06-06 18:24:42.796,75,116,159,128,70,63,81,113,117,72,60,18
2026-06-06 18:24:42.843,75,117,159,128,70,63,81,113,117,72,60,18
2026-06-06 18:24:42.843,75,117,160,128,70,63,81,113,117,72,60,18
2026-06-06 18:24:42.844,75,117,160,128,72,65,81,111,115,72,59,18
2026-06-06 18:24:42.893,75,119,160,128,72,65,81,111,115,72,59,18
2026-06-06 18:24:42.893,75,119,159,128,72,65,81,111,115,72,59,18
2026-06-06 18:24:42.894,75,119,159,128,74,67,81,110,113,72,57,18
2026-06-06 18:24:42.935,75,121,159,128,74,67,81,110,113,72,57,18
2026-06-06 18:24:42.935,75,121,158,128,74,67,81,110,113,72,57,18
2026-06-06 18:24:42.936,75,121,158,128,75,68,81,108,112,72,55,19
2026-06-06 18:24:42.977,75,123,158,128,75,68,81,108,112,72,55,19
2026-06-06 18:24:42.978,75,123,157,128,75,68,81,108,112,72,55,19
2026-06-06 18:24:42.978,75,123,157,128,76,70,81,107,110,72,53,20
2026-06-06 18:24:43.025,75,124,157,128,76,70,81,107,110,72,53,20
2026-06-06 18:24:43.026,75,124,154,128,76,70,81,107,110,72,53,20
2026-06-06 18:24:43.027,75,124,154,128,78,72,81,105,108,72,52,23
2026-06-06 18:24:43.070,75,126,154,128,78,72,81,105,108,72,52,23
2026-06-06 18:24:43.071,75,126,152,128,78,72,81,105,108,72,52,23
2026-06-06 18:24:43.072,75,126,152,128,80,74,81,103,106,72,50,26
2026-06-06 18:24:43.112,75,128,152,128,80,74,81,103,106,72,50,26
2026-06-06 18:24:43.113,75,128,148,128,80,74,81,103,106,72,50,26
2026-06-06 18:24:43.113,75,128,148,128,81,76,81,102,104,72,48,29
2026-06-06 18:24:43.155,75,130,148,128,81,76,81,102,104,72,48,29
2026-06-06 18:24:43.155,75,130,144,128,81,76,81,102,104,72,48,29
2026-06-06 18:24:43.156,75,130,144,128,83,77,81,100,103,72,46,33
2026-06-06 18:24:43.196,75,132,144,128,83,77,81,100,103,72,46,33
2026-06-06 18:24:43.197,75,132,140,128,83,77,81,100,103,72,46,33
2026-06-06 18:24:43.198,75,132,140,128,84,79,81,99,101,72,44,37
2026-06-06 18:24:43.239,75,132,136,128,84,79,81,99,101,72,44,37
2026-06-06 18:24:43.240,75,132,136,128,85,77,81,98,103,72,44,41
2026-06-06 18:24:43.282,75,131,136,128,85,77,81,98,103,72,44,41
2026-06-06 18:24:43.283,75,131,135,128,85,77,81,98,103,72,44,41
2026-06-06 18:24:43.283,75,131,135,128,83,68,81,100,112,72,45,42
2026-06-06 18:24:43.325,75,129,135,128,83,68,81,100,112,72,45,42
2026-06-06 18:24:43.326,75,129,133,128,83,68,81,100,112,72,45,42
2026-06-06 18:24:43.326,75,129,133,128,82,61,81,101,119,72,47,44
2026-06-06 18:24:43.369,75,128,133,128,82,61,81,101,119,72,47,44
2026-06-06 18:24:43.370,75,128,131,128,82,61,81,101,119,72,47,44
2026-06-06 18:24:43.371,75,128,131,128,81,54,81,102,126,72,48,46
2026-06-06 18:24:43.420,75,126,131,128,81,54,81,102,126,72,48,46
2026-06-06 18:24:43.421,75,126,129,128,81,54,81,102,126,72,48,46
2026-06-06 18:24:43.421,75,126,129,128,80,46,81,103,134,72,50,48
2026-06-06 18:24:43.462,75,124,129,128,80,46,81,103,134,72,50,48
2026-06-06 18:24:43.464,75,124,127,128,80,46,81,103,134,72,50,48
2026-06-06 18:24:43.465,75,124,127,128,78,41,81,105,139,72,52,50
2026-06-06 18:24:43.505,75,123,127,128,78,41,81,105,139,72,52,50
2026-06-06 18:24:43.505,75,123,126,128,78,41,81,105,139,72,52,50
2026-06-06 18:24:43.505,75,123,126,128,77,36,81,106,144,72,53,51
2026-06-06 18:24:43.549,75,122,126,128,77,36,81,106,144,72,53,51
2026-06-06 18:24:43.551,75,122,124,128,77,36,81,106,144,72,53,51
2026-06-06 18:24:43.552,75,122,124,128,76,32,81,107,148,72,54,53
2026-06-06 18:24:43.593,75,120,124,128,76,32,81,107,148,72,54,53
2026-06-06 18:24:43.594,75,120,122,128,76,32,81,107,148,72,54,53
2026-06-06 18:24:43.594,75,120,122,128,74,28,81,109,152,72,56,55
2026-06-06 18:24:43.637,75,118,122,128,74,28,81,109,152,72,56,55
2026-06-06 18:24:43.638,75,118,120,128,74,28,81,109,152,72,56,55
2026-06-06 18:24:43.638,75,118,120,128,73,25,81,110,155,72,58,57
2026-06-06 18:24:43.689,75,117,120,128,73,25,81,110,155,72,58,57
2026-06-06 18:24:43.689,75,117,118,128,73,25,81,110,155,72,58,57
2026-06-06 18:24:43.690,75,117,118,128,71,22,81,112,158,72,59,59
2026-06-06 18:24:43.739,75,115,118,128,71,22,81,112,158,72,59,59
2026-06-06 18:24:43.739,75,115,116,128,71,22,81,112,158,72,59,59
2026-06-06 18:24:43.739,75,115,116,128,69,19,81,114,161,72,61,61
2026-06-06 18:24:43.786,75,113,116,128,69,19,81,114,161,72,61,61
2026-06-06 18:24:43.786,75,113,114,128,69,19,81,114,161,72,61,61
2026-06-06 18:24:43.787,75,113,114,128,68,18,81,115,162,72,63,63
2026-06-06 18:24:43.838,75,111,114,128,68,18,81,115,162,72,63,63
2026-06-06 18:24:43.839,75,111,112,128,68,18,81,115,162,72,63,63
2026-06-06 18:24:43.839,75,111,112,128,66,18,81,117,162,72,65,65
2026-06-06 18:24:43.890,75,110,112,128,66,18,81,117,162,72,65,65
2026-06-06 18:24:43.890,75,110,110,128,66,18,81,117,162,72,65,65
2026-06-06 18:24:43.891,75,110,110,128,64,18,81,119,162,72,66,67
2026-06-06 18:24:43.937,75,108,110,128,64,18,81,119,162,72,66,67
2026-06-06 18:24:43.938,75,108,108,128,64,18,81,119,162,72,66,67
2026-06-06 18:24:43.939,75,108,108,128,62,19,81,121,161,72,68,69
2026-06-06 18:24:43.992,75,106,108,128,62,19,81,121,161,72,68,69
2026-06-06 18:24:43.992,75,106,106,128,62,19,81,121,161,72,68,69
2026-06-06 18:24:43.994,75,106,106,128,60,21,81,123,159,72,70,71
2026-06-06 18:24:44.035,75,104,106,128,60,21,81,123,159,72,70,71
2026-06-06 18:24:44.036,75,104,104,128,60,21,81,123,159,72,70,71
2026-06-06 18:24:44.036,75,104,104,128,58,23,81,125,157,72,72,72
2026-06-06 18:24:44.082,75,103,104,128,58,23,81,125,157,72,72,72
2026-06-06 18:24:44.083,75,103,103,128,58,23,81,125,157,72,72,72
2026-06-06 18:24:44.084,75,103,103,128,56,26,81,127,154,72,73,74
2026-06-06 18:24:44.139,75,101,103,128,56,26,81,127,154,72,73,74
2026-06-06 18:24:44.139,75,101,100,128,56,26,81,127,154,72,73,74
2026-06-06 18:24:44.140,75,101,100,128,54,31,81,129,149,72,75,77
2026-06-06 18:24:44.184,75,99,100,128,54,31,81,129,149,72,75,77
2026-06-06 18:24:44.184,75,99,98,128,54,31,81,129,149,72,75,77
2026-06-06 18:24:44.185,75,99,98,128,52,36,81,131,144,72,77,78
2026-06-06 18:24:44.227,75,98,98,128,52,36,81,131,144,72,77,78
2026-06-06 18:24:44.228,75,98,98,128,50,40,81,133,140,72,78,79
2026-06-06 18:24:44.274,75,99,98,128,50,40,81,133,140,72,78,79
2026-06-06 18:24:44.275,75,99,107,128,50,40,81,133,140,72,78,79
2026-06-06 18:24:44.275,75,99,107,128,52,42,81,131,138,72,77,70
2026-06-06 18:24:44.323,75,101,107,128,52,42,81,131,138,72,77,70
2026-06-06 18:24:44.324,75,101,116,128,52,42,81,131,138,72,77,70
2026-06-06 18:24:44.325,75,101,116,128,54,44,81,129,136,72,75,61
2026-06-06 18:24:44.375,75,102,116,128,54,44,81,129,136,72,75,61
2026-06-06 18:24:44.375,75,102,124,128,54,44,81,129,136,72,75,61
2026-06-06 18:24:44.376,75,102,124,128,55,46,81,128,134,72,74,53
2026-06-06 18:24:44.425,75,104,124,128,55,46,81,128,134,72,74,53
2026-06-06 18:24:44.427,75,104,131,128,55,46,81,128,134,72,74,53
2026-06-06 18:24:44.428,75,104,131,128,57,48,81,126,132,72,72,46
2026-06-06 18:24:44.477,75,105,131,128,57,48,81,126,132,72,72,46
2026-06-06 18:24:44.477,75,105,138,128,57,48,81,126,132,72,72,46
2026-06-06 18:24:44.477,75,105,138,128,59,50,81,124,130,72,71,40
2026-06-06 18:24:44.525,75,110,138,128,59,50,81,124,130,72,71,40
2026-06-06 18:24:44.526,75,110,152,128,59,50,81,124,130,72,71,40
2026-06-06 18:24:44.527,75,110,152,128,64,56,81,119,124,72,66,25
2026-06-06 18:24:44.568,75,125,152,128,64,56,81,119,124,72,66,25
2026-06-06 18:24:44.568,75,125,153,128,64,56,81,119,124,72,66,25
2026-06-06 18:24:44.569,75,125,153,128,79,73,81,104,107,72,51,24
2026-06-06 18:24:44.610,75,118,153,128,79,73,81,104,107,72,51,24
2026-06-06 18:24:44.611,75,118,120,128,79,73,81,104,107,72,51,24
2026-06-06 18:24:44.611,75,118,120,128,73,25,81,110,155,72,58,56
2026-06-06 18:24:44.655,75,108,120,128,73,25,81,110,155,72,58,56
2026-06-06 18:24:44.656,75,108,109,128,73,25,81,110,155,72,58,56
2026-06-06 18:24:44.656,75,108,109,128,63,18,81,120,162,72,68,68
2026-06-06 18:24:44.701,75,110,109,128,63,18,81,120,162,72,68,68
2026-06-06 18:24:44.701,75,110,151,128,63,18,81,120,162,72,68,68
2026-06-06 18:24:44.703,75,110,151,128,64,56,81,119,124,72,66,26
2026-06-06 18:24:44.744,75,120,151,128,64,56,81,119,124,72,66,26
2026-06-06 18:24:44.744,75,120,159,128,64,56,81,119,124,72,66,26
2026-06-06 18:24:44.744,75,120,159,128,74,68,81,109,112,72,56,18
2026-06-06 18:24:44.792,75,126,159,128,74,68,81,109,112,72,56,18
2026-06-06 18:24:44.792,75,126,153,128,74,68,81,109,112,72,56,18
2026-06-06 18:24:44.793,75,126,153,128,79,73,81,104,107,72,50,24
2026-06-06 18:24:44.844,75,131,153,128,79,73,81,104,107,72,50,24
2026-06-06 18:24:44.844,75,131,135,128,79,73,81,104,107,72,50,24
2026-06-06 18:24:44.845,75,131,135,128,84,69,81,100,111,72,45,42
2026-06-06 18:24:44.893,75,129,135,128,84,69,81,100,111,72,45,42
2026-06-06 18:24:44.894,75,129,133,128,84,69,81,100,111,72,45,42
2026-06-06 18:24:44.894,75,129,133,128,82,60,81,101,120,72,47,44
2026-06-06 18:24:44.943,75,127,133,128,82,60,81,101,120,72,47,44
2026-06-06 18:24:44.943,75,127,130,128,82,60,81,101,120,72,47,44
2026-06-06 18:24:44.945,75,127,130,128,81,52,81,102,128,72,49,47
2026-06-06 18:24:44.994,75,125,130,128,81,52,81,102,128,72,49,47
2026-06-06 18:24:44.994,75,125,128,128,81,52,81,102,128,72,49,47
2026-06-06 18:24:44.995,75,125,128,128,79,44,81,104,136,72,51,49
2026-06-06 18:24:45.042,75,124,128,128,79,44,81,104,136,72,51,49
2026-06-06 18:24:45.042,75,124,126,128,79,44,81,104,136,72,51,49
2026-06-06 18:24:45.043,75,124,126,128,78,38,81,106,142,72,52,51
2026-06-06 18:24:45.091,75,122,126,128,78,38,81,106,142,72,52,51
2026-06-06 18:24:45.092,75,122,124,128,78,38,81,106,142,72,52,51
2026-06-06 18:24:45.093,75,122,124,128,76,32,81,107,148,72,54,53
2026-06-06 18:24:45.143,75,120,124,128,76,32,81,107,148,72,54,53
2026-06-06 18:24:45.144,75,120,122,128,76,32,81,107,148,72,54,53
2026-06-06 18:24:45.144,75,120,122,128,74,27,81,109,153,72,56,55
2026-06-06 18:24:45.192,75,118,122,128,74,27,81,109,153,72,56,55
2026-06-06 18:24:45.193,75,118,120,128,74,27,81,109,153,72,56,55
2026-06-06 18:24:45.194,75,118,120,128,72,24,81,111,156,72,58,57
2026-06-06 18:24:45.244,75,116,120,128,72,24,81,111,156,72,58,57
2026-06-06 18:24:45.244,75,116,118,128,72,24,81,111,156,72,58,57
2026-06-06 18:24:45.245,75,116,118,128,70,21,81,112,159,72,60,59
2026-06-06 18:24:45.292,75,114,118,128,70,21,81,112,159,72,60,59
2026-06-06 18:24:45.293,75,114,116,128,70,21,81,112,159,72,60,59
2026-06-06 18:24:45.294,75,114,116,128,69,19,81,114,161,72,62,62
2026-06-06 18:24:45.344,75,112,116,128,69,19,81,114,161,72,62,62
2026-06-06 18:24:45.345,75,112,113,128,69,19,81,114,161,72,62,62
2026-06-06 18:24:45.345,75,112,113,128,67,18,81,116,162,72,64,64
2026-06-06 18:24:45.389,75,111,113,128,67,18,81,116,162,72,64,64
2026-06-06 18:24:45.390,75,111,111,128,67,18,81,116,162,72,64,64
2026-06-06 18:24:45.391,75,111,111,128,65,18,81,118,162,72,65,66
2026-06-06 18:24:45.441,75,109,111,128,65,18,81,118,162,72,65,66
2026-06-06 18:24:45.442,75,109,109,128,65,18,81,118,162,72,65,66
2026-06-06 18:24:45.443,75,109,109,128,63,18,81,120,162,72,67,68
2026-06-06 18:24:45.494,75,104,109,128,63,18,81,120,162,72,67,68
2026-06-06 18:24:45.494,75,104,103,128,63,18,81,120,162,72,67,68
2026-06-06 18:24:45.496,75,104,103,128,57,25,81,126,155,72,72,74
2026-06-06 18:24:45.541,75,102,103,128,57,25,81,126,155,72,72,74
2026-06-06 18:24:45.542,75,102,124,128,57,25,81,126,155,72,72,74
2026-06-06 18:24:45.542,75,102,124,128,56,46,81,128,134,72,74,53
2026-06-06 18:24:45.584,75,119,124,128,56,46,81,128,134,72,74,53
2026-06-06 18:24:45.584,75,119,159,128,56,46,81,128,134,72,74,53
2026-06-06 18:24:45.585,75,119,159,128,73,66,81,110,114,72,57,18
2026-06-06 18:24:45.625,75,132,159,128,73,66,81,110,114,72,57,18
2026-06-06 18:24:45.626,75,132,140,128,73,66,81,110,114,72,57,18
2026-06-06 18:24:45.627,75,132,140,128,84,79,81,99,101,72,44,37
2026-06-06 18:24:45.676,75,125,140,128,84,79,81,99,101,72,44,37
2026-06-06 18:24:45.678,75,125,128,128,84,79,81,99,101,72,44,37
2026-06-06 18:24:45.679,75,125,128,128,79,44,81,104,136,72,51,49
2026-06-06 18:24:45.725,75,120,128,128,79,44,81,104,136,72,51,49
2026-06-06 18:24:45.726,75,120,122,128,79,44,81,104,136,72,51,49
2026-06-06 18:24:45.727,75,120,122,128,74,28,81,108,152,72,56,55
2026-06-06 18:24:45.774,75,118,122,128,74,28,81,108,152,72,56,55
2026-06-06 18:24:45.775,75,118,120,128,74,28,81,108,152,72,56,55
2026-06-06 18:24:45.777,75,118,120,128,73,24,81,110,156,72,58,57
2026-06-06 18:24:45.824,75,116,120,128,73,24,81,110,156,72,58,57
2026-06-06 18:24:45.825,75,116,118,128,73,24,81,110,156,72,58,57
2026-06-06 18:24:45.826,75,116,118,128,71,21,81,112,159,72,60,59
2026-06-06 18:24:45.875,75,114,118,128,71,21,81,112,159,72,60,59
2026-06-06 18:24:45.875,75,114,116,128,71,21,81,112,159,72,60,59
2026-06-06 18:24:45.875,75,114,116,128,69,19,81,114,161,72,62,61
2026-06-06 18:24:45.926,75,112,116,128,69,19,81,114,161,72,62,61
2026-06-06 18:24:45.926,75,112,114,128,69,19,81,114,161,72,62,61
2026-06-06 18:24:45.927,75,112,114,128,67,18,81,116,162,72,64,64
2026-06-06 18:24:45.975,75,110,114,128,67,18,81,116,162,72,64,64
2026-06-06 18:24:45.976,75,110,111,128,67,18,81,116,162,72,64,64
2026-06-06 18:24:45.976,75,110,111,128,65,18,81,118,162,72,66,66
2026-06-06 18:24:46.025,75,102,111,128,65,18,81,118,162,72,66,66
2026-06-06 18:24:46.026,75,102,102,128,65,18,81,118,162,72,66,66
2026-06-06 18:24:46.027,75,102,102,128,55,29,81,128,151,72,74,76
2026-06-06 18:24:46.074,75,114,102,128,55,29,81,128,151,72,74,76
2026-06-06 18:24:46.074,75,114,158,128,55,29,81,128,151,72,74,76
2026-06-06 18:24:46.075,75,114,158,128,68,61,81,115,119,72,62,19
2026-06-06 18:24:46.121,75,132,158,128,68,61,81,115,119,72,62,19
2026-06-06 18:24:46.121,75,132,139,128,68,61,81,115,119,72,62,19
2026-06-06 18:24:46.122,75,132,139,128,84,79,81,99,101,72,44,38
2026-06-06 18:24:46.168,75,125,139,128,84,79,81,99,101,72,44,38
2026-06-06 18:24:46.168,75,125,128,128,84,79,81,99,101,72,44,38
2026-06-06 18:24:46.169,75,125,128,128,79,42,81,104,138,72,51,49
2026-06-06 18:24:46.210,75,112,128,128,79,42,81,104,138,72,51,49
2026-06-06 18:24:46.210,75,112,113,128,79,42,81,104,138,72,51,49
2026-06-06 18:24:46.211,75,112,113,128,67,18,81,116,162,72,64,64
2026-06-06 18:24:46.259,75,107,113,128,67,18,81,116,162,72,64,64
2026-06-06 18:24:46.259,75,107,107,128,67,18,81,116,162,72,64,64
2026-06-06 18:24:46.259,75,107,107,128,60,20,81,122,160,72,69,70
2026-06-06 18:24:46.308,75,105,107,128,60,20,81,122,160,72,69,70
2026-06-06 18:24:46.309,75,105,105,128,60,20,81,122,160,72,69,70
2026-06-06 18:24:46.310,75,105,105,128,58,23,81,125,157,72,71,72
2026-06-06 18:24:46.358,75,103,105,128,58,23,81,125,157,72,71,72
2026-06-06 18:24:46.359,75,103,102,128,58,23,81,125,157,72,71,72
2026-06-06 18:24:46.359,75,103,102,128,56,27,81,127,153,72,73,75
2026-06-06 18:24:46.411,75,101,102,128,56,27,81,127,153,72,73,75
2026-06-06 18:24:46.411,75,101,100,128,56,27,81,127,153,72,73,75
2026-06-06 18:24:46.412,75,101,100,128,53,32,81,130,148,72,75,77
2026-06-06 18:24:46.461,75,98,100,128,53,32,81,130,148,72,75,77
2026-06-06 18:24:46.461,75,98,98,128,53,32,81,130,148,72,75,77
2026-06-06 18:24:46.462,75,98,98,128,51,38,81,132,142,72,78,79
2026-06-06 18:24:46.510,75,99,98,128,51,38,81,132,142,72,78,79
2026-06-06 18:24:46.510,75,99,105,128,51,38,81,132,142,72,78,79
2026-06-06 18:24:46.510,75,99,105,128,51,42,81,132,138,72,77,72
2026-06-06 18:24:46.560,75,101,105,128,51,42,81,132,138,72,77,72
2026-06-06 18:24:46.560,75,101,115,128,51,42,81,132,138,72,77,72
2026-06-06 18:24:46.561,75,101,115,128,54,44,81,130,136,72,75,62
2026-06-06 18:24:46.607,75,108,115,128,54,44,81,130,136,72,75,62
2026-06-06 18:24:46.608,75,108,149,128,54,44,81,130,136,72,75,62
2026-06-06 18:24:46.609,75,108,149,128,63,55,81,120,125,72,68,28
2026-06-06 18:24:46.652,75,131,149,128,63,55,81,120,125,72,68,28
2026-06-06 18:24:46.652,75,131,142,128,63,55,81,120,125,72,68,28
2026-06-06 18:24:46.653,75,131,142,128,83,78,81,100,102,72,45,35
2026-06-06 18:24:46.694,75,114,142,128,83,78,81,100,102,72,45,35
2026-06-06 18:24:46.694,75,114,115,128,83,78,81,100,102,72,45,35
2026-06-06 18:24:46.695,75,114,115,128,68,18,81,115,162,72,62,62
2026-06-06 18:24:46.736,75,100,115,128,68,18,81,115,162,72,62,62
2026-06-06 18:24:46.737,75,100,108,128,68,18,81,115,162,72,62,62
2026-06-06 18:24:46.738,75,100,108,128,52,42,81,131,138,72,76,69
2026-06-06 18:24:46.792,75,105,108,128,52,42,81,131,138,72,76,69
2026-06-06 18:24:46.793,75,105,136,128,52,42,81,131,138,72,76,69
2026-06-06 18:24:46.793,75,105,136,128,58,50,81,124,130,72,71,41
2026-06-06 18:24:46.842,75,106,136,128,58,50,81,124,130,72,71,41
2026-06-06 18:24:46.843,75,106,143,128,58,50,81,124,130,72,71,41
2026-06-06 18:24:46.844,75,106,143,128,61,52,81,122,128,72,70,34
2026-06-06 18:24:46.891,75,112,143,128,61,52,81,122,128,72,70,34
2026-06-06 18:24:46.892,75,112,156,128,61,52,81,122,128,72,70,34
2026-06-06 18:24:46.893,75,112,156,128,67,59,81,116,121,72,64,21
2026-06-06 18:24:46.938,75,128,156,128,67,59,81,116,121,72,64,21
2026-06-06 18:24:46.938,75,128,149,128,67,59,81,116,121,72,64,21
2026-06-06 18:24:46.939,75,128,149,128,81,75,81,102,105,72,48,28
2026-06-06 18:24:46.992,75,131,149,128,81,75,81,102,105,72,48,28
2026-06-06 18:24:46.993,75,131,134,128,81,75,81,102,105,72,48,28
2026-06-06 18:24:46.994,75,131,134,128,83,67,81,100,113,72,45,43
2026-06-06 18:24:47.034,75,112,134,128,83,67,81,100,113,72,45,43
2026-06-06 18:24:47.034,75,112,113,128,83,67,81,100,113,72,45,43
2026-06-06 18:24:47.036,75,112,113,128,66,18,81,117,162,72,64,64
2026-06-06 18:24:47.077,75,106,113,128,66,18,81,117,162,72,64,64
2026-06-06 18:24:47.078,75,106,106,128,66,18,81,117,162,72,64,64
2026-06-06 18:24:47.079,75,106,106,128,60,21,81,123,159,72,70,71
2026-06-06 18:24:47.125,75,107,106,128,60,21,81,123,159,72,70,71
2026-06-06 18:24:47.126,75,107,145,128,60,21,81,123,159,72,70,71
2026-06-06 18:24:47.127,75,107,145,128,62,53,81,122,127,72,69,32
2026-06-06 18:24:47.169,75,123,145,128,62,53,81,122,127,72,69,32
2026-06-06 18:24:47.170,75,123,157,128,62,53,81,122,127,72,69,32
2026-06-06 18:24:47.171,75,123,157,128,77,70,81,106,110,72,53,20
2026-06-06 18:24:47.224,75,126,157,128,77,70,81,106,110,72,53,20
2026-06-06 18:24:47.225,75,126,128,128,77,70,81,106,110,72,53,20
2026-06-06 18:24:47.226,75,126,128,128,79,45,81,104,135,72,50,48
2026-06-06 18:24:47.273,75,105,128,128,79,45,81,104,135,72,50,48
2026-06-06 18:24:47.275,75,105,105,128,79,45,81,104,135,72,50,48
2026-06-06 18:24:47.275,75,105,105,128,59,22,81,124,158,72,71,72
2026-06-06 18:24:47.326,75,110,105,128,59,22,81,124,158,72,71,72
2026-06-06 18:24:47.326,75,110,151,128,59,22,81,124,158,72,71,72
2026-06-06 18:24:47.327,75,110,151,128,64,56,81,119,124,72,66,26
2026-06-06 18:24:47.376,75,133,151,128,64,56,81,119,124,72,66,26
2026-06-06 18:24:47.376,75,133,137,128,64,56,81,119,124,72,66,26
2026-06-06 18:24:47.377,75,133,137,128,85,78,81,98,102,72,43,40
2026-06-06 18:24:47.426,75,125,137,128,85,78,81,98,102,72,43,40
2026-06-06 18:24:47.428,75,125,128,128,85,78,81,98,102,72,43,40
2026-06-06 18:24:47.428,75,125,128,128,79,44,81,104,136,72,51,49
2026-06-06 18:24:47.476,75,123,128,128,79,44,81,104,136,72,51,49
2026-06-06 18:24:47.476,75,123,126,128,79,44,81,104,136,72,51,49
2026-06-06 18:24:47.477,75,123,126,128,77,36,81,106,144,72,53,51
2026-06-06 18:24:47.526,75,121,126,128,77,36,81,106,144,72,53,51
2026-06-06 18:24:47.526,75,121,123,128,77,36,81,106,144,72,53,51
2026-06-06 18:24:47.527,75,121,123,128,75,30,81,108,150,72,55,54
2026-06-06 18:24:47.575,75,119,123,128,75,30,81,108,150,72,55,54
2026-06-06 18:24:47.575,75,119,120,128,75,30,81,108,150,72,55,54
2026-06-06 18:24:47.576,75,119,120,128,73,25,81,110,155,72,57,56
2026-06-06 18:24:47.625,75,116,120,128,73,25,81,110,155,72,57,56
2026-06-06 18:24:47.625,75,116,118,128,73,25,81,110,155,72,57,56
2026-06-06 18:24:47.626,75,116,118,128,71,21,81,112,159,72,60,59
2026-06-06 18:24:47.675,75,114,118,128,71,21,81,112,159,72,60,59
2026-06-06 18:24:47.675,75,114,115,128,71,21,81,112,159,72,60,59
2026-06-06 18:24:47.677,75,114,115,128,68,19,81,115,161,72,62,62
2026-06-06 18:24:47.726,75,112,115,128,68,19,81,115,161,72,62,62
2026-06-06 18:24:47.727,75,112,113,128,68,19,81,115,161,72,62,62
2026-06-06 18:24:47.727,75,112,113,128,66,18,81,117,162,72,64,64
2026-06-06 18:24:47.776,75,109,113,128,66,18,81,117,162,72,64,64
2026-06-06 18:24:47.776,75,109,110,128,66,18,81,117,162,72,64,64
2026-06-06 18:24:47.777,75,109,110,128,64,18,81,120,162,72,67,67
2026-06-06 18:24:47.826,75,107,110,128,64,18,81,120,162,72,67,67
2026-06-06 18:24:47.826,75,107,107,128,64,18,81,120,162,72,67,67
2026-06-06 18:24:47.827,75,107,107,128,61,20,81,122,160,72,69,70
2026-06-06 18:24:47.875,75,105,107,128,61,20,81,122,160,72,69,70
2026-06-06 18:24:47.876,75,105,105,128,61,20,81,122,160,72,69,70
2026-06-06 18:24:47.876,75,105,105,128,58,23,81,125,157,72,71,72
2026-06-06 18:24:47.925,75,102,105,128,58,23,81,125,157,72,71,72
2026-06-06 18:24:47.926,75,102,102,128,58,23,81,125,157,72,71,72
2026-06-06 18:24:47.927,75,102,102,128,56,27,81,128,153,72,74,75
2026-06-06 18:24:47.975,75,100,102,128,56,27,81,128,153,72,74,75
2026-06-06 18:24:47.977,75,100,100,128,56,27,81,128,153,72,74,75
2026-06-06 18:24:47.977,75,100,100,128,53,33,81,130,147,72,76,78
2026-06-06 18:24:48.023,75,98,100,128,53,33,81,130,147,72,76,78
2026-06-06 18:24:48.023,75,98,97,128,53,33,81,130,147,72,76,78
2026-06-06 18:24:48.024,75,98,97,128,50,40,81,133,140,72,78,80
2026-06-06 18:24:48.072,75,113,97,128,50,40,81,133,140,72,78,80
2026-06-06 18:24:48.073,75,113,157,128,50,40,81,133,140,72,78,80
2026-06-06 18:24:48.073,75,113,157,128,67,60,81,116,120,72,63,20
2026-06-06 18:24:48.125,75,128,157,128,67,60,81,116,120,72,63,20
2026-06-06 18:24:48.125,75,128,131,128,67,60,81,116,120,72,63,20
2026-06-06 18:24:48.126,75,128,131,128,81,54,81,102,126,72,48,46
2026-06-06 18:24:48.169,75,110,131,128,81,54,81,102,126,72,48,46
2026-06-06 18:24:48.170,75,110,152,128,81,54,81,102,126,72,48,46
2026-06-06 18:24:48.170,75,110,152,128,65,57,81,118,123,72,66,24
2026-06-06 18:24:48.213,75,100,152,128,65,57,81,118,123,72,66,24
2026-06-06 18:24:48.214,75,100,110,128,65,57,81,118,123,72,66,24
2026-06-06 18:24:48.214,75,100,110,128,52,43,81,130,137,72,76,66
2026-06-06 18:24:48.255,75,103,110,128,52,43,81,130,137,72,76,66
2026-06-06 18:24:48.256,75,103,127,128,52,43,81,130,137,72,76,66
2026-06-06 18:24:48.257,75,103,127,128,56,47,81,127,133,72,73,50
2026-06-06 18:24:48.298,75,98,127,128,56,47,81,127,133,72,73,50
2026-06-06 18:24:48.298,75,98,99,128,56,47,81,127,133,72,73,50
2026-06-06 18:24:48.299,75,98,99,128,50,40,81,133,140,72,78,78
2026-06-06 18:24:48.339,75,102,99,128,50,40,81,133,140,72,78,78
2026-06-06 18:24:48.340,75,102,124,128,50,40,81,133,140,72,78,78
2026-06-06 18:24:48.340,75,102,124,128,55,46,81,128,134,72,74,53
2026-06-06 18:24:48.382,75,112,124,128,55,46,81,128,134,72,74,53
2026-06-06 18:24:48.382,75,112,113,128,55,46,81,128,134,72,74,53
2026-06-06 18:24:48.383,75,112,113,128,66,18,81,117,162,72,64,64
2026-06-06 18:24:48.423,75,116,113,128,66,18,81,117,162,72,64,64
2026-06-06 18:24:48.424,75,116,159,128,66,18,81,117,162,72,64,64
2026-06-06 18:24:48.425,75,116,159,128,71,64,81,112,116,72,60,18
2026-06-06 18:24:48.466,75,100,159,128,71,64,81,112,116,72,60,18
2026-06-06 18:24:48.466,75,100,111,128,71,64,81,112,116,72,60,18
2026-06-06 18:24:48.467,75,100,111,128,52,43,81,130,137,72,76,66
2026-06-06 18:24:48.509,75,122,111,128,52,43,81,130,137,72,76,66
2026-06-06 18:24:48.510,75,122,158,128,52,43,81,130,137,72,76,66
2026-06-06 18:24:48.510,75,122,158,128,76,69,81,107,111,72,54,19
2026-06-06 18:24:48.559,75,129,158,128,76,69,81,107,111,72,54,19
2026-06-06 18:24:48.560,75,129,132,128,76,69,81,107,111,72,54,19
2026-06-06 18:24:48.561,75,129,132,128,82,58,81,101,122,72,47,45
2026-06-06 18:24:48.610,75,101,132,128,82,58,81,101,122,72,47,45
2026-06-06 18:24:48.611,75,101,117,128,82,58,81,101,122,72,47,45
2026-06-06 18:24:48.611,75,101,117,128,54,44,81,129,136,72,75,60
2026-06-06 18:24:48.660,75,129,117,128,54,44,81,129,136,72,75,60
2026-06-06 18:24:48.661,75,129,132,128,54,44,81,129,136,72,75,60
2026-06-06 18:24:48.661,75,129,132,128,82,57,81,101,123,72,47,45
2026-06-06 18:24:48.702,75,115,132,128,82,57,81,101,123,72,47,45
2026-06-06 18:24:48.703,75,115,116,128,82,57,81,101,123,72,47,45
2026-06-06 18:24:48.703,75,115,116,128,69,19,81,114,161,72,61,61
2026-06-06 18:24:48.759,75,100,116,128,69,19,81,114,161,72,61,61
2026-06-06 18:24:48.759,75,100,99,128,69,19,81,114,161,72,61,61
2026-06-06 18:24:48.760,75,100,99,128,52,34,81,130,146,72,76,78
2026-06-06 18:24:48.809,75,108,99,128,52,34,81,130,146,72,76,78
2026-06-06 18:24:48.810,75,108,148,128,52,34,81,130,146,72,76,78
2026-06-06 18:24:48.810,75,108,148,128,63,54,81,120,126,72,68,29
2026-06-06 18:24:48.858,75,112,148,128,63,54,81,120,126,72,68,29
2026-06-06 18:24:48.859,75,112,155,128,63,54,81,120,126,72,68,29
2026-06-06 18:24:48.860,75,112,155,128,66,58,81,117,122,72,64,22
2026-06-06 18:24:48.908,75,115,155,128,66,58,81,117,122,72,64,22
2026-06-06 18:24:48.909,75,115,159,128,66,58,81,117,122,72,64,22
2026-06-06 18:24:48.909,75,115,159,128,69,62,81,114,118,72,61,18
2026-06-06 18:24:48.955,75,118,159,128,69,62,81,114,118,72,61,18
2026-06-06 18:24:48.955,75,118,159,128,73,66,81,110,114,72,58,18
2026-06-06 18:24:49.008,75,122,159,128,73,66,81,110,114,72,58,18
2026-06-06 18:24:49.009,75,122,157,128,73,66,81,110,114,72,58,18
2026-06-06 18:24:49.010,75,122,157,128,76,70,81,107,110,72,54,20
2026-06-06 18:24:49.059,75,126,157,128,76,70,81,107,110,72,54,20
2026-06-06 18:24:49.060,75,126,152,128,76,70,81,107,110,72,54,20
2026-06-06 18:24:49.061,75,126,152,128,80,74,81,103,106,72,50,26
2026-06-06 18:24:49.105,75,124,152,128,80,74,81,103,106,72,50,26
2026-06-06 18:24:49.106,75,124,126,128,80,74,81,103,106,72,50,26
2026-06-06 18:24:49.106,75,124,126,128,78,39,81,105,141,72,52,50
2026-06-06 18:24:49.152,75,121,126,128,78,39,81,105,141,72,52,50
2026-06-06 18:24:49.153,75,121,123,128,78,39,81,105,141,72,52,50
2026-06-06 18:24:49.154,75,121,123,128,75,29,81,108,151,72,55,54
2026-06-06 18:24:49.200,75,117,123,128,75,29,81,108,151,72,55,54
2026-06-06 18:24:49.201,75,117,119,128,75,29,81,108,151,72,55,54
2026-06-06 18:24:49.201,75,117,119,128,72,23,81,111,157,72,59,58
2026-06-06 18:24:49.242,75,114,119,128,72,23,81,111,157,72,59,58
2026-06-06 18:24:49.243,75,114,116,128,72,23,81,111,157,72,59,58
2026-06-06 18:24:49.244,75,114,116,128,69,19,81,114,161,72,62,61
2026-06-06 18:24:49.290,75,111,116,128,69,19,81,114,161,72,62,61
2026-06-06 18:24:49.291,75,111,112,128,69,19,81,114,161,72,62,61
2026-06-06 18:24:49.291,75,111,112,128,66,18,81,118,162,72,65,65
2026-06-06 18:24:49.342,75,108,112,128,66,18,81,118,162,72,65,65
2026-06-06 18:24:49.343,75,108,108,128,66,18,81,118,162,72,65,65
2026-06-06 18:24:49.344,75,108,108,128,62,19,81,121,161,72,68,69
2026-06-06 18:24:49.390,75,102,108,128,62,19,81,121,161,72,68,69
2026-06-06 18:24:49.391,75,102,123,128,62,19,81,121,161,72,68,69
2026-06-06 18:24:49.392,75,102,123,128,55,46,81,128,134,72,74,54
2026-06-06 18:24:49.443,75,105,123,128,55,46,81,128,134,72,74,54
2026-06-06 18:24:49.443,75,105,137,128,55,46,81,128,134,72,74,54
2026-06-06 18:24:49.444,75,105,137,128,59,50,81,124,130,72,71,40
2026-06-06 18:24:49.493,75,120,137,128,59,50,81,124,130,72,71,40
2026-06-06 18:24:49.494,75,120,159,128,59,50,81,124,130,72,71,40
2026-06-06 18:24:49.494,75,120,159,128,74,67,81,109,113,72,56,18
2026-06-06 18:24:49.542,75,124,159,128,74,67,81,109,113,72,56,18
2026-06-06 18:24:49.543,75,124,156,128,74,67,81,109,113,72,56,18
2026-06-06 18:24:49.544,75,124,156,128,77,71,81,106,109,72,52,21
2026-06-06 18:24:49.593,75,126,156,128,77,71,81,106,109,72,52,21
2026-06-06 18:24:49.594,75,126,128,128,77,71,81,106,109,72,52,21
2026-06-06 18:24:49.594,75,126,128,128,79,44,81,104,136,72,50,49
2026-06-06 18:24:49.644,75,110,128,128,79,44,81,104,136,72,50,49
2026-06-06 18:24:49.645,75,110,111,128,79,44,81,104,136,72,50,49
2026-06-06 18:24:49.645,75,110,111,128,64,18,81,119,162,72,66,66
2026-06-06 18:24:49.692,75,107,111,128,64,18,81,119,162,72,66,66
2026-06-06 18:24:49.693,75,107,107,128,64,18,81,119,162,72,66,66
2026-06-06 18:24:49.694,75,107,107,128,61,20,81,122,160,72,69,70
2026-06-06 18:24:49.742,75,114,107,128,61,20,81,122,160,72,69,70
2026-06-06 18:24:49.743,75,114,158,128,61,20,81,122,160,72,69,70
2026-06-06 18:24:49.744,75,114,158,128,69,62,81,114,118,72,62,19
2026-06-06 18:24:49.784,75,132,158,128,69,62,81,114,118,72,62,19
2026-06-06 18:24:49.786,75,132,140,128,69,62,81,114,118,72,62,19
2026-06-06 18:24:49.787,75,132,140,128,84,79,81,99,101,72,44,37
2026-06-06 18:24:49.827,75,131,140,128,84,79,81,99,101,72,44,37
2026-06-06 18:24:49.827,75,131,135,128,84,79,81,99,101,72,44,37
2026-06-06 18:24:49.828,75,131,135,128,84,69,81,100,111,72,45,42
2026-06-06 18:24:49.876,75,128,135,128,84,69,81,100,111,72,45,42
2026-06-06 18:24:49.876,75,128,131,128,84,69,81,100,111,72,45,42
2026-06-06 18:24:49.877,75,128,131,128,81,53,81,102,127,72,48,46
2026-06-06 18:24:49.926,75,124,131,128,81,53,81,102,127,72,48,46
2026-06-06 18:24:49.927,75,124,127,128,81,53,81,102,127,72,48,46
2026-06-06 18:24:49.927,75,124,127,128,78,39,81,105,141,72,52,50
2026-06-06 18:24:49.975,75,120,127,128,78,39,81,105,141,72,52,50
2026-06-06 18:24:49.976,75,120,123,128,78,39,81,105,141,72,52,50
2026-06-06 18:24:49.977,75,120,123,128,75,29,81,108,151,72,56,54
2026-06-06 18:24:50.025,75,117,123,128,75,29,81,108,151,72,56,54
2026-06-06 18:24:50.025,75,117,119,128,75,29,81,108,151,72,56,54
2026-06-06 18:24:50.027,75,117,119,128,72,22,81,112,158,72,59,58
2026-06-06 18:24:50.075,75,114,119,128,72,22,81,112,158,72,59,58
2026-06-06 18:24:50.076,75,114,115,128,72,22,81,112,158,72,59,58
2026-06-06 18:24:50.077,75,114,115,128,68,18,81,115,162,72,62,62
2026-06-06 18:24:50.125,75,110,115,128,68,18,81,115,162,72,62,62
2026-06-06 18:24:50.126,75,110,111,128,68,18,81,115,162,72,62,62
2026-06-06 18:24:50.126,75,110,111,128,64,18,81,119,162,72,66,66
2026-06-06 18:24:50.176,75,106,111,128,64,18,81,119,162,72,66,66
2026-06-06 18:24:50.177,75,106,106,128,64,18,81,119,162,72,66,66
2026-06-06 18:24:50.177,75,106,106,128,60,21,81,123,159,72,70,71
2026-06-06 18:24:50.225,75,103,106,128,60,21,81,123,159,72,70,71
2026-06-06 18:24:50.226,75,103,102,128,60,21,81,123,159,72,70,71
2026-06-06 18:24:50.227,75,103,102,128,56,26,81,127,154,72,73,74
2026-06-06 18:24:50.275,75,99,102,128,56,26,81,127,154,72,73,74
2026-06-06 18:24:50.276,75,99,98,128,56,26,81,127,154,72,73,74
2026-06-06 18:24:50.277,75,99,98,128,52,36,81,131,144,72,77,78
2026-06-06 18:24:50.325,75,100,98,128,52,36,81,131,144,72,77,78
2026-06-06 18:24:50.326,75,100,109,128,52,36,81,131,144,72,77,78
2026-06-06 18:24:50.327,75,100,109,128,52,43,81,131,137,72,76,68
2026-06-06 18:24:50.374,75,102,109,128,52,43,81,131,137,72,76,68
2026-06-06 18:24:50.375,75,102,125,128,52,43,81,131,137,72,76,68
2026-06-06 18:24:50.375,75,102,125,128,56,46,81,127,134,72,74,52
2026-06-06 18:24:50.426,75,105,125,128,56,46,81,127,134,72,74,52
2026-06-06 18:24:50.426,75,105,139,128,56,46,81,127,134,72,74,52
2026-06-06 18:24:50.427,75,105,139,128,59,51,81,124,129,72,71,38
2026-06-06 18:24:50.476,75,109,139,128,59,51,81,124,129,72,71,38
2026-06-06 18:24:50.476,75,109,149,128,59,51,81,124,129,72,71,38
2026-06-06 18:24:50.477,75,109,149,128,63,55,81,120,125,72,67,28
2026-06-06 18:24:50.518,75,111,149,128,63,55,81,120,125,72,67,28
2026-06-06 18:24:50.518,75,111,155,128,63,55,81,120,125,72,67,28
2026-06-06 18:24:50.519,75,111,155,128,66,58,81,117,122,72,65,22
2026-06-06 18:24:50.560,75,114,155,128,66,58,81,117,122,72,65,22
2026-06-06 18:24:50.561,75,114,158,128,66,58,81,117,122,72,65,22
2026-06-06 18:24:50.562,75,114,158,128,69,62,81,114,118,72,62,19
2026-06-06 18:24:50.602,75,118,158,128,69,62,81,114,118,72,62,19
2026-06-06 18:24:50.603,75,118,160,128,69,62,81,114,118,72,62,19
2026-06-06 18:24:50.604,75,118,160,128,72,65,81,111,115,72,58,18
2026-06-06 18:24:50.654,75,122,160,128,72,65,81,111,115,72,58,18
2026-06-06 18:24:50.655,75,122,158,128,72,65,81,111,115,72,58,18
2026-06-06 18:24:50.655,75,122,158,128,76,69,81,108,111,72,54,19
2026-06-06 18:24:50.710,75,126,158,128,76,69,81,108,111,72,54,19
2026-06-06 18:24:50.710,75,126,152,128,76,69,81,108,111,72,54,19
2026-06-06 18:24:50.710,75,126,152,128,79,74,81,104,106,72,50,25
2026-06-06 18:24:50.759,75,130,152,128,79,74,81,104,106,72,50,25
2026-06-06 18:24:50.760,75,130,144,128,79,74,81,104,106,72,50,25
2026-06-06 18:24:50.760,75,130,144,128,83,78,81,100,102,72,46,33
2026-06-06 18:24:50.809,75,132,144,128,83,78,81,100,102,72,46,33
2026-06-06 18:24:50.810,75,132,135,128,83,78,81,100,102,72,46,33
2026-06-06 18:24:50.810,75,132,135,128,84,72,81,99,108,72,44,42
2026-06-06 18:24:50.859,75,128,135,128,84,72,81,99,108,72,44,42
2026-06-06 18:24:50.861,75,128,131,128,84,72,81,99,108,72,44,42
2026-06-06 18:24:50.861,75,128,131,128,81,55,81,102,125,72,48,46
2026-06-06 18:24:50.910,75,124,131,128,81,55,81,102,125,72,48,46
2026-06-06 18:24:50.910,75,124,127,128,81,55,81,102,125,72,48,46
2026-06-06 18:24:50.911,75,124,127,128,78,41,81,105,139,72,52,50
2026-06-06 18:24:50.958,75,121,127,128,78,41,81,105,139,72,52,50
2026-06-06 18:24:50.959,75,121,123,128,78,41,81,105,139,72,52,50
2026-06-06 18:24:50.959,75,121,123,128,75,30,81,108,150,72,55,54
2026-06-06 18:24:51.009,75,117,123,128,75,30,81,108,150,72,55,54
2026-06-06 18:24:51.010,75,117,119,128,75,30,81,108,150,72,55,54
2026-06-06 18:24:51.010,75,117,119,128,72,23,81,111,157,72,59,58
2026-06-06 18:24:51.059,75,114,119,128,72,23,81,111,157,72,59,58
2026-06-06 18:24:51.060,75,114,115,128,72,23,81,111,157,72,59,58
2026-06-06 18:24:51.062,75,114,115,128,68,18,81,115,162,72,62,62
2026-06-06 18:24:51.108,75,110,115,128,68,18,81,115,162,72,62,62
2026-06-06 18:24:51.109,75,110,111,128,68,18,81,115,162,72,62,62
2026-06-06 18:24:51.110,75,110,111,128,65,18,81,118,162,72,66,66
2026-06-06 18:24:51.159,75,107,111,128,65,18,81,118,162,72,66,66
2026-06-06 18:24:51.160,75,107,107,128,65,18,81,118,162,72,66,66
2026-06-06 18:24:51.161,75,107,107,128,61,20,81,122,160,72,69,70
2026-06-06 18:24:51.207,75,103,107,128,61,20,81,122,160,72,69,70
2026-06-06 18:24:51.208,75,103,103,128,61,20,81,122,160,72,69,70
2026-06-06 18:24:51.209,75,103,103,128,57,25,81,126,155,72,73,74
2026-06-06 18:24:51.258,75,100,103,128,57,25,81,126,155,72,73,74
2026-06-06 18:24:51.259,75,100,99,128,57,25,81,126,155,72,73,74
2026-06-06 18:24:51.259,75,100,99,128,52,34,81,131,146,72,76,78
2026-06-06 18:24:51.310,75,99,99,128,52,34,81,131,146,72,76,78
2026-06-06 18:24:51.311,75,99,107,128,52,34,81,131,146,72,76,78
2026-06-06 18:24:51.311,75,99,107,128,52,42,81,131,138,72,77,70
2026-06-06 18:24:51.359,75,102,107,128,52,42,81,131,138,72,77,70
2026-06-06 18:24:51.360,75,102,124,128,52,42,81,131,138,72,77,70
2026-06-06 18:24:51.360,75,102,124,128,55,46,81,128,134,72,74,53
2026-06-06 18:24:51.410,75,105,124,128,55,46,81,128,134,72,74,53
2026-06-06 18:24:51.411,75,105,138,128,55,46,81,128,134,72,74,53
2026-06-06 18:24:51.411,75,105,138,128,59,50,81,124,130,72,71,39
2026-06-06 18:24:51.460,75,108,138,128,59,50,81,124,130,72,71,39
2026-06-06 18:24:51.461,75,108,148,128,59,50,81,124,130,72,71,39
2026-06-06 18:24:51.461,75,108,148,128,62,54,81,120,126,72,68,29
2026-06-06 18:24:51.508,75,111,148,128,62,54,81,120,126,72,68,29
2026-06-06 18:24:51.509,75,111,155,128,62,54,81,120,126,72,68,29
2026-06-06 18:24:51.510,75,111,155,128,66,58,81,117,122,72,65,22
2026-06-06 18:24:51.560,75,115,155,128,66,58,81,117,122,72,65,22
2026-06-06 18:24:51.561,75,115,159,128,66,58,81,117,122,72,65,22
2026-06-06 18:24:51.561,75,115,159,128,70,62,81,113,118,72,61,18
2026-06-06 18:24:51.610,75,119,159,128,70,62,81,113,118,72,61,18
2026-06-06 18:24:51.611,75,119,159,128,73,66,81,110,114,72,57,18
2026-06-06 18:24:51.658,75,123,159,128,73,66,81,110,114,72,57,18
2026-06-06 18:24:51.660,75,123,157,128,73,66,81,110,114,72,57,18
2026-06-06 18:24:51.661,75,123,157,128,77,70,81,106,110,72,53,20
2026-06-06 18:24:51.709,75,127,157,128,77,70,81,106,110,72,53,20
2026-06-06 18:24:51.710,75,127,151,128,77,70,81,106,110,72,53,20
2026-06-06 18:24:51.711,75,127,151,128,80,74,81,103,106,72,49,26
2026-06-06 18:24:51.758,75,131,151,128,80,74,81,103,106,72,49,26
2026-06-06 18:24:51.760,75,131,142,128,80,74,81,103,106,72,49,26
2026-06-06 18:24:51.761,75,131,142,128,84,78,81,99,102,72,45,36
2026-06-06 18:24:51.809,75,131,134,128,84,78,81,99,102,72,45,36
2026-06-06 18:24:51.809,75,131,134,128,83,68,81,100,112,72,45,42
2026-06-06 18:24:51.858,75,127,134,128,83,68,81,100,112,72,45,42
2026-06-06 18:24:51.859,75,127,130,128,83,68,81,100,112,72,45,42
2026-06-06 18:24:51.860,75,127,130,128,81,52,81,102,128,72,49,46
2026-06-06 18:24:51.910,75,124,130,128,81,52,81,102,128,72,49,46
2026-06-06 18:24:51.910,75,124,126,128,81,52,81,102,128,72,49,46
2026-06-06 18:24:51.911,75,124,126,128,78,38,81,105,142,72,52,51
2026-06-06 18:24:51.956,75,120,126,128,78,38,81,105,142,72,52,51
2026-06-06 18:24:51.957,75,120,123,128,78,38,81,105,142,72,52,51
2026-06-06 18:24:51.957,75,120,123,128,75,29,81,108,151,72,56,54
2026-06-06 18:24:52.009,75,117,123,128,75,29,81,108,151,72,56,54
2026-06-06 18:24:52.009,75,117,118,128,75,29,81,108,151,72,56,54
2026-06-06 18:24:52.009,75,117,118,128,71,22,81,112,158,72,59,59
2026-06-06 18:24:52.059,75,113,118,128,71,22,81,112,158,72,59,59
2026-06-06 18:24:52.060,75,113,114,128,71,22,81,112,158,72,59,59
2026-06-06 18:24:52.060,75,113,114,128,68,18,81,115,162,72,63,63
2026-06-06 18:24:52.108,75,110,114,128,68,18,81,115,162,72,63,63
2026-06-06 18:24:52.108,75,110,110,128,68,18,81,115,162,72,63,63
2026-06-06 18:24:52.109,75,110,110,128,64,18,81,119,162,72,66,67
2026-06-06 18:24:52.159,75,106,110,128,64,18,81,119,162,72,66,67
2026-06-06 18:24:52.160,75,106,106,128,64,18,81,119,162,72,66,67
2026-06-06 18:24:52.160,75,106,106,128,60,21,81,123,159,72,70,71
2026-06-06 18:24:52.207,75,103,106,128,60,21,81,123,159,72,70,71
2026-06-06 18:24:52.207,75,103,102,128,60,21,81,123,159,72,70,71
2026-06-06 18:24:52.209,75,103,102,128,56,27,81,127,153,72,73,75
2026-06-06 18:24:52.258,75,99,102,128,56,27,81,127,153,72,73,75
2026-06-06 18:24:52.259,75,99,98,128,56,27,81,127,153,72,73,75
2026-06-06 18:24:52.260,75,99,98,128,51,36,81,132,144,72,77,79
2026-06-06 18:24:52.308,75,100,98,128,51,36,81,132,144,72,77,79
2026-06-06 18:24:52.308,75,100,110,128,51,36,81,132,144,72,77,79
2026-06-06 18:24:52.309,75,100,110,128,52,43,81,130,137,72,76,67
2026-06-06 18:24:52.358,75,103,110,128,52,43,81,130,137,72,76,67
2026-06-06 18:24:52.359,75,103,127,128,52,43,81,130,137,72,76,67
2026-06-06 18:24:52.360,75,103,127,128,56,47,81,127,133,72,73,50
2026-06-06 18:24:52.409,75,106,127,128,56,47,81,127,133,72,73,50
2026-06-06 18:24:52.409,75,106,140,128,56,47,81,127,133,72,73,50
2026-06-06 18:24:52.410,75,106,140,128,60,51,81,123,129,72,70,37
2026-06-06 18:24:52.460,75,109,140,128,60,51,81,123,129,72,70,37
2026-06-06 18:24:52.460,75,109,150,128,60,51,81,123,129,72,70,37
2026-06-06 18:24:52.461,75,109,150,128,63,55,81,120,125,72,67,28
2026-06-06 18:24:52.509,75,112,150,128,63,55,81,120,125,72,67,28
2026-06-06 18:24:52.511,75,112,156,128,63,55,81,120,125,72,67,28
2026-06-06 18:24:52.512,75,112,156,128,67,59,81,116,121,72,64,21
2026-06-06 18:24:52.560,75,116,156,128,67,59,81,116,121,72,64,21
2026-06-06 18:24:52.560,75,116,159,128,67,59,81,116,121,72,64,21
2026-06-06 18:24:52.560,75,116,159,128,70,63,81,113,117,72,60,18
2026-06-06 18:24:52.609,75,120,159,128,70,63,81,113,117,72,60,18
2026-06-06 18:24:52.610,75,120,159,128,74,67,81,109,113,72,56,18
2026-06-06 18:24:52.658,75,124,159,128,74,67,81,109,113,72,56,18
2026-06-06 18:24:52.659,75,124,156,128,74,67,81,109,113,72,56,18
2026-06-06 18:24:52.660,75,124,156,128,77,71,81,106,109,72,52,21
2026-06-06 18:24:52.710,75,128,156,128,77,71,81,106,109,72,52,21
2026-06-06 18:24:52.711,75,128,149,128,77,71,81,106,109,72,52,21
2026-06-06 18:24:52.711,75,128,149,128,81,75,81,102,105,72,48,28
2026-06-06 18:24:52.759,75,132,149,128,81,75,81,102,105,72,48,28
2026-06-06 18:24:52.760,75,132,139,128,81,75,81,102,105,72,48,28
2026-06-06 18:24:52.760,75,132,139,128,84,79,81,99,101,72,44,38
2026-06-06 18:24:52.809,75,130,139,128,84,79,81,99,101,72,44,38
2026-06-06 18:24:52.811,75,130,134,128,84,79,81,99,101,72,44,38
2026-06-06 18:24:52.811,75,130,134,128,83,64,81,100,116,72,46,43
2026-06-06 18:24:52.858,75,127,134,128,83,64,81,100,116,72,46,43
2026-06-06 18:24:52.859,75,127,130,128,83,64,81,100,116,72,46,43
2026-06-06 18:24:52.860,75,127,130,128,80,49,81,103,131,72,49,47
2026-06-06 18:24:52.909,75,123,130,128,80,49,81,103,131,72,49,47
2026-06-06 18:24:52.910,75,123,126,128,80,49,81,103,131,72,49,47
2026-06-06 18:24:52.910,75,123,126,128,77,36,81,106,144,72,53,51
2026-06-06 18:24:52.959,75,120,126,128,77,36,81,106,144,72,53,51
2026-06-06 18:24:52.960,75,120,122,128,77,36,81,106,144,72,53,51
2026-06-06 18:24:52.960,75,120,122,128,74,27,81,109,153,72,56,55
2026-06-06 18:24:53.010,75,116,122,128,74,27,81,109,153,72,56,55
2026-06-06 18:24:53.010,75,116,118,128,74,27,81,109,153,72,56,55
2026-06-06 18:24:53.011,75,116,118,128,70,20,81,113,160,72,60,60
2026-06-06 18:24:53.057,75,113,118,128,70,20,81,113,160,72,60,60
2026-06-06 18:24:53.057,75,113,114,128,70,20,81,113,160,72,60,60
2026-06-06 18:24:53.058,75,113,114,128,67,18,81,116,162,72,63,63
2026-06-06 18:24:53.108,75,109,114,128,67,18,81,116,162,72,63,63
2026-06-06 18:24:53.109,75,109,110,128,67,18,81,116,162,72,63,63
2026-06-06 18:24:53.110,75,109,110,128,63,18,81,120,162,72,67,68
2026-06-06 18:24:53.159,75,105,110,128,63,18,81,120,162,72,67,68
2026-06-06 18:24:53.160,75,105,105,128,63,18,81,120,162,72,67,68
2026-06-06 18:24:53.160,75,105,105,128,59,22,81,124,158,72,71,72
2026-06-06 18:24:53.209,75,102,105,128,59,22,81,124,158,72,71,72
2026-06-06 18:24:53.210,75,102,101,128,59,22,81,124,158,72,71,72
2026-06-06 18:24:53.211,75,102,101,128,55,29,81,128,151,72,74,76
2026-06-06 18:24:53.260,75,98,101,128,55,29,81,128,151,72,74,76
2026-06-06 18:24:53.260,75,98,97,128,55,29,81,128,151,72,74,76
2026-06-06 18:24:53.261,75,98,97,128,50,39,81,133,141,72,78,80
2026-06-06 18:24:53.308,75,100,97,128,50,39,81,133,141,72,78,80
2026-06-06 18:24:53.309,75,100,114,128,50,39,81,133,141,72,78,80
2026-06-06 18:24:53.310,75,100,114,128,53,44,81,130,136,72,76,63
2026-06-06 18:24:53.359,75,103,114,128,53,44,81,130,136,72,76,63
2026-06-06 18:24:53.359,75,103,130,128,53,44,81,130,136,72,76,63
2026-06-06 18:24:53.360,75,103,130,128,57,48,81,126,132,72,73,47
2026-06-06 18:24:53.407,75,106,130,128,57,48,81,126,132,72,73,47
2026-06-06 18:24:53.407,75,106,142,128,57,48,81,126,132,72,73,47
2026-06-06 18:24:53.409,75,106,142,128,60,52,81,123,128,72,70,35
2026-06-06 18:24:53.459,75,110,142,128,60,52,81,123,128,72,70,35
2026-06-06 18:24:53.460,75,110,151,128,60,52,81,123,128,72,70,35
2026-06-06 18:24:53.461,75,110,151,128,64,56,81,119,124,72,66,26
2026-06-06 18:24:53.508,75,113,151,128,64,56,81,119,124,72,66,26
2026-06-06 18:24:53.510,75,113,157,128,64,56,81,119,124,72,66,26
2026-06-06 18:24:53.510,75,113,157,128,67,60,81,116,120,72,63,20
2026-06-06 18:24:53.560,75,117,157,128,67,60,81,116,120,72,63,20
2026-06-06 18:24:53.560,75,117,159,128,67,60,81,116,120,72,63,20
2026-06-06 18:24:53.561,75,117,159,128,71,64,81,112,116,72,59,18
2026-06-06 18:24:53.608,75,120,159,128,71,64,81,112,116,72,59,18
2026-06-06 18:24:53.609,75,120,159,128,74,68,81,109,112,72,56,18
2026-06-06 18:24:53.658,75,124,159,128,74,68,81,109,112,72,56,18
2026-06-06 18:24:53.659,75,124,155,128,74,68,81,109,112,72,56,18
2026-06-06 18:24:53.659,75,124,155,128,78,72,81,105,108,72,52,22
2026-06-06 18:24:53.710,75,129,155,128,78,72,81,105,108,72,52,22
2026-06-06 18:24:53.711,75,129,147,128,78,72,81,105,108,72,52,22
2026-06-06 18:24:53.711,75,129,147,128,82,76,81,101,104,72,47,30
2026-06-06 18:24:53.756,75,133,147,128,82,76,81,101,104,72,47,30
2026-06-06 18:24:53.757,75,133,137,128,82,76,81,101,104,72,47,30
2026-06-06 18:24:53.758,75,133,137,128,85,80,81,98,100,72,43,40
2026-06-06 18:24:53.803,75,130,137,128,85,80,81,98,100,72,43,40
2026-06-06 18:24:53.804,75,130,133,128,85,80,81,98,100,72,43,40
2026-06-06 18:24:53.805,75,130,133,128,83,63,81,100,117,72,46,44
2026-06-06 18:24:53.857,75,126,133,128,83,63,81,100,117,72,46,44
2026-06-06 18:24:53.857,75,126,129,128,83,63,81,100,117,72,46,44
2026-06-06 18:24:53.858,75,126,129,128,80,46,81,103,134,72,50,48
2026-06-06 18:24:53.908,75,122,129,128,80,46,81,103,134,72,50,48
2026-06-06 18:24:53.909,75,122,125,128,80,46,81,103,134,72,50,48
2026-06-06 18:24:53.910,75,122,125,128,76,34,81,107,146,72,54,52
2026-06-06 18:24:53.958,75,119,125,128,76,34,81,107,146,72,54,52
2026-06-06 18:24:53.958,75,119,121,128,76,34,81,107,146,72,54,52
2026-06-06 18:24:53.959,75,119,121,128,73,25,81,110,155,72,57,56
2026-06-06 18:24:54.007,75,115,121,128,73,25,81,110,155,72,57,56
2026-06-06 18:24:54.007,75,115,117,128,73,25,81,110,155,72,57,56
2026-06-06 18:24:54.008,75,115,117,128,70,20,81,113,160,72,61,60
2026-06-06 18:24:54.053,75,112,117,128,70,20,81,113,160,72,61,60
2026-06-06 18:24:54.054,75,112,113,128,70,20,81,113,160,72,61,60
2026-06-06 18:24:54.055,75,112,113,128,66,18,81,116,162,72,64,64
2026-06-06 18:24:54.109,75,108,113,128,66,18,81,116,162,72,64,64
2026-06-06 18:24:54.109,75,108,109,128,66,18,81,116,162,72,64,64
2026-06-06 18:24:54.110,75,108,109,128,62,19,81,121,161,72,68,68
2026-06-06 18:24:54.159,75,105,109,128,62,19,81,121,161,72,68,68
2026-06-06 18:24:54.159,75,105,105,128,62,19,81,121,161,72,68,68
2026-06-06 18:24:54.161,75,105,105,128,58,23,81,125,157,72,71,72
2026-06-06 18:24:54.208,75,101,105,128,58,23,81,125,157,72,71,72
2026-06-06 18:24:54.208,75,101,101,128,58,23,81,125,157,72,71,72
2026-06-06 18:24:54.209,75,101,101,128,54,30,81,129,150,72,75,76
2026-06-06 18:24:54.258,75,98,101,128,54,30,81,129,150,72,75,76
2026-06-06 18:24:54.259,75,98,99,128,54,30,81,129,150,72,75,76
2026-06-06 18:24:54.259,75,98,99,128,50,40,81,133,140,72,78,78
2026-06-06 18:24:54.307,75,101,99,128,50,40,81,133,140,72,78,78
2026-06-06 18:24:54.307,75,101,117,128,50,40,81,133,140,72,78,78
2026-06-06 18:24:54.308,75,101,117,128,54,44,81,129,136,72,75,60
2026-06-06 18:24:54.358,75,104,117,128,54,44,81,129,136,72,75,60
2026-06-06 18:24:54.359,75,104,132,128,54,44,81,129,136,72,75,60
2026-06-06 18:24:54.359,75,104,132,128,58,48,81,126,132,72,72,45
2026-06-06 18:24:54.407,75,107,132,128,58,48,81,126,132,72,72,45
2026-06-06 18:24:54.408,75,107,144,128,58,48,81,126,132,72,72,45
2026-06-06 18:24:54.409,75,107,144,128,61,52,81,122,128,72,69,33
2026-06-06 18:24:54.456,75,110,144,128,61,52,81,122,128,72,69,33
2026-06-06 18:24:54.456,75,110,152,128,61,52,81,122,128,72,69,33
2026-06-06 18:24:54.457,75,110,152,128,64,56,81,118,124,72,66,25
2026-06-06 18:24:54.508,75,114,152,128,64,56,81,118,124,72,66,25
2026-06-06 18:24:54.509,75,114,158,128,64,56,81,118,124,72,66,25
2026-06-06 18:24:54.509,75,114,158,128,68,61,81,115,119,72,62,19
2026-06-06 18:24:54.560,75,117,158,128,68,61,81,115,119,72,62,19
2026-06-06 18:24:54.560,75,117,160,128,68,61,81,115,119,72,62,19
2026-06-06 18:24:54.562,75,117,160,128,72,65,81,111,115,72,59,18
2026-06-06 18:24:54.606,75,121,160,128,72,65,81,111,115,72,59,18
2026-06-06 18:24:54.607,75,121,158,128,72,65,81,111,115,72,59,18
2026-06-06 18:24:54.608,75,121,158,128,75,69,81,108,111,72,55,19
2026-06-06 18:24:54.658,75,125,158,128,75,69,81,108,111,72,55,19
2026-06-06 18:24:54.659,75,125,153,128,75,69,81,108,111,72,55,19
2026-06-06 18:24:54.660,75,125,153,128,79,73,81,104,107,72,51,24
2026-06-06 18:24:54.710,75,130,153,128,79,73,81,104,107,72,51,24
2026-06-06 18:24:54.711,75,130,145,128,79,73,81,104,107,72,51,24
2026-06-06 18:24:54.711,75,130,145,128,82,77,81,101,103,72,46,32
2026-06-06 18:24:54.759,75,132,145,128,82,77,81,101,103,72,46,32
2026-06-06 18:24:54.760,75,132,136,128,82,77,81,101,103,72,46,32
2026-06-06 18:24:54.761,75,132,136,128,84,75,81,99,105,72,44,41
2026-06-06 18:24:54.809,75,129,136,128,84,75,81,99,105,72,44,41
2026-06-06 18:24:54.810,75,129,132,128,84,75,81,99,105,72,44,41
2026-06-06 18:24:54.811,75,129,132,128,82,58,81,101,122,72,47,45
2026-06-06 18:24:54.859,75,125,132,128,82,58,81,101,122,72,47,45
2026-06-06 18:24:54.860,75,125,128,128,82,58,81,101,122,72,47,45
2026-06-06 18:24:54.861,75,125,128,128,79,43,81,104,137,72,51,49
2026-06-06 18:24:54.910,75,122,128,128,79,43,81,104,137,72,51,49
2026-06-06 18:24:54.910,75,122,124,128,79,43,81,104,137,72,51,49
2026-06-06 18:24:54.911,75,122,124,128,76,32,81,107,148,72,54,53
2026-06-06 18:24:54.959,75,118,124,128,76,32,81,107,148,72,54,53
2026-06-06 18:24:54.959,75,118,120,128,76,32,81,107,148,72,54,53
2026-06-06 18:24:54.959,75,118,120,128,72,24,81,110,156,72,58,57
2026-06-06 18:24:55.011,75,114,120,128,72,24,81,110,156,72,58,57
2026-06-06 18:24:55.011,75,114,116,128,72,24,81,110,156,72,58,57
2026-06-06 18:24:55.012,75,114,116,128,69,19,81,114,161,72,62,61
2026-06-06 18:24:55.059,75,111,116,128,69,19,81,114,161,72,62,61
2026-06-06 18:24:55.060,75,111,112,128,69,19,81,114,161,72,62,61
2026-06-06 18:24:55.061,75,111,112,128,65,18,81,118,162,72,65,65
2026-06-06 18:24:55.109,75,107,112,128,65,18,81,118,162,72,65,65
2026-06-06 18:24:55.109,75,107,108,128,65,18,81,118,162,72,65,65
2026-06-06 18:24:55.110,75,107,108,128,61,19,81,122,161,72,69,69
2026-06-06 18:24:55.160,75,104,108,128,61,19,81,122,161,72,69,69
2026-06-06 18:24:55.161,75,104,104,128,61,19,81,122,161,72,69,69
2026-06-06 18:24:55.161,75,104,104,128,57,24,81,126,156,72,72,73
2026-06-06 18:24:55.207,75,100,104,128,57,24,81,126,156,72,72,73
2026-06-06 18:24:55.207,75,100,100,128,57,24,81,126,156,72,72,73
2026-06-06 18:24:55.208,75,100,100,128,53,32,81,130,148,72,76,77
2026-06-06 18:24:55.259,75,99,100,128,53,32,81,130,148,72,76,77
2026-06-06 18:24:55.260,75,99,104,128,53,32,81,130,148,72,76,77
2026-06-06 18:24:55.260,75,99,104,128,51,41,81,132,139,72,77,73
2026-06-06 18:24:55.310,75,102,104,128,51,41,81,132,139,72,77,73
2026-06-06 18:24:55.311,75,102,121,128,51,41,81,132,139,72,77,73
2026-06-06 18:24:55.311,75,102,121,128,55,45,81,128,135,72,74,56
2026-06-06 18:24:55.357,75,104,121,128,55,45,81,128,135,72,74,56
2026-06-06 18:24:55.358,75,104,135,128,55,45,81,128,135,72,74,56
2026-06-06 18:24:55.358,75,104,135,128,58,49,81,125,131,72,72,42
2026-06-06 18:24:55.410,75,108,135,128,58,49,81,125,131,72,72,42
2026-06-06 18:24:55.411,75,108,146,128,58,49,81,125,131,72,72,42
2026-06-06 18:24:55.411,75,108,146,128,62,54,81,121,126,72,68,31
2026-06-06 18:24:55.460,75,111,146,128,62,54,81,121,126,72,68,31
2026-06-06 18:24:55.460,75,111,154,128,62,54,81,121,126,72,68,31
2026-06-06 18:24:55.461,75,111,154,128,65,58,81,118,122,72,65,23
2026-06-06 18:24:55.509,75,114,154,128,65,58,81,118,122,72,65,23
2026-06-06 18:24:55.509,75,114,158,128,65,58,81,118,122,72,65,23
2026-06-06 18:24:55.510,75,114,158,128,69,62,81,114,118,72,62,19
2026-06-06 18:24:55.559,75,118,158,128,69,62,81,114,118,72,62,19
2026-06-06 18:24:55.560,75,118,160,128,69,62,81,114,118,72,62,19
2026-06-06 18:24:55.561,75,118,160,128,72,66,81,110,114,72,58,18
2026-06-06 18:24:55.609,75,122,160,128,72,66,81,110,114,72,58,18
2026-06-06 18:24:55.610,75,122,157,128,72,66,81,110,114,72,58,18
2026-06-06 18:24:55.611,75,122,157,128,76,70,81,107,110,72,54,20
2026-06-06 18:24:55.658,75,126,157,128,76,70,81,107,110,72,54,20
2026-06-06 18:24:55.659,75,126,152,128,76,70,81,107,110,72,54,20
2026-06-06 18:24:55.660,75,126,152,128,79,74,81,104,106,72,50,25
2026-06-06 18:24:55.709,75,130,152,128,79,74,81,104,106,72,50,25
2026-06-06 18:24:55.710,75,130,143,128,79,74,81,104,106,72,50,25
2026-06-06 18:24:55.711,75,130,143,128,83,78,81,100,102,72,46,34
2026-06-06 18:24:55.759,75,132,143,128,83,78,81,100,102,72,46,34
2026-06-06 18:24:55.759,75,132,135,128,83,78,81,100,102,72,46,34
2026-06-06 18:24:55.760,75,132,135,128,84,72,81,99,108,72,44,42
2026-06-06 18:24:55.810,75,128,135,128,84,72,81,99,108,72,44,42
2026-06-06 18:24:55.810,75,128,131,128,84,72,81,99,108,72,44,42
2026-06-06 18:24:55.811,75,128,131,128,81,54,81,102,126,72,48,46
2026-06-06 18:24:55.858,75,124,131,128,81,54,81,102,126,72,48,46
2026-06-06 18:24:55.859,75,124,127,128,81,54,81,102,126,72,48,46
2026-06-06 18:24:55.860,75,124,127,128,78,40,81,105,140,72,52,50
2026-06-06 18:24:55.910,75,121,127,128,78,40,81,105,140,72,52,50
2026-06-06 18:24:55.910,75,121,123,128,78,40,81,105,140,72,52,50
2026-06-06 18:24:55.911,75,121,123,128,75,30,81,108,150,72,55,54
2026-06-06 18:24:55.958,75,117,123,128,75,30,81,108,150,72,55,54
2026-06-06 18:24:55.959,75,117,119,128,75,30,81,108,150,72,55,54
2026-06-06 18:24:55.959,75,117,119,128,72,22,81,111,158,72,59,58
2026-06-06 18:24:56.008,75,114,119,128,72,22,81,111,158,72,59,58
2026-06-06 18:24:56.009,75,114,115,128,72,22,81,111,158,72,59,58
2026-06-06 18:24:56.010,75,114,115,128,68,18,81,115,162,72,62,62
2026-06-06 18:24:56.058,75,110,115,128,68,18,81,115,162,72,62,62
2026-06-06 18:24:56.059,75,110,111,128,68,18,81,115,162,72,62,62
2026-06-06 18:24:56.060,75,110,111,128,64,18,81,118,162,72,66,66
2026-06-06 18:24:56.109,75,107,111,128,64,18,81,118,162,72,66,66
2026-06-06 18:24:56.110,75,107,107,128,64,18,81,118,162,72,66,66
2026-06-06 18:24:56.110,75,107,107,128,61,20,81,122,160,72,69,70
2026-06-06 18:24:56.161,75,103,107,128,61,20,81,122,160,72,69,70
2026-06-06 18:24:56.161,75,103,103,128,61,20,81,122,160,72,69,70
2026-06-06 18:24:56.162,75,103,103,128,56,26,81,127,154,72,73,74
2026-06-06 18:24:56.209,75,100,103,128,56,26,81,127,154,72,73,74
2026-06-06 18:24:56.209,75,100,99,128,56,26,81,127,154,72,73,74
2026-06-06 18:24:56.210,75,100,99,128,52,35,81,131,145,72,76,78
2026-06-06 18:24:56.259,75,99,99,128,52,35,81,131,145,72,76,78
2026-06-06 18:24:56.259,75,99,108,128,52,35,81,131,145,72,76,78
2026-06-06 18:24:56.260,75,99,108,128,52,42,81,131,138,72,77,70
2026-06-06 18:24:56.309,75,102,108,128,52,42,81,131,138,72,77,70
2026-06-06 18:24:56.311,75,102,124,128,52,42,81,131,138,72,77,70
2026-06-06 18:24:56.311,75,102,124,128,56,46,81,128,134,72,74,53
2026-06-06 18:24:56.359,75,105,124,128,56,46,81,128,134,72,74,53
2026-06-06 18:24:56.360,75,105,138,128,56,46,81,128,134,72,74,53
2026-06-06 18:24:56.361,75,105,138,128,59,50,81,124,130,72,71,39
2026-06-06 18:24:56.408,75,108,138,128,59,50,81,124,130,72,71,39
2026-06-06 18:24:56.409,75,108,148,128,59,50,81,124,130,72,71,39
2026-06-06 18:24:56.410,75,108,148,128,62,54,81,120,126,72,68,29
2026-06-06 18:24:56.460,75,112,148,128,62,54,81,120,126,72,68,29
2026-06-06 18:24:56.460,75,112,155,128,62,54,81,120,126,72,68,29
2026-06-06 18:24:56.461,75,112,155,128,66,58,81,117,122,72,64,22
2026-06-06 18:24:56.509,75,115,155,128,66,58,81,117,122,72,64,22
2026-06-06 18:24:56.509,75,115,159,128,66,58,81,117,122,72,64,22
2026-06-06 18:24:56.510,75,115,159,128,70,62,81,113,118,72,61,18
2026-06-06 18:24:56.560,75,119,159,128,70,62,81,113,118,72,61,18
2026-06-06 18:24:56.561,75,119,159,128,73,66,81,110,114,72,57,18
2026-06-06 18:24:56.610,75,123,159,128,73,66,81,110,114,72,57,18
2026-06-06 18:24:56.610,75,123,156,128,73,66,81,110,114,72,57,18
2026-06-06 18:24:56.611,75,123,156,128,77,70,81,106,110,72,53,20
2026-06-06 18:24:56.660,75,127,156,128,77,70,81,106,110,72,53,20
2026-06-06 18:24:56.660,75,127,150,128,77,70,81,106,110,72,53,20
2026-06-06 18:24:56.661,75,127,150,128,80,74,81,103,106,72,49,27
2026-06-06 18:24:56.710,75,132,150,128,80,74,81,103,106,72,49,27
2026-06-06 18:24:56.711,75,132,141,128,80,74,81,103,106,72,49,27
2026-06-06 18:24:56.711,75,132,141,128,84,79,81,99,101,72,44,36
2026-06-06 18:24:56.760,75,131,141,128,84,79,81,99,101,72,44,36
2026-06-06 18:24:56.761,75,131,134,128,84,79,81,99,101,72,44,36
2026-06-06 18:24:56.762,75,131,134,128,83,67,81,100,113,72,45,43
2026-06-06 18:24:56.808,75,127,134,128,83,67,81,100,113,72,45,43
2026-06-06 18:24:56.809,75,127,130,128,83,67,81,100,113,72,45,43
2026-06-06 18:24:56.810,75,127,130,128,81,51,81,102,129,72,49,47
2026-06-06 18:24:56.860,75,124,130,128,81,51,81,102,129,72,49,47
2026-06-06 18:24:56.860,75,124,126,128,81,51,81,102,129,72,49,47
2026-06-06 18:24:56.861,75,124,126,128,78,38,81,105,142,72,52,51
2026-06-06 18:24:56.910,75,120,126,128,78,38,81,105,142,72,52,51
2026-06-06 18:24:56.910,75,120,122,128,78,38,81,105,142,72,52,51
2026-06-06 18:24:56.911,75,120,122,128,74,28,81,109,152,72,56,55
2026-06-06 18:24:56.959,75,117,122,128,74,28,81,109,152,72,56,55
2026-06-06 18:24:56.960,75,117,118,128,74,28,81,109,152,72,56,55
2026-06-06 18:24:56.960,75,117,118,128,71,21,81,112,159,72,59,59
2026-06-06 18:24:57.009,75,113,118,128,71,21,81,112,159,72,59,59
2026-06-06 18:24:57.009,75,113,114,128,71,21,81,112,159,72,59,59
2026-06-06 18:24:57.010,75,113,114,128,68,18,81,116,162,72,63,63
2026-06-06 18:24:57.058,75,110,114,128,68,18,81,116,162,72,63,63
2026-06-06 18:24:57.059,75,110,110,128,68,18,81,116,162,72,63,63
2026-06-06 18:24:57.059,75,110,110,128,64,18,81,119,162,72,66,67
2026-06-06 18:24:57.111,75,106,110,128,64,18,81,119,162,72,66,67
2026-06-06 18:24:57.111,75,106,106,128,64,18,81,119,162,72,66,67
2026-06-06 18:24:57.112,75,106,106,128,60,21,81,123,159,72,70,71
2026-06-06 18:24:57.158,75,102,106,128,60,21,81,123,159,72,70,71
2026-06-06 18:24:57.158,75,102,102,128,60,21,81,123,159,72,70,71
2026-06-06 18:24:57.159,75,102,102,128,56,27,81,127,153,72,74,75
2026-06-06 18:24:57.209,75,99,102,128,56,27,81,127,153,72,74,75
2026-06-06 18:24:57.210,75,99,98,128,56,27,81,127,153,72,74,75
2026-06-06 18:24:57.210,75,99,98,128,51,37,81,132,143,72,77,79
2026-06-06 18:24:57.259,75,100,98,128,51,37,81,132,143,72,77,79
2026-06-06 18:24:57.260,75,100,111,128,51,37,81,132,143,72,77,79
2026-06-06 18:24:57.261,75,100,111,128,53,43,81,130,137,72,76,66
2026-06-06 18:24:57.310,75,103,111,128,53,43,81,130,137,72,76,66
2026-06-06 18:24:57.310,75,103,128,128,53,43,81,130,137,72,76,66
2026-06-06 18:24:57.311,75,103,128,128,56,47,81,127,133,72,73,49
2026-06-06 18:24:57.360,75,106,128,128,56,47,81,127,133,72,73,49
2026-06-06 18:24:57.360,75,106,140,128,56,47,81,127,133,72,73,49
2026-06-06 18:24:57.360,75,106,140,128,60,51,81,123,129,72,70,37
2026-06-06 18:24:57.408,75,109,140,128,60,51,81,123,129,72,70,37
2026-06-06 18:24:57.409,75,109,150,128,60,51,81,123,129,72,70,37
2026-06-06 18:24:57.410,75,109,150,128,63,55,81,120,125,72,67,27
2026-06-06 18:24:57.457,75,112,150,128,63,55,81,120,125,72,67,27
2026-06-06 18:24:57.457,75,112,156,128,63,55,81,120,125,72,67,27
2026-06-06 18:24:57.458,75,112,156,128,67,59,81,116,121,72,64,21
2026-06-06 18:24:57.508,75,116,156,128,67,59,81,116,121,72,64,21
2026-06-06 18:24:57.509,75,116,159,128,67,59,81,116,121,72,64,21
2026-06-06 18:24:57.509,75,116,159,128,70,63,81,113,117,72,60,18
2026-06-06 18:24:57.559,75,120,159,128,70,63,81,113,117,72,60,18
2026-06-06 18:24:57.560,75,120,159,128,74,67,81,109,113,72,56,18
2026-06-06 18:24:57.608,75,124,159,128,74,67,81,109,113,72,56,18
2026-06-06 18:24:57.609,75,124,156,128,74,67,81,109,113,72,56,18
2026-06-06 18:24:57.610,75,124,156,128,77,71,81,106,109,72,52,22
2026-06-06 18:24:57.659,75,128,156,128,77,71,81,106,109,72,52,22
2026-06-06 18:24:57.659,75,128,149,128,77,71,81,106,109,72,52,22
2026-06-06 18:24:57.660,75,128,149,128,81,75,81,102,105,72,48,28
2026-06-06 18:24:57.708,75,132,149,128,81,75,81,102,105,72,48,28
2026-06-06 18:24:57.709,75,132,139,128,81,75,81,102,105,72,48,28
2026-06-06 18:24:57.710,75,132,139,128,84,79,81,99,101,72,44,38
2026-06-06 18:24:57.760,75,130,139,128,84,79,81,99,101,72,44,38
2026-06-06 18:24:57.760,75,130,134,128,84,79,81,99,101,72,44,38
2026-06-06 18:24:57.761,75,130,134,128,83,64,81,100,116,72,46,44
2026-06-06 18:24:57.811,75,126,134,128,83,64,81,100,116,72,46,44
2026-06-06 18:24:57.811,75,126,130,128,83,64,81,100,116,72,46,44
2026-06-06 18:24:57.811,75,126,130,128,80,48,81,103,132,72,50,48
2026-06-06 18:24:57.860,75,123,130,128,80,48,81,103,132,72,50,48
2026-06-06 18:24:57.861,75,123,125,128,80,48,81,103,132,72,50,48
2026-06-06 18:24:57.861,75,123,125,128,77,36,81,106,144,72,53,52
2026-06-06 18:24:57.909,75,119,125,128,77,36,81,106,144,72,53,52
2026-06-06 18:24:57.910,75,119,121,128,77,36,81,106,144,72,53,52
2026-06-06 18:24:57.910,75,119,121,128,74,26,81,109,154,72,57,56
2026-06-06 18:24:57.958,75,116,121,128,74,26,81,109,154,72,57,56
2026-06-06 18:24:57.959,75,116,117,128,74,26,81,109,154,72,57,56
2026-06-06 18:24:57.960,75,116,117,128,70,20,81,113,160,72,60,60
2026-06-06 18:24:58.009,75,112,117,128,70,20,81,113,160,72,60,60
2026-06-06 18:24:58.010,75,112,113,128,70,20,81,113,160,72,60,60
2026-06-06 18:24:58.010,75,112,113,128,67,18,81,116,162,72,64,64
2026-06-06 18:24:58.058,75,109,113,128,67,18,81,116,162,72,64,64
2026-06-06 18:24:58.059,75,109,109,128,67,18,81,116,162,72,64,64
2026-06-06 18:24:58.059,75,109,109,128,63,18,81,120,162,72,67,68
2026-06-06 18:24:58.110,75,105,109,128,63,18,81,120,162,72,67,68
2026-06-06 18:24:58.111,75,105,105,128,63,18,81,120,162,72,67,68
2026-06-06 18:24:58.111,75,105,105,128,59,22,81,124,158,72,71,72
2026-06-06 18:24:58.160,75,102,105,128,59,22,81,124,158,72,71,72
2026-06-06 18:24:58.160,75,102,101,128,59,22,81,124,158,72,71,72
2026-06-06 18:24:58.161,75,102,101,128,55,29,81,128,151,72,74,76
2026-06-06 18:24:58.210,75,98,101,128,55,29,81,128,151,72,74,76
2026-06-06 18:24:58.210,75,98,97,128,55,29,81,128,151,72,74,76
2026-06-06 18:24:58.210,75,98,97,128,50,40,81,133,140,72,78,80
2026-06-06 18:24:58.258,75,100,97,128,50,40,81,133,140,72,78,80
2026-06-06 18:24:58.259,75,100,115,128,50,40,81,133,140,72,78,80
2026-06-06 18:24:58.260,75,100,115,128,53,44,81,130,136,72,76,62
2026-06-06 18:24:58.309,75,103,115,128,53,44,81,130,136,72,76,62
2026-06-06 18:24:58.310,75,103,130,128,53,44,81,130,136,72,76,62
2026-06-06 18:24:58.310,75,103,130,128,57,48,81,126,132,72,73,47
2026-06-06 18:24:58.360,75,106,130,128,57,48,81,126,132,72,73,47
2026-06-06 18:24:58.361,75,106,143,128,57,48,81,126,132,72,73,47
2026-06-06 18:24:58.361,75,106,143,128,60,52,81,122,128,72,70,34
2026-06-06 18:24:58.407,75,110,143,128,60,52,81,122,128,72,70,34
2026-06-06 18:24:58.408,75,110,151,128,60,52,81,122,128,72,70,34
2026-06-06 18:24:58.409,75,110,151,128,64,56,81,119,124,72,66,26
2026-06-06 18:24:58.459,75,113,151,128,64,56,81,119,124,72,66,26
2026-06-06 18:24:58.459,75,113,157,128,64,56,81,119,124,72,66,26
2026-06-06 18:24:58.460,75,113,157,128,68,60,81,116,120,72,63,20
2026-06-06 18:24:58.509,75,117,157,128,68,60,81,116,120,72,63,20
2026-06-06 18:24:58.509,75,117,159,128,68,60,81,116,120,72,63,20
2026-06-06 18:24:58.511,75,117,159,128,71,64,81,112,116,72,59,18
2026-06-06 18:24:58.559,75,121,159,128,71,64,81,112,116,72,59,18
2026-06-06 18:24:58.560,75,121,158,128,71,64,81,112,116,72,59,18
2026-06-06 18:24:58.560,75,121,158,128,75,68,81,108,112,72,55,18
2026-06-06 18:24:58.609,75,124,158,128,75,68,81,108,112,72,55,18
2026-06-06 18:24:58.610,75,124,154,128,75,68,81,108,112,72,55,18
2026-06-06 18:24:58.611,75,124,154,128,78,72,81,105,108,72,52,23
2026-06-06 18:24:58.659,75,129,154,128,78,72,81,105,108,72,52,23
2026-06-06 18:24:58.660,75,129,147,128,78,72,81,105,108,72,52,23
2026-06-06 18:24:58.661,75,129,147,128,82,76,81,101,104,72,47,30
2026-06-06 18:24:58.709,75,133,147,128,82,76,81,101,104,72,47,30
2026-06-06 18:24:58.709,75,133,137,128,82,76,81,101,104,72,47,30
2026-06-06 18:24:58.710,75,133,137,128,85,79,81,98,101,72,43,40
2026-06-06 18:24:58.758,75,129,137,128,85,79,81,98,101,72,43,40
2026-06-06 18:24:58.759,75,129,133,128,85,79,81,98,101,72,43,40
2026-06-06 18:24:58.760,75,129,133,128,82,61,81,101,119,72,47,44
2026-06-06 18:24:58.809,75,126,133,128,82,61,81,101,119,72,47,44
2026-06-06 18:24:58.811,75,126,129,128,82,61,81,101,119,72,47,44
2026-06-06 18:24:58.811,75,126,129,128,79,45,81,104,135,72,50,48
2026-06-06 18:24:58.856,75,122,129,128,79,45,81,104,135,72,50,48
2026-06-06 18:24:58.856,75,122,125,128,79,45,81,104,135,72,50,48
2026-06-06 18:24:58.856,75,122,125,128,76,34,81,106,146,72,54,52
2026-06-06 18:24:58.906,75,119,125,128,76,34,81,106,146,72,54,52
2026-06-06 18:24:58.907,75,119,121,128,76,34,81,106,146,72,54,52
2026-06-06 18:24:58.908,75,119,121,128,73,25,81,110,155,72,57,56
2026-06-06 18:24:58.958,75,115,121,128,73,25,81,110,155,72,57,56
2026-06-06 18:24:58.958,75,115,117,128,73,25,81,110,155,72,57,56
2026-06-06 18:24:58.959,75,115,117,128,70,20,81,113,160,72,61,60
2026-06-06 18:24:59.008,75,112,117,128,70,20,81,113,160,72,61,60
2026-06-06 18:24:59.008,75,112,113,128,70,20,81,113,160,72,61,60
2026-06-06 18:24:59.009,75,112,113,128,66,18,81,117,162,72,64,64
2026-06-06 18:24:59.056,75,108,113,128,66,18,81,117,162,72,64,64
2026-06-06 18:24:59.057,75,108,109,128,66,18,81,117,162,72,64,64
2026-06-06 18:24:59.058,75,108,109,128,62,19,81,121,161,72,68,68
2026-06-06 18:24:59.107,75,105,109,128,62,19,81,121,161,72,68,68
2026-06-06 18:24:59.108,75,105,104,128,62,19,81,121,161,72,68,68
2026-06-06 18:24:59.109,75,105,104,128,58,23,81,125,157,72,71,72
2026-06-06 18:24:59.157,75,101,104,128,58,23,81,125,157,72,71,72
2026-06-06 18:24:59.157,75,101,100,128,58,23,81,125,157,72,71,72
2026-06-06 18:24:59.158,75,101,100,128,54,31,81,129,149,72,75,76
2026-06-06 18:24:59.208,75,98,100,128,54,31,81,129,149,72,75,76
2026-06-06 18:24:59.209,75,98,100,128,50,41,81,132,139,72,78,77
2026-06-06 18:24:59.254,75,101,100,128,50,41,81,132,139,72,78,77
2026-06-06 18:24:59.255,75,101,117,128,50,41,81,132,139,72,78,77
2026-06-06 18:24:59.256,75,101,117,128,54,44,81,129,136,72,75,60
2026-06-06 18:24:59.301,75,103,117,128,54,44,81,129,136,72,75,60
2026-06-06 18:24:59.302,75,103,131,128,54,44,81,129,136,72,75,60
2026-06-06 18:24:59.302,75,103,131,128,57,48,81,126,132,72,73,46
2026-06-06 18:24:59.347,75,106,131,128,57,48,81,126,132,72,73,46
2026-06-06 18:24:59.348,75,106,142,128,57,48,81,126,132,72,73,46
2026-06-06 18:24:59.349,75,106,142,128,60,52,81,123,128,72,70,35
2026-06-06 18:24:59.393,75,109,142,128,60,52,81,123,128,72,70,35
2026-06-06 18:24:59.394,75,109,151,128,60,52,81,123,128,72,70,35
2026-06-06 18:24:59.395,75,109,151,128,64,56,81,119,124,72,67,26
2026-06-06 18:24:59.440,75,112,151,128,64,56,81,119,124,72,67,26
2026-06-06 18:24:59.441,75,112,156,128,64,56,81,119,124,72,67,26
2026-06-06 18:24:59.442,75,112,156,128,67,59,81,116,121,72,64,21
2026-06-06 18:24:59.488,75,116,156,128,67,59,81,116,121,72,64,21
2026-06-06 18:24:59.488,75,116,159,128,67,59,81,116,121,72,64,21
2026-06-06 18:24:59.488,75,116,159,128,70,63,81,113,117,72,60,18
2026-06-06 18:24:59.541,75,120,159,128,70,63,81,113,117,72,60,18
2026-06-06 18:24:59.542,75,120,159,128,74,68,81,109,112,72,56,18
2026-06-06 18:24:59.591,75,124,159,128,74,68,81,109,112,72,56,18
2026-06-06 18:24:59.591,75,124,155,128,74,68,81,109,112,72,56,18
2026-06-06 18:24:59.593,75,124,155,128,78,72,81,105,108,72,52,22
2026-06-06 18:24:59.642,75,128,155,128,78,72,81,105,108,72,52,22
2026-06-06 18:24:59.643,75,128,148,128,78,72,81,105,108,72,52,22
2026-06-06 18:24:59.644,75,128,148,128,81,76,81,102,104,72,48,29
2026-06-06 18:24:59.693,75,133,148,128,81,76,81,102,104,72,48,29
2026-06-06 18:24:59.693,75,133,138,128,81,76,81,102,104,72,48,29
2026-06-06 18:24:59.693,75,133,138,128,85,80,81,98,100,72,43,39
2026-06-06 18:24:59.741,75,130,138,128,85,80,81,98,100,72,43,39
2026-06-06 18:24:59.742,75,130,133,128,85,80,81,98,100,72,43,39
2026-06-06 18:24:59.742,75,130,133,128,83,63,81,100,117,72,46,44
2026-06-06 18:24:59.792,75,126,133,128,83,63,81,100,117,72,46,44
2026-06-06 18:24:59.792,75,126,129,128,83,63,81,100,117,72,46,44
2026-06-06 18:24:59.794,75,126,129,128,80,47,81,103,133,72,50,48
2026-06-06 18:24:59.842,75,123,129,128,80,47,81,103,133,72,50,48
2026-06-06 18:24:59.843,75,123,125,128,80,47,81,103,133,72,50,48
2026-06-06 18:24:59.844,75,123,125,128,77,35,81,106,145,72,53,52
2026-06-06 18:24:59.892,75,119,125,128,77,35,81,106,145,72,53,52
2026-06-06 18:24:59.893,75,119,121,128,77,35,81,106,145,72,53,52
2026-06-06 18:24:59.894,75,119,121,128,74,26,81,110,154,72,57,56
2026-06-06 18:24:59.943,75,116,121,128,74,26,81,110,154,72,57,56
2026-06-06 18:24:59.943,75,116,117,128,74,26,81,110,154,72,57,56
2026-06-06 18:24:59.944,75,116,117,128,70,20,81,113,160,72,60,60
2026-06-06 18:24:59.990,75,112,117,128,70,20,81,113,160,72,60,60
2026-06-06 18:24:59.991,75,112,113,128,70,20,81,113,160,72,60,60
2026-06-06 18:24:59.992,75,112,113,128,67,18,81,116,162,72,64,64
2026-06-06 18:25:00.042,75,108,113,128,67,18,81,116,162,72,64,64
2026-06-06 18:25:00.042,75,108,109,128,67,18,81,116,162,72,64,64
2026-06-06 18:25:00.043,75,108,109,128,63,18,81,120,162,72,68,68
2026-06-06 18:25:00.092,75,105,109,128,63,18,81,120,162,72,68,68
2026-06-06 18:25:00.092,75,105,105,128,63,18,81,120,162,72,68,68
2026-06-06 18:25:00.093,75,105,105,128,59,22,81,124,158,72,71,72
2026-06-06 18:25:00.142,75,101,105,128,59,22,81,124,158,72,71,72
2026-06-06 18:25:00.143,75,101,101,128,59,22,81,124,158,72,71,72
2026-06-06 18:25:00.144,75,101,101,128,54,30,81,129,150,72,75,76
2026-06-06 18:25:00.194,75,98,101,128,54,30,81,129,150,72,75,76
2026-06-06 18:25:00.194,75,98,98,128,54,30,81,129,150,72,75,76
2026-06-06 18:25:00.194,75,98,98,128,50,40,81,133,140,72,78,79
2026-06-06 18:25:00.242,75,101,98,128,50,40,81,133,140,72,78,79
2026-06-06 18:25:00.243,75,101,116,128,50,40,81,133,140,72,78,79
2026-06-06 18:25:00.244,75,101,116,128,54,44,81,129,136,72,75,61
2026-06-06 18:25:00.293,75,104,116,128,54,44,81,129,136,72,75,61
2026-06-06 18:25:00.293,75,104,132,128,54,44,81,129,136,72,75,61
2026-06-06 18:25:00.294,75,104,132,128,57,48,81,126,132,72,72,46
2026-06-06 18:25:00.342,75,107,132,128,57,48,81,126,132,72,72,46
2026-06-06 18:25:00.343,75,107,143,128,57,48,81,126,132,72,72,46
2026-06-06 18:25:00.344,75,107,143,128,61,52,81,122,128,72,69,34
2026-06-06 18:25:00.391,75,110,143,128,61,52,81,122,128,72,69,34
2026-06-06 18:25:00.392,75,110,152,128,61,52,81,122,128,72,69,34
2026-06-06 18:25:00.393,75,110,152,128,64,56,81,119,124,72,66,25
2026-06-06 18:25:00.443,75,113,152,128,64,56,81,119,124,72,66,25
2026-06-06 18:25:00.443,75,113,157,128,64,56,81,119,124,72,66,25
2026-06-06 18:25:00.443,75,113,157,128,68,60,81,115,120,72,63,20
2026-06-06 18:25:00.493,75,117,157,128,68,60,81,115,120,72,63,20
2026-06-06 18:25:00.494,75,117,160,128,68,60,81,115,120,72,63,20
2026-06-06 18:25:00.494,75,117,160,128,71,64,81,112,116,72,59,18
2026-06-06 18:25:00.543,75,121,160,128,71,64,81,112,116,72,59,18
2026-06-06 18:25:00.543,75,121,158,128,71,64,81,112,116,72,59,18
2026-06-06 18:25:00.544,75,121,158,128,75,68,81,108,112,72,55,19
2026-06-06 18:25:00.593,75,125,158,128,75,68,81,108,112,72,55,19
2026-06-06 18:25:00.594,75,125,154,128,75,68,81,108,112,72,55,19
2026-06-06 18:25:00.594,75,125,154,128,78,73,81,104,107,72,51,23
2026-06-06 18:25:00.642,75,129,154,128,78,73,81,104,107,72,51,23
2026-06-06 18:25:00.643,75,129,146,128,78,73,81,104,107,72,51,23
2026-06-06 18:25:00.644,75,129,146,128,82,76,81,101,104,72,47,31
2026-06-06 18:25:00.693,75,132,146,128,82,76,81,101,104,72,47,31
2026-06-06 18:25:00.694,75,132,136,128,82,76,81,101,104,72,47,31
2026-06-06 18:25:00.695,75,132,136,128,85,77,81,98,103,72,44,41
2026-06-06 18:25:00.744,75,129,136,128,85,77,81,98,103,72,44,41
2026-06-06 18:25:00.744,75,129,132,128,85,77,81,98,103,72,44,41
2026-06-06 18:25:00.744,75,129,132,128,82,59,81,101,121,72,47,45
2026-06-06 18:25:00.793,75,125,132,128,82,59,81,101,121,72,47,45
2026-06-06 18:25:00.794,75,125,128,128,82,59,81,101,121,72,47,45
2026-06-06 18:25:00.794,75,125,128,128,79,44,81,104,136,72,51,49
2026-06-06 18:25:00.843,75,122,128,128,79,44,81,104,136,72,51,49
2026-06-06 18:25:00.844,75,122,124,128,79,44,81,104,136,72,51,49
2026-06-06 18:25:00.844,75,122,124,128,76,33,81,107,147,72,54,53
2026-06-06 18:25:00.893,75,118,124,128,76,33,81,107,147,72,54,53
2026-06-06 18:25:00.894,75,118,120,128,76,33,81,107,147,72,54,53
2026-06-06 18:25:00.894,75,118,120,128,73,24,81,110,156,72,58,57
2026-06-06 18:25:00.942,75,115,120,128,73,24,81,110,156,72,58,57
2026-06-06 18:25:00.942,75,115,116,128,73,24,81,110,156,72,58,57
2026-06-06 18:25:00.944,75,115,116,128,69,19,81,114,161,72,61,61
2026-06-06 18:25:00.991,75,111,116,128,69,19,81,114,161,72,61,61
2026-06-06 18:25:00.992,75,111,112,128,69,19,81,114,161,72,61,61
2026-06-06 18:25:00.992,75,111,112,128,66,18,81,117,162,72,65,65
2026-06-06 18:25:01.041,75,108,112,128,66,18,81,117,162,72,65,65
2026-06-06 18:25:01.042,75,108,108,128,66,18,81,117,162,72,65,65
2026-06-06 18:25:01.042,75,108,108,128,62,19,81,121,161,72,68,69
2026-06-06 18:25:01.091,75,104,108,128,62,19,81,121,161,72,68,69
2026-06-06 18:25:01.092,75,104,104,128,62,19,81,121,161,72,68,69
2026-06-06 18:25:01.093,75,104,104,128,58,24,81,125,156,72,72,73
2026-06-06 18:25:01.143,75,101,104,128,58,24,81,125,156,72,72,73
2026-06-06 18:25:01.143,75,101,100,128,58,24,81,125,156,72,72,73
2026-06-06 18:25:01.144,75,101,100,128,53,32,81,130,148,72,75,77
2026-06-06 18:25:01.193,75,99,100,128,53,32,81,130,148,72,75,77
2026-06-06 18:25:01.194,75,99,102,128,53,32,81,130,148,72,75,77
2026-06-06 18:25:01.194,75,99,102,128,51,41,81,132,139,72,77,75
2026-06-06 18:25:01.243,75,101,102,128,51,41,81,132,139,72,77,75
2026-06-06 18:25:01.244,75,101,120,128,51,41,81,132,139,72,77,75
2026-06-06 18:25:01.244,75,101,120,128,54,45,81,129,135,72,75,58
2026-06-06 18:25:01.293,75,104,120,128,54,45,81,129,135,72,75,58
2026-06-06 18:25:01.294,75,104,134,128,54,45,81,129,135,72,75,58
2026-06-06 18:25:01.295,75,104,134,128,58,49,81,125,131,72,72,43
2026-06-06 18:25:01.341,75,107,134,128,58,49,81,125,131,72,72,43
2026-06-06 18:25:01.343,75,107,145,128,58,49,81,125,131,72,72,43
2026-06-06 18:25:01.343,75,107,145,128,61,53,81,122,127,72,69,32
2026-06-06 18:25:01.393,75,111,145,128,61,53,81,122,127,72,69,32
2026-06-06 18:25:01.394,75,111,153,128,61,53,81,122,127,72,69,32
2026-06-06 18:25:01.394,75,111,153,128,65,57,81,118,123,72,65,24
2026-06-06 18:25:01.441,75,114,153,128,65,57,81,118,123,72,65,24
2026-06-06 18:25:01.442,75,114,158,128,65,57,81,118,123,72,65,24
2026-06-06 18:25:01.443,75,114,158,128,68,61,81,114,119,72,62,19
2026-06-06 18:25:01.492,75,118,158,128,68,61,81,114,119,72,62,19
2026-06-06 18:25:01.493,75,118,160,128,68,61,81,114,119,72,62,19
2026-06-06 18:25:01.494,75,118,160,128,72,65,81,111,115,72,58,18
2026-06-06 18:25:01.541,75,122,160,128,72,65,81,111,115,72,58,18
2026-06-06 18:25:01.542,75,122,158,128,72,65,81,111,115,72,58,18
2026-06-06 18:25:01.543,75,122,158,128,76,69,81,107,111,72,54,19
2026-06-06 18:25:01.593,75,126,158,128,76,69,81,107,111,72,54,19
2026-06-06 18:25:01.593,75,126,153,128,76,69,81,107,111,72,54,19
2026-06-06 18:25:01.594,75,126,153,128,79,73,81,104,107,72,50,24
2026-06-06 18:25:01.644,75,130,153,128,79,73,81,104,107,72,50,24
2026-06-06 18:25:01.644,75,130,144,128,79,73,81,104,107,72,50,24
2026-06-06 18:25:01.644,75,130,144,128,83,77,81,100,103,72,46,33
2026-06-06 18:25:01.691,75,132,144,128,83,77,81,100,103,72,46,33
2026-06-06 18:25:01.691,75,132,136,128,83,77,81,100,103,72,46,33
2026-06-06 18:25:01.692,75,132,136,128,84,74,81,99,106,72,44,41
2026-06-06 18:25:01.743,75,128,136,128,84,74,81,99,106,72,44,41
2026-06-06 18:25:01.744,75,128,132,128,84,74,81,99,106,72,44,41
2026-06-06 18:25:01.744,75,128,132,128,81,56,81,102,124,72,48,46
2026-06-06 18:25:01.793,75,125,132,128,81,56,81,102,124,72,48,46
2026-06-06 18:25:01.794,75,125,128,128,81,56,81,102,124,72,48,46
2026-06-06 18:25:01.794,75,125,128,128,78,42,81,104,138,72,51,50
2026-06-06 18:25:01.843,75,121,128,128,78,42,81,104,138,72,51,50
2026-06-06 18:25:01.844,75,121,124,128,78,42,81,104,138,72,51,50
2026-06-06 18:25:01.845,75,121,124,128,75,31,81,108,149,72,55,54
2026-06-06 18:25:01.893,75,118,124,128,75,31,81,108,149,72,55,54
2026-06-06 18:25:01.894,75,118,119,128,75,31,81,108,149,72,55,54
2026-06-06 18:25:01.894,75,118,119,128,72,23,81,111,157,72,58,58
2026-06-06 18:25:01.943,75,114,119,128,72,23,81,111,157,72,58,58
2026-06-06 18:25:01.943,75,114,115,128,72,23,81,111,157,72,58,58
2026-06-06 18:25:01.944,75,114,115,128,68,19,81,114,161,72,62,62
2026-06-06 18:25:01.991,75,111,115,128,68,19,81,114,161,72,62,62
2026-06-06 18:25:01.992,75,111,111,128,68,19,81,114,161,72,62,62
2026-06-06 18:25:01.993,75,111,111,128,65,18,81,118,162,72,65,66
2026-06-06 18:25:02.043,75,107,111,128,65,18,81,118,162,72,65,66
2026-06-06 18:25:02.044,75,107,107,128,65,18,81,118,162,72,65,66
2026-06-06 18:25:02.044,75,107,107,128,61,20,81,122,160,72,69,70
2026-06-06 18:25:02.091,75,104,107,128,61,20,81,122,160,72,69,70
2026-06-06 18:25:02.092,75,104,103,128,61,20,81,122,160,72,69,70
2026-06-06 18:25:02.093,75,104,103,128,57,25,81,126,155,72,72,74
2026-06-06 18:25:02.143,75,100,103,128,57,25,81,126,155,72,72,74
2026-06-06 18:25:02.144,75,100,99,128,57,25,81,126,155,72,72,74
2026-06-06 18:25:02.144,75,100,99,128,52,34,81,130,146,72,76,78
2026-06-06 18:25:02.192,75,99,99,128,52,34,81,130,146,72,76,78
2026-06-06 18:25:02.192,75,99,106,128,52,34,81,130,146,72,76,78
2026-06-06 18:25:02.193,75,99,106,128,52,42,81,131,138,72,77,71
2026-06-06 18:25:02.241,75,102,106,128,52,42,81,131,138,72,77,71
2026-06-06 18:25:02.242,75,102,123,128,52,42,81,131,138,72,77,71
2026-06-06 18:25:02.242,75,102,123,128,55,46,81,128,134,72,74,54
2026-06-06 18:25:02.291,75,105,123,128,55,46,81,128,134,72,74,54
2026-06-06 18:25:02.292,75,105,136,128,55,46,81,128,134,72,74,54
2026-06-06 18:25:02.293,75,105,136,128,58,50,81,124,130,72,71,41
2026-06-06 18:25:02.343,75,108,136,128,58,50,81,124,130,72,71,41
2026-06-06 18:25:02.343,75,108,147,128,58,50,81,124,130,72,71,41
2026-06-06 18:25:02.344,75,108,147,128,62,54,81,121,126,72,68,30
2026-06-06 18:25:02.393,75,111,147,128,62,54,81,121,126,72,68,30
2026-06-06 18:25:02.393,75,111,155,128,62,54,81,121,126,72,68,30
2026-06-06 18:25:02.394,75,111,155,128,66,58,81,117,122,72,65,22
2026-06-06 18:25:02.442,75,115,155,128,66,58,81,117,122,72,65,22
2026-06-06 18:25:02.443,75,115,159,128,66,58,81,117,122,72,65,22
2026-06-06 18:25:02.443,75,115,159,128,69,62,81,114,118,72,61,18
2026-06-06 18:25:02.494,75,119,159,128,69,62,81,114,118,72,61,18
2026-06-06 18:25:02.494,75,119,159,128,73,66,81,110,114,72,57,18
2026-06-06 18:25:02.543,75,122,159,128,73,66,81,110,114,72,57,18
2026-06-06 18:25:02.543,75,122,157,128,73,66,81,110,114,72,57,18
2026-06-06 18:25:02.544,75,122,157,128,76,70,81,107,110,72,54,20
2026-06-06 18:25:02.591,75,126,157,128,76,70,81,107,110,72,54,20
2026-06-06 18:25:02.592,75,126,151,128,76,70,81,107,110,72,54,20
2026-06-06 18:25:02.593,75,126,151,128,80,74,81,103,106,72,50,26
2026-06-06 18:25:02.644,75,131,151,128,80,74,81,103,106,72,50,26
2026-06-06 18:25:02.645,75,131,142,128,80,74,81,103,106,72,50,26
2026-06-06 18:25:02.646,75,131,142,128,84,78,81,100,102,72,45,35
2026-06-06 18:25:02.692,75,131,135,128,84,78,81,100,102,72,45,35
2026-06-06 18:25:02.694,75,131,135,128,84,69,81,99,111,72,45,42
2026-06-06 18:25:02.741,75,128,135,128,84,69,81,99,111,72,45,42
2026-06-06 18:25:02.742,75,128,131,128,84,69,81,99,111,72,45,42
2026-06-06 18:25:02.743,75,128,131,128,81,53,81,102,127,72,48,46
2026-06-06 18:25:02.792,75,124,131,128,81,53,81,102,127,72,48,46
2026-06-06 18:25:02.792,75,124,127,128,81,53,81,102,127,72,48,46
2026-06-06 18:25:02.793,75,124,127,128,78,39,81,105,141,72,52,50
2026-06-06 18:25:02.843,75,120,127,128,78,39,81,105,141,72,52,50
2026-06-06 18:25:02.844,75,120,123,128,78,39,81,105,141,72,52,50
2026-06-06 18:25:02.844,75,120,123,128,75,29,81,108,151,72,56,54
2026-06-06 18:25:02.893,75,117,123,128,75,29,81,108,151,72,56,54
2026-06-06 18:25:02.893,75,117,119,128,75,29,81,108,151,72,56,54
2026-06-06 18:25:02.894,75,117,119,128,71,22,81,112,158,72,59,58
2026-06-06 18:25:02.943,75,113,119,128,71,22,81,112,158,72,59,58
2026-06-06 18:25:02.944,75,113,115,128,71,22,81,112,158,72,59,58
2026-06-06 18:25:02.944,75,113,115,128,68,18,81,115,162,72,63,62
2026-06-06 18:25:02.992,75,110,115,128,68,18,81,115,162,72,63,62
2026-06-06 18:25:02.993,75,110,110,128,68,18,81,115,162,72,63,62
2026-06-06 18:25:02.994,75,110,110,128,64,18,81,119,162,72,66,66
2026-06-06 18:25:03.044,75,106,110,128,64,18,81,119,162,72,66,66
2026-06-06 18:25:03.044,75,106,106,128,64,18,81,119,162,72,66,66
2026-06-06 18:25:03.044,75,106,106,128,60,20,81,123,160,72,70,70
2026-06-06 18:25:03.090,75,103,106,128,60,20,81,123,160,72,70,70
2026-06-06 18:25:03.090,75,103,103,128,60,20,81,123,160,72,70,70
2026-06-06 18:25:03.090,75,103,103,128,56,26,81,127,154,72,73,74
2026-06-06 18:25:03.141,75,99,103,128,56,26,81,127,154,72,73,74
2026-06-06 18:25:03.142,75,99,98,128,56,26,81,127,154,72,73,74
2026-06-06 18:25:03.143,75,99,98,128,52,36,81,131,144,72,77,78
2026-06-06 18:25:03.193,75,100,98,128,52,36,81,131,144,72,77,78
2026-06-06 18:25:03.193,75,100,110,128,52,36,81,131,144,72,77,78
2026-06-06 18:25:03.194,75,100,110,128,52,43,81,131,137,72,76,67
2026-06-06 18:25:03.244,75,102,110,128,52,43,81,131,137,72,76,67
2026-06-06 18:25:03.245,75,102,126,128,52,43,81,131,137,72,76,67
2026-06-06 18:25:03.245,75,102,126,128,56,47,81,127,133,72,74,51
2026-06-06 18:25:03.293,75,105,126,128,56,47,81,127,133,72,74,51
2026-06-06 18:25:03.294,75,105,139,128,56,47,81,127,133,72,74,51
2026-06-06 18:25:03.295,75,105,139,128,59,51,81,124,129,72,71,38
2026-06-06 18:25:03.341,75,108,139,128,59,51,81,124,129,72,71,38
2026-06-06 18:25:03.342,75,108,149,128,59,51,81,124,129,72,71,38
2026-06-06 18:25:03.343,75,108,149,128,63,55,81,120,125,72,68,28
2026-06-06 18:25:03.394,75,112,149,128,63,55,81,120,125,72,68,28
2026-06-06 18:25:03.395,75,112,156,128,63,55,81,120,125,72,68,28
2026-06-06 18:25:03.395,75,112,156,128,67,59,81,116,121,72,64,21
2026-06-06 18:25:03.442,75,116,156,128,67,59,81,116,121,72,64,21
2026-06-06 18:25:03.443,75,116,159,128,67,59,81,116,121,72,64,21
2026-06-06 18:25:03.443,75,116,159,128,70,63,81,113,117,72,60,18
2026-06-06 18:25:03.493,75,119,159,128,70,63,81,113,117,72,60,18
2026-06-06 18:25:03.493,75,119,159,128,74,67,81,110,113,72,57,18
2026-06-06 18:25:03.542,75,123,159,128,74,67,81,110,113,72,57,18
2026-06-06 18:25:03.543,75,123,156,128,74,67,81,110,113,72,57,18
2026-06-06 18:25:03.544,75,123,156,128,77,71,81,106,109,72,53,21
2026-06-06 18:25:03.591,75,127,156,128,77,71,81,106,109,72,53,21
2026-06-06 18:25:03.592,75,127,150,128,77,71,81,106,109,72,53,21
2026-06-06 18:25:03.593,75,127,150,128,81,75,81,102,105,72,49,27
2026-06-06 18:25:03.641,75,132,150,128,81,75,81,102,105,72,49,27
2026-06-06 18:25:03.642,75,132,140,128,81,75,81,102,105,72,49,27
2026-06-06 18:25:03.642,75,132,140,128,84,79,81,99,101,72,44,37
2026-06-06 18:25:03.692,75,130,140,128,84,79,81,99,101,72,44,37
2026-06-06 18:25:03.692,75,130,134,128,84,79,81,99,101,72,44,37
2026-06-06 18:25:03.693,75,130,134,128,83,66,81,100,114,72,46,43
2026-06-06 18:25:03.743,75,127,134,128,83,66,81,100,114,72,46,43
2026-06-06 18:25:03.743,75,127,130,128,83,66,81,100,114,72,46,43
2026-06-06 18:25:03.744,75,127,130,128,80,50,81,103,130,72,49,47
2026-06-06 18:25:03.793,75,123,130,128,80,50,81,103,130,72,49,47
2026-06-06 18:25:03.794,75,123,126,128,80,50,81,103,130,72,49,47
2026-06-06 18:25:03.794,75,123,126,128,77,37,81,106,143,72,53,51
2026-06-06 18:25:03.843,75,120,126,128,77,37,81,106,143,72,53,51
2026-06-06 18:25:03.844,75,120,122,128,77,37,81,106,143,72,53,51
2026-06-06 18:25:03.844,75,120,122,128,74,27,81,109,153,72,56,55
2026-06-06 18:25:03.891,75,116,122,128,74,27,81,109,153,72,56,55
2026-06-06 18:25:03.892,75,116,118,128,74,27,81,109,153,72,56,55
2026-06-06 18:25:03.893,75,116,118,128,71,21,81,112,159,72,60,59
2026-06-06 18:25:03.943,75,113,118,128,71,21,81,112,159,72,60,59
2026-06-06 18:25:03.943,75,113,114,128,71,21,81,112,159,72,60,59
2026-06-06 18:25:03.945,75,113,114,128,67,18,81,116,162,72,63,63
2026-06-06 18:25:03.991,75,109,114,128,67,18,81,116,162,72,63,63
2026-06-06 18:25:03.992,75,109,110,128,67,18,81,116,162,72,63,63
2026-06-06 18:25:03.993,75,109,110,128,63,18,81,120,162,72,67,67
2026-06-06 18:25:04.042,75,106,110,128,63,18,81,120,162,72,67,67
2026-06-06 18:25:04.043,75,106,106,128,63,18,81,120,162,72,67,67
2026-06-06 18:25:04.043,75,106,106,128,59,22,81,124,158,72,70,71
2026-06-06 18:25:04.091,75,102,106,128,59,22,81,124,158,72,70,71
2026-06-06 18:25:04.092,75,102,102,128,59,22,81,124,158,72,70,71
2026-06-06 18:25:04.093,75,102,102,128,55,28,81,128,152,72,74,75
2026-06-06 18:25:04.141,75,98,102,128,55,28,81,128,152,72,74,75
2026-06-06 18:25:04.142,75,98,98,128,55,28,81,128,152,72,74,75
2026-06-06 18:25:04.142,75,98,98,128,51,38,81,132,142,72,78,79
2026-06-06 18:25:04.189,75,100,98,128,51,38,81,132,142,72,78,79
2026-06-06 18:25:04.189,75,100,112,128,51,38,81,132,142,72,78,79
2026-06-06 18:25:04.190,75,100,112,128,53,43,81,130,137,72,76,65
2026-06-06 18:25:04.242,75,103,112,128,53,43,81,130,137,72,76,65
2026-06-06 18:25:04.243,75,103,129,128,53,43,81,130,137,72,76,65
2026-06-06 18:25:04.244,75,103,129,128,57,48,81,126,132,72,73,48
2026-06-06 18:25:04.290,75,106,129,128,57,48,81,126,132,72,73,48
2026-06-06 18:25:04.290,75,106,141,128,57,48,81,126,132,72,73,48
2026-06-06 18:25:04.291,75,106,141,128,60,51,81,123,129,72,70,36
2026-06-06 18:25:04.342,75,109,141,128,60,51,81,123,129,72,70,36
2026-06-06 18:25:04.343,75,109,151,128,60,51,81,123,129,72,70,36
2026-06-06 18:25:04.344,75,109,151,128,64,56,81,119,124,72,67,26
2026-06-06 18:25:04.390,75,112,151,128,64,56,81,119,124,72,67,26
2026-06-06 18:25:04.390,75,112,156,128,64,56,81,119,124,72,67,26
2026-06-06 18:25:04.391,75,112,156,128,67,59,81,116,121,72,64,21
2026-06-06 18:25:04.441,75,116,156,128,67,59,81,116,121,72,64,21
2026-06-06 18:25:04.442,75,116,159,128,67,59,81,116,121,72,64,21
2026-06-06 18:25:04.442,75,116,159,128,71,64,81,112,116,72,60,18
2026-06-06 18:25:04.489,75,120,159,128,71,64,81,112,116,72,60,18
2026-06-06 18:25:04.490,75,120,159,128,74,68,81,109,112,72,56,18
2026-06-06 18:25:04.543,75,124,159,128,74,68,81,109,112,72,56,18
2026-06-06 18:25:04.544,75,124,155,128,74,68,81,109,112,72,56,18
2026-06-06 18:25:04.544,75,124,155,128,78,72,81,105,108,72,52,22
2026-06-06 18:25:04.591,75,128,155,128,78,72,81,105,108,72,52,22
2026-06-06 18:25:04.591,75,128,148,128,78,72,81,105,108,72,52,22
2026-06-06 18:25:04.592,75,128,148,128,81,76,81,102,104,72,48,29
2026-06-06 18:25:04.642,75,133,148,128,81,76,81,102,104,72,48,29
2026-06-06 18:25:04.643,75,133,138,128,81,76,81,102,104,72,48,29
2026-06-06 18:25:04.643,75,133,138,128,85,80,81,98,100,72,43,40
2026-06-06 18:25:04.691,75,130,138,128,85,80,81,98,100,72,43,40
2026-06-06 18:25:04.692,75,130,133,128,85,80,81,98,100,72,43,40
2026-06-06 18:25:04.693,75,130,133,128,82,62,81,100,118,72,46,44
2026-06-06 18:25:04.743,75,126,133,128,82,62,81,100,118,72,46,44
2026-06-06 18:25:04.744,75,126,129,128,82,62,81,100,118,72,46,44
2026-06-06 18:25:04.744,75,126,129,128,80,46,81,103,134,72,50,48
2026-06-06 18:25:04.791,75,123,129,128,80,46,81,103,134,72,50,48
2026-06-06 18:25:04.792,75,123,125,128,80,46,81,103,134,72,50,48
2026-06-06 18:25:04.793,75,123,125,128,77,35,81,106,145,72,53,52
2026-06-06 18:25:04.841,75,119,125,128,77,35,81,106,145,72,53,52
2026-06-06 18:25:04.841,75,119,121,128,77,35,81,106,145,72,53,52
2026-06-06 18:25:04.842,75,119,121,128,74,26,81,110,154,72,57,56
2026-06-06 18:25:04.894,75,115,121,128,74,26,81,110,154,72,57,56
2026-06-06 18:25:04.894,75,115,117,128,74,26,81,110,154,72,57,56
2026-06-06 18:25:04.894,75,115,117,128,70,20,81,113,160,72,61,60
2026-06-06 18:25:04.943,75,112,117,128,70,20,81,113,160,72,61,60
2026-06-06 18:25:04.944,75,112,113,128,70,20,81,113,160,72,61,60
2026-06-06 18:25:04.944,75,112,113,128,66,18,81,117,162,72,64,64
2026-06-06 18:25:04.991,75,108,113,128,66,18,81,117,162,72,64,64
2026-06-06 18:25:04.991,75,108,109,128,66,18,81,117,162,72,64,64
2026-06-06 18:25:04.992,75,108,109,128,63,18,81,120,162,72,68,68
2026-06-06 18:25:05.043,75,105,109,128,63,18,81,120,162,72,68,68
2026-06-06 18:25:05.044,75,105,105,128,63,18,81,120,162,72,68,68
2026-06-06 18:25:05.045,75,105,105,128,58,23,81,125,157,72,71,72
2026-06-06 18:25:05.092,75,101,105,128,58,23,81,125,157,72,71,72
2026-06-06 18:25:05.093,75,101,101,128,58,23,81,125,157,72,71,72
2026-06-06 18:25:05.093,75,101,101,128,54,30,81,129,150,72,75,76
2026-06-06 18:25:05.140,75,98,101,128,54,30,81,129,150,72,75,76
2026-06-06 18:25:05.141,75,98,98,128,54,30,81,129,150,72,75,76
2026-06-06 18:25:05.141,75,98,98,128,50,40,81,133,140,72,78,79
2026-06-06 18:25:05.192,75,101,98,128,50,40,81,133,140,72,78,79
2026-06-06 18:25:05.192,75,101,117,128,50,40,81,133,140,72,78,79
2026-06-06 18:25:05.193,75,101,117,128,54,44,81,129,136,72,75,60
2026-06-06 18:25:05.243,75,104,117,128,54,44,81,129,136,72,75,60
2026-06-06 18:25:05.244,75,104,132,128,54,44,81,129,136,72,75,60
2026-06-06 18:25:05.244,75,104,132,128,57,48,81,126,132,72,72,45
2026-06-06 18:25:05.291,75,107,132,128,57,48,81,126,132,72,72,45
2026-06-06 18:25:05.292,75,107,143,128,57,48,81,126,132,72,72,45
2026-06-06 18:25:05.293,75,107,143,128,61,52,81,122,128,72,69,34
2026-06-06 18:25:05.343,75,110,143,128,61,52,81,122,128,72,69,34
2026-06-06 18:25:05.344,75,110,152,128,61,52,81,122,128,72,69,34
2026-06-06 18:25:05.344,75,110,152,128,64,56,81,119,124,72,66,25
2026-06-06 18:25:05.392,75,113,152,128,64,56,81,119,124,72,66,25
2026-06-06 18:25:05.392,75,113,157,128,64,56,81,119,124,72,66,25
2026-06-06 18:25:05.394,75,113,157,128,68,60,81,115,120,72,63,20
2026-06-06 18:25:05.441,75,117,157,128,68,60,81,115,120,72,63,20
2026-06-06 18:25:05.442,75,117,160,128,68,60,81,115,120,72,63,20
2026-06-06 18:25:05.443,75,117,160,128,71,64,81,112,116,72,59,18
2026-06-06 18:25:05.491,75,121,160,128,71,64,81,112,116,72,59,18
2026-06-06 18:25:05.492,75,121,158,128,71,64,81,112,116,72,59,18
2026-06-06 18:25:05.493,75,121,158,128,75,68,81,108,112,72,55,19
2026-06-06 18:25:05.541,75,125,158,128,75,68,81,108,112,72,55,19
2026-06-06 18:25:05.541,75,125,154,128,75,68,81,108,112,72,55,19
2026-06-06 18:25:05.542,75,125,154,128,78,72,81,105,108,72,51,23
2026-06-06 18:25:05.593,75,129,154,128,78,72,81,105,108,72,51,23
2026-06-06 18:25:05.593,75,129,146,128,78,72,81,105,108,72,51,23
2026-06-06 18:25:05.594,75,129,146,128,82,77,81,101,103,72,47,31
2026-06-06 18:25:05.643,75,132,146,128,82,77,81,101,103,72,47,31
2026-06-06 18:25:05.643,75,132,136,128,82,77,81,101,103,72,47,31
2026-06-06 18:25:05.644,75,132,136,128,85,76,81,98,104,72,44,41
2026-06-06 18:25:05.691,75,129,136,128,85,76,81,98,104,72,44,41
2026-06-06 18:25:05.692,75,129,132,128,85,76,81,98,104,72,44,41
2026-06-06 18:25:05.693,75,129,132,128,82,59,81,101,121,72,47,45
2026-06-06 18:25:05.743,75,125,132,128,82,59,81,101,121,72,47,45
2026-06-06 18:25:05.744,75,125,128,128,82,59,81,101,121,72,47,45
2026-06-06 18:25:05.744,75,125,128,128,79,44,81,104,136,72,51,49
2026-06-06 18:25:05.793,75,122,128,128,79,44,81,104,136,72,51,49
2026-06-06 18:25:05.794,75,122,124,128,79,44,81,104,136,72,51,49
2026-06-06 18:25:05.794,75,122,124,128,76,32,81,107,148,72,54,53
2026-06-06 18:25:05.842,75,118,124,128,76,32,81,107,148,72,54,53
2026-06-06 18:25:05.843,75,118,120,128,76,32,81,107,148,72,54,53
2026-06-06 18:25:05.844,75,118,120,128,73,24,81,110,156,72,58,57
2026-06-06 18:25:05.893,75,115,120,128,73,24,81,110,156,72,58,57
2026-06-06 18:25:05.894,75,115,116,128,73,24,81,110,156,72,58,57
2026-06-06 18:25:05.894,75,115,116,128,69,19,81,114,161,72,61,61
2026-06-06 18:25:05.943,75,111,116,128,69,19,81,114,161,72,61,61
2026-06-06 18:25:05.943,75,111,112,128,69,19,81,114,161,72,61,61
2026-06-06 18:25:05.944,75,111,112,128,66,18,81,118,162,72,65,65
2026-06-06 18:25:05.992,75,108,112,128,66,18,81,118,162,72,65,65
2026-06-06 18:25:05.993,75,108,108,128,66,18,81,118,162,72,65,65
2026-06-06 18:25:05.993,75,108,108,128,62,19,81,121,161,72,68,69
2026-06-06 18:25:06.042,75,104,108,128,62,19,81,121,161,72,68,69
2026-06-06 18:25:06.043,75,104,104,128,62,19,81,121,161,72,68,69
2026-06-06 18:25:06.044,75,104,104,128,58,24,81,125,156,72,72,73
2026-06-06 18:25:06.092,75,101,104,128,58,24,81,125,156,72,72,73
2026-06-06 18:25:06.093,75,101,100,128,58,24,81,125,156,72,72,73
2026-06-06 18:25:06.093,75,101,100,128,53,32,81,130,148,72,75,77
2026-06-06 18:25:06.140,75,99,100,128,53,32,81,130,148,72,75,77
2026-06-06 18:25:06.141,75,99,102,128,53,32,81,130,148,72,75,77
2026-06-06 18:25:06.141,75,99,102,128,51,41,81,132,139,72,77,75
2026-06-06 18:25:06.191,75,101,102,128,51,41,81,132,139,72,77,75
2026-06-06 18:25:06.192,75,101,120,128,51,41,81,132,139,72,77,75
2026-06-06 18:25:06.193,75,101,120,128,54,45,81,129,135,72,75,57
2026-06-06 18:25:06.241,75,104,120,128,54,45,81,129,135,72,75,57
2026-06-06 18:25:06.241,75,104,134,128,54,45,81,129,135,72,75,57
2026-06-06 18:25:06.242,75,104,134,128,58,49,81,125,131,72,72,43
2026-06-06 18:25:06.292,75,107,134,128,58,49,81,125,131,72,72,43
2026-06-06 18:25:06.292,75,107,146,128,58,49,81,125,131,72,72,43
2026-06-06 18:25:06.293,75,107,146,128,62,53,81,122,127,72,69,31
2026-06-06 18:25:06.340,75,110,146,128,62,53,81,122,127,72,69,31
2026-06-06 18:25:06.340,75,110,153,128,62,53,81,122,127,72,69,31
2026-06-06 18:25:06.341,75,110,153,128,65,57,81,118,123,72,66,24
2026-06-06 18:25:06.391,75,114,153,128,65,57,81,118,123,72,66,24
2026-06-06 18:25:06.392,75,114,158,128,65,57,81,118,123,72,66,24
2026-06-06 18:25:06.393,75,114,158,128,69,61,81,114,119,72,62,19
2026-06-06 18:25:06.442,75,118,158,128,69,61,81,114,119,72,62,19
2026-06-06 18:25:06.442,75,118,160,128,69,61,81,114,119,72,62,19
2026-06-06 18:25:06.443,75,118,160,128,72,65,81,111,115,72,58,18
2026-06-06 18:25:06.491,75,122,160,128,72,65,81,111,115,72,58,18
2026-06-06 18:25:06.491,75,122,158,128,72,65,81,111,115,72,58,18
2026-06-06 18:25:06.492,75,122,158,128,76,69,81,107,111,72,54,19
2026-06-06 18:25:06.543,75,126,158,128,76,69,81,107,111,72,54,19
2026-06-06 18:25:06.544,75,126,152,128,76,69,81,107,111,72,54,19
2026-06-06 18:25:06.544,75,126,152,128,79,74,81,104,106,72,50,25
2026-06-06 18:25:06.591,75,130,152,128,79,74,81,104,106,72,50,25
2026-06-06 18:25:06.594,75,130,144,128,79,74,81,104,106,72,50,25
2026-06-06 18:25:06.595,75,130,144,128,83,77,81,100,103,72,46,33
2026-06-06 18:25:06.642,75,132,144,128,83,77,81,100,103,72,46,33
2026-06-06 18:25:06.642,75,132,136,128,83,77,81,100,103,72,46,33
2026-06-06 18:25:06.643,75,132,136,128,84,73,81,99,107,72,44,42
2026-06-06 18:25:06.690,75,128,136,128,84,73,81,99,107,72,44,42
2026-06-06 18:25:06.691,75,128,132,128,84,73,81,99,107,72,44,42
2026-06-06 18:25:06.693,75,128,132,128,81,56,81,102,124,72,48,45
2026-06-06 18:25:06.741,75,125,132,128,81,56,81,102,124,72,48,45
2026-06-06 18:25:06.741,75,125,128,128,81,56,81,102,124,72,48,45
2026-06-06 18:25:06.742,75,125,128,128,78,42,81,104,138,72,51,50
2026-06-06 18:25:06.793,75,121,128,128,78,42,81,104,138,72,51,50
2026-06-06 18:25:06.794,75,121,123,128,78,42,81,104,138,72,51,50
2026-06-06 18:25:06.794,75,121,123,128,75,30,81,108,150,72,55,54
2026-06-06 18:25:06.841,75,118,123,128,75,30,81,108,150,72,55,54
2026-06-06 18:25:06.842,75,118,119,128,75,30,81,108,150,72,55,54
2026-06-06 18:25:06.843,75,118,119,128,72,23,81,111,157,72,58,58
2026-06-06 18:25:06.894,75,114,119,128,72,23,81,111,157,72,58,58
2026-06-06 18:25:06.894,75,114,115,128,72,23,81,111,157,72,58,58
2026-06-06 18:25:06.895,75,114,115,128,68,18,81,115,162,72,62,62
2026-06-06 18:25:06.941,75,110,115,128,68,18,81,115,162,72,62,62
2026-06-06 18:25:06.942,75,110,111,128,68,18,81,115,162,72,62,62
2026-06-06 18:25:06.942,75,110,111,128,65,18,81,118,162,72,66,66
2026-06-06 18:25:06.991,75,107,111,128,65,18,81,118,162,72,66,66
2026-06-06 18:25:06.992,75,107,107,128,65,18,81,118,162,72,66,66
2026-06-06 18:25:06.993,75,107,107,128,61,20,81,122,160,72,69,70
2026-06-06 18:25:07.044,75,103,107,128,61,20,81,122,160,72,69,70
2026-06-06 18:25:07.044,75,103,103,128,61,20,81,122,160,72,69,70
2026-06-06 18:25:07.045,75,103,103,128,57,26,81,126,154,72,73,74
2026-06-06 18:25:07.093,75,100,103,128,57,26,81,126,154,72,73,74
2026-06-06 18:25:07.094,75,100,99,128,57,26,81,126,154,72,73,74
2026-06-06 18:25:07.095,75,100,99,128,52,34,81,131,146,72,76,78
2026-06-06 18:25:07.144,75,99,99,128,52,34,81,131,146,72,76,78
2026-06-06 18:25:07.144,75,99,107,128,52,34,81,131,146,72,76,78
2026-06-06 18:25:07.146,75,99,107,128,52,42,81,131,138,72,77,70
2026-06-06 18:25:07.193,75,102,107,128,52,42,81,131,138,72,77,70
2026-06-06 18:25:07.194,75,102,124,128,52,42,81,131,138,72,77,70
2026-06-06 18:25:07.194,75,102,124,128,55,46,81,128,134,72,74,54
2026-06-06 18:25:07.243,75,105,124,128,55,46,81,128,134,72,74,54
2026-06-06 18:25:07.243,75,105,137,128,55,46,81,128,134,72,74,54
2026-06-06 18:25:07.244,75,105,137,128,59,50,81,124,130,72,71,40
2026-06-06 18:25:07.292,75,108,137,128,59,50,81,124,130,72,71,40
2026-06-06 18:25:07.293,75,108,148,128,59,50,81,124,130,72,71,40
2026-06-06 18:25:07.294,75,108,148,128,62,54,81,121,126,72,68,30
2026-06-06 18:25:07.343,75,111,148,128,62,54,81,121,126,72,68,30
2026-06-06 18:25:07.344,75,111,155,128,62,54,81,121,126,72,68,30
2026-06-06 18:25:07.344,75,111,155,128,66,58,81,117,122,72,65,22
2026-06-06 18:25:07.391,75,115,155,128,66,58,81,117,122,72,65,22
2026-06-06 18:25:07.392,75,115,159,128,66,58,81,117,122,72,65,22
2026-06-06 18:25:07.393,75,115,159,128,69,62,81,114,118,72,61,18
2026-06-06 18:25:07.440,75,118,159,128,69,62,81,114,118,72,61,18
2026-06-06 18:25:07.441,75,118,159,128,73,66,81,110,114,72,58,18
2026-06-06 18:25:07.490,75,122,159,128,73,66,81,110,114,72,58,18
2026-06-06 18:25:07.490,75,122,157,128,73,66,81,110,114,72,58,18
2026-06-06 18:25:07.491,75,122,157,128,76,70,81,107,110,72,54,20
2026-06-06 18:25:07.542,75,127,157,128,76,70,81,107,110,72,54,20
2026-06-06 18:25:07.543,75,127,151,128,76,70,81,107,110,72,54,20
2026-06-06 18:25:07.544,75,127,151,128,80,74,81,103,106,72,49,26
2026-06-06 18:25:07.593,75,131,151,128,80,74,81,103,106,72,49,26
2026-06-06 18:25:07.594,75,131,142,128,80,74,81,103,106,72,49,26
2026-06-06 18:25:07.595,75,131,142,128,84,78,81,100,102,72,45,35
2026-06-06 18:25:07.643,75,131,135,128,84,78,81,100,102,72,45,35
2026-06-06 18:25:07.644,75,131,135,128,84,69,81,100,111,72,45,42
2026-06-06 18:25:07.692,75,127,135,128,84,69,81,100,111,72,45,42
2026-06-06 18:25:07.693,75,127,131,128,84,69,81,100,111,72,45,42
2026-06-06 18:25:07.693,75,127,131,128,81,52,81,102,128,72,49,46
2026-06-06 18:25:07.741,75,124,131,128,81,52,81,102,128,72,49,46
2026-06-06 18:25:07.742,75,124,127,128,81,52,81,102,128,72,49,46
2026-06-06 18:25:07.743,75,124,127,128,78,39,81,105,141,72,52,50
2026-06-06 18:25:07.793,75,120,127,128,78,39,81,105,141,72,52,50
2026-06-06 18:25:07.794,75,120,122,128,78,39,81,105,141,72,52,50
2026-06-06 18:25:07.794,75,120,122,128,75,28,81,108,152,72,56,54
2026-06-06 18:25:07.843,75,117,122,128,75,28,81,108,152,72,56,54
2026-06-06 18:25:07.843,75,117,118,128,75,28,81,108,152,72,56,54
2026-06-06 18:25:07.844,75,117,118,128,71,22,81,112,158,72,59,58
2026-06-06 18:25:07.891,75,113,118,128,71,22,81,112,158,72,59,58
2026-06-06 18:25:07.891,75,113,114,128,71,22,81,112,158,72,59,58
2026-06-06 18:25:07.892,75,113,114,128,68,18,81,115,162,72,63,62
2026-06-06 18:25:07.943,75,110,114,128,68,18,81,115,162,72,63,62
2026-06-06 18:25:07.944,75,110,110,128,68,18,81,115,162,72,63,62
2026-06-06 18:25:07.944,75,110,110,128,64,18,81,119,162,72,66,67
2026-06-06 18:25:07.990,75,106,110,128,64,18,81,119,162,72,66,67
2026-06-06 18:25:07.990,75,106,106,128,64,18,81,119,162,72,66,67
2026-06-06 18:25:07.992,75,106,106,128,60,20,81,123,160,72,70,70
2026-06-06 18:25:08.043,75,103,106,128,60,20,81,123,160,72,70,70
2026-06-06 18:25:08.044,75,103,102,128,60,20,81,123,160,72,70,70
2026-06-06 18:25:08.044,75,103,102,128,56,27,81,127,153,72,73,75
2026-06-06 18:25:08.091,75,99,102,128,56,27,81,127,153,72,73,75
2026-06-06 18:25:08.092,75,99,98,128,56,27,81,127,153,72,73,75
2026-06-06 18:25:08.093,75,99,98,128,52,36,81,132,144,72,77,79
2026-06-06 18:25:08.143,75,100,98,128,52,36,81,132,144,72,77,79
2026-06-06 18:25:08.144,75,100,110,128,52,36,81,132,144,72,77,79
2026-06-06 18:25:08.145,75,100,110,128,52,43,81,130,137,72,76,67
2026-06-06 18:25:08.193,75,103,110,128,52,43,81,130,137,72,76,67
2026-06-06 18:25:08.194,75,103,127,128,52,43,81,130,137,72,76,67
2026-06-06 18:25:08.195,75,103,127,128,56,47,81,127,133,72,73,50
2026-06-06 18:25:08.242,75,106,127,128,56,47,81,127,133,72,73,50
2026-06-06 18:25:08.242,75,106,139,128,56,47,81,127,133,72,73,50
2026-06-06 18:25:08.243,75,106,139,128,59,51,81,124,129,72,70,38
2026-06-06 18:25:08.294,75,109,139,128,59,51,81,124,129,72,70,38
2026-06-06 18:25:08.294,75,109,150,128,59,51,81,124,129,72,70,38
2026-06-06 18:25:08.294,75,109,150,128,63,55,81,120,125,72,67,28
2026-06-06 18:25:08.342,75,112,150,128,63,55,81,120,125,72,67,28
2026-06-06 18:25:08.343,75,112,156,128,63,55,81,120,125,72,67,28
2026-06-06 18:25:08.344,75,112,156,128,67,59,81,116,121,72,64,21
2026-06-06 18:25:08.392,75,116,156,128,67,59,81,116,121,72,64,21
2026-06-06 18:25:08.393,75,116,159,128,67,59,81,116,121,72,64,21
2026-06-06 18:25:08.394,75,116,159,128,70,63,81,113,117,72,60,18
2026-06-06 18:25:08.443,75,120,159,128,70,63,81,113,117,72,60,18
2026-06-06 18:25:08.444,75,120,159,128,74,67,81,109,113,72,56,18
2026-06-06 18:25:08.491,75,123,159,128,74,67,81,109,113,72,56,18
2026-06-06 18:25:08.491,75,123,156,128,74,67,81,109,113,72,56,18
2026-06-06 18:25:08.493,75,123,156,128,77,71,81,106,109,72,53,21
2026-06-06 18:25:08.543,75,128,156,128,77,71,81,106,109,72,53,21
2026-06-06 18:25:08.544,75,128,149,128,77,71,81,106,109,72,53,21
2026-06-06 18:25:08.545,75,128,149,128,81,75,81,102,105,72,48,28
2026-06-06 18:25:08.592,75,132,149,128,81,75,81,102,105,72,48,28
2026-06-06 18:25:08.592,75,132,140,128,81,75,81,102,105,72,48,28
2026-06-06 18:25:08.593,75,132,140,128,84,79,81,99,101,72,44,38
2026-06-06 18:25:08.642,75,130,140,128,84,79,81,99,101,72,44,38
2026-06-06 18:25:08.643,75,130,134,128,84,79,81,99,101,72,44,38
2026-06-06 18:25:08.644,75,130,134,128,83,65,81,100,115,72,46,43
2026-06-06 18:25:08.692,75,127,134,128,83,65,81,100,115,72,46,43
2026-06-06 18:25:08.692,75,127,130,128,83,65,81,100,115,72,46,43
2026-06-06 18:25:08.693,75,127,130,128,80,49,81,103,131,72,49,47
2026-06-06 18:25:08.742,75,123,130,128,80,49,81,103,131,72,49,47
2026-06-06 18:25:08.743,75,123,126,128,80,49,81,103,131,72,49,47
2026-06-06 18:25:08.744,75,123,126,128,77,36,81,106,144,72,53,51
2026-06-06 18:25:08.792,75,120,126,128,77,36,81,106,144,72,53,51
2026-06-06 18:25:08.793,75,120,122,128,77,36,81,106,144,72,53,51
2026-06-06 18:25:08.794,75,120,122,128,74,27,81,109,153,72,56,55
2026-06-06 18:25:08.842,75,116,122,128,74,27,81,109,153,72,56,55
2026-06-06 18:25:08.842,75,116,118,128,74,27,81,109,153,72,56,55
2026-06-06 18:25:08.843,75,116,118,128,71,21,81,112,159,72,60,59
2026-06-06 18:25:08.893,75,112,118,128,71,21,81,112,159,72,60,59
2026-06-06 18:25:08.893,75,112,114,128,71,21,81,112,159,72,60,59
2026-06-06 18:25:08.894,75,112,114,128,67,18,81,116,162,72,64,63
2026-06-06 18:25:08.941,75,109,114,128,67,18,81,116,162,72,64,63
2026-06-06 18:25:08.942,75,109,110,128,67,18,81,116,162,72,64,63
2026-06-06 18:25:08.943,75,109,110,128,63,18,81,120,162,72,67,67
2026-06-06 18:25:08.991,75,106,110,128,63,18,81,120,162,72,67,67
2026-06-06 18:25:08.992,75,106,106,128,63,18,81,120,162,72,67,67
2026-06-06 18:25:08.992,75,106,106,128,59,22,81,124,158,72,70,71
2026-06-06 18:25:09.043,75,102,106,128,59,22,81,124,158,72,70,71
2026-06-06 18:25:09.043,75,102,102,128,59,22,81,124,158,72,70,71
2026-06-06 18:25:09.044,75,102,102,128,55,29,81,128,151,72,74,76
2026-06-06 18:25:09.092,75,98,102,128,55,29,81,128,151,72,74,76
2026-06-06 18:25:09.092,75,98,98,128,55,29,81,128,151,72,74,76
2026-06-06 18:25:09.093,75,98,98,128,50,39,81,132,141,72,78,80
2026-06-06 18:25:09.139,75,100,98,128,50,39,81,132,141,72,78,80
2026-06-06 18:25:09.139,75,100,113,128,50,39,81,132,141,72,78,80
2026-06-06 18:25:09.140,75,100,113,128,53,43,81,130,137,72,76,64
2026-06-06 18:25:09.190,75,103,113,128,53,43,81,130,137,72,76,64
2026-06-06 18:25:09.191,75,103,129,128,53,43,81,130,137,72,76,64
2026-06-06 18:25:09.192,75,103,129,128,57,48,81,126,132,72,73,48
2026-06-06 18:25:09.240,75,106,129,128,57,48,81,126,132,72,73,48
2026-06-06 18:25:09.241,75,106,141,128,57,48,81,126,132,72,73,48
2026-06-06 18:25:09.241,75,106,141,128,60,52,81,123,128,72,70,36
2026-06-06 18:25:09.285,75,109,141,128,60,52,81,123,128,72,70,36
2026-06-06 18:25:09.285,75,109,150,128,60,52,81,123,128,72,70,36
2026-06-06 18:25:09.286,75,109,150,128,63,55,81,120,125,72,67,27
2026-06-06 18:25:09.343,75,113,150,128,63,55,81,120,125,72,67,27
2026-06-06 18:25:09.344,75,113,157,128,63,55,81,120,125,72,67,27
2026-06-06 18:25:09.345,75,113,157,128,67,60,81,116,120,72,63,20
2026-06-06 18:25:09.388,75,116,157,128,67,60,81,116,120,72,63,20
2026-06-06 18:25:09.389,75,116,159,128,67,60,81,116,120,72,63,20
2026-06-06 18:25:09.390,75,116,159,128,70,64,81,112,116,72,60,18
2026-06-06 18:25:09.434,75,120,159,128,70,64,81,112,116,72,60,18
2026-06-06 18:25:09.435,75,120,159,128,74,67,81,109,113,72,56,18
2026-06-06 18:25:09.476,75,123,159,128,74,67,81,109,113,72,56,18
2026-06-06 18:25:09.476,75,123,156,128,74,67,81,109,113,72,56,18
2026-06-06 18:25:09.477,75,123,156,128,77,71,81,106,109,72,53,21
2026-06-06 18:25:09.525,75,127,156,128,77,71,81,106,109,72,53,21
2026-06-06 18:25:09.526,75,127,150,128,77,71,81,106,109,72,53,21
2026-06-06 18:25:09.526,75,127,150,128,80,74,81,103,106,72,49,27
2026-06-06 18:25:09.577,75,132,150,128,80,74,81,103,106,72,49,27
2026-06-06 18:25:09.578,75,132,141,128,80,74,81,103,106,72,49,27
2026-06-06 18:25:09.578,75,132,141,128,84,79,81,99,101,72,44,36
2026-06-06 18:25:09.622,75,131,141,128,84,79,81,99,101,72,44,36
2026-06-06 18:25:09.623,75,131,135,128,84,79,81,99,101,72,44,36
2026-06-06 18:25:09.624,75,131,135,128,83,68,81,100,112,72,45,42
2026-06-06 18:25:09.677,75,127,135,128,83,68,81,100,112,72,45,42
2026-06-06 18:25:09.677,75,127,130,128,83,68,81,100,112,72,45,42
2026-06-06 18:25:09.677,75,127,130,128,80,51,81,102,129,72,49,47
2026-06-06 18:25:09.724,75,124,130,128,80,51,81,102,129,72,49,47
2026-06-06 18:25:09.724,75,124,126,128,80,51,81,102,129,72,49,47
2026-06-06 18:25:09.725,75,124,126,128,78,38,81,105,142,72,52,51
2026-06-06 18:25:09.776,75,120,126,128,78,38,81,105,142,72,52,51
2026-06-06 18:25:09.777,75,120,122,128,78,38,81,105,142,72,52,51
2026-06-06 18:25:09.778,75,120,122,128,74,28,81,109,152,72,56,55
2026-06-06 18:25:09.826,75,116,122,128,74,28,81,109,152,72,56,55
2026-06-06 18:25:09.827,75,116,118,128,74,28,81,109,152,72,56,55
2026-06-06 18:25:09.827,75,116,118,128,71,21,81,112,159,72,60,59
2026-06-06 18:25:09.874,75,113,118,128,71,21,81,112,159,72,60,59
2026-06-06 18:25:09.875,75,113,114,128,71,21,81,112,159,72,60,59
2026-06-06 18:25:09.876,75,113,114,128,68,18,81,116,162,72,63,63
2026-06-06 18:25:09.926,75,109,114,128,68,18,81,116,162,72,63,63
2026-06-06 18:25:09.927,75,109,110,128,68,18,81,116,162,72,63,63
2026-06-06 18:25:09.927,75,109,110,128,64,18,81,119,162,72,67,67
2026-06-06 18:25:09.976,75,106,110,128,64,18,81,119,162,72,67,67
2026-06-06 18:25:09.976,75,106,106,128,64,18,81,119,162,72,67,67
2026-06-06 18:25:09.977,75,106,106,128,60,21,81,123,159,72,70,71
2026-06-06 18:25:10.024,75,102,106,128,60,21,81,123,159,72,70,71
2026-06-06 18:25:10.025,75,102,102,128,60,21,81,123,159,72,70,71
2026-06-06 18:25:10.026,75,102,102,128,56,27,81,128,153,72,74,75
2026-06-06 18:25:10.074,75,99,102,128,56,27,81,128,153,72,74,75
2026-06-06 18:25:10.075,75,99,98,128,56,27,81,128,153,72,74,75
2026-06-06 18:25:10.076,75,99,98,128,51,37,81,132,143,72,77,79
2026-06-06 18:25:10.125,75,100,98,128,51,37,81,132,143,72,77,79
2026-06-06 18:25:10.125,75,100,111,128,51,37,81,132,143,72,77,79
2026-06-06 18:25:10.126,75,100,111,128,53,43,81,130,137,72,76,66
2026-06-06 18:25:10.176,75,103,111,128,53,43,81,130,137,72,76,66
2026-06-06 18:25:10.177,75,103,128,128,53,43,81,130,137,72,76,66
2026-06-06 18:25:10.177,75,103,128,128,56,47,81,127,133,72,73,49
2026-06-06 18:25:10.225,75,106,128,128,56,47,81,127,133,72,73,49
2026-06-06 18:25:10.226,75,106,140,128,56,47,81,127,133,72,73,49
2026-06-06 18:25:10.227,75,106,140,128,60,51,81,123,129,72,70,37
2026-06-06 18:25:10.276,75,109,140,128,60,51,81,123,129,72,70,37
2026-06-06 18:25:10.277,75,109,150,128,60,51,81,123,129,72,70,37
2026-06-06 18:25:10.277,75,109,150,128,63,55,81,120,125,72,67,27
2026-06-06 18:25:10.325,75,112,150,128,63,55,81,120,125,72,67,27
2026-06-06 18:25:10.326,75,112,156,128,63,55,81,120,125,72,67,27
2026-06-06 18:25:10.327,75,112,156,128,67,59,81,116,121,72,64,21
2026-06-06 18:25:10.374,75,116,156,128,67,59,81,116,121,72,64,21
2026-06-06 18:25:10.375,75,116,159,128,67,59,81,116,121,72,64,21
2026-06-06 18:25:10.375,75,116,159,128,70,63,81,113,117,72,60,18
2026-06-06 18:25:10.425,75,120,159,128,70,63,81,113,117,72,60,18
2026-06-06 18:25:10.426,75,120,159,128,74,67,81,109,113,72,56,18
2026-06-06 18:25:10.475,75,124,159,128,74,67,81,109,113,72,56,18
2026-06-06 18:25:10.476,75,124,156,128,74,67,81,109,113,72,56,18
2026-06-06 18:25:10.477,75,124,156,128,77,71,81,106,109,72,52,22
2026-06-06 18:25:10.524,75,128,156,128,77,71,81,106,109,72,52,22
2026-06-06 18:25:10.526,75,128,149,128,77,71,81,106,109,72,52,22
2026-06-06 18:25:10.527,75,128,149,128,81,75,81,102,105,72,48,28
2026-06-06 18:25:10.574,75,132,149,128,81,75,81,102,105,72,48,28
2026-06-06 18:25:10.574,75,132,139,128,81,75,81,102,105,72,48,28
2026-06-06 18:25:10.575,75,132,139,128,84,79,81,99,101,72,44,38
2026-06-06 18:25:10.627,75,130,139,128,84,79,81,99,101,72,44,38
2026-06-06 18:25:10.627,75,130,134,128,84,79,81,99,101,72,44,38
2026-06-06 18:25:10.628,75,130,134,128,83,64,81,100,116,72,46,44
2026-06-06 18:25:10.674,75,126,134,128,83,64,81,100,116,72,46,44
2026-06-06 18:25:10.675,75,126,130,128,83,64,81,100,116,72,46,44
2026-06-06 18:25:10.676,75,126,130,128,80,48,81,103,132,72,50,48
2026-06-06 18:25:10.725,75,123,130,128,80,48,81,103,132,72,50,48
2026-06-06 18:25:10.726,75,123,125,128,80,48,81,103,132,72,50,48
2026-06-06 18:25:10.727,75,123,125,128,77,36,81,106,144,72,53,52
2026-06-06 18:25:10.777,75,119,125,128,77,36,81,106,144,72,53,52
2026-06-06 18:25:10.777,75,119,121,128,77,36,81,106,144,72,53,52
2026-06-06 18:25:10.778,75,119,121,128,74,26,81,109,154,72,57,56
2026-06-06 18:25:10.825,75,116,121,128,74,26,81,109,154,72,57,56
2026-06-06 18:25:10.826,75,116,117,128,74,26,81,109,154,72,57,56
2026-06-06 18:25:10.827,75,116,117,128,70,20,81,113,160,72,60,60
2026-06-06 18:25:10.875,75,112,117,128,70,20,81,113,160,72,60,60
2026-06-06 18:25:10.876,75,112,113,128,70,20,81,113,160,72,60,60
2026-06-06 18:25:10.877,75,112,113,128,67,18,81,116,162,72,64,64
2026-06-06 18:25:10.925,75,109,113,128,67,18,81,116,162,72,64,64
2026-06-06 18:25:10.925,75,109,109,128,67,18,81,116,162,72,64,64
2026-06-06 18:25:10.926,75,109,109,128,63,18,81,120,162,72,67,68
2026-06-06 18:25:10.974,75,105,109,128,63,18,81,120,162,72,67,68
2026-06-06 18:25:10.975,75,105,105,128,63,18,81,120,162,72,67,68
2026-06-06 18:25:10.976,75,105,105,128,59,22,81,124,158,72,71,72
2026-06-06 18:25:11.024,75,102,105,128,59,22,81,124,158,72,71,72
2026-06-06 18:25:11.025,75,102,101,128,59,22,81,124,158,72,71,72
2026-06-06 18:25:11.026,75,102,101,128,55,29,81,128,151,72,74,76
2026-06-06 18:25:11.075,75,98,101,128,55,29,81,128,151,72,74,76
2026-06-06 18:25:11.076,75,98,97,128,55,29,81,128,151,72,74,76
2026-06-06 18:25:11.076,75,98,97,128,50,40,81,133,140,72,78,80
2026-06-06 18:25:11.125,75,101,97,128,50,40,81,133,140,72,78,80
2026-06-06 18:25:11.125,75,101,115,128,50,40,81,133,140,72,78,80
2026-06-06 18:25:11.126,75,101,115,128,53,44,81,130,136,72,75,62
2026-06-06 18:25:11.176,75,103,115,128,53,44,81,130,136,72,75,62
2026-06-06 18:25:11.176,75,103,131,128,53,44,81,130,136,72,75,62
2026-06-06 18:25:11.177,75,103,131,128,57,48,81,126,132,72,73,46
2026-06-06 18:25:11.224,75,106,131,128,57,48,81,126,132,72,73,46
2026-06-06 18:25:11.226,75,106,142,128,57,48,81,126,132,72,73,46
2026-06-06 18:25:11.227,75,106,142,128,60,52,81,122,128,72,70,34
2026-06-06 18:25:11.277,75,110,142,128,60,52,81,122,128,72,70,34
2026-06-06 18:25:11.277,75,110,152,128,60,52,81,122,128,72,70,34
2026-06-06 18:25:11.278,75,110,152,128,64,56,81,119,124,72,66,25
2026-06-06 18:25:11.326,75,113,152,128,64,56,81,119,124,72,66,25
2026-06-06 18:25:11.327,75,113,157,128,64,56,81,119,124,72,66,25
2026-06-06 18:25:11.328,75,113,157,128,68,60,81,115,120,72,63,20
2026-06-06 18:25:11.376,75,117,157,128,68,60,81,115,120,72,63,20
2026-06-06 18:25:11.377,75,117,159,128,68,60,81,115,120,72,63,20
2026-06-06 18:25:11.377,75,117,159,128,71,64,81,112,116,72,59,18
2026-06-06 18:25:11.424,75,120,159,128,71,64,81,112,116,72,59,18
2026-06-06 18:25:11.425,75,120,158,128,71,64,81,112,116,72,59,18
2026-06-06 18:25:11.427,75,120,158,128,75,68,81,108,112,72,56,18
2026-06-06 18:25:11.476,75,125,158,128,75,68,81,108,112,72,56,18
2026-06-06 18:25:11.477,75,125,154,128,75,68,81,108,112,72,56,18
2026-06-06 18:25:11.477,75,125,154,128,78,72,81,105,108,72,51,23
2026-06-06 18:25:11.526,75,129,154,128,78,72,81,105,108,72,51,23
2026-06-06 18:25:11.527,75,129,147,128,78,72,81,105,108,72,51,23
2026-06-06 18:25:11.527,75,129,147,128,82,76,81,101,104,72,47,30
2026-06-06 18:25:11.576,75,133,147,128,82,76,81,101,104,72,47,30
2026-06-06 18:25:11.576,75,133,137,128,82,76,81,101,104,72,47,30
2026-06-06 18:25:11.577,75,133,137,128,85,78,81,98,102,72,43,40
2026-06-06 18:25:11.625,75,129,137,128,85,78,81,98,102,72,43,40
2026-06-06 18:25:11.626,75,129,133,128,85,78,81,98,102,72,43,40
2026-06-06 18:25:11.626,75,129,133,128,82,60,81,101,120,72,47,44
2026-06-06 18:25:11.675,75,126,133,128,82,60,81,101,120,72,47,44
2026-06-06 18:25:11.676,75,126,129,128,82,60,81,101,120,72,47,44
2026-06-06 18:25:11.676,75,126,129,128,79,45,81,104,135,72,50,48
2026-06-06 18:25:11.725,75,122,129,128,79,45,81,104,135,72,50,48
2026-06-06 18:25:11.725,75,122,125,128,79,45,81,104,135,72,50,48
2026-06-06 18:25:11.727,75,122,125,128,76,33,81,107,147,72,54,52
2026-06-06 18:25:11.775,75,119,125,128,76,33,81,107,147,72,54,52
2026-06-06 18:25:11.776,75,119,120,128,76,33,81,107,147,72,54,52
2026-06-06 18:25:11.777,75,119,120,128,73,25,81,110,155,72,57,56
2026-06-06 18:25:11.826,75,115,120,128,73,25,81,110,155,72,57,56
2026-06-06 18:25:11.826,75,115,116,128,73,25,81,110,155,72,57,56
2026-06-06 18:25:11.826,75,115,116,128,70,20,81,113,160,72,61,60
2026-06-06 18:25:11.876,75,112,116,128,70,20,81,113,160,72,61,60
2026-06-06 18:25:11.877,75,112,112,128,70,20,81,113,160,72,61,60
2026-06-06 18:25:11.877,75,112,112,128,66,18,81,117,162,72,64,65
2026-06-06 18:25:11.924,75,108,112,128,66,18,81,117,162,72,64,65
2026-06-06 18:25:11.924,75,108,108,128,66,18,81,117,162,72,64,65
2026-06-06 18:25:11.925,75,108,108,128,62,19,81,121,161,72,68,68
2026-06-06 18:25:11.975,75,104,108,128,62,19,81,121,161,72,68,68
2026-06-06 18:25:11.976,75,104,104,128,62,19,81,121,161,72,68,68
2026-06-06 18:25:11.976,75,104,104,128,58,23,81,125,157,72,72,73
2026-06-06 18:25:12.025,75,101,104,128,58,23,81,125,157,72,72,73
2026-06-06 18:25:12.025,75,101,100,128,58,23,81,125,157,72,72,73
2026-06-06 18:25:12.026,75,101,100,128,54,31,81,129,149,72,75,77
2026-06-06 18:25:12.075,75,98,100,128,54,31,81,129,149,72,75,77
2026-06-06 18:25:12.076,75,98,100,128,51,41,81,132,139,72,78,77
2026-06-06 18:25:12.126,75,101,100,128,51,41,81,132,139,72,78,77
2026-06-06 18:25:12.127,75,101,119,128,51,41,81,132,139,72,78,77
2026-06-06 18:25:12.128,75,101,119,128,54,45,81,129,135,72,75,58
2026-06-06 18:25:12.176,75,104,119,128,54,45,81,129,135,72,75,58
2026-06-06 18:25:12.177,75,104,133,128,54,45,81,129,135,72,75,58
2026-06-06 18:25:12.177,75,104,133,128,58,49,81,125,131,72,72,44
2026-06-06 18:25:12.225,75,107,133,128,58,49,81,125,131,72,72,44
2026-06-06 18:25:12.226,75,107,145,128,58,49,81,125,131,72,72,44
2026-06-06 18:25:12.226,75,107,145,128,61,53,81,122,127,72,69,32
2026-06-06 18:25:12.277,75,110,145,128,61,53,81,122,127,72,69,32
2026-06-06 18:25:12.277,75,110,153,128,61,53,81,122,127,72,69,32
2026-06-06 18:25:12.278,75,110,153,128,65,57,81,118,123,72,66,24
2026-06-06 18:25:12.326,75,114,153,128,65,57,81,118,123,72,66,24
2026-06-06 18:25:12.327,75,114,158,128,65,57,81,118,123,72,66,24
2026-06-06 18:25:12.327,75,114,158,128,68,61,81,115,119,72,62,19
2026-06-06 18:25:12.375,75,118,158,128,68,61,81,115,119,72,62,19
2026-06-06 18:25:12.375,75,118,160,128,68,61,81,115,119,72,62,19
2026-06-06 18:25:12.376,75,118,160,128,72,65,81,111,115,72,58,18
2026-06-06 18:25:12.424,75,121,160,128,72,65,81,111,115,72,58,18
2026-06-06 18:25:12.425,75,121,158,128,72,65,81,111,115,72,58,18
2026-06-06 18:25:12.427,75,121,158,128,75,69,81,108,111,72,55,19
2026-06-06 18:25:12.475,75,126,158,128,75,69,81,108,111,72,55,19
2026-06-06 18:25:12.476,75,126,153,128,75,69,81,108,111,72,55,19
2026-06-06 18:25:12.478,75,126,153,128,79,73,81,104,107,72,50,24
2026-06-06 18:25:12.526,75,130,153,128,79,73,81,104,107,72,50,24
2026-06-06 18:25:12.526,75,130,145,128,79,73,81,104,107,72,50,24
2026-06-06 18:25:12.527,75,130,145,128,82,77,81,100,103,72,46,32
2026-06-06 18:25:12.572,75,132,145,128,82,77,81,100,103,72,46,32
2026-06-06 18:25:12.573,75,132,136,128,82,77,81,100,103,72,46,32
2026-06-06 18:25:12.574,75,132,136,128,84,75,81,99,105,72,44,41
2026-06-06 18:25:12.615,75,129,136,128,84,75,81,99,105,72,44,41
2026-06-06 18:25:12.616,75,129,133,128,84,75,81,99,105,72,44,41
2026-06-06 18:25:12.616,75,129,133,128,82,60,81,101,120,72,47,44
2026-06-06 18:25:12.658,75,126,133,128,82,60,81,101,120,72,47,44
2026-06-06 18:25:12.659,75,126,129,128,82,60,81,101,120,72,47,44
2026-06-06 18:25:12.660,75,126,129,128,80,47,81,103,133,72,50,48
2026-06-06 18:25:12.700,75,123,129,128,80,47,81,103,133,72,50,48
2026-06-06 18:25:12.700,75,123,126,128,80,47,81,103,133,72,50,48
2026-06-06 18:25:12.701,75,123,126,128,77,36,81,106,144,72,53,51
2026-06-06 18:25:12.742,75,120,126,128,77,36,81,106,144,72,53,51
2026-06-06 18:25:12.743,75,120,122,128,77,36,81,106,144,72,53,51
2026-06-06 18:25:12.744,75,120,122,128,74,28,81,108,152,72,56,55
2026-06-06 18:25:12.785,75,117,122,128,74,28,81,108,152,72,56,55
2026-06-06 18:25:12.785,75,117,119,128,74,28,81,108,152,72,56,55
2026-06-06 18:25:12.786,75,117,119,128,72,22,81,111,158,72,59,58
2026-06-06 18:25:12.827,75,114,119,128,72,22,81,111,158,72,59,58
2026-06-06 18:25:12.828,75,114,116,128,72,22,81,111,158,72,59,58
2026-06-06 18:25:12.829,75,114,116,128,69,19,81,114,161,72,62,62
2026-06-06 18:25:12.870,75,111,116,128,69,19,81,114,161,72,62,62
2026-06-06 18:25:12.870,75,111,112,128,69,19,81,114,161,72,62,62
2026-06-06 18:25:12.871,75,111,112,128,66,18,81,118,162,72,65,65
2026-06-06 18:25:12.925,75,107,112,128,66,18,81,118,162,72,65,65
2026-06-06 18:25:12.926,75,107,108,128,66,18,81,118,162,72,65,65
2026-06-06 18:25:12.927,75,107,108,128,61,20,81,122,160,72,69,69
2026-06-06 18:25:12.976,75,104,108,128,61,20,81,122,160,72,69,69
2026-06-06 18:25:12.977,75,104,103,128,61,20,81,122,160,72,69,69
2026-06-06 18:25:12.978,75,104,103,128,57,25,81,126,155,72,72,74
2026-06-06 18:25:13.022,75,100,103,128,57,25,81,126,155,72,72,74
2026-06-06 18:25:13.022,75,100,100,128,57,25,81,126,155,72,72,74
2026-06-06 18:25:13.023,75,100,100,128,53,32,81,130,148,72,76,77
2026-06-06 18:25:13.074,75,99,100,128,53,32,81,130,148,72,76,77
2026-06-06 18:25:13.075,75,99,104,128,53,32,81,130,148,72,76,77
2026-06-06 18:25:13.075,75,99,104,128,51,41,81,132,139,72,77,73
2026-06-06 18:25:13.116,75,101,104,128,51,41,81,132,139,72,77,73
2026-06-06 18:25:13.117,75,101,119,128,51,41,81,132,139,72,77,73
2026-06-06 18:25:13.117,75,101,119,128,54,45,81,129,135,72,75,58
2026-06-06 18:25:13.158,75,104,119,128,54,45,81,129,135,72,75,58
2026-06-06 18:25:13.159,75,104,132,128,54,45,81,129,135,72,75,58
2026-06-06 18:25:13.159,75,104,132,128,57,48,81,126,132,72,72,45
2026-06-06 18:25:13.209,75,107,132,128,57,48,81,126,132,72,72,45
2026-06-06 18:25:13.209,75,107,143,128,57,48,81,126,132,72,72,45
2026-06-06 18:25:13.210,75,107,143,128,61,52,81,122,128,72,69,34
2026-06-06 18:25:13.260,75,110,143,128,61,52,81,122,128,72,69,34
2026-06-06 18:25:13.261,75,110,152,128,61,52,81,122,128,72,69,34
2026-06-06 18:25:13.261,75,110,152,128,64,56,81,119,124,72,66,25
2026-06-06 18:25:13.308,75,113,152,128,64,56,81,119,124,72,66,25
2026-06-06 18:25:13.309,75,113,157,128,64,56,81,119,124,72,66,25
2026-06-06 18:25:13.310,75,113,157,128,68,60,81,115,120,72,63,20
2026-06-06 18:25:13.359,75,117,157,128,68,60,81,115,120,72,63,20
2026-06-06 18:25:13.359,75,117,160,128,68,60,81,115,120,72,63,20
2026-06-06 18:25:13.360,75,117,160,128,71,64,81,112,116,72,59,18
2026-06-06 18:25:13.409,75,121,160,128,71,64,81,112,116,72,59,18
2026-06-06 18:25:13.409,75,121,158,128,71,64,81,112,116,72,59,18
2026-06-06 18:25:13.410,75,121,158,128,75,68,81,108,112,72,55,19
2026-06-06 18:25:13.459,75,125,158,128,75,68,81,108,112,72,55,19
2026-06-06 18:25:13.460,75,125,154,128,75,68,81,108,112,72,55,19
2026-06-06 18:25:13.460,75,125,154,128,78,72,81,104,108,72,51,23
2026-06-06 18:25:13.501,75,128,154,128,78,72,81,104,108,72,51,23
2026-06-06 18:25:13.502,75,128,148,128,78,72,81,104,108,72,51,23
2026-06-06 18:25:13.503,75,128,148,128,82,76,81,102,104,72,48,30
2026-06-06 18:25:13.550,75,133,148,128,82,76,81,102,104,72,48,30
2026-06-06 18:25:13.550,75,133,137,128,82,76,81,102,104,72,48,30
2026-06-06 18:25:13.552,75,133,137,128,85,80,81,98,100,72,43,40
2026-06-06 18:25:13.592,75,130,137,128,85,80,81,98,100,72,43,40
2026-06-06 18:25:13.594,75,130,134,128,85,80,81,98,100,72,43,40
2026-06-06 18:25:13.594,75,130,134,128,83,64,81,100,116,72,46,43
2026-06-06 18:25:13.641,75,127,134,128,83,64,81,100,116,72,46,43
2026-06-06 18:25:13.641,75,127,130,128,83,64,81,100,116,72,46,43
2026-06-06 18:25:13.643,75,127,130,128,80,49,81,103,131,72,49,47
2026-06-06 18:25:13.690,75,123,130,128,80,49,81,103,131,72,49,47
2026-06-06 18:25:13.691,75,123,126,128,80,49,81,103,131,72,49,47
2026-06-06 18:25:13.692,75,123,126,128,77,36,81,106,144,72,53,51
2026-06-06 18:25:13.742,75,120,126,128,77,36,81,106,144,72,53,51
2026-06-06 18:25:13.743,75,120,122,128,77,36,81,106,144,72,53,51
2026-06-06 18:25:13.744,75,120,122,128,74,27,81,109,153,72,56,55
2026-06-06 18:25:13.793,75,116,122,128,74,27,81,109,153,72,56,55
2026-06-06 18:25:13.794,75,116,117,128,74,27,81,109,153,72,56,55
2026-06-06 18:25:13.794,75,116,117,128,70,20,81,113,160,72,60,60
2026-06-06 18:25:13.844,75,112,117,128,70,20,81,113,160,72,60,60
2026-06-06 18:25:13.844,75,112,113,128,70,20,81,113,160,72,60,60
2026-06-06 18:25:13.845,75,112,113,128,67,18,81,116,162,72,64,64
2026-06-06 18:25:13.892,75,109,113,128,67,18,81,116,162,72,64,64
2026-06-06 18:25:13.892,75,109,110,128,67,18,81,116,162,72,64,64
2026-06-06 18:25:13.893,75,109,110,128,63,18,81,120,162,72,67,68
2026-06-06 18:25:13.945,75,109,110,128,63,19,81,120,161,72,67,67
2026-06-06 18:25:13.975,75,110,110,128,63,19,81,120,161,72,67,67
2026-06-06 18:25:13.976,75,110,110,128,63,20,81,120,160,72,66,67
2026-06-06 18:25:14.006,75,111,110,128,63,20,81,120,160,72,66,67
2026-06-06 18:25:14.006,75,111,111,128,63,20,81,120,160,72,66,67
2026-06-06 18:25:14.007,75,111,111,128,62,21,81,121,159,72,65,66
2026-06-06 18:25:14.028,75,111,111,128,62,22,81,121,158,72,65,66
2026-06-06 18:25:14.049,75,111,111,128,62,23,81,121,157,72,65,66
2026-06-06 18:25:14.069,75,112,111,128,62,23,81,121,157,72,65,66
2026-06-06 18:25:14.070,75,112,111,128,62,24,81,121,156,72,64,66
2026-06-06 18:25:14.091,75,112,112,128,62,24,81,121,156,72,64,66
2026-06-06 18:25:14.092,75,112,112,128,62,25,81,121,155,72,64,65
2026-06-06 18:25:14.113,75,113,112,128,62,25,81,121,155,72,64,65
2026-06-06 18:25:14.114,75,113,112,128,61,25,81,122,155,72,63,65
2026-06-06 18:25:14.135,75,113,112,128,61,26,81,122,154,72,63,65
2026-06-06 18:25:14.156,75,113,112,128,61,27,81,122,153,72,63,65
2026-06-06 18:25:14.177,75,114,112,128,61,27,81,122,153,72,63,65
2026-06-06 18:25:14.177,75,114,113,128,61,27,81,122,153,72,63,65
2026-06-06 18:25:14.178,75,114,113,128,61,28,81,122,152,72,62,64
2026-06-06 18:25:14.200,75,114,113,128,61,29,81,122,151,72,62,64
2026-06-06 18:25:14.221,75,115,113,128,61,29,81,122,151,72,62,64
2026-06-06 18:25:14.221,75,115,113,128,61,29,81,122,151,72,61,64
2026-06-06 18:25:14.253,75,115,114,128,61,29,81,122,151,72,61,64
2026-06-06 18:25:14.253,75,115,114,128,60,30,81,123,150,72,61,63
2026-06-06 18:25:14.274,75,116,114,128,60,30,81,123,150,72,61,63
2026-06-06 18:25:14.276,75,116,114,128,60,31,81,123,149,72,60,63
2026-06-06 18:25:14.296,75,116,114,128,60,32,81,123,148,72,60,63
2026-06-06 18:25:14.318,75,117,114,128,60,32,81,123,148,72,60,63
2026-06-06 18:25:14.318,75,117,115,128,60,32,81,123,148,72,60,63
2026-06-06 18:25:14.318,75,117,115,128,60,33,81,123,147,72,59,62
2026-06-06 18:25:14.339,75,117,115,128,60,34,81,123,146,72,59,62
2026-06-06 18:25:14.384,75,118,115,128,60,34,81,123,146,72,59,62
2026-06-06 18:25:14.385,75,118,115,128,59,35,81,124,145,72,58,62
2026-06-06 18:25:14.405,75,118,116,128,59,35,81,124,145,72,58,62
2026-06-06 18:25:14.406,75,118,116,128,59,36,81,124,144,72,58,61
2026-06-06 18:25:14.427,75,119,116,128,59,36,81,124,144,72,58,61
2026-06-06 18:25:14.428,75,119,116,128,59,37,81,124,143,72,57,61
2026-06-06 18:25:14.449,75,119,116,128,59,38,81,124,142,72,57,61
2026-06-06 18:25:14.470,75,119,116,128,59,39,81,124,141,72,57,61
2026-06-06 18:25:14.491,75,120,116,128,59,39,81,124,141,72,57,61
2026-06-06 18:25:14.491,75,120,117,128,59,39,81,124,141,72,57,61
2026-06-06 18:25:14.492,75,120,117,128,58,39,81,125,141,72,56,60
2026-06-06 18:25:14.523,75,120,117,128,58,40,81,125,140,72,56,60
2026-06-06 18:25:14.553,75,121,117,128,58,40,81,125,140,72,56,60
2026-06-06 18:25:14.554,75,121,117,128,58,42,81,125,138,72,55,60
2026-06-06 18:25:14.576,75,121,118,128,58,42,81,125,138,72,55,60
2026-06-06 18:25:14.577,75,121,118,128,58,42,81,125,138,72,55,59
2026-06-06 18:25:14.600,75,122,118,128,58,42,81,125,138,72,55,59
2026-06-06 18:25:14.600,75,122,118,128,58,43,81,125,137,72,54,59
2026-06-06 18:25:14.621,75,122,118,128,57,44,81,126,136,72,54,59
2026-06-06 18:25:14.641,75,123,118,128,57,44,81,126,136,72,54,59
2026-06-06 18:25:14.642,75,123,119,128,57,44,81,126,136,72,54,59
2026-06-06 18:25:14.643,75,123,119,128,57,45,81,126,135,72,53,58
2026-06-06 18:25:14.664,75,123,119,128,57,46,81,126,134,72,53,58
2026-06-06 18:25:14.685,75,124,119,128,57,46,81,126,134,72,53,58
2026-06-06 18:25:14.685,75,124,119,128,57,46,81,126,134,72,52,58
2026-06-06 18:25:14.706,75,124,119,128,57,47,81,126,133,72,52,58
2026-06-06 18:25:14.726,75,124,120,128,57,47,81,126,133,72,52,58
2026-06-06 18:25:14.727,75,124,120,128,57,48,81,126,132,72,52,57
2026-06-06 18:25:14.748,75,125,120,128,57,48,81,126,132,72,52,57
2026-06-06 18:25:14.749,75,125,120,128,56,49,81,127,131,72,51,57
2026-06-06 18:25:14.771,75,125,120,128,56,50,81,127,130,72,51,57
2026-06-06 18:25:14.791,75,126,120,128,56,50,81,127,130,72,51,57
2026-06-06 18:25:14.792,75,126,120,128,56,50,81,127,130,72,50,57
2026-06-06 18:25:14.814,75,126,121,128,56,50,81,127,130,72,50,57
2026-06-06 18:25:14.815,75,126,121,128,56,51,81,127,129,72,50,56
2026-06-06 18:25:14.835,75,126,121,128,56,52,81,127,128,72,50,56
2026-06-06 18:25:14.855,75,127,121,128,56,52,81,127,128,72,50,56
2026-06-06 18:25:14.856,75,127,121,128,55,53,81,128,127,72,49,56
2026-06-06 18:25:14.878,75,127,122,128,55,53,81,128,127,72,49,56
2026-06-06 18:25:14.878,75,127,122,128,55,54,81,128,126,72,49,55
2026-06-06 18:25:14.898,75,128,122,128,55,54,81,128,126,72,49,55
2026-06-06 18:25:14.899,75,128,122,128,55,54,81,128,126,72,48,55
2026-06-06 18:25:14.920,75,128,122,128,55,55,81,128,125,72,48,55
2026-06-06 18:25:34.011,75,133,122,128,55,55,81,128,125,72,48,55
2026-06-06 18:25:34.011,75,133,137,128,55,55,81,128,125,72,48,55
2026-06-06 18:25:34.012,75,133,137,128,85,80,81,98,100,72,43,40
2026-06-06 18:25:34.126,75,131,137,128,85,80,81,98,100,72,43,40
2026-06-06 18:25:34.126,75,131,135,128,85,80,81,98,100,72,43,40
2026-06-06 18:25:34.127,75,131,135,128,84,71,81,99,109,72,45,42
2026-06-06 18:25:34.240,75,130,135,128,84,71,81,99,109,72,45,42
2026-06-06 18:25:34.241,75,130,133,128,84,71,81,99,109,72,45,42
2026-06-06 18:25:34.241,75,130,133,128,83,63,81,100,117,72,46,44
2026-06-06 18:25:34.344,75,128,133,128,83,63,81,100,117,72,46,44
2026-06-06 18:25:34.345,75,128,132,128,83,63,81,100,117,72,46,44
2026-06-06 18:25:34.345,75,128,132,128,82,56,81,102,124,72,48,45
2026-06-06 18:25:34.454,75,127,132,128,82,56,81,102,124,72,48,45
2026-06-06 18:25:34.456,75,127,130,128,82,56,81,102,124,72,48,45
2026-06-06 18:25:34.456,75,127,130,128,80,50,81,103,130,72,49,47
2026-06-06 18:25:34.569,75,125,130,128,80,50,81,103,130,72,49,47
2026-06-06 18:25:34.570,75,125,128,128,80,50,81,103,130,72,49,47
2026-06-06 18:25:34.571,75,125,128,128,79,43,81,104,137,72,51,49
2026-06-06 18:25:34.679,75,124,128,128,79,43,81,104,137,72,51,49
2026-06-06 18:25:34.679,75,124,126,128,79,43,81,104,137,72,51,49
2026-06-06 18:25:34.681,75,124,126,128,78,38,81,105,142,72,52,51
2026-06-06 18:25:34.791,75,122,126,128,78,38,81,105,142,72,52,51
2026-06-06 18:25:34.791,75,122,124,128,78,38,81,105,142,72,52,51
2026-06-06 18:25:34.792,75,122,124,128,76,33,81,107,147,72,54,52
2026-06-06 18:25:34.906,75,120,124,128,76,33,81,107,147,72,54,52
2026-06-06 18:25:34.906,75,120,123,128,76,33,81,107,147,72,54,52
2026-06-06 18:25:34.907,75,120,123,128,75,29,81,108,151,72,56,54
2026-06-06 18:25:35.009,75,119,123,128,75,29,81,108,151,72,56,54
2026-06-06 18:25:35.009,75,119,121,128,75,29,81,108,151,72,56,54
2026-06-06 18:25:35.010,75,119,121,128,73,26,81,110,154,72,57,56
2026-06-06 18:25:35.124,75,117,121,128,73,26,81,110,154,72,57,56
2026-06-06 18:25:35.125,75,117,119,128,73,26,81,110,154,72,57,56
2026-06-06 18:25:35.126,75,117,119,128,72,23,81,111,157,72,59,58
2026-06-06 18:25:35.227,75,116,119,128,72,23,81,111,157,72,59,58
2026-06-06 18:25:35.227,75,116,118,128,72,23,81,111,157,72,59,58
2026-06-06 18:25:35.228,75,116,118,128,70,21,81,112,159,72,60,60
2026-06-06 18:25:35.341,75,114,118,128,70,21,81,112,159,72,60,60
2026-06-06 18:25:35.341,75,114,116,128,70,21,81,112,159,72,60,60
2026-06-06 18:25:35.342,75,114,116,128,69,19,81,114,161,72,62,61
2026-06-06 18:25:35.458,75,113,116,128,69,19,81,114,161,72,62,61
2026-06-06 18:25:35.459,75,113,114,128,69,19,81,114,161,72,62,61
2026-06-06 18:25:35.460,75,113,114,128,67,18,81,116,162,72,63,63
2026-06-06 18:25:35.575,75,111,114,128,67,18,81,116,162,72,63,63
2026-06-06 18:25:35.576,75,111,112,128,67,18,81,116,162,72,63,63
2026-06-06 18:25:35.576,75,111,112,128,65,18,81,118,162,72,65,65
2026-06-06 18:25:35.693,75,110,112,128,65,18,81,118,162,72,65,65
2026-06-06 18:25:35.693,75,110,110,128,65,18,81,118,162,72,65,65
2026-06-06 18:25:35.693,75,110,110,128,64,18,81,119,162,72,66,67
2026-06-06 18:25:35.808,75,108,110,128,64,18,81,119,162,72,66,67
2026-06-06 18:25:35.809,75,108,108,128,64,18,81,119,162,72,66,67
2026-06-06 18:25:35.810,75,108,108,128,62,19,81,121,161,72,68,69
2026-06-06 18:25:35.911,75,106,108,128,62,19,81,121,161,72,68,69
2026-06-06 18:25:35.911,75,106,107,128,62,19,81,121,161,72,68,69
2026-06-06 18:25:35.912,75,106,107,128,60,20,81,123,160,72,70,70
2026-06-06 18:25:36.024,75,105,107,128,60,20,81,123,160,72,70,70
2026-06-06 18:25:36.025,75,105,105,128,60,20,81,123,160,72,70,70
2026-06-06 18:25:36.026,75,105,105,128,58,23,81,125,157,72,71,72
2026-06-06 18:25:36.143,75,103,105,128,58,23,81,125,157,72,71,72
2026-06-06 18:25:36.144,75,103,103,128,58,23,81,125,157,72,71,72
2026-06-06 18:25:36.144,75,103,103,128,56,26,81,127,154,72,73,74
2026-06-06 18:25:36.259,75,102,103,128,56,26,81,127,154,72,73,74
2026-06-06 18:25:36.260,75,102,101,128,56,26,81,127,154,72,73,74
2026-06-06 18:25:36.261,75,102,101,128,54,30,81,129,150,72,74,76
2026-06-06 18:25:36.376,75,100,101,128,54,30,81,129,150,72,74,76
2026-06-06 18:25:36.377,75,100,99,128,54,30,81,129,150,72,74,76
2026-06-06 18:25:36.377,75,100,99,128,52,34,81,131,146,72,76,78
2026-06-06 18:25:36.493,75,98,99,128,52,34,81,131,146,72,76,78
2026-06-06 18:25:36.493,75,98,97,128,52,34,81,131,146,72,76,78
2026-06-06 18:25:36.494,75,98,97,128,50,39,81,133,141,72,78,80
2026-06-06 18:25:36.610,75,99,97,128,50,39,81,133,141,72,78,80
2026-06-06 18:25:36.611,75,99,105,128,50,39,81,133,141,72,78,80
2026-06-06 18:25:36.612,75,99,105,128,51,42,81,132,138,72,77,72
2026-06-06 18:25:36.726,75,100,105,128,51,42,81,132,138,72,77,72
2026-06-06 18:25:36.727,75,100,113,128,51,42,81,132,138,72,77,72
2026-06-06 18:25:36.727,75,100,113,128,53,43,81,130,137,72,76,64
2026-06-06 18:25:36.843,75,102,113,128,53,43,81,130,137,72,76,64
2026-06-06 18:25:36.844,75,102,121,128,53,43,81,130,137,72,76,64
2026-06-06 18:25:36.844,75,102,121,128,55,45,81,128,135,72,74,56
2026-06-06 18:25:36.960,75,103,121,128,55,45,81,128,135,72,74,56
2026-06-06 18:25:36.961,75,103,128,128,55,45,81,128,135,72,74,56
2026-06-06 18:25:36.961,75,103,128,128,56,47,81,127,133,72,73,49
2026-06-06 18:25:37.074,75,104,128,128,56,47,81,127,133,72,73,49
2026-06-06 18:25:37.075,75,104,134,128,56,47,81,127,133,72,73,49
2026-06-06 18:25:37.076,75,104,134,128,58,49,81,125,131,72,72,43
2026-06-06 18:25:37.177,75,105,134,128,58,49,81,125,131,72,72,43
2026-06-06 18:25:37.177,75,105,139,128,58,49,81,125,131,72,72,43
2026-06-06 18:25:37.178,75,105,139,128,59,51,81,124,129,72,71,38
2026-06-06 18:25:37.292,75,107,139,128,59,51,81,124,129,72,71,38
2026-06-06 18:25:37.292,75,107,144,128,59,51,81,124,129,72,71,38
2026-06-06 18:25:37.293,75,107,144,128,61,52,81,122,128,72,69,33
2026-06-06 18:25:37.409,75,108,144,128,61,52,81,122,128,72,69,33
2026-06-06 18:25:37.410,75,108,148,128,61,52,81,122,128,72,69,33
2026-06-06 18:25:37.411,75,108,148,128,63,54,81,120,126,72,68,29
2026-06-06 18:25:37.525,75,110,148,128,63,54,81,120,126,72,68,29
2026-06-06 18:25:37.526,75,110,152,128,63,54,81,120,126,72,68,29
2026-06-06 18:25:37.528,75,110,152,128,64,56,81,119,124,72,66,25
2026-06-06 18:25:37.641,75,111,152,128,64,56,81,119,124,72,66,25
2026-06-06 18:25:37.642,75,111,155,128,64,56,81,119,124,72,66,25
2026-06-06 18:25:37.643,75,111,155,128,66,58,81,117,122,72,65,22
2026-06-06 18:25:37.744,75,113,155,128,66,58,81,117,122,72,65,22
2026-06-06 18:25:37.745,75,113,157,128,66,58,81,117,122,72,65,22
2026-06-06 18:25:37.745,75,113,157,128,67,60,81,116,120,72,63,20
2026-06-06 18:25:37.859,75,114,157,128,67,60,81,116,120,72,63,20
2026-06-06 18:25:37.859,75,114,158,128,67,60,81,116,120,72,63,20
2026-06-06 18:25:37.860,75,114,158,128,69,62,81,114,118,72,62,19
2026-06-06 18:25:37.976,75,116,158,128,69,62,81,114,118,72,62,19
2026-06-06 18:25:37.976,75,116,159,128,69,62,81,114,118,72,62,19
2026-06-06 18:25:37.977,75,116,159,128,70,63,81,112,117,72,60,18
2026-06-06 18:25:38.091,75,118,159,128,70,63,81,112,117,72,60,18
2026-06-06 18:25:38.092,75,118,160,128,70,63,81,112,117,72,60,18
2026-06-06 18:25:38.093,75,118,160,128,72,65,81,111,115,72,58,18
2026-06-06 18:25:38.209,75,120,160,128,72,65,81,111,115,72,58,18
2026-06-06 18:25:38.210,75,120,159,128,72,65,81,111,115,72,58,18
2026-06-06 18:25:38.211,75,120,159,128,74,67,81,109,113,72,56,18
2026-06-06 18:25:38.325,75,121,159,128,74,67,81,109,113,72,56,18
2026-06-06 18:25:38.326,75,121,158,128,74,67,81,109,113,72,56,18
2026-06-06 18:25:38.327,75,121,158,128,75,69,81,108,111,72,55,19
2026-06-06 18:25:38.440,75,123,158,128,75,69,81,108,111,72,55,19
2026-06-06 18:25:38.441,75,123,156,128,75,69,81,108,111,72,55,19
2026-06-06 18:25:38.442,75,123,156,128,77,71,81,106,109,72,53,21
2026-06-06 18:25:38.543,75,125,156,128,77,71,81,106,109,72,53,21
2026-06-06 18:25:38.544,75,125,154,128,77,71,81,106,109,72,53,21
2026-06-06 18:25:38.544,75,125,154,128,78,72,81,104,108,72,51,23
2026-06-06 18:25:38.659,75,127,154,128,78,72,81,104,108,72,51,23
2026-06-06 18:25:38.660,75,127,151,128,78,72,81,104,108,72,51,23
2026-06-06 18:25:38.660,75,127,151,128,80,74,81,103,106,72,49,26
2026-06-06 18:25:38.776,75,129,151,128,80,74,81,103,106,72,49,26
2026-06-06 18:25:38.776,75,129,147,128,80,74,81,103,106,72,49,26
2026-06-06 18:25:38.778,75,129,147,128,82,76,81,101,104,72,47,30
2026-06-06 18:25:38.892,75,131,147,128,82,76,81,101,104,72,47,30
2026-06-06 18:25:38.893,75,131,142,128,82,76,81,101,104,72,47,30
2026-06-06 18:25:38.894,75,131,142,128,83,78,81,100,102,72,45,35
2026-06-06 18:25:39.009,75,133,142,128,83,78,81,100,102,72,45,35
2026-06-06 18:25:39.010,75,133,137,128,83,78,81,100,102,72,45,35
2026-06-06 18:25:39.011,75,133,137,128,85,80,81,98,100,72,43,40
2026-06-06 18:25:39.126,75,131,137,128,85,80,81,98,100,72,43,40
2026-06-06 18:25:39.127,75,131,135,128,85,80,81,98,100,72,43,40
2026-06-06 18:25:39.127,75,131,135,128,84,71,81,99,109,72,45,42
2026-06-06 18:25:39.241,75,130,135,128,84,71,81,99,109,72,45,42
2026-06-06 18:25:39.242,75,130,133,128,84,71,81,99,109,72,45,42
2026-06-06 18:25:39.243,75,130,133,128,83,63,81,100,117,72,46,44
2026-06-06 18:25:39.359,75,128,133,128,83,63,81,100,117,72,46,44
2026-06-06 18:25:39.360,75,128,131,128,83,63,81,100,117,72,46,44
2026-06-06 18:25:39.360,75,128,131,128,81,55,81,102,125,72,48,46
2026-06-06 18:25:39.476,75,126,131,128,81,55,81,102,125,72,48,46
2026-06-06 18:25:39.478,75,126,130,128,81,55,81,102,125,72,48,46
2026-06-06 18:25:39.478,75,126,130,128,80,48,81,103,132,72,50,47
2026-06-06 18:25:39.591,75,125,130,128,80,48,81,103,132,72,50,47
2026-06-06 18:25:39.592,75,125,128,128,80,48,81,103,132,72,50,47
2026-06-06 18:25:39.593,75,125,128,128,79,42,81,104,138,72,51,49
2026-06-06 18:25:39.704,75,123,128,128,79,42,81,104,138,72,51,49
2026-06-06 18:25:39.706,75,123,126,128,79,42,81,104,138,72,51,49
2026-06-06 18:25:39.706,75,123,126,128,77,37,81,106,143,72,53,51
2026-06-06 18:25:39.819,75,122,126,128,77,37,81,106,143,72,53,51
2026-06-06 18:25:39.819,75,122,124,128,77,37,81,106,143,72,53,51
2026-06-06 18:25:39.820,75,122,124,128,76,32,81,107,148,72,54,53
2026-06-06 18:25:39.924,75,120,124,128,76,32,81,107,148,72,54,53
2026-06-06 18:25:39.924,75,120,122,128,76,32,81,107,148,72,54,53
2026-06-06 18:25:39.925,75,120,122,128,74,28,81,108,152,72,56,55
2026-06-06 18:25:40.027,75,119,122,128,74,28,81,108,152,72,56,55
2026-06-06 18:25:40.029,75,119,121,128,74,28,81,108,152,72,56,55
2026-06-06 18:25:40.029,75,119,121,128,73,25,81,110,155,72,57,56
2026-06-06 18:25:40.142,75,117,121,128,73,25,81,110,155,72,57,56
2026-06-06 18:25:40.143,75,117,119,128,73,25,81,110,155,72,57,56
2026-06-06 18:25:40.144,75,117,119,128,72,22,81,111,158,72,59,58
2026-06-06 18:25:40.260,75,116,119,128,72,22,81,111,158,72,59,58
2026-06-06 18:25:40.260,75,116,117,128,72,22,81,111,158,72,59,58
2026-06-06 18:25:40.261,75,116,117,128,70,20,81,113,160,72,60,60
2026-06-06 18:25:40.374,75,114,117,128,70,20,81,113,160,72,60,60
2026-06-06 18:25:40.375,75,114,115,128,70,20,81,113,160,72,60,60
2026-06-06 18:25:40.376,75,114,115,128,68,18,81,115,162,72,62,62
2026-06-06 18:25:40.491,75,112,115,128,68,18,81,115,162,72,62,62
2026-06-06 18:25:40.492,75,112,113,128,68,18,81,115,162,72,62,62
2026-06-06 18:25:40.492,75,112,113,128,67,18,81,116,162,72,64,64
2026-06-06 18:25:40.593,75,111,113,128,67,18,81,116,162,72,64,64
2026-06-06 18:25:40.593,75,111,112,128,67,18,81,116,162,72,64,64
2026-06-06 18:25:40.594,75,111,112,128,65,18,81,118,162,72,65,65
2026-06-06 18:25:40.707,75,109,112,128,65,18,81,118,162,72,65,65
2026-06-06 18:25:40.709,75,109,110,128,65,18,81,118,162,72,65,65
2026-06-06 18:25:40.709,75,109,110,128,63,18,81,120,162,72,67,67
2026-06-06 18:25:40.811,75,108,110,128,63,18,81,120,162,72,67,67
2026-06-06 18:25:40.811,75,108,108,128,63,18,81,120,162,72,67,67
2026-06-06 18:25:40.812,75,108,108,128,62,19,81,121,161,72,68,69
2026-06-06 18:25:40.925,75,106,108,128,62,19,81,121,161,72,68,69
2026-06-06 18:25:40.927,75,106,106,128,62,19,81,121,161,72,68,69
2026-06-06 18:25:40.927,75,106,106,128,60,21,81,123,159,72,70,71
2026-06-06 18:25:41.041,75,105,106,128,60,21,81,123,159,72,70,71
2026-06-06 18:25:41.041,75,105,104,128,60,21,81,123,159,72,70,71
2026-06-06 18:25:41.042,75,105,104,128,58,23,81,125,157,72,71,72
2026-06-06 18:25:41.143,75,103,104,128,58,23,81,125,157,72,71,72
2026-06-06 18:25:41.143,75,103,103,128,58,23,81,125,157,72,71,72
2026-06-06 18:25:41.144,75,103,103,128,56,26,81,127,154,72,73,74
2026-06-06 18:25:41.259,75,102,103,128,56,26,81,127,154,72,73,74
2026-06-06 18:25:41.260,75,102,101,128,56,26,81,127,154,72,73,74
2026-06-06 18:25:41.261,75,102,101,128,54,30,81,129,150,72,74,76
2026-06-06 18:25:41.374,75,100,101,128,54,30,81,129,150,72,74,76
2026-06-06 18:25:41.375,75,100,99,128,54,30,81,129,150,72,74,76
2026-06-06 18:25:41.376,75,100,99,128,52,34,81,131,146,72,76,78
2026-06-06 18:25:41.477,75,98,99,128,52,34,81,131,146,72,76,78
2026-06-06 18:25:41.477,75,98,98,128,52,34,81,131,146,72,76,78
2026-06-06 18:25:41.478,75,98,98,128,51,38,81,132,142,72,78,80
2026-06-06 18:25:41.593,75,99,98,128,51,38,81,132,142,72,78,80
2026-06-06 18:25:41.594,75,99,103,128,51,38,81,132,142,72,78,80
2026-06-06 18:25:41.594,75,99,103,128,51,41,81,132,139,72,77,74
2026-06-06 18:25:41.708,75,100,103,128,51,41,81,132,139,72,77,74
2026-06-06 18:25:41.709,75,100,112,128,51,41,81,132,139,72,77,74
2026-06-06 18:25:41.710,75,100,112,128,53,43,81,130,137,72,76,65
2026-06-06 18:25:41.824,75,101,112,128,53,43,81,130,137,72,76,65
2026-06-06 18:25:41.824,75,101,120,128,53,43,81,130,137,72,76,65
2026-06-06 18:25:41.825,75,101,120,128,54,45,81,129,135,72,75,57
2026-06-06 18:25:41.927,75,102,120,128,54,45,81,129,135,72,75,57
2026-06-06 18:25:41.928,75,102,126,128,54,45,81,129,135,72,75,57
2026-06-06 18:25:41.929,75,102,126,128,56,47,81,127,133,72,74,51
2026-06-06 18:25:42.043,75,104,126,128,56,47,81,127,133,72,74,51
2026-06-06 18:25:42.044,75,104,132,128,56,47,81,127,133,72,74,51
2026-06-06 18:25:42.044,75,104,132,128,57,48,81,126,132,72,72,45
2026-06-06 18:25:42.160,75,105,132,128,57,48,81,126,132,72,72,45
2026-06-06 18:25:42.160,75,105,138,128,57,48,81,126,132,72,72,45
2026-06-06 18:25:42.161,75,105,138,128,59,50,81,124,130,72,71,39
2026-06-06 18:25:42.276,75,107,138,128,59,50,81,124,130,72,71,39
2026-06-06 18:25:42.276,75,107,143,128,59,50,81,124,130,72,71,39
2026-06-06 18:25:42.277,75,107,143,128,61,52,81,122,128,72,69,34
2026-06-06 18:25:42.393,75,108,143,128,61,52,81,122,128,72,69,34
2026-06-06 18:25:42.394,75,108,148,128,61,52,81,122,128,72,69,34
2026-06-06 18:25:42.394,75,108,148,128,62,54,81,121,126,72,68,29
2026-06-06 18:25:42.508,75,110,148,128,62,54,81,121,126,72,68,29
2026-06-06 18:25:42.509,75,110,151,128,62,54,81,121,126,72,68,29
2026-06-06 18:25:42.510,75,110,151,128,64,56,81,119,124,72,66,26
2026-06-06 18:25:42.625,75,111,151,128,64,56,81,119,124,72,66,26
2026-06-06 18:25:42.626,75,111,154,128,64,56,81,119,124,72,66,26
2026-06-06 18:25:42.626,75,111,154,128,66,58,81,117,122,72,65,23
2026-06-06 18:25:42.741,75,113,154,128,66,58,81,117,122,72,65,23
2026-06-06 18:25:42.743,75,113,157,128,66,58,81,117,122,72,65,23
2026-06-06 18:25:42.743,75,113,157,128,67,60,81,116,120,72,63,20
2026-06-06 18:25:42.844,75,114,157,128,67,60,81,116,120,72,63,20
2026-06-06 18:25:42.845,75,114,158,128,67,60,81,116,120,72,63,20
2026-06-06 18:25:42.845,75,114,158,128,69,61,81,114,119,72,62,19
2026-06-06 18:25:42.959,75,116,158,128,69,61,81,114,119,72,62,19
2026-06-06 18:25:42.960,75,116,159,128,69,61,81,114,119,72,62,19
2026-06-06 18:25:42.960,75,116,159,128,70,63,81,113,117,72,60,18
2026-06-06 18:25:43.061,75,117,159,128,70,63,81,113,117,72,60,18
2026-06-06 18:25:43.062,75,117,160,128,70,63,81,113,117,72,60,18
2026-06-06 18:25:43.063,75,117,160,128,72,65,81,111,115,72,59,18
2026-06-06 18:25:43.174,75,119,160,128,72,65,81,111,115,72,59,18
2026-06-06 18:25:43.175,75,119,159,128,72,65,81,111,115,72,59,18
2026-06-06 18:25:43.176,75,119,159,128,73,67,81,110,113,72,57,18
2026-06-06 18:25:43.276,75,121,159,128,73,67,81,110,113,72,57,18
2026-06-06 18:25:43.277,75,121,158,128,73,67,81,110,113,72,57,18
2026-06-06 18:25:43.278,75,121,158,128,75,68,81,108,112,72,55,19
2026-06-06 18:25:43.392,75,122,158,128,75,68,81,108,112,72,55,19
2026-06-06 18:25:43.392,75,122,157,128,75,68,81,108,112,72,55,19
2026-06-06 18:25:43.393,75,122,157,128,76,70,81,107,110,72,54,20
2026-06-06 18:25:43.509,75,124,157,128,76,70,81,107,110,72,54,20
2026-06-06 18:25:43.510,75,124,155,128,76,70,81,107,110,72,54,20
2026-06-06 18:25:43.511,75,124,155,128,78,72,81,105,108,72,52,22
2026-06-06 18:25:43.624,75,126,155,128,78,72,81,105,108,72,52,22
2026-06-06 18:25:43.625,75,126,152,128,78,72,81,105,108,72,52,22
2026-06-06 18:25:43.626,75,126,152,128,80,74,81,103,106,72,50,25
2026-06-06 18:25:43.741,75,128,152,128,80,74,81,103,106,72,50,25
2026-06-06 18:25:43.741,75,128,148,128,80,74,81,103,106,72,50,25
2026-06-06 18:25:43.742,75,128,148,128,81,76,81,102,104,72,48,29
2026-06-06 18:25:43.843,75,130,148,128,81,76,81,102,104,72,48,29
2026-06-06 18:25:43.844,75,130,144,128,81,76,81,102,104,72,48,29
2026-06-06 18:25:43.844,75,130,144,128,83,77,81,100,103,72,46,33
2026-06-06 18:25:43.960,75,132,144,128,83,77,81,100,103,72,46,33
2026-06-06 18:25:43.960,75,132,139,128,83,77,81,100,103,72,46,33
2026-06-06 18:25:43.961,75,132,139,128,84,79,81,99,101,72,44,38
2026-06-06 18:25:44.074,75,132,136,128,84,79,81,99,101,72,44,38
2026-06-06 18:25:44.076,75,132,136,128,84,75,81,99,105,72,44,41
2026-06-06 18:25:44.177,75,131,136,128,84,75,81,99,105,72,44,41
2026-06-06 18:25:44.178,75,131,134,128,84,75,81,99,105,72,44,41
2026-06-06 18:25:44.179,75,131,134,128,83,67,81,100,113,72,45,43
2026-06-06 18:25:44.292,75,129,134,128,83,67,81,100,113,72,45,43
2026-06-06 18:25:44.293,75,129,132,128,83,67,81,100,113,72,45,43
2026-06-06 18:25:44.293,75,129,132,128,82,60,81,101,120,72,47,44
2026-06-06 18:25:44.410,75,127,132,128,82,60,81,101,120,72,47,44
2026-06-06 18:25:44.410,75,127,131,128,82,60,81,101,120,72,47,44
2026-06-06 18:25:44.411,75,127,131,128,81,52,81,102,128,72,49,46
2026-06-06 18:25:44.524,75,126,131,128,81,52,81,102,128,72,49,46
2026-06-06 18:25:44.525,75,126,129,128,81,52,81,102,128,72,49,46
2026-06-06 18:25:44.525,75,126,129,128,79,46,81,104,134,72,50,48
2026-06-06 18:25:44.627,75,124,129,128,79,46,81,104,134,72,50,48
2026-06-06 18:25:44.627,75,124,127,128,79,46,81,104,134,72,50,48
2026-06-06 18:25:44.628,75,124,127,128,78,40,81,105,140,72,52,50
2026-06-06 18:25:44.737,75,123,127,128,78,40,81,105,140,72,52,50
2026-06-06 18:25:44.737,75,123,125,128,78,40,81,105,140,72,52,50
2026-06-06 18:25:44.738,75,123,125,128,77,35,81,106,145,72,53,52
2026-06-06 18:25:44.852,75,121,125,128,77,35,81,106,145,72,53,52
2026-06-06 18:25:44.852,75,121,124,128,77,35,81,106,145,72,53,52
2026-06-06 18:25:44.853,75,121,124,128,75,31,81,108,149,72,55,54
2026-06-06 18:25:44.960,75,120,124,128,75,31,81,108,149,72,55,54
2026-06-06 18:25:44.960,75,120,122,128,75,31,81,108,149,72,55,54
2026-06-06 18:25:44.960,75,120,122,128,74,27,81,109,153,72,56,55
2026-06-06 18:25:45.075,75,118,122,128,74,27,81,109,153,72,56,55
2026-06-06 18:25:45.076,75,118,120,128,74,27,81,109,153,72,56,55
2026-06-06 18:25:45.078,75,118,120,128,72,24,81,110,156,72,58,57
2026-06-06 18:25:45.193,75,116,120,128,72,24,81,110,156,72,58,57
2026-06-06 18:25:45.194,75,116,118,128,72,24,81,110,156,72,58,57
2026-06-06 18:25:45.195,75,116,118,128,71,21,81,112,159,72,60,59
2026-06-06 18:25:45.310,75,115,118,128,71,21,81,112,159,72,60,59
2026-06-06 18:25:45.311,75,115,116,128,71,21,81,112,159,72,60,59
2026-06-06 18:25:45.311,75,115,116,128,69,19,81,114,161,72,61,61
2026-06-06 18:25:45.425,75,113,116,128,69,19,81,114,161,72,61,61
2026-06-06 18:25:45.425,75,113,114,128,69,19,81,114,161,72,61,61
2026-06-06 18:25:45.426,75,113,114,128,68,18,81,115,162,72,63,63
2026-06-06 18:25:45.543,75,112,114,128,68,18,81,115,162,72,63,63
2026-06-06 18:25:45.543,75,112,112,128,68,18,81,115,162,72,63,63
2026-06-06 18:25:45.544,75,112,112,128,66,18,81,117,162,72,64,64
2026-06-06 18:25:45.659,75,110,112,128,66,18,81,117,162,72,64,64
2026-06-06 18:25:45.660,75,110,111,128,66,18,81,117,162,72,64,64
2026-06-06 18:25:45.661,75,110,111,128,64,18,81,119,162,72,66,66
2026-06-06 18:25:45.776,75,108,111,128,64,18,81,119,162,72,66,66
2026-06-06 18:25:45.777,75,108,109,128,64,18,81,119,162,72,66,66
2026-06-06 18:25:45.777,75,108,109,128,62,19,81,121,161,72,68,68
2026-06-06 18:25:45.890,75,107,109,128,62,19,81,121,161,72,68,68
2026-06-06 18:25:45.891,75,107,107,128,62,19,81,121,161,72,68,68
2026-06-06 18:25:45.892,75,107,107,128,60,20,81,122,160,72,69,70
2026-06-06 18:25:46.007,75,105,107,128,60,20,81,122,160,72,69,70
2026-06-06 18:25:46.008,75,105,105,128,60,20,81,122,160,72,69,70
2026-06-06 18:25:46.008,75,105,105,128,59,22,81,124,158,72,71,72
2026-06-06 18:25:46.110,75,104,105,128,59,22,81,124,158,72,71,72
2026-06-06 18:25:46.110,75,104,103,128,59,22,81,124,158,72,71,72
2026-06-06 18:25:46.111,75,104,103,128,57,25,81,126,155,72,72,74
2026-06-06 18:25:46.226,75,102,103,128,57,25,81,126,155,72,72,74
2026-06-06 18:25:46.226,75,102,102,128,57,25,81,126,155,72,72,74
2026-06-06 18:25:46.227,75,102,102,128,55,28,81,128,152,72,74,75
2026-06-06 18:25:46.343,75,100,102,128,55,28,81,128,152,72,74,75
2026-06-06 18:25:46.343,75,100,100,128,55,28,81,128,152,72,74,75
2026-06-06 18:25:46.344,75,100,100,128,53,33,81,130,147,72,76,77
2026-06-06 18:25:46.459,75,99,100,128,53,33,81,130,147,72,76,77
2026-06-06 18:25:46.460,75,99,98,128,53,33,81,130,147,72,76,77
2026-06-06 18:25:46.460,75,99,98,128,51,38,81,132,142,72,77,79
2026-06-06 18:25:46.576,75,99,102,128,51,38,81,132,142,72,77,79
2026-06-06 18:25:46.576,75,99,102,128,51,41,81,132,139,72,77,75
2026-06-06 18:25:46.693,75,100,102,128,51,41,81,132,139,72,77,75
2026-06-06 18:25:46.694,75,100,111,128,51,41,81,132,139,72,77,75
2026-06-06 18:25:46.694,75,100,111,128,53,43,81,130,137,72,76,66
2026-06-06 18:25:46.808,75,101,111,128,53,43,81,130,137,72,76,66
2026-06-06 18:25:46.809,75,101,118,128,53,43,81,130,137,72,76,66
2026-06-06 18:25:46.810,75,101,118,128,54,45,81,129,135,72,75,58
2026-06-06 18:25:46.911,75,102,118,128,54,45,81,129,135,72,75,58
2026-06-06 18:25:46.911,75,102,125,128,54,45,81,129,135,72,75,58
2026-06-06 18:25:46.912,75,102,125,128,56,46,81,127,134,72,74,52
2026-06-06 18:25:47.026,75,104,125,128,56,46,81,127,134,72,74,52
2026-06-06 18:25:47.027,75,104,132,128,56,46,81,127,134,72,74,52
2026-06-06 18:25:47.027,75,104,132,128,57,48,81,126,132,72,72,46
2026-06-06 18:25:47.143,75,105,132,128,57,48,81,126,132,72,72,46
2026-06-06 18:25:47.144,75,105,137,128,57,48,81,126,132,72,72,46
2026-06-06 18:25:47.144,75,105,137,128,59,50,81,124,130,72,71,40
2026-06-06 18:25:47.258,75,106,137,128,59,50,81,124,130,72,71,40
2026-06-06 18:25:47.259,75,106,142,128,59,50,81,124,130,72,71,40
2026-06-06 18:25:47.259,75,106,142,128,60,52,81,122,128,72,70,34
2026-06-06 18:25:47.361,75,108,142,128,60,52,81,122,128,72,70,34
2026-06-06 18:25:47.361,75,108,146,128,60,52,81,122,128,72,70,34
2026-06-06 18:25:47.362,75,108,146,128,62,54,81,121,126,72,68,30
2026-06-06 18:25:47.476,75,109,146,128,62,54,81,121,126,72,68,30
2026-06-06 18:25:47.477,75,109,150,128,62,54,81,121,126,72,68,30
2026-06-06 18:25:47.477,75,109,150,128,64,55,81,120,125,72,67,27
2026-06-06 18:25:47.592,75,111,150,128,64,55,81,120,125,72,67,27
2026-06-06 18:25:47.593,75,111,154,128,64,55,81,120,125,72,67,27
2026-06-06 18:25:47.594,75,111,154,128,65,57,81,118,123,72,65,23
2026-06-06 18:25:47.695,75,112,154,128,65,57,81,118,123,72,65,23
2026-06-06 18:25:47.696,75,112,156,128,65,57,81,118,123,72,65,23
2026-06-06 18:25:47.696,75,112,156,128,67,59,81,116,121,72,64,21
2026-06-06 18:25:47.809,75,114,156,128,67,59,81,116,121,72,64,21
2026-06-06 18:25:47.809,75,114,158,128,67,59,81,116,121,72,64,21
2026-06-06 18:25:47.810,75,114,158,128,68,61,81,115,119,72,62,19
2026-06-06 18:25:47.910,75,115,158,128,68,61,81,115,119,72,62,19
2026-06-06 18:25:47.910,75,115,159,128,68,61,81,115,119,72,62,19
2026-06-06 18:25:47.911,75,115,159,128,70,62,81,113,118,72,61,18
2026-06-06 18:25:48.012,75,117,159,128,70,62,81,113,118,72,61,18
2026-06-06 18:25:48.013,75,117,159,128,71,64,81,112,116,72,59,18
2026-06-06 18:25:48.113,75,118,159,128,71,64,81,112,116,72,59,18
2026-06-06 18:25:48.114,75,118,160,128,71,64,81,112,116,72,59,18
2026-06-06 18:25:48.114,75,118,160,128,72,66,81,110,114,72,58,18
2026-06-06 18:25:48.216,75,120,160,128,72,66,81,110,114,72,58,18
2026-06-06 18:25:48.216,75,120,159,128,72,66,81,110,114,72,58,18
2026-06-06 18:25:48.217,75,120,159,128,74,67,81,109,113,72,56,18
2026-06-06 18:25:48.319,75,121,159,128,74,67,81,109,113,72,56,18
2026-06-06 18:25:48.319,75,121,158,128,74,67,81,109,113,72,56,18
2026-06-06 18:25:48.320,75,121,158,128,75,69,81,108,111,72,55,19
2026-06-06 18:25:48.421,75,123,158,128,75,69,81,108,111,72,55,19
2026-06-06 18:25:48.421,75,123,156,128,75,69,81,108,111,72,55,19
2026-06-06 18:25:48.422,75,123,156,128,77,71,81,106,109,72,53,21
2026-06-06 18:25:48.525,75,125,156,128,77,71,81,106,109,72,53,21
2026-06-06 18:25:48.526,75,125,154,128,77,71,81,106,109,72,53,21
2026-06-06 18:25:48.527,75,125,154,128,78,72,81,105,108,72,51,23
2026-06-06 18:25:48.628,75,126,154,128,78,72,81,105,108,72,51,23
2026-06-06 18:25:48.629,75,126,152,128,78,72,81,105,108,72,51,23
2026-06-06 18:25:48.630,75,126,152,128,80,74,81,103,106,72,50,25
2026-06-06 18:25:48.741,75,128,152,128,80,74,81,103,106,72,50,25
2026-06-06 18:25:48.742,75,128,148,128,80,74,81,103,106,72,50,25
2026-06-06 18:25:48.742,75,128,148,128,81,76,81,102,104,72,48,29
2026-06-06 18:25:48.844,75,130,148,128,81,76,81,102,104,72,48,29
2026-06-06 18:25:48.844,75,130,144,128,81,76,81,102,104,72,48,29
2026-06-06 18:25:48.845,75,130,144,128,83,77,81,100,103,72,46,33
2026-06-06 18:25:48.959,75,132,144,128,83,77,81,100,103,72,46,33
2026-06-06 18:25:48.960,75,132,139,128,83,77,81,100,103,72,46,33
2026-06-06 18:25:48.960,75,132,139,128,84,79,81,99,101,72,44,38
2026-06-06 18:25:49.076,75,132,136,128,84,79,81,99,101,72,44,38
2026-06-06 18:25:49.076,75,132,136,128,84,75,81,99,105,72,44,41
2026-06-06 18:25:49.177,75,131,136,128,84,75,81,99,105,72,44,41
2026-06-06 18:25:49.178,75,131,134,128,84,75,81,99,105,72,44,41
2026-06-06 18:25:49.179,75,131,134,128,83,67,81,100,113,72,45,43
2026-06-06 18:25:49.293,75,129,134,128,83,67,81,100,113,72,45,43
2026-06-06 18:25:49.293,75,129,132,128,83,67,81,100,113,72,45,43
2026-06-06 18:25:49.294,75,129,132,128,82,60,81,101,120,72,47,44
2026-06-06 18:25:49.410,75,127,132,128,82,60,81,101,120,72,47,44
2026-06-06 18:25:49.411,75,127,131,128,82,60,81,101,120,72,47,44
2026-06-06 18:25:49.411,75,127,131,128,81,52,81,102,128,72,49,46
2026-06-06 18:25:49.526,75,126,131,128,81,52,81,102,128,72,49,46
2026-06-06 18:25:49.526,75,126,129,128,81,52,81,102,128,72,49,46
2026-06-06 18:25:49.528,75,126,129,128,79,46,81,104,134,72,50,48
2026-06-06 18:25:49.642,75,124,129,128,79,46,81,104,134,72,50,48
2026-06-06 18:25:49.642,75,124,127,128,79,46,81,104,134,72,50,48
2026-06-06 18:25:49.643,75,124,127,128,78,40,81,105,140,72,52,50
2026-06-06 18:25:49.742,75,123,127,128,78,40,81,105,140,72,52,50
2026-06-06 18:25:49.742,75,123,125,128,78,40,81,105,140,72,52,50
2026-06-06 18:25:49.744,75,123,125,128,77,35,81,106,145,72,53,52
2026-06-06 18:25:49.843,75,121,125,128,77,35,81,106,145,72,53,52
2026-06-06 18:25:49.844,75,121,124,128,77,35,81,106,145,72,53,52
2026-06-06 18:25:49.845,75,121,124,128,76,31,81,107,149,72,55,53
2026-06-06 18:25:49.957,75,120,124,128,76,31,81,107,149,72,55,53
2026-06-06 18:25:49.959,75,120,122,128,76,31,81,107,149,72,55,53
2026-06-06 18:25:49.959,75,120,122,128,74,27,81,109,153,72,56,55
2026-06-06 18:25:50.059,75,118,122,128,74,27,81,109,153,72,56,55
2026-06-06 18:25:50.061,75,118,120,128,74,27,81,109,153,72,56,55
2026-06-06 18:25:50.061,75,118,120,128,73,24,81,110,156,72,58,57
2026-06-06 18:25:50.160,75,117,120,128,73,24,81,110,156,72,58,57
2026-06-06 18:25:50.160,75,117,119,128,73,24,81,110,156,72,58,57
2026-06-06 18:25:50.161,75,117,119,128,71,22,81,112,158,72,59,58
2026-06-06 18:25:50.272,75,115,119,128,71,22,81,112,158,72,59,58
2026-06-06 18:25:50.272,75,115,117,128,71,22,81,112,158,72,59,58
2026-06-06 18:25:50.273,75,115,117,128,70,20,81,113,160,72,61,60
2026-06-06 18:25:50.377,75,114,117,128,70,20,81,113,160,72,61,60
2026-06-06 18:25:50.378,75,114,115,128,70,20,81,113,160,72,61,60
2026-06-06 18:25:50.378,75,114,115,128,68,18,81,115,162,72,62,62
2026-06-06 18:25:50.476,75,112,115,128,68,18,81,115,162,72,62,62
2026-06-06 18:25:50.477,75,112,114,128,68,18,81,115,162,72,62,62
2026-06-06 18:25:50.477,75,112,114,128,67,18,81,116,162,72,64,63
2026-06-06 18:25:50.575,75,111,114,128,67,18,81,116,162,72,64,63
2026-06-06 18:25:50.576,75,111,112,128,67,18,81,116,162,72,64,63
2026-06-06 18:25:50.577,75,111,112,128,65,18,81,118,162,72,65,65
2026-06-06 18:25:50.676,75,110,112,128,65,18,81,118,162,72,65,65
2026-06-06 18:25:50.677,75,110,110,128,65,18,81,118,162,72,65,65
2026-06-06 18:25:50.677,75,110,110,128,64,18,81,119,162,72,66,67
2026-06-06 18:25:50.776,75,108,110,128,64,18,81,119,162,72,66,67
2026-06-06 18:25:50.777,75,108,109,128,64,18,81,119,162,72,66,67
2026-06-06 18:25:50.777,75,108,109,128,62,19,81,121,161,72,68,68
2026-06-06 18:25:50.876,75,107,109,128,62,19,81,121,161,72,68,68
2026-06-06 18:25:50.877,75,107,107,128,62,19,81,121,161,72,68,68
2026-06-06 18:25:50.879,75,107,107,128,61,20,81,122,160,72,69,70
2026-06-06 18:25:50.976,75,106,107,128,61,20,81,122,160,72,69,70
2026-06-06 18:25:50.977,75,106,106,128,61,20,81,122,160,72,69,70
2026-06-06 18:25:50.977,75,106,106,128,59,22,81,124,158,72,70,71
2026-06-06 18:25:51.075,75,104,106,128,59,22,81,124,158,72,70,71
2026-06-06 18:25:51.075,75,104,104,128,59,22,81,124,158,72,70,71
2026-06-06 18:25:51.077,75,104,104,128,58,24,81,126,156,72,72,73
2026-06-06 18:25:51.177,75,103,104,128,58,24,81,126,156,72,72,73
2026-06-06 18:25:51.177,75,103,102,128,58,24,81,126,156,72,72,73
2026-06-06 18:25:51.178,75,103,102,128,56,27,81,127,153,72,73,75
2026-06-06 18:25:51.276,75,101,102,128,56,27,81,127,153,72,73,75
2026-06-06 18:25:51.277,75,101,101,128,56,27,81,127,153,72,73,75
2026-06-06 18:25:51.277,75,101,101,128,54,30,81,129,150,72,75,76
2026-06-06 18:25:51.376,75,100,101,128,54,30,81,129,150,72,75,76
2026-06-06 18:25:51.377,75,100,99,128,54,30,81,129,150,72,75,76
2026-06-06 18:25:51.377,75,100,99,128,52,34,81,131,146,72,76,78
2026-06-06 18:25:51.462,75,99,99,128,52,34,81,131,146,72,76,78
2026-06-06 18:25:51.462,75,99,98,128,52,34,81,131,146,72,76,78
2026-06-06 18:25:51.462,75,99,98,128,51,38,81,132,142,72,77,79
2026-06-06 18:25:51.559,75,98,98,128,51,38,81,132,142,72,77,79
2026-06-06 18:25:51.560,75,98,101,128,51,38,81,132,142,72,77,79
2026-06-06 18:25:51.561,75,98,101,128,51,41,81,132,139,72,78,76
2026-06-06 18:25:51.658,75,100,101,128,51,41,81,132,139,72,78,76
2026-06-06 18:25:51.658,75,100,108,128,51,41,81,132,139,72,78,76
2026-06-06 18:25:51.659,75,100,108,128,52,42,81,131,138,72,76,69
2026-06-06 18:25:51.744,75,100,114,128,52,42,81,131,138,72,76,69
2026-06-06 18:25:51.745,75,100,114,128,53,44,81,130,136,72,76,63
2026-06-06 18:25:51.825,75,101,114,128,53,44,81,130,136,72,76,63
2026-06-06 18:25:51.825,75,101,120,128,53,44,81,130,136,72,76,63
2026-06-06 18:25:51.827,75,101,120,128,54,45,81,129,135,72,75,57
2026-06-06 18:25:51.909,75,102,120,128,54,45,81,129,135,72,75,57
2026-06-06 18:25:51.911,75,102,125,128,54,45,81,129,135,72,75,57
2026-06-06 18:25:51.911,75,102,125,128,56,46,81,127,134,72,74,52
2026-06-06 18:25:51.993,75,103,125,128,56,46,81,127,134,72,74,52
2026-06-06 18:25:51.994,75,103,130,128,56,46,81,127,134,72,74,52
2026-06-06 18:25:51.995,75,103,130,128,57,48,81,126,132,72,73,47
2026-06-06 18:25:52.074,75,104,130,128,57,48,81,126,132,72,73,47
2026-06-06 18:25:52.075,75,104,134,128,57,48,81,126,132,72,73,47
2026-06-06 18:25:52.075,75,104,134,128,58,49,81,125,131,72,72,43
2026-06-06 18:25:52.159,75,105,134,128,58,49,81,125,131,72,72,43
2026-06-06 18:25:52.159,75,105,138,128,58,49,81,125,131,72,72,43
2026-06-06 18:25:52.161,75,105,138,128,59,50,81,124,130,72,71,39
2026-06-06 18:25:52.242,75,106,138,128,59,50,81,124,130,72,71,39
2026-06-06 18:25:52.243,75,106,142,128,59,50,81,124,130,72,71,39
2026-06-06 18:25:52.244,75,106,142,128,60,52,81,123,128,72,70,35
2026-06-06 18:25:52.325,75,107,142,128,60,52,81,123,128,72,70,35
2026-06-06 18:25:52.327,75,107,145,128,60,52,81,123,128,72,70,35
2026-06-06 18:25:52.327,75,107,145,128,61,53,81,122,127,72,69,32
2026-06-06 18:25:52.410,75,108,145,128,61,53,81,122,127,72,69,32
2026-06-06 18:25:52.410,75,108,148,128,61,53,81,122,127,72,69,32
2026-06-06 18:25:52.412,75,108,148,128,63,54,81,120,126,72,68,29
2026-06-06 18:25:52.493,75,109,148,128,63,54,81,120,126,72,68,29
2026-06-06 18:25:52.493,75,109,151,128,63,54,81,120,126,72,68,29
2026-06-06 18:25:52.494,75,109,151,128,64,56,81,119,124,72,67,26
2026-06-06 18:25:52.577,75,110,151,128,64,56,81,119,124,72,67,26
2026-06-06 18:25:52.577,75,110,153,128,64,56,81,119,124,72,67,26
2026-06-06 18:25:52.578,75,110,153,128,65,57,81,118,123,72,66,24
2026-06-06 18:25:52.659,75,112,153,128,65,57,81,118,123,72,66,24
2026-06-06 18:25:52.660,75,112,155,128,65,57,81,118,123,72,66,24
2026-06-06 18:25:52.660,75,112,155,128,66,58,81,117,122,72,64,22
2026-06-06 18:25:52.743,75,113,155,128,66,58,81,117,122,72,64,22
2026-06-06 18:25:52.744,75,113,157,128,66,58,81,117,122,72,64,22
2026-06-06 18:25:52.745,75,113,157,128,67,60,81,116,120,72,63,20
2026-06-06 18:25:52.826,75,114,157,128,67,60,81,116,120,72,63,20
2026-06-06 18:25:52.827,75,114,158,128,67,60,81,116,120,72,63,20
2026-06-06 18:25:52.828,75,114,158,128,68,61,81,115,119,72,62,19
2026-06-06 18:25:52.911,75,115,158,128,68,61,81,115,119,72,62,19
2026-06-06 18:25:52.912,75,115,159,128,68,61,81,115,119,72,62,19
2026-06-06 18:25:52.912,75,115,159,128,70,62,81,113,118,72,61,18
2026-06-06 18:25:52.993,75,116,159,128,70,62,81,113,118,72,61,18
2026-06-06 18:25:52.994,75,116,159,128,71,64,81,112,116,72,60,18
2026-06-06 18:25:53.076,75,118,159,128,71,64,81,112,116,72,60,18
2026-06-06 18:25:53.077,75,118,160,128,71,64,81,112,116,72,60,18
2026-06-06 18:25:53.077,75,118,160,128,72,65,81,111,115,72,58,18
2026-06-06 18:25:53.158,75,119,160,128,72,65,81,111,115,72,58,18
2026-06-06 18:25:53.159,75,119,159,128,72,65,81,111,115,72,58,18
2026-06-06 18:25:53.160,75,119,159,128,73,66,81,110,114,72,57,18
2026-06-06 18:25:53.226,75,120,159,128,73,66,81,110,114,72,57,18
2026-06-06 18:25:53.227,75,120,159,128,74,68,81,109,112,72,56,18
2026-06-06 18:25:53.310,75,121,159,128,74,68,81,109,112,72,56,18
2026-06-06 18:25:53.311,75,121,158,128,74,68,81,109,112,72,56,18
2026-06-06 18:25:53.311,75,121,158,128,75,69,81,108,111,72,55,19
2026-06-06 18:25:53.377,75,122,158,128,75,69,81,108,111,72,55,19
2026-06-06 18:25:53.378,75,122,157,128,75,69,81,108,111,72,55,19
2026-06-06 18:25:53.378,75,122,157,128,76,70,81,107,110,72,54,20
2026-06-06 18:25:53.444,75,123,157,128,76,70,81,107,110,72,54,20
2026-06-06 18:25:53.445,75,123,156,128,76,70,81,107,110,72,54,20
2026-06-06 18:25:53.445,75,123,156,128,77,71,81,106,109,72,53,21
2026-06-06 18:25:53.525,75,125,156,128,77,71,81,106,109,72,53,21
2026-06-06 18:25:53.525,75,125,154,128,77,71,81,106,109,72,53,21
2026-06-06 18:25:53.526,75,125,154,128,78,72,81,105,108,72,51,23
2026-06-06 18:25:53.593,75,126,154,128,78,72,81,105,108,72,51,23
2026-06-06 18:25:53.594,75,126,153,128,78,72,81,105,108,72,51,23
2026-06-06 18:25:53.594,75,126,153,128,79,73,81,104,107,72,50,24
2026-06-06 18:25:53.658,75,127,153,128,79,73,81,104,107,72,50,24
2026-06-06 18:25:53.658,75,127,151,128,79,73,81,104,107,72,50,24
2026-06-06 18:25:53.660,75,127,151,128,80,74,81,103,106,72,49,26
2026-06-06 18:25:53.726,75,128,151,128,80,74,81,103,106,72,49,26
2026-06-06 18:25:53.726,75,128,149,128,80,74,81,103,106,72,49,26
2026-06-06 18:25:53.727,75,128,149,128,81,75,81,102,105,72,48,28
2026-06-06 18:25:53.793,75,129,149,128,81,75,81,102,105,72,48,28
2026-06-06 18:25:53.793,75,129,146,128,81,75,81,102,105,72,48,28
2026-06-06 18:25:53.794,75,129,146,128,82,76,81,101,104,72,47,31
2026-06-06 18:25:53.859,75,130,146,128,82,76,81,101,104,72,47,31
2026-06-06 18:25:53.860,75,130,144,128,82,76,81,101,104,72,47,31
2026-06-06 18:25:53.861,75,130,144,128,83,78,81,100,102,72,46,33
2026-06-06 18:25:53.925,75,132,144,128,83,78,81,100,102,72,46,33
2026-06-06 18:25:53.926,75,132,141,128,83,78,81,100,102,72,46,33
2026-06-06 18:25:53.926,75,132,141,128,84,79,81,99,101,72,44,36
2026-06-06 18:25:53.990,75,133,141,128,84,79,81,99,101,72,44,36
2026-06-06 18:25:53.990,75,133,138,128,84,79,81,99,101,72,44,36
2026-06-06 18:25:53.991,75,133,138,128,85,80,81,98,100,72,43,39
2026-06-06 18:25:54.060,75,132,138,128,85,80,81,98,100,72,43,39
2026-06-06 18:25:54.061,75,132,136,128,85,80,81,98,100,72,43,39
2026-06-06 18:25:54.062,75,132,136,128,84,76,81,98,104,72,44,41
2026-06-06 18:25:54.127,75,131,136,128,84,76,81,98,104,72,44,41
2026-06-06 18:25:54.127,75,131,135,128,84,76,81,98,104,72,44,41
2026-06-06 18:25:54.128,75,131,135,128,84,71,81,99,109,72,45,42
2026-06-06 18:25:54.193,75,130,135,128,84,71,81,99,109,72,45,42
2026-06-06 18:25:54.194,75,130,134,128,84,71,81,99,109,72,45,42
2026-06-06 18:25:54.194,75,130,134,128,83,66,81,100,114,72,46,43
2026-06-06 18:25:54.259,75,130,133,128,83,66,81,100,114,72,46,43
2026-06-06 18:25:54.259,75,130,133,128,82,62,81,101,118,72,46,44
2026-06-06 18:25:54.326,75,129,133,128,82,62,81,101,118,72,46,44
2026-06-06 18:25:54.326,75,129,132,128,82,62,81,101,118,72,46,44
2026-06-06 18:25:54.327,75,129,132,128,82,57,81,101,123,72,47,45
2026-06-06 18:25:54.393,75,128,132,128,82,57,81,101,123,72,47,45
2026-06-06 18:25:54.394,75,128,131,128,82,57,81,101,123,72,47,45
2026-06-06 18:25:54.394,75,128,131,128,81,53,81,102,127,72,48,46
2026-06-06 18:25:54.460,75,127,131,128,81,53,81,102,127,72,48,46
2026-06-06 18:25:54.460,75,127,130,128,81,53,81,102,127,72,48,46
2026-06-06 18:25:54.460,75,127,130,128,80,49,81,103,131,72,49,47
2026-06-06 18:25:54.526,75,126,130,128,80,49,81,103,131,72,49,47
2026-06-06 18:25:54.526,75,126,129,128,80,49,81,103,131,72,49,47
2026-06-06 18:25:54.528,75,126,129,128,79,46,81,104,134,72,50,48
2026-06-06 18:25:54.593,75,125,129,128,79,46,81,104,134,72,50,48
2026-06-06 18:25:54.594,75,125,128,128,79,46,81,104,134,72,50,48
2026-06-06 18:25:54.594,75,125,128,128,79,42,81,104,138,72,51,49
2026-06-06 18:25:54.656,75,124,128,128,79,42,81,104,138,72,51,49
2026-06-06 18:25:54.656,75,124,127,128,79,42,81,104,138,72,51,49
2026-06-06 18:25:54.658,75,124,127,128,78,39,81,105,141,72,52,50
2026-06-06 18:25:54.723,75,123,127,128,78,39,81,105,141,72,52,50
2026-06-06 18:25:54.724,75,123,126,128,78,39,81,105,141,72,52,50
2026-06-06 18:25:54.725,75,123,126,128,77,36,81,106,144,72,53,51
2026-06-06 18:25:54.791,75,122,126,128,77,36,81,106,144,72,53,51
2026-06-06 18:25:54.792,75,122,124,128,77,36,81,106,144,72,53,51
2026-06-06 18:25:54.793,75,122,124,128,76,33,81,107,147,72,54,52
2026-06-06 18:25:54.853,75,121,124,128,76,33,81,107,147,72,54,52
2026-06-06 18:25:54.854,75,121,124,128,75,31,81,108,149,72,55,54
2026-06-06 18:25:54.910,75,120,124,128,75,31,81,108,149,72,55,54
2026-06-06 18:25:54.910,75,120,123,128,75,31,81,108,149,72,55,54
2026-06-06 18:25:54.911,75,120,123,128,75,29,81,108,151,72,56,54
2026-06-06 18:25:54.969,75,120,122,128,75,29,81,108,151,72,56,54
2026-06-06 18:25:54.970,75,120,122,128,74,27,81,109,153,72,56,55
2026-06-06 18:25:55.025,75,119,122,128,74,27,81,109,153,72,56,55
2026-06-06 18:25:55.025,75,119,121,128,74,27,81,109,153,72,56,55
2026-06-06 18:25:55.027,75,119,121,128,73,25,81,110,155,72,57,56
2026-06-06 18:25:55.076,75,118,121,128,73,25,81,110,155,72,57,56
2026-06-06 18:25:55.077,75,118,120,128,73,25,81,110,155,72,57,56
2026-06-06 18:25:55.078,75,118,120,128,72,24,81,110,156,72,58,57
2026-06-06 18:25:55.139,75,117,120,128,72,24,81,110,156,72,58,57
2026-06-06 18:25:55.140,75,117,119,128,72,24,81,110,156,72,58,57
2026-06-06 18:25:55.140,75,117,119,128,72,22,81,111,158,72,59,58
2026-06-06 18:25:55.201,75,116,119,128,72,22,81,111,158,72,59,58
2026-06-06 18:25:55.202,75,116,118,128,72,22,81,111,158,72,59,58
2026-06-06 18:25:55.203,75,116,118,128,71,21,81,112,159,72,60,59
2026-06-06 18:25:55.259,75,116,117,128,71,21,81,112,159,72,60,59
2026-06-06 18:25:55.260,75,116,117,128,70,20,81,113,160,72,60,60
2026-06-06 18:25:55.310,75,115,117,128,70,20,81,113,160,72,60,60
2026-06-06 18:25:55.310,75,115,116,128,70,20,81,113,160,72,60,60
2026-06-06 18:25:55.311,75,115,116,128,69,19,81,114,161,72,61,61
2026-06-06 18:25:55.358,75,114,116,128,69,19,81,114,161,72,61,61
2026-06-06 18:25:55.359,75,114,115,128,69,19,81,114,161,72,61,61
2026-06-06 18:25:55.359,75,114,115,128,69,19,81,114,161,72,62,62
2026-06-06 18:25:55.410,75,113,115,128,69,19,81,114,161,72,62,62
2026-06-06 18:25:55.411,75,113,115,128,68,18,81,115,162,72,63,62
2026-06-06 18:25:55.459,75,113,114,128,68,18,81,115,162,72,63,62
2026-06-06 18:25:55.459,75,113,114,128,67,18,81,116,162,72,63,63
2026-06-06 18:25:55.509,75,112,114,128,67,18,81,116,162,72,63,63
2026-06-06 18:25:55.510,75,112,113,128,67,18,81,116,162,72,63,63
2026-06-06 18:25:55.511,75,112,113,128,66,18,81,117,162,72,64,64
2026-06-06 18:25:55.560,75,111,113,128,66,18,81,117,162,72,64,64
2026-06-06 18:25:55.561,75,111,112,128,66,18,81,117,162,72,64,64
2026-06-06 18:25:55.561,75,111,112,128,66,18,81,117,162,72,65,65
2026-06-06 18:25:55.610,75,111,111,128,66,18,81,117,162,72,65,65
2026-06-06 18:25:55.611,75,111,111,128,65,18,81,118,162,72,65,66
2026-06-06 18:25:55.659,75,110,111,128,65,18,81,118,162,72,65,66
2026-06-06 18:25:55.660,75,110,111,128,64,18,81,119,162,72,66,66
2026-06-06 18:25:55.708,75,109,111,128,64,18,81,119,162,72,66,66
2026-06-06 18:25:55.709,75,109,110,128,64,18,81,119,162,72,66,66
2026-06-06 18:25:55.710,75,109,110,128,63,18,81,120,162,72,67,67
2026-06-06 18:25:55.758,75,108,110,128,63,18,81,120,162,72,67,67
2026-06-06 18:25:55.759,75,108,109,128,63,18,81,120,162,72,67,67
2026-06-06 18:25:55.760,75,108,109,128,63,18,81,120,162,72,68,68
2026-06-06 18:25:55.809,75,108,108,128,63,18,81,120,162,72,68,68
2026-06-06 18:25:55.810,75,108,108,128,62,19,81,121,161,72,68,69
2026-06-06 18:25:55.857,75,107,108,128,62,19,81,121,161,72,68,69
2026-06-06 18:25:55.859,75,107,108,128,61,20,81,122,160,72,69,70
2026-06-06 18:25:55.910,75,106,108,128,61,20,81,122,160,72,69,70
2026-06-06 18:25:55.910,75,106,107,128,61,20,81,122,160,72,69,70
2026-06-06 18:25:55.910,75,106,107,128,60,20,81,123,160,72,70,70
2026-06-06 18:25:55.958,75,106,106,128,60,20,81,123,160,72,70,70
2026-06-06 18:25:55.958,75,106,106,128,60,21,81,124,159,72,70,71
2026-06-06 18:25:56.009,75,105,106,128,60,21,81,124,159,72,70,71
2026-06-06 18:25:56.009,75,105,105,128,60,21,81,124,159,72,70,71
2026-06-06 18:25:56.011,75,105,105,128,59,22,81,124,158,72,71,72
2026-06-06 18:25:56.059,75,104,105,128,59,22,81,124,158,72,71,72
2026-06-06 18:25:56.060,75,104,104,128,59,22,81,124,158,72,71,72
2026-06-06 18:25:56.060,75,104,104,128,58,24,81,125,156,72,72,73
2026-06-06 18:25:56.109,75,104,103,128,58,24,81,125,156,72,72,73
2026-06-06 18:25:56.110,75,104,103,128,57,25,81,126,155,72,72,74
2026-06-06 18:25:56.159,75,103,103,128,57,25,81,126,155,72,72,74
2026-06-06 18:25:56.160,75,103,103,128,56,26,81,127,154,72,73,74
2026-06-06 18:25:56.208,75,102,103,128,56,26,81,127,154,72,73,74
2026-06-06 18:25:56.209,75,102,102,128,56,26,81,127,154,72,73,74
2026-06-06 18:25:56.209,75,102,102,128,55,28,81,128,152,72,74,75
2026-06-06 18:25:56.259,75,102,101,128,55,28,81,128,152,72,74,75
2026-06-06 18:25:56.261,75,102,101,128,54,30,81,129,150,72,74,76
2026-06-06 18:25:56.308,75,101,101,128,54,30,81,129,150,72,74,76
2026-06-06 18:25:56.309,75,101,100,128,54,30,81,129,150,72,74,76
2026-06-06 18:25:56.309,75,101,100,128,54,31,81,129,149,72,75,77
2026-06-06 18:25:56.359,75,100,100,128,54,31,81,129,149,72,75,77
2026-06-06 18:25:56.361,75,100,99,128,54,31,81,129,149,72,75,77
2026-06-06 18:25:56.361,75,100,99,128,53,33,81,130,147,72,76,78
2026-06-06 18:25:56.409,75,99,99,128,53,33,81,130,147,72,76,78
2026-06-06 18:25:56.410,75,99,99,128,52,35,81,131,145,72,77,78
2026-06-06 18:25:56.460,75,99,98,128,52,35,81,131,145,72,77,78
2026-06-06 18:25:56.461,75,99,98,128,51,38,81,132,142,72,77,79
2026-06-06 18:25:56.508,75,98,98,128,51,38,81,132,142,72,77,79
2026-06-06 18:25:56.509,75,98,97,128,51,38,81,132,142,72,77,79
2026-06-06 18:25:56.509,75,98,97,128,50,40,81,133,140,72,78,80
2026-06-06 18:25:56.559,75,98,101,128,50,40,81,133,140,72,78,80
2026-06-06 18:25:56.560,75,98,101,128,51,41,81,132,139,72,78,76
2026-06-06 18:25:56.595,75,99,101,128,51,41,81,132,139,72,78,76
2026-06-06 18:25:56.596,75,99,104,128,51,41,81,132,139,72,78,76
2026-06-06 18:25:56.596,75,99,104,128,51,41,81,132,139,72,77,73
2026-06-06 18:25:56.644,75,99,107,128,51,41,81,132,139,72,77,73
2026-06-06 18:25:56.645,75,99,107,128,52,42,81,131,138,72,77,70
2026-06-06 18:25:56.692,75,100,107,128,52,42,81,131,138,72,77,70
2026-06-06 18:25:56.692,75,100,111,128,52,42,81,131,138,72,77,70
2026-06-06 18:25:56.693,75,100,111,128,52,43,81,130,137,72,76,66
2026-06-06 18:25:56.741,75,100,114,128,52,43,81,130,137,72,76,66
2026-06-06 18:25:56.742,75,100,114,128,53,44,81,130,136,72,76,63
2026-06-06 18:25:56.775,75,101,114,128,53,44,81,130,136,72,76,63
2026-06-06 18:25:56.777,75,101,116,128,53,44,81,130,136,72,76,63
2026-06-06 18:25:56.777,75,101,116,128,54,44,81,129,136,72,75,61
2026-06-06 18:25:56.811,75,101,119,128,54,44,81,129,136,72,75,61
2026-06-06 18:25:56.812,75,101,119,128,54,45,81,129,135,72,75,58
2026-06-06 18:25:56.858,75,102,119,128,54,45,81,129,135,72,75,58
2026-06-06 18:25:56.859,75,102,122,128,54,45,81,129,135,72,75,58
2026-06-06 18:25:56.860,75,102,122,128,55,46,81,128,134,72,74,55
2026-06-06 18:25:56.891,75,102,124,128,55,46,81,128,134,72,74,55
2026-06-06 18:25:56.892,75,102,124,128,55,46,81,128,134,72,74,53
2026-06-06 18:25:56.926,75,102,126,128,55,46,81,128,134,72,74,53
2026-06-06 18:25:56.927,75,102,126,128,56,47,81,127,133,72,74,51
2026-06-06 18:25:56.959,75,103,126,128,56,47,81,127,133,72,74,51
2026-06-06 18:25:56.960,75,103,128,128,56,47,81,127,133,72,74,51
2026-06-06 18:25:56.961,75,103,128,128,56,47,81,127,133,72,73,49
2026-06-06 18:25:56.992,75,103,130,128,56,47,81,127,133,72,73,49
2026-06-06 18:25:56.993,75,103,130,128,57,48,81,126,132,72,73,47
2026-06-06 18:25:57.025,75,104,130,128,57,48,81,126,132,72,73,47
2026-06-06 18:25:57.027,75,104,131,128,57,48,81,126,132,72,73,47
2026-06-06 18:25:57.027,75,104,131,128,57,48,81,126,132,72,72,46
2026-06-06 18:25:57.059,75,104,133,128,57,48,81,126,132,72,72,46
2026-06-06 18:25:57.060,75,104,133,128,58,49,81,125,131,72,72,44
2026-06-06 18:25:57.093,75,104,135,128,58,49,81,125,131,72,72,44
2026-06-06 18:25:57.094,75,104,135,128,58,49,81,125,131,72,72,42
2026-06-06 18:25:57.126,75,105,135,128,58,49,81,125,131,72,72,42
2026-06-06 18:25:57.127,75,105,137,128,58,49,81,125,131,72,72,42
2026-06-06 18:25:57.127,75,105,137,128,59,50,81,124,130,72,71,40
2026-06-06 18:25:57.159,75,105,138,128,59,50,81,124,130,72,71,40
2026-06-06 18:25:57.160,75,105,138,128,59,50,81,124,130,72,71,39
2026-06-06 18:25:57.191,75,106,138,128,59,50,81,124,130,72,71,39
2026-06-06 18:25:57.192,75,106,140,128,59,50,81,124,130,72,71,39
2026-06-06 18:25:57.193,75,106,140,128,60,51,81,124,129,72,70,37
2026-06-06 18:25:57.226,75,106,141,128,60,51,81,124,129,72,70,37
2026-06-06 18:25:57.226,75,106,141,128,60,51,81,123,129,72,70,36
2026-06-06 18:25:57.258,75,106,142,128,60,51,81,123,129,72,70,36
2026-06-06 18:25:57.259,75,106,142,128,60,52,81,122,128,72,70,34
2026-06-06 18:25:57.293,75,107,142,128,60,52,81,122,128,72,70,34
2026-06-06 18:25:57.294,75,107,144,128,60,52,81,122,128,72,70,34
2026-06-06 18:25:57.294,75,107,144,128,61,52,81,122,128,72,69,33
2026-06-06 18:25:57.326,75,107,145,128,61,52,81,122,128,72,69,33
2026-06-06 18:25:57.326,75,107,145,128,61,53,81,122,127,72,69,32
2026-06-06 18:25:57.361,75,108,145,128,61,53,81,122,127,72,69,32
2026-06-06 18:25:57.361,75,108,146,128,61,53,81,122,127,72,69,32
2026-06-06 18:25:57.363,75,108,146,128,62,54,81,121,126,72,68,30
2026-06-06 18:25:57.392,75,108,148,128,62,54,81,121,126,72,68,30
2026-06-06 18:25:57.392,75,108,148,128,62,54,81,121,126,72,68,29
2026-06-06 18:25:57.426,75,108,149,128,62,54,81,121,126,72,68,29
2026-06-06 18:25:57.427,75,108,149,128,63,55,81,120,125,72,68,28
2026-06-06 18:25:57.460,75,109,149,128,63,55,81,120,125,72,68,28
2026-06-06 18:25:57.460,75,109,150,128,63,55,81,120,125,72,68,28
2026-06-06 18:25:57.461,75,109,150,128,63,55,81,120,125,72,67,27
2026-06-06 18:25:57.493,75,109,151,128,63,55,81,120,125,72,67,27
2026-06-06 18:25:57.494,75,109,151,128,64,56,81,119,124,72,67,26
2026-06-06 18:25:57.526,75,110,151,128,64,56,81,119,124,72,67,26
2026-06-06 18:25:57.526,75,110,152,128,64,56,81,119,124,72,67,26
2026-06-06 18:25:57.528,75,110,152,128,64,56,81,119,124,72,66,25
2026-06-06 18:25:57.558,75,110,153,128,64,56,81,119,124,72,66,25
2026-06-06 18:25:57.559,75,110,153,128,65,57,81,118,123,72,66,24
2026-06-06 18:25:57.593,75,111,153,128,65,57,81,118,123,72,66,24
2026-06-06 18:25:57.593,75,111,154,128,65,57,81,118,123,72,66,24
2026-06-06 18:25:57.594,75,111,154,128,65,57,81,118,123,72,65,23
2026-06-06 18:25:57.625,75,111,154,128,66,58,81,117,122,72,65,23
2026-06-06 18:25:57.659,75,112,154,128,66,58,81,117,122,72,65,23
2026-06-06 18:25:57.659,75,112,155,128,66,58,81,117,122,72,65,23
2026-06-06 18:25:57.660,75,112,155,128,66,58,81,117,122,72,64,22
2026-06-06 18:25:57.692,75,112,156,128,66,58,81,117,122,72,64,22
2026-06-06 18:25:57.692,75,112,156,128,66,59,81,116,121,72,64,21
2026-06-06 18:25:57.727,75,112,156,128,67,59,81,116,121,72,64,21
2026-06-06 18:25:57.759,75,113,156,128,67,59,81,116,121,72,64,21
2026-06-06 18:25:57.759,75,113,157,128,67,59,81,116,121,72,64,21
2026-06-06 18:25:57.760,75,113,157,128,68,60,81,116,120,72,63,20
2026-06-06 18:25:57.794,75,114,157,128,68,60,81,116,120,72,63,20
2026-06-06 18:25:57.794,75,114,158,128,68,60,81,116,120,72,63,20
2026-06-06 18:25:57.795,75,114,158,128,68,60,81,115,120,72,62,20
2026-06-06 18:25:57.826,75,114,158,128,68,61,81,115,119,72,62,19
2026-06-06 18:25:57.860,75,114,158,128,69,62,81,114,118,72,62,19
2026-06-06 18:25:57.892,75,115,158,128,69,62,81,114,118,72,62,19
2026-06-06 18:25:57.892,75,115,159,128,69,62,81,114,118,72,62,19
2026-06-06 18:25:57.893,75,115,159,128,69,62,81,114,118,72,61,18
2026-06-06 18:25:57.926,75,115,159,128,70,63,81,113,117,72,61,18
2026-06-06 18:25:57.959,75,116,159,128,70,63,81,113,117,72,61,18
2026-06-06 18:25:57.960,75,116,159,128,70,63,81,113,117,72,60,18
2026-06-06 18:25:57.994,75,116,159,128,71,64,81,112,116,72,60,18
2026-06-06 18:25:58.025,75,117,159,128,71,64,81,112,116,72,60,18
2026-06-06 18:25:58.026,75,117,159,128,71,64,81,112,116,72,59,18
2026-06-06 18:25:58.060,75,117,160,128,71,64,81,112,116,72,59,18
2026-06-06 18:25:58.061,75,117,160,128,72,65,81,111,115,72,59,18
2026-06-06 18:25:58.093,75,118,160,128,72,65,81,111,115,72,59,18
2026-06-06 18:25:58.094,75,118,160,128,72,65,81,111,115,72,58,18
2026-06-06 18:25:58.126,75,118,159,128,72,65,81,111,115,72,58,18
2026-06-06 18:25:58.127,75,118,159,128,73,66,81,110,114,72,58,18
2026-06-06 18:25:58.159,75,119,159,128,73,66,81,110,114,72,58,18
2026-06-06 18:25:58.160,75,119,159,128,73,66,81,110,114,72,57,18
2026-06-06 18:25:58.192,75,119,159,128,74,67,81,110,113,72,57,18
2026-06-06 18:25:58.226,75,120,159,128,74,67,81,110,113,72,57,18
2026-06-06 18:25:58.227,75,120,159,128,74,67,81,109,113,72,56,18
2026-06-06 18:25:58.258,75,120,159,128,74,68,81,108,112,72,56,18
2026-06-06 18:25:58.276,75,121,159,128,74,68,81,108,112,72,56,18
2026-06-06 18:25:58.277,75,121,158,128,74,68,81,108,112,72,56,18
2026-06-06 18:25:58.277,75,121,158,128,75,68,81,108,112,72,55,19
2026-06-06 18:25:58.310,75,121,158,128,75,69,81,108,111,72,55,19
2026-06-06 18:25:58.343,75,122,158,128,75,69,81,108,111,72,55,19
2026-06-06 18:25:58.343,75,122,158,128,76,69,81,107,111,72,54,19
2026-06-06 18:25:58.376,75,122,157,128,76,69,81,107,111,72,54,19
2026-06-06 18:25:58.377,75,122,157,128,76,70,81,107,110,72,54,20
2026-06-06 18:25:58.408,75,123,157,128,76,70,81,107,110,72,54,20
2026-06-06 18:25:58.409,75,123,157,128,77,70,81,106,110,72,53,20
2026-06-06 18:25:58.441,75,123,156,128,77,70,81,106,110,72,53,20
2026-06-06 18:25:58.441,75,123,156,128,77,71,81,106,109,72,53,21
2026-06-06 18:25:58.460,75,124,156,128,77,71,81,106,109,72,53,21
2026-06-06 18:25:58.461,75,124,156,128,77,71,81,106,109,72,52,21
2026-06-06 18:25:58.477,75,124,155,128,77,71,81,106,109,72,52,21
2026-06-06 18:25:58.477,75,124,155,128,78,72,81,106,108,72,52,22
2026-06-06 18:25:58.507,75,124,155,128,78,72,81,105,108,72,52,22
2026-06-06 18:25:58.525,75,125,155,128,78,72,81,105,108,72,52,22
2026-06-06 18:25:58.526,75,125,154,128,78,72,81,105,108,72,52,22
2026-06-06 18:25:58.527,75,125,154,128,78,72,81,105,108,72,51,23
2026-06-06 18:25:58.543,75,125,154,128,78,72,81,104,108,72,51,23
2026-06-06 18:25:58.560,75,125,153,128,78,72,81,104,108,72,51,23
2026-06-06 18:25:58.561,75,125,153,128,79,73,81,104,107,72,51,24
2026-06-06 18:25:58.576,75,126,153,128,79,73,81,104,107,72,51,24
2026-06-06 18:25:58.577,75,126,153,128,79,73,81,104,107,72,50,24
2026-06-06 18:25:58.609,75,126,152,128,79,73,81,104,107,72,50,24
2026-06-06 18:25:58.610,75,126,152,128,79,74,81,104,106,72,50,25
2026-06-06 18:25:58.627,75,126,152,128,80,74,81,103,106,72,50,25
2026-06-06 18:25:58.644,75,127,152,128,80,74,81,103,106,72,50,25
2026-06-06 18:25:58.644,75,127,151,128,80,74,81,103,106,72,50,25
2026-06-06 18:25:58.644,75,127,151,128,80,74,81,103,106,72,49,26
2026-06-06 18:25:58.675,75,127,150,128,80,74,81,103,106,72,49,26
2026-06-06 18:25:58.677,75,127,150,128,80,75,81,103,105,72,49,27
2026-06-06 18:25:58.691,75,127,150,128,80,75,81,102,105,72,49,27
2026-06-06 18:25:58.710,75,128,150,128,80,75,81,102,105,72,49,27
2026-06-06 18:25:58.711,75,128,149,128,80,75,81,102,105,72,49,27
2026-06-06 18:25:58.711,75,128,149,128,81,75,81,102,105,72,48,28
2026-06-06 18:25:58.743,75,128,148,128,81,75,81,102,105,72,48,28
2026-06-06 18:25:58.744,75,128,148,128,81,76,81,102,104,72,48,29
2026-06-06 18:25:58.759,75,129,148,128,81,76,81,102,104,72,48,29
2026-06-06 18:25:58.760,75,129,147,128,82,76,81,102,104,72,47,30
2026-06-06 18:25:58.777,75,129,147,128,82,76,81,101,104,72,47,30
2026-06-06 18:25:58.793,75,129,146,128,82,76,81,101,104,72,47,30
2026-06-06 18:25:58.794,75,129,146,128,82,76,81,101,104,72,47,31
2026-06-06 18:25:58.810,75,129,146,128,82,77,81,101,103,72,47,31
2026-06-06 18:25:58.824,75,130,146,128,82,77,81,101,103,72,47,31
2026-06-06 18:25:58.825,75,130,145,128,82,77,81,101,103,72,47,31
2026-06-06 18:25:58.826,75,130,145,128,82,77,81,101,103,72,46,32
2026-06-06 18:25:58.843,75,130,144,128,83,77,81,100,103,72,46,33
2026-06-06 18:25:58.859,75,130,144,128,83,78,81,100,102,72,46,33
2026-06-06 18:25:58.875,75,131,144,128,83,78,81,100,102,72,46,33
2026-06-06 18:25:58.876,75,131,143,128,83,78,81,100,102,72,46,33
2026-06-06 18:25:58.877,75,131,143,128,83,78,81,100,102,72,45,34
2026-06-06 18:25:58.892,75,131,142,128,83,78,81,100,102,72,45,35
2026-06-06 18:25:58.909,75,131,142,128,84,78,81,99,102,72,45,35
2026-06-06 18:25:58.928,75,132,142,128,84,78,81,99,102,72,45,35
2026-06-06 18:25:58.929,75,132,141,128,84,78,81,99,102,72,45,35
2026-06-06 18:25:58.929,75,132,141,128,84,79,81,99,101,72,44,36
2026-06-06 18:25:58.944,75,132,140,128,84,79,81,99,101,72,44,37
2026-06-06 18:25:58.959,75,132,139,128,84,79,81,99,101,72,44,37
2026-06-06 18:25:58.960,75,132,139,128,84,79,81,99,101,72,44,38
2026-06-06 18:25:58.978,75,132,139,128,84,80,81,98,100,72,44,38
2026-06-06 18:25:58.993,75,133,139,128,84,80,81,98,100,72,44,38
2026-06-06 18:25:58.994,75,133,138,128,84,80,81,98,100,72,44,38
2026-06-06 18:25:58.994,75,133,138,128,85,80,81,98,100,72,43,39
2026-06-06 18:25:59.009,75,133,137,128,85,80,81,98,100,72,43,40
2026-06-06 18:25:59.026,75,133,137,128,85,79,81,98,101,72,43,40
2026-06-06 18:25:59.043,75,133,136,128,85,79,81,98,101,72,43,40
2026-06-06 18:25:59.044,75,133,136,128,85,78,81,98,102,72,43,40
2026-06-06 18:25:59.060,75,132,136,128,85,78,81,98,102,72,43,40
2026-06-06 18:25:59.062,75,132,136,128,84,76,81,98,104,72,44,41
2026-06-06 18:25:59.077,75,132,136,128,84,75,81,99,105,72,44,41
2026-06-06 18:25:59.093,75,132,136,128,84,74,81,99,106,72,44,41
2026-06-06 18:25:59.109,75,132,135,128,84,74,81,99,106,72,44,41
2026-06-06 18:25:59.110,75,132,135,128,84,72,81,99,108,72,44,42
2026-06-06 18:25:59.126,75,131,135,128,84,72,81,99,108,72,44,42
2026-06-06 18:25:59.128,75,131,135,128,84,71,81,99,109,72,45,42
2026-06-06 18:25:59.144,75,131,135,128,84,70,81,99,110,72,45,42
2026-06-06 18:25:59.160,75,131,135,128,84,69,81,100,111,72,45,42
2026-06-06 18:25:59.174,75,131,134,128,84,69,81,100,111,72,45,42
2026-06-06 18:25:59.175,75,131,134,128,83,68,81,100,112,72,45,43
2026-06-06 18:25:59.192,75,130,134,128,83,68,81,100,112,72,45,43
2026-06-06 18:25:59.193,75,130,134,128,83,66,81,100,114,72,46,43
2026-06-06 18:25:59.209,75,130,134,128,83,65,81,100,115,72,46,43
2026-06-06 18:25:59.227,75,130,134,128,83,64,81,100,116,72,46,43
2026-06-06 18:25:59.243,75,130,133,128,83,64,81,100,116,72,46,43
2026-06-06 18:25:59.243,75,130,133,128,83,63,81,100,117,72,46,44
2026-06-06 18:25:59.261,75,130,133,128,82,62,81,101,118,72,46,44
2026-06-06 18:25:59.275,75,129,133,128,82,62,81,101,118,72,46,44
2026-06-06 18:25:59.276,75,129,133,128,82,61,81,101,119,72,47,44
2026-06-06 18:25:59.292,75,129,132,128,82,61,81,101,119,72,47,44
2026-06-06 18:25:59.292,75,129,132,128,82,60,81,101,120,72,47,44
2026-06-06 18:25:59.309,75,129,132,128,82,58,81,101,122,72,47,45
2026-06-06 18:25:59.327,75,129,132,128,82,57,81,101,123,72,47,45
2026-06-06 18:25:59.344,75,128,132,128,82,57,81,101,123,72,47,45
2026-06-06 18:25:59.345,75,128,132,128,82,56,81,102,124,72,48,45
2026-06-06 18:25:59.358,75,128,131,128,82,56,81,102,124,72,48,45
2026-06-06 18:25:59.359,75,128,131,128,81,55,81,102,125,72,48,46
2026-06-06 18:25:59.377,75,128,131,128,81,54,81,102,126,72,48,46
2026-06-06 18:25:59.393,75,128,131,128,81,53,81,102,127,72,48,46
2026-06-06 18:25:59.409,75,127,131,128,81,53,81,102,127,72,48,46
2026-06-06 18:25:59.410,75,127,131,128,81,52,81,102,128,72,49,46
2026-06-06 18:25:59.424,75,127,130,128,81,52,81,102,128,72,49,46
2026-06-06 18:25:59.424,75,127,130,128,81,51,81,102,129,72,49,47
2026-06-06 18:25:59.443,75,127,130,128,80,50,81,103,130,72,49,47
2026-06-06 18:25:59.460,75,127,130,128,80,49,81,103,131,72,49,47
2026-06-06 18:25:59.476,75,126,130,128,80,49,81,103,131,72,49,47
2026-06-06 18:25:59.476,75,126,130,128,80,48,81,103,132,72,50,47
2026-06-06 18:25:59.494,75,126,129,128,80,48,81,103,132,72,50,47
2026-06-06 18:25:59.495,75,126,129,128,80,47,81,103,133,72,50,48
2026-06-06 18:25:59.511,75,126,129,128,80,46,81,103,134,72,50,48
2026-06-06 18:25:59.527,75,126,129,128,79,46,81,104,134,72,50,48
2026-06-06 18:25:59.543,75,126,128,128,79,46,81,104,134,72,50,48
2026-06-06 18:25:59.543,75,126,128,128,79,45,81,104,135,72,50,48
2026-06-06 18:25:59.558,75,125,128,128,79,45,81,104,135,72,50,48
2026-06-06 18:25:59.559,75,125,128,128,79,44,81,104,136,72,51,49
2026-06-06 18:25:59.574,75,125,128,128,79,43,81,104,137,72,51,49
2026-06-06 18:25:59.593,75,125,128,128,79,42,81,104,138,72,51,49
2026-06-06 18:25:59.609,75,125,127,128,79,42,81,104,138,72,51,49
2026-06-06 18:25:59.610,75,125,127,128,78,41,81,104,139,72,51,50
2026-06-06 18:25:59.626,75,124,127,128,78,41,81,104,139,72,51,50
2026-06-06 18:25:59.627,75,124,127,128,78,40,81,105,140,72,52,50
2026-06-06 18:25:59.658,75,124,127,128,78,39,81,105,141,72,52,50
2026-06-06 18:25:59.676,75,124,126,128,78,39,81,105,141,72,52,50
2026-06-06 18:25:59.677,75,124,126,128,78,38,81,105,142,72,52,51
2026-06-06 18:25:59.691,75,124,126,128,78,37,81,106,143,72,52,51
2026-06-06 18:25:59.707,75,123,126,128,78,37,81,106,143,72,52,51
2026-06-06 18:25:59.707,75,123,126,128,77,37,81,106,143,72,53,51
2026-06-06 18:25:59.722,75,123,126,128,77,36,81,106,144,72,53,51
2026-06-06 18:25:59.737,75,123,125,128,77,36,81,106,144,72,53,51
2026-06-06 18:25:59.739,75,123,125,128,77,35,81,106,145,72,53,52
2026-06-06 18:25:59.770,75,122,125,128,77,35,81,106,145,72,53,52
2026-06-06 18:25:59.770,75,122,125,128,76,34,81,106,146,72,54,52
2026-06-06 18:25:59.786,75,122,125,128,76,33,81,107,147,72,54,52
2026-06-06 18:25:59.800,75,122,124,128,76,33,81,107,147,72,54,52
2026-06-06 18:25:59.800,75,122,124,128,76,33,81,107,147,72,54,53
2026-06-06 18:25:59.816,75,122,124,128,76,32,81,107,148,72,54,53
2026-06-06 18:25:59.846,75,121,124,128,76,32,81,107,148,72,54,53
2026-06-06 18:25:59.846,75,121,124,128,76,31,81,108,149,72,55,53
2026-06-06 18:25:59.860,75,121,123,128,76,31,81,108,149,72,55,53
2026-06-06 18:25:59.861,75,121,123,128,75,30,81,108,150,72,55,54
2026-06-06 18:25:59.892,75,121,123,128,75,29,81,108,151,72,55,54
2026-06-06 18:25:59.910,75,120,123,128,75,29,81,108,151,72,55,54
2026-06-06 18:25:59.911,75,120,123,128,75,29,81,108,151,72,56,54
2026-06-06 18:25:59.925,75,120,122,128,75,29,81,108,151,72,56,54
2026-06-06 18:25:59.927,75,120,122,128,74,28,81,108,152,72,56,55
2026-06-06 18:25:59.941,75,120,122,128,74,28,81,109,152,72,56,55
2026-06-06 18:25:59.956,75,120,122,128,74,27,81,109,153,72,56,55
2026-06-06 18:25:59.986,75,119,122,128,74,27,81,109,153,72,56,55
2026-06-06 18:25:59.987,75,119,121,128,74,27,81,109,153,72,56,55
2026-06-06 18:25:59.987,75,119,121,128,74,26,81,109,154,72,57,56
2026-06-06 18:26:00.002,75,119,121,128,74,26,81,110,154,72,57,56
2026-06-06 18:26:00.026,75,119,121,128,73,25,81,110,155,72,57,56
2026-06-06 18:26:00.041,75,119,120,128,73,25,81,110,155,72,57,56
2026-06-06 18:26:00.056,75,118,120,128,73,25,81,110,155,72,57,56
2026-06-06 18:26:00.057,75,118,120,128,73,24,81,110,156,72,58,57
2026-06-06 18:26:00.088,75,118,120,128,72,24,81,111,156,72,58,57
2026-06-06 18:26:00.104,75,118,120,128,72,23,81,111,157,72,58,58
2026-06-06 18:26:00.118,75,118,119,128,72,23,81,111,157,72,58,58
2026-06-06 18:26:00.134,75,117,119,128,72,23,81,111,157,72,58,58
2026-06-06 18:26:00.135,75,117,119,128,72,22,81,111,158,72,59,58
2026-06-06 18:26:00.160,75,117,119,128,71,22,81,112,158,72,59,58
2026-06-06 18:26:00.175,75,117,118,128,71,22,81,112,158,72,59,58
2026-06-06 18:26:00.176,75,117,118,128,71,22,81,112,158,72,59,59
2026-06-06 18:26:00.191,75,116,118,128,71,22,81,112,158,72,59,59
2026-06-06 18:26:00.191,75,116,118,128,71,21,81,112,159,72,60,59
2026-06-06 18:26:00.226,75,116,118,128,70,21,81,112,159,72,60,59
2026-06-06 18:26:00.241,75,116,117,128,70,21,81,112,159,72,60,59
2026-06-06 18:26:00.241,75,116,117,128,70,20,81,113,160,72,60,60
2026-06-06 18:26:00.274,75,115,117,128,70,20,81,113,160,72,60,60
2026-06-06 18:26:00.275,75,115,117,128,70,20,81,113,160,72,61,60
2026-06-06 18:26:00.298,75,115,116,128,70,20,81,113,160,72,61,60
2026-06-06 18:26:00.299,75,115,116,128,70,19,81,114,161,72,61,61
2026-06-06 18:26:00.310,75,115,116,128,69,19,81,114,161,72,61,61
2026-06-06 18:26:00.332,75,114,116,128,69,19,81,114,161,72,61,61
2026-06-06 18:26:00.333,75,114,116,128,69,19,81,114,161,72,62,61
2026-06-06 18:26:00.355,75,114,116,128,69,19,81,114,161,72,62,62
2026-06-06 18:26:00.366,75,114,115,128,69,19,81,114,161,72,62,62
2026-06-06 18:26:00.366,75,114,115,128,68,19,81,114,161,72,62,62
2026-06-06 18:26:00.378,75,114,115,128,68,18,81,115,162,72,62,62
2026-06-06 18:26:00.419,75,113,115,128,68,18,81,115,162,72,62,62
2026-06-06 18:26:00.420,75,113,114,128,68,18,81,115,162,72,62,62
2026-06-06 18:26:00.420,75,113,114,128,68,18,81,115,162,72,63,62
2026-06-06 18:26:00.434,75,113,114,128,68,18,81,116,162,72,63,63
2026-06-06 18:26:00.445,75,113,114,128,67,18,81,116,162,72,63,63
2026-06-06 18:26:00.478,75,112,114,128,67,18,81,116,162,72,63,63
2026-06-06 18:26:00.478,75,112,114,128,67,18,81,116,162,72,64,64
2026-06-06 18:26:00.492,75,112,113,128,67,18,81,116,162,72,64,64
2026-06-06 18:26:00.509,75,112,113,128,66,18,81,117,162,72,64,64
2026-06-06 18:26:00.543,75,112,112,128,66,18,81,117,162,72,64,64
2026-06-06 18:26:00.554,75,111,112,128,66,18,81,117,162,72,64,64
2026-06-06 18:26:00.555,75,111,112,128,66,18,81,117,162,72,65,65
2026-06-06 18:26:00.578,75,111,112,128,65,18,81,118,162,72,65,65
2026-06-06 18:26:00.606,75,111,112,128,65,18,81,118,162,72,65,66
2026-06-06 18:26:00.616,75,110,112,128,65,18,81,118,162,72,65,66
2026-06-06 18:26:00.618,75,110,111,128,65,18,81,118,162,72,65,66
2026-06-06 18:26:00.618,75,110,111,128,65,18,81,118,162,72,66,66
2026-06-06 18:26:00.640,75,110,111,128,64,18,81,119,162,72,66,66
2026-06-06 18:26:00.673,75,110,110,128,64,18,81,119,162,72,66,66
2026-06-06 18:26:00.674,75,110,110,128,64,18,81,119,162,72,66,67
2026-06-06 18:26:00.708,75,109,110,128,64,18,81,119,162,72,66,67
2026-06-06 18:26:00.709,75,109,110,128,63,18,81,120,162,72,67,67
2026-06-06 18:26:00.726,75,109,110,128,63,18,81,120,162,72,67,68
2026-06-06 18:26:00.742,75,109,109,128,63,18,81,120,162,72,67,68
2026-06-06 18:26:00.758,75,108,109,128,63,18,81,120,162,72,67,68
2026-06-06 18:26:00.759,75,108,109,128,63,18,81,120,162,72,68,68
2026-06-06 18:26:00.775,75,108,109,128,62,19,81,121,161,72,68,68
2026-06-06 18:26:00.790,75,108,108,128,62,19,81,121,161,72,68,68
2026-06-06 18:26:00.810,75,108,108,128,62,19,81,121,161,72,68,69
2026-06-06 18:26:00.842,75,107,108,128,62,19,81,121,161,72,68,69
2026-06-06 18:26:00.842,75,107,108,128,61,19,81,122,161,72,69,69
2026-06-06 18:26:00.859,75,107,107,128,61,19,81,122,161,72,69,69
2026-06-06 18:26:00.860,75,107,107,128,61,20,81,122,160,72,69,70
2026-06-06 18:26:00.891,75,107,107,128,60,20,81,122,160,72,69,70
2026-06-06 18:26:00.909,75,106,107,128,60,20,81,122,160,72,69,70
2026-06-06 18:26:00.909,75,106,107,128,60,20,81,123,160,72,70,70
2026-06-06 18:26:00.925,75,106,106,128,60,20,81,123,160,72,70,70
2026-06-06 18:26:00.926,75,106,106,128,60,21,81,123,159,72,70,71
2026-06-06 18:26:00.960,75,106,106,128,59,21,81,124,159,72,70,71
2026-06-06 18:26:00.976,75,106,106,128,59,22,81,124,158,72,70,72
2026-06-06 18:26:00.992,75,105,106,128,59,22,81,124,158,72,70,72
2026-06-06 18:26:00.992,75,105,105,128,59,22,81,124,158,72,70,72
2026-06-06 18:26:00.993,75,105,105,128,59,22,81,124,158,72,71,72
2026-06-06 18:26:01.026,75,105,105,128,58,23,81,125,157,72,71,72
2026-06-06 18:26:01.042,75,105,104,128,58,23,81,125,157,72,71,72
2026-06-06 18:26:01.057,75,104,104,128,58,23,81,125,157,72,71,72
2026-06-06 18:26:01.059,75,104,104,128,58,24,81,125,156,72,72,73
2026-06-06 18:26:01.076,75,104,104,128,58,24,81,126,156,72,72,73
2026-06-06 18:26:01.093,75,104,104,128,57,24,81,126,156,72,72,73
2026-06-06 18:26:01.108,75,104,103,128,57,24,81,126,156,72,72,73
2026-06-06 18:26:01.109,75,104,103,128,57,25,81,126,155,72,72,74
2026-06-06 18:26:01.124,75,103,103,128,57,25,81,126,155,72,72,74
2026-06-06 18:26:01.125,75,103,103,128,57,25,81,126,155,72,73,74
2026-06-06 18:26:01.143,75,103,103,128,56,26,81,127,154,72,73,74
2026-06-06 18:26:01.174,75,103,102,128,56,26,81,127,154,72,73,74
2026-06-06 18:26:01.174,75,103,102,128,56,27,81,127,153,72,73,75
2026-06-06 18:26:01.193,75,102,102,128,56,27,81,127,153,72,73,75
2026-06-06 18:26:01.194,75,102,102,128,56,27,81,127,153,72,74,75
2026-06-06 18:26:01.210,75,102,102,128,55,28,81,128,152,72,74,75
2026-06-06 18:26:01.243,75,102,101,128,55,28,81,128,152,72,74,75
2026-06-06 18:26:01.244,75,102,101,128,55,29,81,128,151,72,74,76
2026-06-06 18:26:01.260,75,102,101,128,54,30,81,129,150,72,74,76
2026-06-06 18:26:01.276,75,101,101,128,54,30,81,129,150,72,74,76
2026-06-06 18:26:01.277,75,101,101,128,54,30,81,129,150,72,75,76
2026-06-06 18:26:01.292,75,101,100,128,54,30,81,129,150,72,75,76
2026-06-06 18:26:01.293,75,101,100,128,54,31,81,129,149,72,75,76
2026-06-06 18:26:01.310,75,101,100,128,54,31,81,129,149,72,75,77
2026-06-06 18:26:01.327,75,101,100,128,53,32,81,130,148,72,75,77
2026-06-06 18:26:01.344,75,100,100,128,53,32,81,130,148,72,75,77
2026-06-06 18:26:01.346,75,100,100,128,53,33,81,130,147,72,76,77
2026-06-06 18:26:01.360,75,100,99,128,53,33,81,130,147,72,76,77
2026-06-06 18:26:01.361,75,100,99,128,53,33,81,130,147,72,76,78
2026-06-06 18:26:01.377,75,100,99,128,52,34,81,131,146,72,76,78
2026-06-06 18:26:01.394,75,100,99,128,52,35,81,131,145,72,76,78
2026-06-06 18:26:01.410,75,99,99,128,52,35,81,131,145,72,76,78
2026-06-06 18:26:01.411,75,99,99,128,52,35,81,131,145,72,77,78
2026-06-06 18:26:01.424,75,99,98,128,52,35,81,131,145,72,77,78
2026-06-06 18:26:01.425,75,99,98,128,52,36,81,132,144,72,77,79
2026-06-06 18:26:01.442,75,99,98,128,51,37,81,132,143,72,77,79
2026-06-06 18:26:01.460,75,99,98,128,51,38,81,132,142,72,77,79
2026-06-06 18:26:01.475,75,98,98,128,51,38,81,132,142,72,77,79
2026-06-06 18:26:01.476,75,98,98,128,51,38,81,132,142,72,78,79
2026-06-06 18:26:01.491,75,98,97,128,51,38,81,132,142,72,78,79
2026-06-06 18:26:01.493,75,98,97,128,50,39,81,133,141,72,78,80
2026-06-06 18:26:01.510,75,98,97,128,50,40,81,133,140,72,78,80
2026-06-06 18:26:01.524,75,98,98,128,50,40,81,133,140,72,78,80
2026-06-06 18:26:01.526,75,98,98,128,50,40,81,133,140,72,78,79
2026-06-06 18:26:01.543,75,98,100,128,50,40,81,133,140,72,78,78
2026-06-06 18:26:01.562,75,98,101,128,50,40,81,133,140,72,78,78
2026-06-06 18:26:01.562,75,98,101,128,51,41,81,132,139,72,78,76
2026-06-06 18:26:01.575,75,99,101,128,51,41,81,132,139,72,78,76
2026-06-06 18:26:01.576,75,99,102,128,51,41,81,132,139,72,77,75
2026-06-06 18:26:01.591,75,99,103,128,51,41,81,132,139,72,77,75
2026-06-06 18:26:01.592,75,99,103,128,51,41,81,132,139,72,77,74
2026-06-06 18:26:01.610,75,99,105,128,51,42,81,132,138,72,77,72
2026-06-06 18:26:01.626,75,99,106,128,51,42,81,132,138,72,77,72
2026-06-06 18:26:01.627,75,99,106,128,52,42,81,131,138,72,77,71
2026-06-06 18:26:01.644,75,99,107,128,52,42,81,131,138,72,77,70
2026-06-06 18:26:01.658,75,100,107,128,52,42,81,131,138,72,77,70
2026-06-06 18:26:01.659,75,100,108,128,52,42,81,131,138,72,77,70
2026-06-06 18:26:01.660,75,100,108,128,52,42,81,131,138,72,76,69
2026-06-06 18:26:01.677,75,100,110,128,52,43,81,131,137,72,76,67
2026-06-06 18:26:01.692,75,100,111,128,52,43,81,131,137,72,76,67
2026-06-06 18:26:01.692,75,100,111,128,52,43,81,130,137,72,76,66
2026-06-06 18:26:01.709,75,100,112,128,53,43,81,130,137,72,76,65
2026-06-06 18:26:01.724,75,100,113,128,53,43,81,130,137,72,76,65
2026-06-06 18:26:01.725,75,100,113,128,53,43,81,130,137,72,76,64
2026-06-06 18:26:01.742,75,100,114,128,53,44,81,130,136,72,76,63
2026-06-06 18:26:01.758,75,101,114,128,53,44,81,130,136,72,76,63
2026-06-06 18:26:01.759,75,101,115,128,53,44,81,130,136,72,76,63
2026-06-06 18:26:01.760,75,101,115,128,54,44,81,130,136,72,75,62
2026-06-06 18:26:01.777,75,101,116,128,54,44,81,129,136,72,75,60
2026-06-06 18:26:01.793,75,101,118,128,54,44,81,129,136,72,75,60
2026-06-06 18:26:01.810,75,101,119,128,54,45,81,129,135,72,75,58
2026-06-06 18:26:01.827,75,101,120,128,54,45,81,129,135,72,75,58
2026-06-06 18:26:01.827,75,101,120,128,54,45,81,129,135,72,75,57
2026-06-06 18:26:01.842,75,102,120,128,54,45,81,129,135,72,75,57
2026-06-06 18:26:01.844,75,102,121,128,55,45,81,128,135,72,74,56
2026-06-06 18:26:01.858,75,102,122,128,55,45,81,128,135,72,74,56
2026-06-06 18:26:01.859,75,102,122,128,55,46,81,128,134,72,74,55
2026-06-06 18:26:01.876,75,102,123,128,55,46,81,128,134,72,74,54
2026-06-06 18:26:01.893,75,102,124,128,55,46,81,128,134,72,74,54
2026-06-06 18:26:01.893,75,102,124,128,55,46,81,128,134,72,74,53
2026-06-06 18:26:01.909,75,102,125,128,56,46,81,127,134,72,74,52
2026-06-06 18:26:01.926,75,102,126,128,56,46,81,127,134,72,74,52
2026-06-06 18:26:01.926,75,102,126,128,56,47,81,127,133,72,74,51
2026-06-06 18:26:01.941,75,103,126,128,56,47,81,127,133,72,74,51
2026-06-06 18:26:01.942,75,103,127,128,56,47,81,127,133,72,73,50
2026-06-06 18:26:01.960,75,103,128,128,56,47,81,127,133,72,73,50
2026-06-06 18:26:01.961,75,103,128,128,56,47,81,127,133,72,73,49
2026-06-06 18:26:01.977,75,103,129,128,56,47,81,126,133,72,73,48
2026-06-06 18:26:01.992,75,103,130,128,56,47,81,126,133,72,73,48
2026-06-06 18:26:01.993,75,103,130,128,57,48,81,126,132,72,73,47
2026-06-06 18:26:02.011,75,103,131,128,57,48,81,126,132,72,73,46
2026-06-06 18:26:02.026,75,104,131,128,57,48,81,126,132,72,73,46
2026-06-06 18:26:02.028,75,104,131,128,57,48,81,126,132,72,72,46
2026-06-06 18:26:02.045,75,104,132,128,57,48,81,126,132,72,72,46
2026-06-06 18:26:02.045,75,104,132,128,58,48,81,126,132,72,72,45
2026-06-06 18:26:02.060,75,104,133,128,58,49,81,125,131,72,72,44
2026-06-06 18:26:02.076,75,104,134,128,58,49,81,125,131,72,72,44
2026-06-06 18:26:02.077,75,104,134,128,58,49,81,125,131,72,72,43
2026-06-06 18:26:02.094,75,104,135,128,58,49,81,125,131,72,72,42
2026-06-06 18:26:02.110,75,105,135,128,58,49,81,125,131,72,72,42
2026-06-06 18:26:02.111,75,105,136,128,58,49,81,125,131,72,72,42
2026-06-06 18:26:02.111,75,105,136,128,58,50,81,125,130,72,71,41
2026-06-06 18:26:02.126,75,105,136,128,59,50,81,124,130,72,71,40
2026-06-06 18:26:02.141,75,105,137,128,59,50,81,124,130,72,71,40
2026-06-06 18:26:02.161,75,105,138,128,59,50,81,124,130,72,71,39
2026-06-06 18:26:02.175,75,105,139,128,59,50,81,124,130,72,71,39
2026-06-06 18:26:02.176,75,105,139,128,59,51,81,124,129,72,71,38
2026-06-06 18:26:02.192,75,106,139,128,59,51,81,124,129,72,71,38
2026-06-06 18:26:02.193,75,106,140,128,60,51,81,124,129,72,70,37
2026-06-06 18:26:02.209,75,106,140,128,60,51,81,123,129,72,70,37
2026-06-06 18:26:02.226,75,106,141,128,60,51,81,123,129,72,70,37
2026-06-06 18:26:02.227,75,106,141,128,60,51,81,123,129,72,70,36
2026-06-06 18:26:02.244,75,106,142,128,60,52,81,123,128,72,70,35
2026-06-06 18:26:02.260,75,106,142,128,60,52,81,122,128,72,70,34
2026-06-06 18:26:02.276,75,107,142,128,60,52,81,122,128,72,70,34
2026-06-06 18:26:02.277,75,107,143,128,60,52,81,122,128,72,70,34
2026-06-06 18:26:02.277,75,107,143,128,61,52,81,122,128,72,69,34
2026-06-06 18:26:02.294,75,107,144,128,61,52,81,122,128,72,69,33
2026-06-06 18:26:02.310,75,107,145,128,61,52,81,122,128,72,69,33
2026-06-06 18:26:02.312,75,107,145,128,61,53,81,122,127,72,69,32
2026-06-06 18:26:02.345,75,107,146,128,61,53,81,122,127,72,69,32
2026-06-06 18:26:02.345,75,107,146,128,62,53,81,121,127,72,69,31
2026-06-06 18:26:02.359,75,108,146,128,62,53,81,121,127,72,69,31
2026-06-06 18:26:02.359,75,108,146,128,62,54,81,121,126,72,68,30
2026-06-06 18:26:02.375,75,108,147,128,62,54,81,121,126,72,68,30
2026-06-06 18:26:02.393,75,108,148,128,62,54,81,121,126,72,68,29
2026-06-06 18:26:02.410,75,108,148,128,63,54,81,120,126,72,68,29
2026-06-06 18:26:02.426,75,108,149,128,63,54,81,120,126,72,68,29
2026-06-06 18:26:02.427,75,108,149,128,63,55,81,120,125,72,68,28
2026-06-06 18:26:02.442,75,109,149,128,63,55,81,120,125,72,68,28
2026-06-06 18:26:02.443,75,109,149,128,63,55,81,120,125,72,67,28
2026-06-06 18:26:02.459,75,109,150,128,63,55,81,120,125,72,67,28
2026-06-06 18:26:02.461,75,109,150,128,63,55,81,120,125,72,67,27
2026-06-06 18:26:02.476,75,109,150,128,64,55,81,120,125,72,67,27
2026-06-06 18:26:02.493,75,109,151,128,64,55,81,120,125,72,67,27
2026-06-06 18:26:02.493,75,109,151,128,64,56,81,119,124,72,67,26
2026-06-06 18:26:02.510,75,110,151,128,64,56,81,119,124,72,67,26
2026-06-06 18:26:02.511,75,110,151,128,64,56,81,119,124,72,66,26
2026-06-06 18:26:02.526,75,110,152,128,64,56,81,119,124,72,66,26
2026-06-06 18:26:02.528,75,110,152,128,64,56,81,119,124,72,66,25
2026-06-06 18:26:02.544,75,110,152,128,64,56,81,118,124,72,66,25
2026-06-06 18:26:02.558,75,110,153,128,64,56,81,118,124,72,66,25
2026-06-06 18:26:02.560,75,110,153,128,65,57,81,118,123,72,66,24
2026-06-06 18:26:02.593,75,111,153,128,65,57,81,118,123,72,66,24
2026-06-06 18:26:02.593,75,111,154,128,65,57,81,118,123,72,66,24
2026-06-06 18:26:02.594,75,111,154,128,65,57,81,118,123,72,65,23
2026-06-06 18:26:02.610,75,111,154,128,65,58,81,118,122,72,65,23
2026-06-06 18:26:02.626,75,111,154,128,66,58,81,117,122,72,65,23
2026-06-06 18:26:02.643,75,111,155,128,66,58,81,117,122,72,65,23
2026-06-06 18:26:02.644,75,111,155,128,66,58,81,117,122,72,65,22
2026-06-06 18:26:02.661,75,112,155,128,66,58,81,117,122,72,65,22
2026-06-06 18:26:02.661,75,112,155,128,66,58,81,117,122,72,64,22
2026-06-06 18:26:02.676,75,112,155,128,66,59,81,117,121,72,64,22
2026-06-06 18:26:02.693,75,112,156,128,66,59,81,117,121,72,64,22
2026-06-06 18:26:02.693,75,112,156,128,66,59,81,116,121,72,64,21
2026-06-06 18:26:02.710,75,112,156,128,67,59,81,116,121,72,64,21
2026-06-06 18:26:02.744,75,113,156,128,67,59,81,116,121,72,64,21
2026-06-06 18:26:02.744,75,113,157,128,67,59,81,116,121,72,64,21
2026-06-06 18:26:02.745,75,113,157,128,67,60,81,116,120,72,63,20
2026-06-06 18:26:02.760,75,113,157,128,68,60,81,116,120,72,63,20
2026-06-06 18:26:02.777,75,113,157,128,68,60,81,115,120,72,63,20
2026-06-06 18:26:02.793,75,114,157,128,68,60,81,115,120,72,63,20
2026-06-06 18:26:02.794,75,114,158,128,68,60,81,115,120,72,63,20
2026-06-06 18:26:02.795,75,114,158,128,68,60,81,115,120,72,62,20
2026-06-06 18:26:02.811,75,114,158,128,68,61,81,115,119,72,62,19
2026-06-06 18:26:02.842,75,114,158,128,69,61,81,114,119,72,62,19
2026-06-06 18:26:02.856,75,114,158,128,69,62,81,114,118,72,62,19
2026-06-06 18:26:02.876,75,115,158,128,69,62,81,114,118,72,62,19
2026-06-06 18:26:02.877,75,115,158,128,69,62,81,114,118,72,61,18
2026-06-06 18:26:02.893,75,115,159,128,69,62,81,114,118,72,61,18
2026-06-06 18:26:02.910,75,115,159,128,70,62,81,113,118,72,61,18
2026-06-06 18:26:02.925,75,115,159,128,70,63,81,113,117,72,61,18
2026-06-06 18:26:02.943,75,116,159,128,70,63,81,113,117,72,61,18
2026-06-06 18:26:02.943,75,116,159,128,70,63,81,113,117,72,60,18
2026-06-06 18:26:02.976,75,116,159,128,70,63,81,112,117,72,60,18
2026-06-06 18:26:02.994,75,116,159,128,71,64,81,112,116,72,60,18
2026-06-06 18:26:03.010,75,117,159,128,71,64,81,112,116,72,60,18
2026-06-06 18:26:03.011,75,117,159,128,71,64,81,112,116,72,59,18
2026-06-06 18:26:03.043,75,117,160,128,71,64,81,112,116,72,59,18
2026-06-06 18:26:03.059,75,117,160,128,72,65,81,111,115,72,59,18
2026-06-06 18:26:03.077,75,118,160,128,72,65,81,111,115,72,59,18
2026-06-06 18:26:03.077,75,118,160,128,72,65,81,111,115,72,58,18
2026-06-06 18:26:03.111,75,118,160,128,72,66,81,111,114,72,58,18
2026-06-06 18:26:03.126,75,118,159,128,72,66,81,111,114,72,58,18
2026-06-06 18:26:03.127,75,118,159,128,73,66,81,110,114,72,58,18
2026-06-06 18:26:03.142,75,119,159,128,73,66,81,110,114,72,58,18
2026-06-06 18:26:03.143,75,119,159,128,73,66,81,110,114,72,57,18
2026-06-06 18:26:03.177,75,119,159,128,73,67,81,110,113,72,57,18
2026-06-06 18:26:03.193,75,119,159,128,74,67,81,109,113,72,57,18
2026-06-06 18:26:03.211,75,120,159,128,74,67,81,109,113,72,57,18
2026-06-06 18:26:03.212,75,120,159,128,74,67,81,109,113,72,56,18
2026-06-06 18:26:03.243,75,120,159,128,74,68,81,109,112,72,56,18
2026-06-06 18:26:03.258,75,120,159,128,74,68,81,108,112,72,56,18
2026-06-06 18:26:03.276,75,121,159,128,74,68,81,108,112,72,56,18
2026-06-06 18:26:03.276,75,121,158,128,74,68,81,108,112,72,56,18
2026-06-06 18:26:03.277,75,121,158,128,75,68,81,108,112,72,55,19
2026-06-06 18:26:03.309,75,121,158,128,75,69,81,108,111,72,55,19
2026-06-06 18:26:03.343,75,122,158,128,75,69,81,108,111,72,55,19
2026-06-06 18:26:03.344,75,122,158,128,76,69,81,107,111,72,54,19
2026-06-06 18:26:03.361,75,122,157,128,76,69,81,107,111,72,54,19
2026-06-06 18:26:03.361,75,122,157,128,76,70,81,107,110,72,54,20
2026-06-06 18:26:03.407,75,123,157,128,76,70,81,107,110,72,54,20
2026-06-06 18:26:03.408,75,123,157,128,77,70,81,106,110,72,53,20
2026-06-06 18:26:03.426,75,123,156,128,77,70,81,106,110,72,53,20
2026-06-06 18:26:03.426,75,123,156,128,77,71,81,106,109,72,53,21
2026-06-06 18:26:03.459,75,124,156,128,77,71,81,106,109,72,53,21
2026-06-06 18:26:03.461,75,124,156,128,77,71,81,106,109,72,52,21
2026-06-06 18:26:03.476,75,124,155,128,77,71,81,106,109,72,52,21
2026-06-06 18:26:03.477,75,124,155,128,78,71,81,106,109,72,52,22
2026-06-06 18:26:03.494,75,124,155,128,78,72,81,105,108,72,52,22
2026-06-06 18:26:03.527,75,125,155,128,78,72,81,105,108,72,52,22
2026-06-06 18:26:03.527,75,125,154,128,78,72,81,105,108,72,52,22
2026-06-06 18:26:03.528,75,125,154,128,78,72,81,105,108,72,51,23
2026-06-06 18:26:03.559,75,125,154,128,79,73,81,104,107,72,51,24
2026-06-06 18:26:03.576,75,126,154,128,79,73,81,104,107,72,51,24
2026-06-06 18:26:03.577,75,126,153,128,79,73,81,104,107,72,51,24
2026-06-06 18:26:03.577,75,126,153,128,79,73,81,104,107,72,50,24
2026-06-06 18:26:03.611,75,126,152,128,79,73,81,104,107,72,50,24
2026-06-06 18:26:03.612,75,126,152,128,79,74,81,104,106,72,50,25
2026-06-06 18:26:03.626,75,126,152,128,80,74,81,103,106,72,50,25
2026-06-06 18:26:03.641,75,127,152,128,80,74,81,103,106,72,50,25
2026-06-06 18:26:03.642,75,127,151,128,80,74,81,103,106,72,50,25
2026-06-06 18:26:03.642,75,127,151,128,80,74,81,103,106,72,49,26
2026-06-06 18:26:03.676,75,127,150,128,80,74,81,103,106,72,49,26
2026-06-06 18:26:03.676,75,127,150,128,80,75,81,103,105,72,49,27
2026-06-06 18:26:03.693,75,127,150,128,80,75,81,102,105,72,49,27
2026-06-06 18:26:03.708,75,128,150,128,80,75,81,102,105,72,49,27
2026-06-06 18:26:03.709,75,128,149,128,80,75,81,102,105,72,49,27
2026-06-06 18:26:03.709,75,128,149,128,81,75,81,102,105,72,48,28
2026-06-06 18:26:03.741,75,128,148,128,81,75,81,102,105,72,48,28
2026-06-06 18:26:03.742,75,128,148,128,81,76,81,102,104,72,48,29
2026-06-06 18:26:03.757,75,128,148,128,82,76,81,102,104,72,48,30
2026-06-06 18:26:03.769,75,129,148,128,82,76,81,102,104,72,48,30
2026-06-06 18:26:03.770,75,129,147,128,82,76,81,102,104,72,48,30
2026-06-06 18:26:03.770,75,129,147,128,82,76,81,101,104,72,47,30
2026-06-06 18:26:03.803,75,129,146,128,82,76,81,101,104,72,47,30
2026-06-06 18:26:03.804,75,129,146,128,82,77,81,101,103,72,47,31
2026-06-06 18:26:03.814,75,130,146,128,82,77,81,101,103,72,47,31
2026-06-06 18:26:03.815,75,130,145,128,82,77,81,101,103,72,46,32
2026-06-06 18:26:03.840,75,130,144,128,82,77,81,101,103,72,46,32
2026-06-06 18:26:03.840,75,130,144,128,83,77,81,100,103,72,46,33
2026-06-06 18:26:03.851,75,130,144,128,83,78,81,100,102,72,46,33
2026-06-06 18:26:03.866,75,130,143,128,83,78,81,100,102,72,46,34
2026-06-06 18:26:03.876,75,131,143,128,83,78,81,100,102,72,46,34
2026-06-06 18:26:03.877,75,131,143,128,83,78,81,100,102,72,45,34
2026-06-06 18:26:03.887,75,131,142,128,83,78,81,100,102,72,45,34
2026-06-06 18:26:03.898,75,131,142,128,83,78,81,100,102,72,45,35
2026-06-06 18:26:03.910,75,131,142,128,84,78,81,99,102,72,45,35
2026-06-06 18:26:03.921,75,131,141,128,84,78,81,99,102,72,45,35
2026-06-06 18:26:03.921,75,131,141,128,84,79,81,99,101,72,45,36
2026-06-06 18:26:03.932,75,132,141,128,84,79,81,99,101,72,45,36
2026-06-06 18:26:03.932,75,132,141,128,84,79,81,99,101,72,44,36
2026-06-06 18:26:03.943,75,132,140,128,84,79,81,99,101,72,44,37
2026-06-06 18:26:03.965,75,132,139,128,84,79,81,99,101,72,44,37
2026-06-06 18:26:03.966,75,132,139,128,84,79,81,99,101,72,44,38
2026-06-06 18:26:03.977,75,132,139,128,84,80,81,98,100,72,44,38
2026-06-06 18:26:03.987,75,133,139,128,84,80,81,98,100,72,44,38
2026-06-06 18:26:03.988,75,133,138,128,85,80,81,98,100,72,43,39
2026-06-06 18:26:04.000,75,133,138,128,85,80,81,98,100,72,43,40
2026-06-06 18:26:04.010,75,133,137,128,85,80,81,98,100,72,43,40
2026-06-06 18:26:04.021,75,133,137,128,85,79,81,98,101,72,43,40
2026-06-06 18:26:04.032,75,133,137,128,85,78,81,98,102,72,43,40
2026-06-06 18:26:04.044,75,132,137,128,85,78,81,98,102,72,43,40
2026-06-06 18:26:04.044,75,132,136,128,85,78,81,98,102,72,43,40
2026-06-06 18:26:04.045,75,132,136,128,85,77,81,98,103,72,44,40
2026-06-06 18:26:04.055,75,132,136,128,84,76,81,98,104,72,44,41
2026-06-06 18:26:04.066,75,132,136,128,84,76,81,99,104,72,44,41
2026-06-06 18:26:04.078,75,132,136,128,84,75,81,99,105,72,44,41
2026-06-06 18:26:04.090,75,132,136,128,84,74,81,99,106,72,44,41
2026-06-06 18:26:04.101,75,132,136,128,84,73,81,99,107,72,44,41
2026-06-06 18:26:04.112,75,132,135,128,84,73,81,99,107,72,44,41
2026-06-06 18:26:04.112,75,132,135,128,84,72,81,99,108,72,44,42
2026-06-06 18:26:04.123,75,131,135,128,84,72,81,99,108,72,44,42
2026-06-06 18:26:04.124,75,131,135,128,84,71,81,99,109,72,45,42
2026-06-06 18:26:04.136,75,131,135,128,84,70,81,99,110,72,45,42
2026-06-06 18:26:04.159,75,131,135,128,84,69,81,100,111,72,45,42
2026-06-06 18:26:04.170,75,131,134,128,84,69,81,100,111,72,45,42
2026-06-06 18:26:04.171,75,131,134,128,83,68,81,100,112,72,45,42
2026-06-06 18:26:04.183,75,131,134,128,83,67,81,100,113,72,45,43
2026-06-06 18:26:04.199,75,130,134,128,83,67,81,100,113,72,45,43
2026-06-06 18:26:04.200,75,130,134,128,83,66,81,100,114,72,46,43
2026-06-06 18:26:04.210,75,130,134,128,83,65,81,100,115,72,46,43
2026-06-06 18:26:04.226,75,130,134,128,83,64,81,100,116,72,46,43
2026-06-06 18:26:04.242,75,130,133,128,83,64,81,100,116,72,46,43
2026-06-06 18:26:04.243,75,130,133,128,83,63,81,100,117,72,46,44
2026-06-06 18:26:04.261,75,130,133,128,82,62,81,101,118,72,46,44
2026-06-06 18:26:04.271,75,129,133,128,82,62,81,101,118,72,46,44
2026-06-06 18:26:04.273,75,129,133,128,82,61,81,101,119,72,47,44
2026-06-06 18:26:04.290,75,129,132,128,82,61,81,101,119,72,47,44
2026-06-06 18:26:04.291,75,129,132,128,82,60,81,101,120,72,47,44
2026-06-06 18:26:04.302,75,129,132,128,82,59,81,101,121,72,47,45
2026-06-06 18:26:04.313,75,129,132,128,82,58,81,101,122,72,47,45
2026-06-06 18:26:04.335,75,128,132,128,82,58,81,101,122,72,47,45
2026-06-06 18:26:04.335,75,128,132,128,82,57,81,101,123,72,48,45
2026-06-06 18:26:04.346,75,128,132,128,82,56,81,102,124,72,48,45
2026-06-06 18:26:04.357,75,128,131,128,82,56,81,102,124,72,48,45
2026-06-06 18:26:04.357,75,128,131,128,81,55,81,102,125,72,48,46
2026-06-06 18:26:04.383,75,128,131,128,81,54,81,102,126,72,48,46
2026-06-06 18:26:04.399,75,128,131,128,81,53,81,102,127,72,48,46
2026-06-06 18:26:04.410,75,127,131,128,81,53,81,102,127,72,48,46
2026-06-06 18:26:04.411,75,127,131,128,81,52,81,102,128,72,49,46
2026-06-06 18:26:04.421,75,127,130,128,81,52,81,102,128,72,49,46
2026-06-06 18:26:04.422,75,127,130,128,81,51,81,102,129,72,49,47
2026-06-06 18:26:04.434,75,127,130,128,80,51,81,102,129,72,49,47
2026-06-06 18:26:04.445,75,127,130,128,80,50,81,103,130,72,49,47
2026-06-06 18:26:04.456,75,127,130,128,80,49,81,103,131,72,49,47
2026-06-06 18:26:04.478,75,126,130,128,80,49,81,103,131,72,49,47
2026-06-06 18:26:04.478,75,126,130,128,80,48,81,103,132,72,50,48
2026-06-06 18:26:04.489,75,126,129,128,80,48,81,103,132,72,50,48
2026-06-06 18:26:04.500,75,126,129,128,80,47,81,103,133,72,50,48
2026-06-06 18:26:04.511,75,126,129,128,80,46,81,103,134,72,50,48
2026-06-06 18:26:04.522,75,126,129,128,80,46,81,104,134,72,50,48
2026-06-06 18:26:04.534,75,126,129,128,79,45,81,104,135,72,50,48
2026-06-06 18:26:04.544,75,126,128,128,79,45,81,104,135,72,50,48
2026-06-06 18:26:04.545,75,126,128,128,79,44,81,104,136,72,50,49
2026-06-06 18:26:04.555,75,125,128,128,79,44,81,104,136,72,50,49
2026-06-06 18:26:04.556,75,125,128,128,79,44,81,104,136,72,51,49
2026-06-06 18:26:04.568,75,125,128,128,79,43,81,104,137,72,51,49
2026-06-06 18:26:04.590,75,125,128,128,79,42,81,104,138,72,51,49
2026-06-06 18:26:04.601,75,125,128,128,78,42,81,104,138,72,51,49
2026-06-06 18:26:04.611,75,125,127,128,78,42,81,104,138,72,51,49
2026-06-06 18:26:04.612,75,125,127,128,78,41,81,105,139,72,51,50
2026-06-06 18:26:04.623,75,124,127,128,78,41,81,105,139,72,51,50
2026-06-06 18:26:04.623,75,124,127,128,78,41,81,105,139,72,52,50
2026-06-06 18:26:04.634,75,124,127,128,78,40,81,105,140,72,52,50
2026-06-06 18:26:04.655,75,124,127,128,78,39,81,105,141,72,52,50
2026-06-06 18:26:04.666,75,124,126,128,78,39,81,105,141,72,52,50
2026-06-06 18:26:04.668,75,124,126,128,78,38,81,105,142,72,52,50
2026-06-06 18:26:04.678,75,124,126,128,78,38,81,105,142,72,52,51
2026-06-06 18:26:04.690,75,124,126,128,77,37,81,106,143,72,52,51
2026-06-06 18:26:04.702,75,123,126,128,77,37,81,106,143,72,52,51
2026-06-06 18:26:04.702,75,123,126,128,77,37,81,106,143,72,53,51
2026-06-06 18:26:04.713,75,123,126,128,77,36,81,106,144,72,53,51
2026-06-06 18:26:04.737,75,123,125,128,77,36,81,106,144,72,53,51
2026-06-06 18:26:04.737,75,123,125,128,77,35,81,106,145,72,53,52
2026-06-06 18:26:04.760,75,122,125,128,77,35,81,106,145,72,53,52
2026-06-06 18:26:04.761,75,122,125,128,77,34,81,106,146,72,54,52
2026-06-06 18:26:04.772,75,122,125,128,76,34,81,106,146,72,54,52
2026-06-06 18:26:04.784,75,122,125,128,76,34,81,107,146,72,54,52
2026-06-06 18:26:04.794,75,122,124,128,76,34,81,107,146,72,54,52
2026-06-06 18:26:04.795,75,122,124,128,76,33,81,107,147,72,54,52
2026-06-06 18:26:04.806,75,122,124,128,76,32,81,107,148,72,54,53
2026-06-06 18:26:04.840,75,121,124,128,76,32,81,107,148,72,54,53
2026-06-06 18:26:04.840,75,121,124,128,76,31,81,107,149,72,55,53
2026-06-06 18:26:04.852,75,121,124,128,76,31,81,108,149,72,55,54
2026-06-06 18:26:04.863,75,121,123,128,76,31,81,108,149,72,55,54
2026-06-06 18:26:04.863,75,121,123,128,75,30,81,108,150,72,55,54
2026-06-06 18:26:04.899,75,121,123,128,75,29,81,108,151,72,55,54
2026-06-06 18:26:04.909,75,120,123,128,75,29,81,108,151,72,55,54
2026-06-06 18:26:04.910,75,120,123,128,75,29,81,108,151,72,56,54
2026-06-06 18:26:04.926,75,120,122,128,75,29,81,108,151,72,56,54
2026-06-06 18:26:04.927,75,120,122,128,74,28,81,108,152,72,56,55
2026-06-06 18:26:04.944,75,120,122,128,74,28,81,109,152,72,56,55
2026-06-06 18:26:04.961,75,120,122,128,74,27,81,109,153,72,56,55
2026-06-06 18:26:04.993,75,119,122,128,74,27,81,109,153,72,56,55
2026-06-06 18:26:04.994,75,119,121,128,74,27,81,109,153,72,56,55
2026-06-06 18:26:04.994,75,119,121,128,74,26,81,109,154,72,57,56
2026-06-06 18:26:05.009,75,119,121,128,73,26,81,110,154,72,57,56
2026-06-06 18:26:05.024,75,119,121,128,73,25,81,110,155,72,57,56
2026-06-06 18:26:05.041,75,119,120,128,73,25,81,110,155,72,57,56
2026-06-06 18:26:05.052,75,118,120,128,73,25,81,110,155,72,57,56
2026-06-06 18:26:05.052,75,118,120,128,73,24,81,110,156,72,58,57
2026-06-06 18:26:05.076,75,118,120,128,72,24,81,110,156,72,58,57
2026-06-06 18:26:05.087,75,118,120,128,72,24,81,111,156,72,58,57
2026-06-06 18:26:05.100,75,118,120,128,72,23,81,111,157,72,58,57
2026-06-06 18:26:05.114,75,118,119,128,72,23,81,111,157,72,58,57
2026-06-06 18:26:05.115,75,118,119,128,72,23,81,111,157,72,58,58
2026-06-06 18:26:05.126,75,117,119,128,72,23,81,111,157,72,58,58
2026-06-06 18:26:05.127,75,117,119,128,72,23,81,111,157,72,59,58
2026-06-06 18:26:05.140,75,117,119,128,72,22,81,111,158,72,59,58
2026-06-06 18:26:05.154,75,117,119,128,72,22,81,112,158,72,59,58
2026-06-06 18:26:05.168,75,117,118,128,72,22,81,112,158,72,59,58
2026-06-06 18:26:05.169,75,117,118,128,71,22,81,112,158,72,59,58
2026-06-06 18:26:05.192,75,116,118,128,71,22,81,112,158,72,59,58
2026-06-06 18:26:05.193,75,116,118,128,71,21,81,112,159,72,60,59
2026-06-06 18:26:05.226,75,116,118,128,70,21,81,112,159,72,60,59
2026-06-06 18:26:05.243,75,116,117,128,70,21,81,112,159,72,60,59
2026-06-06 18:26:05.244,75,116,117,128,70,20,81,113,160,72,60,60
2026-06-06 18:26:05.277,75,115,117,128,70,20,81,113,160,72,60,60
2026-06-06 18:26:05.277,75,115,117,128,70,20,81,113,160,72,61,60
2026-06-06 18:26:05.292,75,115,116,128,70,20,81,113,160,72,61,60
2026-06-06 18:26:05.307,75,115,116,128,69,19,81,114,161,72,61,61
2026-06-06 18:26:05.334,75,114,116,128,69,19,81,114,161,72,61,61
2026-06-06 18:26:05.334,75,114,116,128,69,19,81,114,161,72,62,61
2026-06-06 18:26:05.359,75,114,115,128,69,19,81,114,161,72,62,61
2026-06-06 18:26:05.360,75,114,115,128,69,19,81,114,161,72,62,62
2026-06-06 18:26:05.376,75,114,115,128,68,18,81,115,162,72,62,62
2026-06-06 18:26:05.411,75,113,115,128,68,18,81,115,162,72,62,62
2026-06-06 18:26:05.412,75,113,115,128,68,18,81,115,162,72,63,62
2026-06-06 18:26:05.426,75,113,114,128,68,18,81,115,162,72,63,62
2026-06-06 18:26:05.427,75,113,114,128,68,18,81,115,162,72,63,63
2026-06-06 18:26:05.442,75,113,114,128,67,18,81,116,162,72,63,63
2026-06-06 18:26:05.476,75,112,114,128,67,18,81,116,162,72,63,63
2026-06-06 18:26:05.477,75,112,114,128,67,18,81,116,162,72,64,63
2026-06-06 18:26:05.491,75,112,113,128,67,18,81,116,162,72,64,63
2026-06-06 18:26:05.492,75,112,113,128,67,18,81,116,162,72,64,64
2026-06-06 18:26:05.511,75,112,113,128,66,18,81,117,162,72,64,64
2026-06-06 18:26:05.544,75,112,112,128,66,18,81,117,162,72,64,64
2026-06-06 18:26:05.559,75,111,112,128,66,18,81,117,162,72,64,64
2026-06-06 18:26:05.561,75,111,112,128,66,18,81,117,162,72,65,65
2026-06-06 18:26:05.576,75,111,112,128,65,18,81,118,162,72,65,65
2026-06-06 18:26:05.608,75,111,111,128,65,18,81,118,162,72,65,65
2026-06-06 18:26:05.609,75,111,111,128,65,18,81,118,162,72,65,66
2026-06-06 18:26:05.626,75,110,111,128,65,18,81,118,162,72,65,66
2026-06-06 18:26:05.626,75,110,111,128,65,18,81,118,162,72,66,66
2026-06-06 18:26:05.642,75,110,111,128,64,18,81,119,162,72,66,66
2026-06-06 18:26:05.678,75,110,110,128,64,18,81,119,162,72,66,66
2026-06-06 18:26:05.678,75,110,110,128,64,18,81,119,162,72,66,67
2026-06-06 18:26:05.709,75,109,110,128,64,18,81,119,162,72,66,67
2026-06-06 18:26:05.710,75,109,110,128,63,18,81,120,162,72,67,67
2026-06-06 18:26:05.742,75,109,109,128,63,18,81,120,162,72,67,67
2026-06-06 18:26:05.743,75,109,109,128,63,18,81,120,162,72,67,68
2026-06-06 18:26:05.759,75,108,109,128,63,18,81,120,162,72,67,68
2026-06-06 18:26:05.760,75,108,109,128,63,18,81,120,162,72,68,68
2026-06-06 18:26:05.776,75,108,109,128,62,19,81,121,161,72,68,68
2026-06-06 18:26:05.792,75,108,108,128,62,19,81,121,161,72,68,68
2026-06-06 18:26:05.809,75,108,108,128,62,19,81,121,161,72,68,69
2026-06-06 18:26:05.843,75,107,108,128,62,19,81,121,161,72,68,69
2026-06-06 18:26:05.844,75,107,108,128,61,19,81,122,161,72,69,69
2026-06-06 18:26:05.859,75,107,107,128,61,19,81,122,161,72,69,69
2026-06-06 18:26:05.860,75,107,107,128,61,20,81,122,160,72,69,70
2026-06-06 18:26:05.893,75,107,107,128,60,20,81,122,160,72,69,70
2026-06-06 18:26:05.909,75,106,107,128,60,20,81,122,160,72,69,70
2026-06-06 18:26:05.910,75,106,107,128,60,20,81,123,160,72,70,70
2026-06-06 18:26:05.926,75,106,106,128,60,20,81,123,160,72,70,70
2026-06-06 18:26:05.926,75,106,106,128,60,21,81,123,159,72,70,71
2026-06-06 18:26:05.961,75,106,106,128,59,21,81,124,159,72,70,71
2026-06-06 18:26:05.978,75,106,106,128,59,22,81,124,158,72,70,72
2026-06-06 18:26:05.992,75,105,106,128,59,22,81,124,158,72,70,72
2026-06-06 18:26:05.993,75,105,105,128,59,22,81,124,158,72,70,72
2026-06-06 18:26:05.995,75,105,105,128,59,22,81,124,158,72,71,72
2026-06-06 18:26:06.027,75,105,105,128,58,23,81,125,157,72,71,72
2026-06-06 18:26:06.044,75,104,105,128,58,23,81,125,157,72,71,72
2026-06-06 18:26:06.044,75,104,104,128,58,23,81,125,157,72,71,72
2026-06-06 18:26:06.045,75,104,104,128,58,23,81,125,157,72,72,72
2026-06-06 18:26:06.060,75,104,104,128,58,24,81,125,156,72,72,73
2026-06-06 18:26:06.077,75,104,104,128,58,24,81,126,156,72,72,73
2026-06-06 18:26:06.092,75,104,104,128,57,24,81,126,156,72,72,73
2026-06-06 18:26:06.110,75,104,103,128,57,24,81,126,156,72,72,73
2026-06-06 18:26:06.111,75,104,103,128,57,25,81,126,155,72,72,74
2026-06-06 18:26:06.126,75,103,103,128,57,25,81,126,155,72,72,74
2026-06-06 18:26:06.127,75,103,103,128,57,25,81,126,155,72,73,74
2026-06-06 18:26:06.142,75,103,103,128,56,26,81,127,154,72,73,74
2026-06-06 18:26:06.176,75,103,102,128,56,26,81,127,154,72,73,74
2026-06-06 18:26:06.177,75,103,102,128,56,27,81,127,153,72,73,75
2026-06-06 18:26:06.192,75,102,102,128,56,27,81,127,153,72,73,75
2026-06-06 18:26:06.193,75,102,102,128,56,27,81,127,153,72,74,75
2026-06-06 18:26:06.210,75,102,102,128,55,28,81,128,152,72,74,75
2026-06-06 18:26:06.241,75,102,101,128,55,28,81,128,152,72,74,75
2026-06-06 18:26:06.242,75,102,101,128,55,29,81,128,151,72,74,76
2026-06-06 18:26:06.259,75,102,101,128,54,30,81,129,150,72,74,76
2026-06-06 18:26:06.276,75,101,101,128,54,30,81,129,150,72,74,76
2026-06-06 18:26:06.277,75,101,101,128,54,30,81,129,150,72,75,76
2026-06-06 18:26:06.292,75,101,100,128,54,30,81,129,150,72,75,76
2026-06-06 18:26:06.293,75,101,100,128,54,31,81,129,149,72,75,76
2026-06-06 18:26:06.310,75,101,100,128,54,31,81,129,149,72,75,77
2026-06-06 18:26:06.326,75,101,100,128,53,32,81,130,148,72,75,77
2026-06-06 18:26:06.344,75,100,100,128,53,32,81,130,148,72,75,77
2026-06-06 18:26:06.345,75,100,100,128,53,33,81,130,147,72,76,77
2026-06-06 18:26:06.359,75,100,99,128,53,33,81,130,147,72,76,77
2026-06-06 18:26:06.361,75,100,99,128,53,33,81,130,147,72,76,78
2026-06-06 18:26:06.376,75,100,99,128,52,34,81,131,146,72,76,78
2026-06-06 18:26:06.391,75,100,99,128,52,35,81,131,145,72,76,78
2026-06-06 18:26:06.410,75,99,99,128,52,35,81,131,145,72,76,78
2026-06-06 18:26:06.410,75,99,99,128,52,35,81,131,145,72,77,78
2026-06-06 18:26:06.425,75,99,98,128,52,35,81,131,145,72,77,78
2026-06-06 18:26:06.426,75,99,98,128,52,36,81,132,144,72,77,79
2026-06-06 18:26:06.441,75,99,98,128,51,37,81,132,143,72,77,79
2026-06-06 18:26:06.460,75,99,98,128,51,38,81,132,142,72,77,79
2026-06-06 18:26:06.476,75,98,98,128,51,38,81,132,142,72,77,79
2026-06-06 18:26:06.477,75,98,98,128,51,38,81,132,142,72,78,80
2026-06-06 18:26:06.493,75,98,97,128,51,38,81,132,142,72,78,80
2026-06-06 18:26:06.493,75,98,97,128,50,39,81,133,141,72,78,80
2026-06-06 18:26:06.510,75,98,97,128,50,40,81,133,140,72,78,80
2026-06-06 18:26:06.527,75,98,98,128,50,40,81,133,140,72,78,80
2026-06-06 18:26:06.527,75,98,98,128,50,40,81,133,140,72,78,79
2026-06-06 18:26:06.542,75,98,100,128,50,40,81,133,140,72,78,78
2026-06-06 18:26:06.561,75,98,101,128,50,40,81,133,140,72,78,78
2026-06-06 18:26:06.562,75,98,101,128,51,41,81,132,139,72,78,76
2026-06-06 18:26:06.576,75,99,101,128,51,41,81,132,139,72,78,76
2026-06-06 18:26:06.577,75,99,102,128,51,41,81,132,139,72,77,75
2026-06-06 18:26:06.593,75,99,103,128,51,41,81,132,139,72,77,75
2026-06-06 18:26:06.594,75,99,103,128,51,41,81,132,139,72,77,74
2026-06-06 18:26:06.609,75,99,105,128,51,42,81,132,138,72,77,72
2026-06-06 18:26:06.626,75,99,106,128,51,42,81,132,138,72,77,72
2026-06-06 18:26:06.626,75,99,106,128,52,42,81,131,138,72,77,71
2026-06-06 18:26:06.644,75,99,107,128,52,42,81,131,138,72,77,70
2026-06-06 18:26:06.659,75,100,107,128,52,42,81,131,138,72,77,70
2026-06-06 18:26:06.660,75,100,108,128,52,42,81,131,138,72,77,70
2026-06-06 18:26:06.661,75,100,108,128,52,42,81,131,138,72,76,69
2026-06-06 18:26:06.676,75,100,110,128,52,43,81,131,137,72,76,68
2026-06-06 18:26:06.693,75,100,111,128,52,43,81,131,137,72,76,68
2026-06-06 18:26:06.694,75,100,111,128,53,43,81,130,137,72,76,66
2026-06-06 18:26:06.709,75,100,112,128,53,43,81,130,137,72,76,65
2026-06-06 18:26:06.726,75,100,113,128,53,43,81,130,137,72,76,65
2026-06-06 18:26:06.727,75,100,113,128,53,43,81,130,137,72,76,64
2026-06-06 18:26:06.744,75,100,114,128,53,44,81,130,136,72,76,63
2026-06-06 18:26:06.759,75,101,114,128,53,44,81,130,136,72,76,63
2026-06-06 18:26:06.760,75,101,115,128,53,44,81,130,136,72,76,63
2026-06-06 18:26:06.761,75,101,115,128,54,44,81,130,136,72,75,62
2026-06-06 18:26:06.775,75,101,116,128,54,44,81,129,136,72,75,61
2026-06-06 18:26:06.793,75,101,118,128,54,44,81,129,136,72,75,61
2026-06-06 18:26:06.794,75,101,118,128,54,44,81,129,136,72,75,60
2026-06-06 18:26:06.810,75,101,119,128,54,45,81,129,135,72,75,58
2026-06-06 18:26:06.826,75,101,120,128,54,45,81,129,135,72,75,58
2026-06-06 18:26:06.827,75,101,120,128,54,45,81,129,135,72,75,57
2026-06-06 18:26:06.841,75,102,120,128,54,45,81,129,135,72,75,57
2026-06-06 18:26:06.843,75,102,121,128,55,45,81,128,135,72,74,56
2026-06-06 18:26:06.861,75,102,122,128,55,45,81,128,135,72,74,56
2026-06-06 18:26:06.861,75,102,122,128,55,46,81,128,134,72,74,55
2026-06-06 18:26:06.875,75,102,123,128,55,46,81,128,134,72,74,54
2026-06-06 18:26:06.891,75,102,124,128,55,46,81,128,134,72,74,54
2026-06-06 18:26:06.891,75,102,124,128,55,46,81,128,134,72,74,53
2026-06-06 18:26:06.909,75,102,125,128,56,46,81,127,134,72,74,52
2026-06-06 18:26:06.926,75,102,126,128,56,46,81,127,134,72,74,52
2026-06-06 18:26:06.926,75,102,126,128,56,47,81,127,133,72,74,51
2026-06-06 18:26:06.941,75,103,126,128,56,47,81,127,133,72,74,51
2026-06-06 18:26:06.942,75,103,127,128,56,47,81,127,133,72,73,50
2026-06-06 18:26:06.957,75,103,128,128,56,47,81,127,133,72,73,50
2026-06-06 18:26:06.958,75,103,128,128,56,47,81,127,133,72,73,49
2026-06-06 18:26:06.978,75,103,129,128,56,48,81,126,132,72,73,48
2026-06-06 18:26:06.993,75,103,130,128,56,48,81,126,132,72,73,48
2026-06-06 18:26:06.993,75,103,130,128,57,48,81,126,132,72,73,47
2026-06-06 18:26:07.010,75,103,130,128,57,48,81,126,132,72,73,46
2026-06-06 18:26:07.026,75,104,130,128,57,48,81,126,132,72,73,46
2026-06-06 18:26:07.027,75,104,131,128,57,48,81,126,132,72,73,46
2026-06-06 18:26:07.027,75,104,131,128,57,48,81,126,132,72,72,46
2026-06-06 18:26:07.042,75,104,132,128,57,48,81,126,132,72,72,45
2026-06-06 18:26:07.060,75,104,133,128,57,48,81,126,132,72,72,45
2026-06-06 18:26:07.061,75,104,133,128,58,49,81,125,131,72,72,44
2026-06-06 18:26:07.078,75,104,134,128,58,49,81,125,131,72,72,43
2026-06-06 18:26:07.093,75,104,135,128,58,49,81,125,131,72,72,43
2026-06-06 18:26:07.093,75,104,135,128,58,49,81,125,131,72,72,42
2026-06-06 18:26:07.108,75,104,136,128,58,50,81,125,130,72,72,41
2026-06-06 18:26:07.125,75,105,136,128,58,50,81,125,130,72,72,41
2026-06-06 18:26:07.126,75,105,136,128,59,50,81,124,130,72,71,40
2026-06-06 18:26:07.143,75,105,137,128,59,50,81,124,130,72,71,40
2026-06-06 18:26:07.160,75,105,138,128,59,50,81,124,130,72,71,39
2026-06-06 18:26:07.174,75,105,139,128,59,50,81,124,130,72,71,39
2026-06-06 18:26:07.175,75,105,139,128,59,51,81,124,129,72,71,38
2026-06-06 18:26:07.192,75,106,139,128,59,51,81,124,129,72,71,38
2026-06-06 18:26:07.193,75,106,140,128,60,51,81,124,129,72,70,37
2026-06-06 18:26:07.209,75,106,140,128,60,51,81,123,129,72,70,37
2026-06-06 18:26:07.226,75,106,141,128,60,51,81,123,129,72,70,37
2026-06-06 18:26:07.228,75,106,141,128,60,52,81,123,128,72,70,36
2026-06-06 18:26:07.244,75,106,142,128,60,52,81,123,128,72,70,35
2026-06-06 18:26:07.259,75,106,142,128,60,52,81,122,128,72,70,34
2026-06-06 18:26:07.270,75,109,142,128,60,52,81,122,128,72,70,34
2026-06-06 18:26:07.270,75,109,151,128,60,52,81,122,128,72,70,34
2026-06-06 18:26:07.271,75,109,151,128,64,56,81,119,124,72,67,26
2026-06-06 18:26:07.283,75,113,157,128,68,60,81,115,120,72,63,20
2026-06-06 18:26:07.294,75,117,160,128,71,64,81,112,116,72,59,18
2026-06-06 18:26:07.305,75,122,160,128,71,64,81,112,116,72,59,18
2026-06-06 18:26:07.305,75,122,157,128,71,64,81,112,116,72,59,18
2026-06-06 18:26:07.306,75,122,157,128,76,70,81,107,110,72,54,20
2026-06-06 18:26:07.316,75,129,146,128,82,76,81,101,104,72,47,30
2026-06-06 18:26:07.329,75,131,134,128,83,68,81,100,112,72,45,42
2026-06-06 18:26:07.340,75,125,134,128,83,68,81,100,112,72,45,42
2026-06-06 18:26:07.340,75,125,128,128,83,68,81,100,112,72,45,42
2026-06-06 18:26:07.341,75,125,128,128,79,44,81,104,136,72,51,49
2026-06-06 18:26:07.353,75,121,123,128,75,30,81,108,150,72,55,54
2026-06-06 18:26:07.365,75,114,116,128,69,19,81,114,161,72,62,61
2026-06-06 18:26:07.377,75,110,116,128,69,19,81,114,161,72,62,61
2026-06-06 18:26:07.377,75,110,110,128,69,19,81,114,161,72,62,61
2026-06-06 18:26:07.377,75,110,110,128,64,18,81,119,162,72,66,67
2026-06-06 18:26:07.389,75,104,104,128,57,24,81,126,156,72,72,73
2026-06-06 18:26:07.402,75,98,98,128,50,40,81,133,140,72,78,79
2026-06-06 18:26:07.412,75,102,98,128,50,40,81,133,140,72,78,79
2026-06-06 18:26:07.412,75,102,124,128,50,40,81,133,140,72,78,79
2026-06-06 18:26:07.413,75,102,124,128,55,46,81,128,134,72,74,53
2026-06-06 18:26:07.427,75,107,146,128,62,53,81,121,127,72,69,31
2026-06-06 18:26:07.438,75,113,146,128,62,53,81,121,127,72,69,31
2026-06-06 18:26:07.439,75,113,157,128,62,53,81,121,127,72,69,31
2026-06-06 18:26:07.439,75,113,157,128,68,60,81,115,120,72,63,20
2026-06-06 18:26:07.450,75,119,159,128,73,66,81,110,114,72,57,18
2026-06-06 18:26:07.462,75,124,156,128,77,71,81,106,109,72,52,21
2026-06-06 18:26:07.473,75,133,156,128,77,71,81,106,109,72,52,21
2026-06-06 18:26:07.473,75,133,138,128,77,71,81,106,109,72,52,21
2026-06-06 18:26:07.474,75,133,138,128,85,80,81,98,100,72,43,39
2026-06-06 18:26:07.486,75,127,130,128,80,50,81,103,130,72,49,47
2026-06-06 18:26:07.498,75,122,124,128,76,33,81,107,147,72,54,53
2026-06-06 18:26:07.511,75,114,124,128,76,33,81,107,147,72,54,53
2026-06-06 18:26:07.511,75,114,115,128,76,33,81,107,147,72,54,53
2026-06-06 18:26:07.512,75,114,115,128,68,19,81,114,161,72,62,62
2026-06-06 18:26:07.522,75,106,106,128,60,21,81,123,159,72,70,71
2026-06-06 18:26:07.535,75,99,99,128,52,36,81,131,144,72,77,78
2026-06-06 18:26:07.546,75,102,99,128,52,36,81,131,144,72,77,78
2026-06-06 18:26:07.547,75,102,126,128,52,36,81,131,144,72,77,78
2026-06-06 18:26:07.548,75,102,126,128,56,47,81,127,133,72,74,51
2026-06-06 18:26:07.560,75,108,147,128,62,54,81,121,126,72,68,30
2026-06-06 18:26:07.571,75,114,158,128,69,62,81,114,118,72,62,19
2026-06-06 18:26:07.582,75,120,158,128,69,62,81,114,118,72,62,19
2026-06-06 18:26:07.582,75,120,158,128,75,68,81,108,112,72,56,18
2026-06-06 18:26:07.593,75,120,150,128,75,68,81,108,112,72,56,18
2026-06-06 18:26:07.594,75,127,150,128,80,75,81,103,105,72,49,27
2026-06-06 18:26:07.606,75,132,136,128,84,73,81,99,107,72,44,42
2026-06-06 18:26:07.616,75,125,136,128,84,73,81,99,107,72,44,42
2026-06-06 18:26:07.618,75,125,128,128,79,43,81,104,137,72,51,49
2026-06-06 18:26:07.629,75,125,120,128,79,43,81,104,137,72,51,49
2026-06-06 18:26:07.629,75,118,120,128,73,24,81,110,156,72,58,57
2026-06-06 18:26:07.640,75,110,111,128,65,18,81,118,162,72,66,66
2026-06-06 18:26:07.652,75,104,111,128,65,18,81,118,162,72,66,66
2026-06-06 18:26:07.652,75,104,104,128,57,24,81,126,156,72,72,73
2026-06-06 18:26:07.663,75,99,104,128,51,42,81,132,138,72,77,72
2026-06-06 18:26:07.674,75,99,145,128,51,42,81,132,138,72,77,72
2026-06-06 18:26:07.676,75,107,145,128,61,53,81,122,127,72,69,32
2026-06-06 18:26:07.687,75,114,145,128,61,53,81,122,127,72,69,32
2026-06-06 18:26:07.688,75,114,158,128,68,61,81,115,119,72,62,19
2026-06-06 18:26:07.698,75,119,159,128,73,67,81,110,113,72,57,18
2026-06-06 18:26:07.710,75,119,152,128,73,67,81,110,113,72,57,18
2026-06-06 18:26:07.710,75,126,152,128,80,74,81,103,106,72,50,25
2026-06-06 18:26:07.721,75,131,152,128,80,74,81,103,106,72,50,25
2026-06-06 18:26:07.721,75,131,135,128,84,70,81,99,110,72,45,42
2026-06-06 18:26:07.732,75,126,130,128,80,48,81,103,132,72,50,48
2026-06-06 18:26:07.744,75,126,121,128,80,48,81,103,132,72,50,48
2026-06-06 18:26:07.745,75,119,121,128,73,26,81,110,154,72,57,56
2026-06-06 18:26:07.758,75,116,121,128,73,26,81,110,154,72,57,56
2026-06-06 18:26:07.759,75,116,118,128,70,20,81,112,160,72,60,60
2026-06-06 18:26:07.770,75,116,114,128,70,20,81,112,160,72,60,60
2026-06-06 18:26:07.770,75,113,114,128,67,18,81,116,162,72,63,63
2026-06-06 18:26:07.781,75,111,112,128,65,18,81,118,162,72,65,65
2026-06-06 18:26:07.793,75,110,112,128,65,18,81,118,162,72,65,65
2026-06-06 18:26:07.793,75,110,110,128,64,18,81,119,162,72,66,67
2026-06-06 18:26:07.804,75,109,110,128,64,18,81,119,162,72,67,67
2026-06-06 18:26:07.823,75,108,110,128,64,18,81,119,162,72,67,67
2026-06-06 18:26:07.823,75,108,108,128,64,18,81,119,162,72,67,67
2026-06-06 18:26:07.823,75,108,108,128,62,19,81,121,161,72,68,68
2026-06-06 18:26:07.836,75,107,107,128,61,20,81,122,160,72,69,70
2026-06-06 18:26:07.859,75,106,107,128,61,20,81,122,160,72,69,70
2026-06-06 18:26:07.860,75,106,107,128,60,20,81,123,160,72,70,70
2026-06-06 18:26:07.876,75,106,106,128,60,20,81,123,160,72,70,70
2026-06-06 18:26:07.876,75,106,106,128,60,21,81,123,159,72,70,71
2026-06-06 18:26:07.893,75,106,106,128,59,21,81,124,159,72,70,71
2026-06-06 18:26:07.910,75,105,106,128,59,21,81,124,159,72,70,71
2026-06-06 18:26:07.911,75,105,105,128,59,21,81,124,159,72,70,71
2026-06-06 18:26:07.911,75,105,105,128,59,22,81,124,158,72,71,72
2026-06-06 18:26:07.925,75,105,105,128,58,22,81,124,158,72,71,72
2026-06-06 18:26:07.944,75,105,104,128,58,22,81,124,158,72,71,72
2026-06-06 18:26:07.944,75,105,104,128,58,23,81,125,157,72,71,72
2026-06-06 18:26:07.959,75,104,104,128,58,23,81,125,157,72,71,72
2026-06-06 18:26:07.959,75,104,104,128,58,24,81,125,156,72,72,73
2026-06-06 18:26:07.977,75,104,104,128,57,24,81,126,156,72,72,73
2026-06-06 18:26:07.993,75,104,103,128,57,24,81,126,156,72,72,73
2026-06-06 18:26:07.995,75,104,103,128,57,25,81,126,155,72,72,74
2026-06-06 18:26:08.008,75,103,103,128,57,25,81,126,155,72,72,74
2026-06-06 18:26:08.009,75,103,103,128,56,26,81,127,154,72,73,74
2026-06-06 18:26:08.026,75,103,102,128,56,26,81,127,154,72,73,74
2026-06-06 18:26:08.027,75,103,102,128,56,27,81,127,153,72,73,74
2026-06-06 18:26:08.042,75,102,102,128,56,27,81,127,153,72,73,74
2026-06-06 18:26:08.044,75,102,102,128,56,27,81,128,153,72,74,75
2026-06-06 18:26:08.060,75,102,102,128,55,28,81,128,152,72,74,75
2026-06-06 18:26:08.076,75,102,101,128,55,28,81,128,152,72,74,75
2026-06-06 18:26:08.077,75,102,101,128,55,29,81,128,151,72,74,76
2026-06-06 18:26:08.092,75,101,101,128,55,29,81,128,151,72,74,76
2026-06-06 18:26:08.093,75,101,101,128,54,30,81,129,150,72,75,76
2026-06-06 18:26:08.108,75,101,100,128,54,30,81,129,150,72,75,76
2026-06-06 18:26:08.109,75,101,100,128,54,31,81,129,149,72,75,76
2026-06-06 18:26:08.127,75,101,100,128,53,32,81,130,148,72,75,77
2026-06-06 18:26:08.143,75,100,100,128,53,32,81,130,148,72,75,77
2026-06-06 18:26:08.143,75,100,100,128,53,33,81,130,147,72,76,77
2026-06-06 18:26:08.160,75,100,99,128,53,33,81,130,147,72,76,77
2026-06-06 18:26:08.161,75,100,99,128,52,34,81,130,146,72,76,78
2026-06-06 18:26:08.175,75,100,99,128,52,35,81,131,145,72,76,78
2026-06-06 18:26:08.186,75,99,99,128,52,35,81,131,145,72,76,78
2026-06-06 18:26:08.187,75,99,98,128,52,35,81,131,145,72,76,78
2026-06-06 18:26:08.187,75,99,98,128,52,36,81,131,144,72,77,78
2026-06-06 18:26:08.199,75,99,98,128,51,36,81,132,144,72,77,79
2026-06-06 18:26:08.210,75,99,98,128,51,37,81,132,143,72,77,79
2026-06-06 18:26:08.221,75,99,98,128,51,38,81,132,142,72,77,79
2026-06-06 18:26:08.231,75,98,98,128,51,38,81,132,142,72,77,79
2026-06-06 18:26:08.232,75,98,97,128,51,38,81,132,142,72,77,79
2026-06-06 18:26:08.233,75,98,97,128,50,39,81,133,141,72,78,80
2026-06-06 18:26:08.244,75,98,97,128,50,40,81,133,140,72,78,80
2026-06-06 18:26:08.257,75,98,98,128,50,40,81,133,140,72,78,79
2026-06-06 18:26:08.268,75,98,100,128,50,40,81,133,140,72,78,79
2026-06-06 18:26:08.269,75,98,100,128,50,40,81,133,140,72,78,78
2026-06-06 18:26:08.283,75,98,101,128,51,41,81,132,139,72,78,76
2026-06-06 18:26:08.294,75,99,101,128,51,41,81,132,139,72,78,76
2026-06-06 18:26:08.295,75,99,102,128,51,41,81,132,139,72,78,76
2026-06-06 18:26:08.295,75,99,102,128,51,41,81,132,139,72,77,74
2026-06-06 18:26:08.308,75,99,104,128,51,41,81,132,139,72,77,73
2026-06-06 18:26:08.324,75,99,106,128,51,41,81,132,139,72,77,73
2026-06-06 18:26:08.325,75,99,106,128,52,42,81,131,138,72,77,71
2026-06-06 18:26:08.342,75,100,106,128,52,42,81,131,138,72,77,71
2026-06-06 18:26:08.343,75,100,108,128,52,42,81,131,138,72,76,69
2026-06-06 18:26:08.359,75,100,110,128,52,42,81,131,138,72,76,69
2026-06-06 18:26:08.360,75,100,110,128,52,43,81,131,137,72,76,67
2026-06-06 18:26:08.376,75,100,112,128,53,43,81,130,137,72,76,65
2026-06-06 18:26:08.394,75,100,114,128,53,43,81,130,137,72,76,65
2026-06-06 18:26:08.394,75,100,114,128,53,44,81,130,136,72,76,64
2026-06-06 18:26:08.410,75,101,114,128,53,44,81,130,136,72,76,64
2026-06-06 18:26:08.412,75,101,115,128,53,44,81,130,136,72,75,62
2026-06-06 18:26:08.426,75,101,117,128,53,44,81,130,136,72,75,62
2026-06-06 18:26:08.426,75,101,117,128,54,44,81,129,136,72,75,60
2026-06-06 18:26:08.442,75,101,118,128,54,45,81,129,135,72,75,58
2026-06-06 18:26:08.459,75,101,120,128,54,45,81,129,135,72,75,58
2026-06-06 18:26:08.460,75,101,120,128,54,45,81,128,135,72,75,57
2026-06-06 18:26:08.476,75,102,120,128,54,45,81,128,135,72,75,57
2026-06-06 18:26:08.476,75,102,122,128,55,46,81,128,134,72,74,55
2026-06-06 18:26:08.493,75,102,123,128,55,46,81,128,134,72,74,55
2026-06-06 18:26:08.493,75,102,123,128,55,46,81,128,134,72,74,54
2026-06-06 18:26:08.509,75,102,125,128,56,46,81,127,134,72,74,52
2026-06-06 18:26:08.526,75,102,126,128,56,46,81,127,134,72,74,52
2026-06-06 18:26:08.527,75,102,126,128,56,47,81,127,133,72,74,51
2026-06-06 18:26:08.543,75,103,126,128,56,47,81,127,133,72,74,51
2026-06-06 18:26:08.544,75,103,128,128,56,47,81,127,133,72,73,49
2026-06-06 18:26:08.559,75,103,129,128,56,47,81,127,133,72,73,49
2026-06-06 18:26:08.559,75,103,129,128,57,48,81,126,132,72,73,48
2026-06-06 18:26:08.573,75,103,130,128,57,48,81,126,132,72,73,46
2026-06-06 18:26:08.585,75,104,130,128,57,48,81,126,132,72,73,46
2026-06-06 18:26:08.586,75,104,131,128,57,48,81,126,132,72,73,46
2026-06-06 18:26:08.586,75,104,131,128,57,48,81,126,132,72,72,46
2026-06-06 18:26:08.597,75,104,132,128,58,49,81,126,131,72,72,44
2026-06-06 18:26:08.609,75,104,133,128,58,49,81,125,131,72,72,44
2026-06-06 18:26:08.620,75,104,134,128,58,49,81,125,131,72,72,44
2026-06-06 18:26:08.621,75,104,134,128,58,49,81,125,131,72,72,43
2026-06-06 18:26:08.632,75,104,135,128,58,49,81,125,131,72,72,42
2026-06-06 18:26:08.642,75,105,135,128,58,49,81,125,131,72,72,42
2026-06-06 18:26:08.643,75,105,136,128,58,50,81,124,130,72,71,41
2026-06-06 18:26:08.654,75,105,137,128,58,50,81,124,130,72,71,41
2026-06-06 18:26:08.654,75,105,137,128,59,50,81,124,130,72,71,40
2026-06-06 18:26:08.665,75,105,138,128,59,50,81,124,130,72,71,39
2026-06-06 18:26:08.677,75,105,138,128,59,50,81,124,130,72,71,38
2026-06-06 18:26:08.687,75,106,138,128,59,50,81,124,130,72,71,38
2026-06-06 18:26:08.688,75,106,139,128,59,50,81,124,130,72,71,38
2026-06-06 18:26:08.689,75,106,139,128,59,51,81,124,129,72,70,38
2026-06-06 18:26:08.703,75,106,140,128,60,51,81,123,129,72,70,37
2026-06-06 18:26:08.716,75,106,141,128,60,51,81,123,129,72,70,37
2026-06-06 18:26:08.716,75,106,141,128,60,52,81,123,128,72,70,36
2026-06-06 18:26:08.729,75,106,142,128,60,52,81,123,128,72,70,35
2026-06-06 18:26:08.741,75,106,143,128,61,52,81,122,128,72,70,34
2026-06-06 18:26:08.757,75,107,143,128,61,52,81,122,128,72,70,34
2026-06-06 18:26:08.758,75,107,144,128,61,52,81,122,128,72,70,34
2026-06-06 18:26:08.758,75,107,144,128,61,52,81,122,128,72,69,33
2026-06-06 18:26:08.776,75,107,145,128,61,53,81,122,127,72,69,32
2026-06-06 18:26:08.792,75,107,146,128,61,53,81,122,127,72,69,32
2026-06-06 18:26:08.793,75,107,146,128,62,53,81,121,127,72,69,31
2026-06-06 18:26:08.809,75,108,146,128,62,53,81,121,127,72,69,31
2026-06-06 18:26:08.810,75,108,147,128,62,54,81,121,126,72,68,30
2026-06-06 18:26:08.826,75,108,148,128,62,54,81,121,126,72,68,30
2026-06-06 18:26:08.827,75,108,148,128,62,54,81,121,126,72,68,29
2026-06-06 18:26:08.844,75,108,149,128,63,55,81,120,125,72,68,28
2026-06-06 18:26:08.859,75,109,149,128,63,55,81,120,125,72,68,28
2026-06-06 18:26:08.860,75,109,149,128,63,55,81,120,125,72,67,28
2026-06-06 18:26:08.876,75,109,150,128,63,55,81,120,125,72,67,28
2026-06-06 18:26:08.877,75,109,150,128,64,55,81,120,125,72,67,27
2026-06-06 18:26:08.894,75,109,151,128,64,56,81,119,124,72,67,26
2026-06-06 18:26:08.908,75,110,151,128,64,56,81,119,124,72,67,26
2026-06-06 18:26:08.908,75,110,152,128,64,56,81,119,124,72,67,26
2026-06-06 18:26:08.909,75,110,152,128,64,56,81,119,124,72,66,25
2026-06-06 18:26:08.927,75,110,152,128,64,57,81,118,123,72,66,25
2026-06-06 18:26:08.942,75,110,153,128,64,57,81,118,123,72,66,25
2026-06-06 18:26:08.943,75,110,153,128,65,57,81,118,123,72,66,24
2026-06-06 18:26:08.958,75,111,153,128,65,57,81,118,123,72,66,24
2026-06-06 18:26:08.959,75,111,154,128,65,57,81,118,123,72,65,23
2026-06-06 18:26:08.977,75,111,154,128,66,58,81,117,122,72,65,23
2026-06-06 18:26:08.993,75,112,154,128,66,58,81,117,122,72,65,23
2026-06-06 18:26:08.994,75,112,155,128,66,58,81,117,122,72,65,23
2026-06-06 18:26:08.995,75,112,155,128,66,58,81,117,122,72,64,22
2026-06-06 18:26:09.008,75,112,155,128,66,59,81,117,121,72,64,22
2026-06-06 18:26:09.021,75,112,156,128,66,59,81,117,121,72,64,22
2026-06-06 18:26:09.021,75,112,156,128,67,59,81,116,121,72,64,21
2026-06-06 18:26:09.048,75,113,156,128,67,59,81,116,121,72,64,21
2026-06-06 18:26:09.049,75,113,157,128,67,59,81,116,121,72,64,21
2026-06-06 18:26:09.050,75,113,157,128,67,60,81,116,120,72,63,20
2026-06-06 18:26:09.074,75,113,157,128,68,60,81,115,120,72,63,20
2026-06-06 18:26:09.085,75,114,157,128,68,60,81,115,120,72,63,20
2026-06-06 18:26:09.085,75,114,158,128,68,60,81,115,120,72,63,20
2026-06-06 18:26:09.086,75,114,158,128,68,60,81,115,120,72,62,20
2026-06-06 18:26:09.097,75,114,158,128,68,61,81,115,119,72,62,19
2026-06-06 18:26:09.121,75,114,158,128,69,61,81,114,119,72,62,19
2026-06-06 18:26:09.136,75,115,158,128,69,61,81,114,119,72,62,19
2026-06-06 18:26:09.136,75,115,158,128,69,62,81,114,118,72,61,18
2026-06-06 18:26:09.149,75,115,159,128,69,62,81,114,118,72,61,18
2026-06-06 18:26:09.162,75,115,159,128,70,62,81,113,118,72,61,18
2026-06-06 18:26:09.174,75,115,159,128,70,63,81,113,117,72,61,18
2026-06-06 18:26:09.192,75,116,159,128,70,63,81,113,117,72,61,18
2026-06-06 18:26:09.193,75,116,159,128,70,63,81,113,117,72,60,18
2026-06-06 18:26:09.210,75,116,159,128,71,64,81,112,116,72,60,18
2026-06-06 18:26:09.242,75,117,159,128,71,64,81,112,116,72,60,18
2026-06-06 18:26:09.243,75,117,160,128,71,64,81,112,116,72,60,18
2026-06-06 18:26:09.244,75,117,160,128,71,64,81,112,116,72,59,18
2026-06-06 18:26:09.260,75,117,160,128,72,65,81,111,115,72,59,18
2026-06-06 18:26:09.276,75,118,160,128,72,65,81,111,115,72,59,18
2026-06-06 18:26:09.277,75,118,160,128,72,65,81,111,115,72,58,18
2026-06-06 18:26:09.294,75,118,160,128,72,66,81,111,114,72,58,18
2026-06-06 18:26:09.305,75,118,159,128,72,66,81,111,114,72,58,18
2026-06-06 18:26:09.305,75,118,159,128,73,66,81,110,114,72,58,18
2026-06-06 18:26:09.315,75,119,159,128,73,66,81,110,114,72,58,18
2026-06-06 18:26:09.316,75,119,159,128,73,66,81,110,114,72,57,18
2026-06-06 18:26:09.338,75,119,159,128,73,67,81,110,113,72,57,18
2026-06-06 18:26:09.349,75,119,159,128,74,67,81,109,113,72,57,18
2026-06-06 18:26:09.360,75,120,159,128,74,67,81,109,113,72,57,18
2026-06-06 18:26:09.361,75,120,159,128,74,67,81,109,113,72,56,18
2026-06-06 18:26:09.371,75,120,159,128,74,68,81,109,112,72,56,18
2026-06-06 18:26:09.394,75,120,158,128,74,68,81,109,112,72,56,18
2026-06-06 18:26:09.394,75,120,158,128,75,68,81,108,112,72,56,18
2026-06-06 18:26:09.408,75,121,158,128,75,68,81,108,112,72,56,18
2026-06-06 18:26:09.408,75,121,158,128,75,68,81,108,112,72,55,19
2026-06-06 18:26:09.427,75,121,158,128,75,69,81,108,111,72,55,19
2026-06-06 18:26:09.442,75,122,158,128,75,69,81,108,111,72,55,19
2026-06-06 18:26:09.443,75,122,158,128,76,69,81,107,111,72,54,19
2026-06-06 18:26:09.459,75,122,157,128,76,69,81,107,111,72,54,19
2026-06-06 18:26:09.460,75,122,157,128,76,70,81,107,110,72,54,20
2026-06-06 18:26:09.494,75,123,157,128,76,70,81,107,110,72,54,20
2026-06-06 18:26:09.494,75,123,156,128,76,70,81,107,110,72,54,20
2026-06-06 18:26:09.495,75,123,156,128,77,70,81,106,110,72,53,21
2026-06-06 18:26:09.510,75,123,156,128,77,71,81,106,109,72,53,21
2026-06-06 18:26:09.525,75,124,156,128,77,71,81,106,109,72,53,21
2026-06-06 18:26:09.526,75,124,156,128,77,71,81,106,109,72,52,22
2026-06-06 18:26:09.543,75,124,155,128,77,71,81,106,109,72,52,22
2026-06-06 18:26:09.544,75,124,155,128,78,72,81,105,108,72,52,22
2026-06-06 18:26:09.559,75,124,154,128,78,72,81,105,108,72,52,23
2026-06-06 18:26:09.576,75,125,154,128,78,72,81,105,108,72,52,23
2026-06-06 18:26:09.576,75,125,154,128,78,73,81,104,107,72,51,23
2026-06-06 18:26:09.593,75,125,153,128,78,73,81,104,107,72,51,23
2026-06-06 18:26:09.594,75,125,153,128,79,73,81,104,107,72,51,24
2026-06-06 18:26:09.610,75,126,153,128,79,73,81,104,107,72,51,24
2026-06-06 18:26:09.611,75,126,152,128,79,73,81,104,107,72,50,25
2026-06-06 18:26:09.623,75,126,152,128,80,74,81,104,106,72,50,25
2026-06-06 18:26:09.634,75,126,151,128,80,74,81,104,106,72,50,25
2026-06-06 18:26:09.636,75,126,151,128,80,74,81,103,106,72,50,26
2026-06-06 18:26:09.648,75,127,151,128,80,74,81,103,106,72,50,26
2026-06-06 18:26:09.649,75,127,151,128,80,74,81,103,106,72,49,26
2026-06-06 18:26:09.659,75,127,150,128,80,75,81,103,105,72,49,27
2026-06-06 18:26:09.672,75,128,150,128,81,75,81,102,105,72,48,27
2026-06-06 18:26:09.688,75,128,149,128,81,75,81,102,105,72,48,27
2026-06-06 18:26:09.689,75,128,149,128,81,75,81,102,105,72,48,28
2026-06-06 18:26:09.702,75,128,148,128,81,76,81,102,104,72,48,29
2026-06-06 18:26:09.727,75,129,148,128,81,76,81,102,104,72,48,29
2026-06-06 18:26:09.727,75,129,147,128,81,76,81,102,104,72,48,29
2026-06-06 18:26:09.728,75,129,147,128,82,76,81,101,104,72,47,30
2026-06-06 18:26:09.743,75,129,146,128,82,77,81,101,103,72,47,31
2026-06-06 18:26:09.758,75,130,146,128,82,77,81,101,103,72,47,31
2026-06-06 18:26:09.759,75,130,145,128,82,77,81,101,103,72,47,31
2026-06-06 18:26:09.760,75,130,145,128,82,77,81,101,103,72,46,32
2026-06-06 18:26:09.776,75,130,144,128,83,78,81,100,102,72,46,33
2026-06-06 18:26:09.794,75,131,144,128,83,78,81,100,102,72,46,33
2026-06-06 18:26:09.795,75,131,143,128,83,78,81,100,102,72,46,33
2026-06-06 18:26:09.795,75,131,143,128,83,78,81,100,102,72,45,34
2026-06-06 18:26:09.809,75,131,142,128,84,78,81,100,102,72,45,35
2026-06-06 18:26:09.825,75,132,142,128,84,78,81,100,102,72,45,35
2026-06-06 18:26:09.826,75,132,141,128,84,78,81,100,102,72,45,35
2026-06-06 18:26:09.827,75,132,141,128,84,79,81,99,101,72,44,36
2026-06-06 18:26:09.842,75,132,140,128,84,79,81,99,101,72,44,37
2026-06-06 18:26:09.858,75,132,138,128,84,79,81,99,101,72,44,37
2026-06-06 18:26:09.858,75,132,138,128,85,80,81,98,100,72,44,38
2026-06-06 18:26:09.874,75,133,138,128,85,80,81,98,100,72,44,38
2026-06-06 18:26:09.874,75,133,137,128,85,80,81,98,100,72,43,40
2026-06-06 18:26:09.889,75,133,137,128,85,79,81,98,101,72,43,40
2026-06-06 18:26:09.906,75,132,137,128,85,79,81,98,101,72,43,40
2026-06-06 18:26:09.907,75,132,136,128,85,79,81,98,101,72,43,40
2026-06-06 18:26:09.907,75,132,136,128,85,77,81,98,103,72,44,41
2026-06-06 18:26:09.923,75,132,136,128,84,75,81,99,105,72,44,41
2026-06-06 18:26:09.936,75,132,136,128,84,73,81,99,107,72,44,41
2026-06-06 18:26:09.946,75,132,135,128,84,73,81,99,107,72,44,41
2026-06-06 18:26:09.948,75,132,135,128,84,72,81,99,108,72,44,42
2026-06-06 18:26:09.974,75,131,135,128,84,72,81,99,108,72,44,42
2026-06-06 18:26:09.975,75,131,135,128,84,69,81,100,111,72,45,42
2026-06-06 18:26:09.989,75,131,134,128,84,69,81,100,111,72,45,42
2026-06-06 18:26:09.990,75,131,134,128,83,67,81,100,113,72,45,43
2026-06-06 18:26:10.005,75,130,134,128,83,67,81,100,113,72,45,43
2026-06-06 18:26:10.006,75,130,134,128,83,66,81,100,114,72,46,43
2026-06-06 18:26:10.021,75,130,129,128,83,66,81,100,114,72,46,43
2026-06-06 18:26:10.022,75,126,129,128,80,46,81,104,134,72,50,48
2026-06-06 18:26:10.033,75,120,129,128,80,46,81,104,134,72,50,48
2026-06-06 18:26:10.033,75,120,122,128,74,27,81,109,153,72,56,55
2026-06-06 18:26:10.045,75,107,107,128,61,20,81,122,160,72,69,70
2026-06-06 18:26:10.056,75,107,150,128,61,20,81,122,160,72,69,70
2026-06-06 18:26:10.057,75,109,150,128,63,55,81,120,125,72,67,27
2026-06-06 18:26:10.068,75,131,150,128,63,55,81,120,125,72,67,27
2026-06-06 18:26:10.068,75,131,135,128,84,71,81,99,109,72,45,42
2026-06-06 18:26:10.080,75,99,98,128,51,36,81,132,144,72,77,79
2026-06-06 18:26:10.093,75,133,98,128,51,36,81,132,144,72,77,79
2026-06-06 18:26:10.094,75,133,137,128,51,36,81,132,144,72,77,79
2026-06-06 18:26:10.095,75,133,137,128,85,80,81,98,100,72,43,40
2026-06-06 18:26:10.107,75,124,155,128,78,72,81,106,108,72,52,22
2026-06-06 18:26:10.120,75,116,155,128,78,72,81,106,108,72,52,22
2026-06-06 18:26:10.120,75,116,159,128,78,72,81,106,108,72,52,22
2026-06-06 18:26:10.121,75,116,159,128,70,63,81,113,117,72,60,18
2026-06-06 18:26:10.132,75,102,122,128,55,46,81,128,134,72,74,56
2026-06-06 18:26:10.144,75,122,124,128,76,33,81,107,147,72,54,52
2026-06-06 18:26:10.155,75,128,124,128,76,33,81,107,147,72,54,52
2026-06-06 18:26:10.155,75,128,131,128,76,33,81,107,147,72,54,52
2026-06-06 18:26:10.156,75,128,131,128,81,52,81,102,128,72,48,46
2026-06-06 18:26:10.168,75,114,158,128,68,61,81,115,119,72,62,19
2026-06-06 18:26:10.181,75,133,158,128,68,61,81,115,119,72,62,19
2026-06-06 18:26:10.182,75,133,137,128,68,61,81,115,119,72,62,19
2026-06-06 18:26:10.182,75,133,137,128,85,79,81,98,101,72,43,40
2026-06-06 18:26:10.194,75,108,108,128,62,19,81,121,161,72,68,69
2026-06-06 18:26:10.205,75,104,131,128,57,48,81,126,132,72,72,46
2026-06-06 18:26:10.216,75,105,131,128,57,48,81,126,132,72,72,46
2026-06-06 18:26:10.217,75,105,136,128,57,48,81,126,132,72,72,46
2026-06-06 18:26:10.217,75,105,136,128,58,50,81,124,130,72,71,41
2026-06-06 18:26:10.229,75,102,102,128,56,27,81,127,153,72,74,75
2026-06-06 18:26:10.241,75,101,100,128,54,31,81,130,149,72,75,77
2026-06-06 18:26:10.252,75,99,100,128,54,31,81,130,149,72,75,77
2026-06-06 18:26:10.252,75,99,98,128,54,31,81,130,149,72,75,77
2026-06-06 18:26:10.253,75,99,98,128,52,36,81,132,144,72,77,79
2026-06-06 18:26:10.265,75,98,100,128,51,41,81,132,139,72,78,77
2026-06-06 18:26:10.276,75,100,109,128,52,43,81,131,137,72,76,68
2026-06-06 18:26:10.289,75,101,109,128,52,43,81,131,137,72,76,68
2026-06-06 18:26:10.290,75,101,118,128,52,43,81,131,137,72,76,68
2026-06-06 18:26:10.290,75,101,118,128,54,45,81,129,135,72,75,59
2026-06-06 18:26:10.304,75,103,127,128,56,47,81,127,133,72,73,50
2026-06-06 18:26:10.320,75,104,127,128,56,47,81,127,133,72,73,50
2026-06-06 18:26:10.320,75,104,136,128,56,47,81,127,133,72,73,50
2026-06-06 18:26:10.321,75,104,136,128,58,50,81,125,130,72,72,42
2026-06-06 18:26:10.343,75,107,145,128,61,53,81,122,127,72,69,32
2026-06-06 18:26:10.357,75,109,145,128,61,53,81,122,127,72,69,32
2026-06-06 18:26:10.358,75,109,151,128,61,53,81,122,127,72,69,32
2026-06-06 18:26:10.359,75,109,151,128,64,56,81,119,124,72,67,26
2026-06-06 18:26:10.375,75,112,155,128,66,58,81,117,122,72,64,22
2026-06-06 18:26:10.393,75,114,155,128,66,58,81,117,122,72,64,22
2026-06-06 18:26:10.394,75,114,158,128,66,58,81,117,122,72,64,22
2026-06-06 18:26:10.395,75,114,158,128,68,61,81,114,119,72,62,19
2026-06-06 18:26:10.415,75,117,160,128,72,65,81,112,115,72,59,18
2026-06-06 18:26:10.427,75,119,160,128,72,65,81,112,115,72,59,18
2026-06-06 18:26:10.428,75,119,159,128,72,65,81,112,115,72,59,18
2026-06-06 18:26:10.429,75,119,159,128,73,67,81,110,113,72,57,18
2026-06-06 18:26:10.441,75,121,158,128,75,69,81,108,111,72,55,19
2026-06-06 18:26:10.459,75,124,158,128,75,69,81,108,111,72,55,19
2026-06-06 18:26:10.460,75,124,155,128,75,69,81,108,111,72,55,19
2026-06-06 18:26:10.460,75,124,155,128,78,72,81,105,108,72,52,22
2026-06-06 18:26:10.475,75,127,151,128,80,74,81,103,106,72,49,26
2026-06-06 18:26:10.492,75,130,151,128,80,74,81,103,106,72,49,26
2026-06-06 18:26:10.493,75,130,145,128,80,74,81,103,106,72,49,26
2026-06-06 18:26:10.493,75,130,145,128,82,77,81,101,103,72,46,32
2026-06-06 18:26:10.509,75,133,138,128,85,80,81,98,100,72,43,39
2026-06-06 18:26:10.524,75,131,138,128,85,80,81,98,100,72,43,39
2026-06-06 18:26:10.524,75,131,135,128,85,80,81,98,100,72,43,39
2026-06-06 18:26:10.525,75,131,135,128,84,69,81,99,111,72,45,42
2026-06-06 18:26:10.541,75,129,132,128,82,59,81,101,121,72,47,45
2026-06-06 18:26:10.559,75,126,132,128,82,59,81,101,121,72,47,45
2026-06-06 18:26:10.560,75,126,129,128,82,59,81,101,121,72,47,45
2026-06-06 18:26:10.561,75,126,129,128,80,47,81,103,133,72,50,48
2026-06-06 18:26:10.576,75,124,127,128,78,39,81,105,141,72,52,50
2026-06-06 18:26:10.594,75,122,127,128,78,39,81,105,141,72,52,50
2026-06-06 18:26:10.594,75,122,124,128,78,39,81,105,141,72,52,50
2026-06-06 18:26:10.595,75,122,124,128,76,31,81,107,149,72,54,53
2026-06-06 18:26:10.610,75,119,121,128,74,26,81,109,154,72,57,56
2026-06-06 18:26:10.625,75,117,121,128,74,26,81,109,154,72,57,56
2026-06-06 18:26:10.625,75,117,119,128,74,26,81,109,154,72,57,56
2026-06-06 18:26:10.626,75,117,119,128,72,22,81,112,158,72,59,58
2026-06-06 18:26:10.643,75,114,116,128,69,19,81,114,161,72,62,61
2026-06-06 18:26:10.659,75,112,116,128,69,19,81,114,161,72,62,61
2026-06-06 18:26:10.660,75,112,113,128,69,19,81,114,161,72,62,61
2026-06-06 18:26:10.661,75,112,113,128,67,18,81,116,162,72,64,64
2026-06-06 18:26:10.677,75,110,110,128,64,18,81,119,162,72,66,66
2026-06-06 18:26:10.693,75,108,110,128,64,18,81,119,162,72,66,66
2026-06-06 18:26:10.694,75,108,108,128,64,18,81,119,162,72,66,66
2026-06-06 18:26:10.695,75,108,108,128,62,19,81,122,161,72,68,69
2026-06-06 18:26:10.710,75,105,105,128,59,22,81,124,158,72,71,72
2026-06-06 18:26:10.726,75,103,105,128,59,22,81,124,158,72,71,72
2026-06-06 18:26:10.726,75,103,102,128,59,22,81,124,158,72,71,72
2026-06-06 18:26:10.727,75,103,102,128,56,26,81,127,154,72,73,74
2026-06-06 18:26:10.744,75,100,100,128,53,32,81,130,148,72,76,77
2026-06-06 18:26:10.756,75,98,100,128,53,32,81,130,148,72,76,77
2026-06-06 18:26:10.756,75,98,98,128,53,32,81,130,148,72,76,77
2026-06-06 18:26:10.758,75,98,98,128,51,38,81,132,142,72,78,79
2026-06-06 18:26:10.769,75,99,103,128,51,41,81,132,139,72,77,74
2026-06-06 18:26:10.781,75,100,112,128,53,43,81,130,137,72,76,65
2026-06-06 18:26:10.790,75,101,112,128,53,43,81,130,137,72,76,65
2026-06-06 18:26:10.792,75,101,119,128,53,43,81,130,137,72,76,65
2026-06-06 18:26:10.793,75,101,119,128,54,45,81,129,135,72,75,58
2026-06-06 18:26:10.805,75,103,127,128,56,47,81,127,133,72,73,50
2026-06-06 18:26:10.815,75,104,133,128,58,49,81,125,131,72,72,44
2026-06-06 18:26:10.827,75,105,133,128,58,49,81,125,131,72,72,44
2026-06-06 18:26:10.827,75,105,139,128,58,49,81,125,131,72,72,44
2026-06-06 18:26:10.827,75,105,139,128,59,51,81,124,129,72,71,38
2026-06-06 18:26:10.839,75,107,144,128,61,53,81,122,127,72,69,33
2026-06-06 18:26:10.850,75,108,148,128,63,54,81,120,126,72,68,29
2026-06-06 18:26:10.861,75,110,148,128,63,54,81,120,126,72,68,29
2026-06-06 18:26:10.861,75,110,152,128,63,54,81,120,126,72,68,29
2026-06-06 18:26:10.862,75,110,152,128,64,56,81,119,124,72,66,25
2026-06-06 18:26:10.886,75,113,157,128,67,60,81,116,120,72,63,20
2026-06-06 18:26:10.897,75,115,157,128,67,60,81,116,120,72,63,20
2026-06-06 18:26:10.897,75,115,158,128,67,60,81,116,120,72,63,20
2026-06-06 18:26:10.898,75,115,158,128,69,62,81,114,118,72,61,18
2026-06-06 18:26:10.909,75,116,159,128,71,64,81,112,116,72,60,18
2026-06-06 18:26:10.921,75,118,160,128,72,66,81,111,114,72,58,18
2026-06-06 18:26:10.931,75,120,160,128,72,66,81,111,114,72,58,18
2026-06-06 18:26:10.932,75,120,159,128,72,66,81,111,114,72,58,18
2026-06-06 18:26:10.932,75,120,159,128,74,67,81,109,113,72,56,18
2026-06-06 18:26:10.958,75,124,159,128,74,67,81,109,113,72,56,18
2026-06-06 18:26:10.958,75,124,155,128,74,67,81,109,113,72,56,18
2026-06-06 18:26:10.959,75,124,155,128,78,72,81,105,108,72,52,22
2026-06-06 18:26:10.976,75,127,151,128,80,74,81,103,106,72,49,26
2026-06-06 18:26:10.990,75,130,151,128,80,74,81,103,106,72,49,26
2026-06-06 18:26:10.992,75,130,145,128,80,74,81,103,106,72,49,26
2026-06-06 18:26:10.993,75,130,145,128,82,77,81,101,103,72,46,32
2026-06-06 18:26:11.006,75,132,139,128,84,79,81,99,101,72,44,38
2026-06-06 18:26:11.019,75,132,136,128,84,79,81,99,101,72,44,38
2026-06-06 18:26:11.020,75,132,136,128,84,73,81,99,107,72,44,41
2026-06-06 18:26:11.032,75,130,136,128,84,73,81,99,107,72,44,41
2026-06-06 18:26:11.033,75,130,134,128,83,64,81,100,116,72,46,43
2026-06-06 18:26:11.044,75,128,132,128,82,56,81,102,124,72,48,45
2026-06-06 18:26:11.059,75,126,132,128,82,56,81,102,124,72,48,45
2026-06-06 18:26:11.059,75,126,129,128,82,56,81,102,124,72,48,45
2026-06-06 18:26:11.060,75,126,129,128,80,47,81,103,133,72,50,48
2026-06-06 18:26:11.074,75,124,127,128,78,39,81,105,141,72,52,50
2026-06-06 18:26:11.093,75,122,127,128,78,39,81,105,141,72,52,50
2026-06-06 18:26:11.094,75,122,124,128,78,39,81,105,141,72,52,50
2026-06-06 18:26:11.095,75,122,124,128,76,32,81,107,148,72,54,53
2026-06-06 18:26:11.109,75,119,121,128,74,26,81,109,154,72,57,56
2026-06-06 18:26:11.124,75,117,121,128,74,26,81,109,154,72,57,56
2026-06-06 18:26:11.126,75,117,119,128,74,26,81,109,154,72,57,56
2026-06-06 18:26:11.126,75,117,119,128,71,22,81,112,158,72,59,58
2026-06-06 18:26:11.143,75,114,116,128,69,19,81,114,161,72,62,61
2026-06-06 18:26:11.159,75,112,116,128,69,19,81,114,161,72,62,61
2026-06-06 18:26:11.160,75,112,113,128,69,19,81,114,161,72,62,61
2026-06-06 18:26:11.160,75,112,113,128,67,18,81,116,162,72,64,64
2026-06-06 18:26:11.176,75,110,111,128,64,18,81,119,162,72,66,66
2026-06-06 18:26:11.192,75,108,111,128,64,18,81,119,162,72,66,66
2026-06-06 18:26:11.193,75,108,108,128,64,18,81,119,162,72,66,66
2026-06-06 18:26:11.193,75,108,108,128,62,19,81,121,161,72,68,69
2026-06-06 18:26:11.210,75,105,105,128,59,22,81,124,158,72,71,72
2026-06-06 18:26:11.226,75,103,105,128,59,22,81,124,158,72,71,72
2026-06-06 18:26:11.227,75,103,103,128,59,22,81,124,158,72,71,72
2026-06-06 18:26:11.228,75,103,103,128,56,26,81,127,154,72,73,74
2026-06-06 18:26:11.243,75,100,100,128,53,32,81,130,148,72,76,77
2026-06-06 18:26:11.259,75,98,100,128,53,32,81,130,148,72,76,77
2026-06-06 18:26:11.260,75,98,97,128,53,32,81,130,148,72,76,77
2026-06-06 18:26:11.261,75,98,97,128,50,39,81,133,141,72,78,80
2026-06-06 18:26:11.276,75,100,109,128,52,42,81,131,138,72,76,68
2026-06-06 18:26:11.294,75,101,109,128,52,42,81,131,138,72,76,68
2026-06-06 18:26:11.294,75,101,120,128,52,42,81,131,138,72,76,68
2026-06-06 18:26:11.294,75,101,120,128,55,45,81,128,135,72,75,57
2026-06-06 18:26:11.311,75,103,130,128,57,48,81,126,132,72,73,47
2026-06-06 18:26:11.325,75,105,130,128,57,48,81,126,132,72,73,47
2026-06-06 18:26:11.326,75,105,138,128,57,48,81,126,132,72,73,47
2026-06-06 18:26:11.327,75,105,138,128,59,50,81,124,130,72,71,39
2026-06-06 18:26:11.343,75,107,145,128,61,53,81,122,127,72,69,32
2026-06-06 18:26:11.356,75,109,145,128,61,53,81,122,127,72,69,32
2026-06-06 18:26:11.357,75,109,150,128,61,53,81,122,127,72,69,32
2026-06-06 18:26:11.358,75,109,150,128,64,55,81,120,125,72,67,27
2026-06-06 18:26:11.376,75,112,155,128,66,58,81,117,122,72,64,22
2026-06-06 18:26:11.392,75,114,155,128,66,58,81,117,122,72,64,22
2026-06-06 18:26:11.392,75,114,158,128,66,58,81,117,122,72,64,22
2026-06-06 18:26:11.392,75,114,158,128,68,61,81,115,119,72,62,19
2026-06-06 18:26:11.409,75,116,159,128,71,64,81,112,116,72,60,18
2026-06-06 18:26:11.426,75,119,159,128,71,64,81,112,116,72,60,18
2026-06-06 18:26:11.426,75,119,159,128,73,66,81,110,114,72,57,18
2026-06-06 18:26:11.443,75,119,158,128,73,66,81,110,114,72,57,18
2026-06-06 18:26:11.443,75,122,158,128,76,69,81,108,111,72,54,19
2026-06-06 18:26:11.458,75,124,158,128,76,69,81,108,111,72,54,19
2026-06-06 18:26:11.459,75,124,155,128,78,72,81,105,108,72,52,22
2026-06-06 18:26:11.476,75,124,151,128,78,72,81,105,108,72,52,22
2026-06-06 18:26:11.477,75,127,151,128,80,74,81,103,106,72,49,26
2026-06-06 18:26:11.493,75,130,151,128,80,74,81,103,106,72,49,26
2026-06-06 18:26:11.493,75,130,145,128,82,77,81,101,103,72,46,32
2026-06-06 18:26:11.508,75,130,138,128,82,77,81,101,103,72,46,32
2026-06-06 18:26:11.510,75,133,138,128,85,80,81,98,100,72,43,39
2026-06-06 18:26:11.526,75,131,138,128,85,80,81,98,100,72,43,39
2026-06-06 18:26:11.527,75,131,134,128,83,68,81,100,112,72,45,42
2026-06-06 18:26:11.538,75,131,133,128,83,68,81,100,112,72,45,42
2026-06-06 18:26:11.539,75,129,133,128,82,60,81,101,120,72,47,44
2026-06-06 18:26:11.558,75,126,133,128,82,60,81,101,120,72,47,44
2026-06-06 18:26:11.558,75,126,130,128,80,48,81,103,132,72,50,48
2026-06-06 18:26:11.576,75,126,127,128,80,48,81,103,132,72,50,48
2026-06-06 18:26:11.576,75,124,127,128,78,39,81,105,141,72,52,50
2026-06-06 18:26:11.592,75,122,127,128,78,39,81,105,141,72,52,50
2026-06-06 18:26:11.593,75,122,124,128,76,32,81,107,148,72,54,53
2026-06-06 18:26:11.610,75,122,121,128,76,32,81,107,148,72,54,53
2026-06-06 18:26:11.611,75,119,121,128,74,26,81,109,154,72,57,56
2026-06-06 18:26:11.621,75,117,121,128,74,26,81,109,154,72,57,56
2026-06-06 18:26:11.622,75,117,119,128,72,22,81,111,158,72,59,58
2026-06-06 18:26:11.635,75,117,117,128,72,22,81,111,158,72,59,58
2026-06-06 18:26:11.636,75,116,117,128,70,20,81,113,160,72,60,60
2026-06-06 18:26:11.649,75,113,117,128,70,20,81,113,160,72,60,60
2026-06-06 18:26:11.650,75,113,115,128,68,18,81,115,162,72,63,62
2026-06-06 18:26:11.662,75,113,113,128,68,18,81,115,162,72,63,62
2026-06-06 18:26:11.663,75,112,113,128,66,18,81,117,162,72,64,64
2026-06-06 18:26:11.675,75,110,111,128,64,18,81,119,162,72,66,66
2026-06-06 18:26:11.685,75,108,111,128,64,18,81,119,162,72,66,66
2026-06-06 18:26:11.686,75,108,109,128,62,18,81,121,162,72,68,68
2026-06-06 18:26:11.697,75,108,107,128,62,18,81,121,162,72,68,68
2026-06-06 18:26:11.697,75,107,107,128,61,20,81,122,160,72,69,70
2026-06-06 18:26:11.709,75,105,105,128,59,22,81,124,158,72,71,72
2026-06-06 18:26:11.721,75,104,105,128,59,22,81,124,158,72,71,72
2026-06-06 18:26:11.721,75,104,103,128,57,25,81,126,155,72,72,74
2026-06-06 18:26:11.738,75,104,101,128,57,25,81,126,155,72,72,74
2026-06-06 18:26:11.739,75,101,101,128,54,30,81,129,150,72,75,76
2026-06-06 18:26:11.752,75,99,101,128,54,30,81,129,150,72,75,76
2026-06-06 18:26:11.753,75,99,98,128,51,36,81,132,144,72,77,79
2026-06-06 18:26:11.766,75,99,102,128,51,36,81,132,144,72,77,79
2026-06-06 18:26:11.768,75,99,102,128,51,41,81,132,139,72,77,75
2026-06-06 18:26:11.781,75,100,102,128,51,41,81,132,139,72,77,75
2026-06-06 18:26:11.782,75,100,113,128,53,43,81,130,137,72,76,64
2026-06-06 18:26:11.793,75,100,120,128,53,43,81,130,137,72,76,64
2026-06-06 18:26:11.793,75,101,120,128,54,45,81,128,135,72,75,57
2026-06-06 18:26:11.808,75,103,120,128,54,45,81,128,135,72,75,57
2026-06-06 18:26:11.809,75,103,129,128,57,48,81,126,132,72,73,48
2026-06-06 18:26:11.820,75,103,136,128,57,48,81,126,132,72,73,48
2026-06-06 18:26:11.820,75,104,136,128,58,50,81,125,130,72,72,41
2026-06-06 18:26:11.832,75,106,141,128,60,51,81,123,129,72,70,36
2026-06-06 18:26:11.842,75,107,141,128,60,51,81,123,129,72,70,36
2026-06-06 18:26:11.842,75,107,145,128,62,53,81,122,127,72,69,32
2026-06-06 18:26:11.856,75,107,150,128,62,53,81,122,127,72,69,32
2026-06-06 18:26:11.856,75,109,150,128,63,55,81,120,125,72,67,27
2026-06-06 18:26:11.867,75,110,153,128,65,57,81,118,123,72,66,24
2026-06-06 18:26:11.878,75,112,153,128,65,57,81,118,123,72,66,24
2026-06-06 18:26:11.878,75,112,156,128,66,59,81,116,121,72,64,21
2026-06-06 18:26:11.890,75,112,158,128,66,59,81,116,121,72,64,21
2026-06-06 18:26:11.891,75,114,158,128,68,61,81,115,119,72,62,19
2026-06-06 18:26:11.902,75,115,159,128,70,62,81,113,118,72,61,18
2026-06-06 18:26:11.913,75,117,159,128,70,62,81,113,118,72,61,18
2026-06-06 18:26:11.913,75,117,160,128,71,64,81,112,116,72,59,18
2026-06-06 18:26:11.924,75,117,159,128,71,64,81,112,116,72,59,18
2026-06-06 18:26:11.925,75,119,159,128,73,66,81,110,114,72,57,18
2026-06-06 18:26:11.935,75,120,159,128,74,68,81,108,112,72,56,18
2026-06-06 18:26:11.946,75,122,159,128,74,68,81,108,112,72,56,18
2026-06-06 18:26:11.947,75,122,157,128,76,70,81,107,110,72,54,20
2026-06-06 18:26:11.958,75,122,155,128,76,70,81,107,110,72,54,20
2026-06-06 18:26:11.959,75,124,155,128,78,72,81,105,108,72,52,22
2026-06-06 18:26:11.970,75,126,152,128,79,74,81,104,106,72,50,25
2026-06-06 18:26:11.982,75,128,152,128,79,74,81,104,106,72,50,25
2026-06-06 18:26:11.982,75,128,148,128,81,76,81,102,104,72,48,28
2026-06-06 18:26:11.994,75,128,144,128,81,76,81,102,104,72,48,28
2026-06-06 18:26:11.995,75,130,144,128,83,77,81,100,103,72,46,33
2026-06-06 18:26:12.006,75,132,139,128,84,79,81,99,101,72,44,38
2026-06-06 18:26:12.016,75,132,136,128,84,75,81,99,105,72,44,41
2026-06-06 18:26:12.027,75,131,136,128,84,75,81,99,105,72,44,41
2026-06-06 18:26:12.028,75,131,134,128,84,75,81,99,105,72,44,41
2026-06-06 18:26:12.028,75,131,134,128,83,67,81,100,113,72,45,43
2026-06-06 18:26:12.040,75,129,132,128,82,59,81,101,121,72,47,45
2026-06-06 18:26:12.051,75,127,130,128,81,52,81,102,128,72,49,46
2026-06-06 18:26:12.065,75,125,130,128,81,52,81,102,128,72,49,46
2026-06-06 18:26:12.066,75,125,128,128,81,52,81,102,128,72,49,46
2026-06-06 18:26:12.066,75,125,128,128,79,44,81,104,136,72,51,49
2026-06-06 18:26:12.077,75,124,126,128,78,38,81,105,142,72,52,51
2026-06-06 18:26:12.088,75,122,125,128,76,33,81,107,147,72,54,52
2026-06-06 18:26:12.106,75,119,125,128,76,33,81,107,147,72,54,52
2026-06-06 18:26:12.107,75,119,122,128,76,33,81,107,147,72,54,52
2026-06-06 18:26:12.108,75,119,122,128,74,26,81,109,154,72,57,56
2026-06-06 18:26:12.119,75,118,120,128,72,23,81,111,157,72,58,57
2026-06-06 18:26:12.131,75,116,118,128,71,21,81,112,159,72,60,59
2026-06-06 18:26:12.142,75,115,118,128,71,21,81,112,159,72,60,59
2026-06-06 18:26:12.143,75,115,116,128,71,21,81,112,159,72,60,59
2026-06-06 18:26:12.144,75,115,116,128,69,19,81,114,161,72,61,61
2026-06-06 18:26:12.155,75,113,114,128,67,18,81,116,162,72,63,63
2026-06-06 18:26:12.166,75,111,112,128,66,18,81,118,162,72,65,65
2026-06-06 18:26:12.177,75,110,112,128,66,18,81,118,162,72,65,65
2026-06-06 18:26:12.177,75,110,110,128,66,18,81,118,162,72,65,65
2026-06-06 18:26:12.178,75,110,110,128,64,18,81,119,162,72,66,67
2026-06-06 18:26:12.192,75,108,108,128,62,19,81,121,161,72,68,69
2026-06-06 18:26:12.202,75,106,108,128,62,19,81,121,161,72,68,69
2026-06-06 18:26:12.202,75,106,106,128,62,19,81,121,161,72,68,69
2026-06-06 18:26:12.203,75,106,106,128,60,21,81,123,159,72,70,71
2026-06-06 18:26:12.214,75,104,104,128,58,23,81,125,157,72,72,73
2026-06-06 18:26:12.226,75,103,102,128,56,27,81,127,153,72,73,74
2026-06-06 18:26:12.241,75,101,102,128,56,27,81,127,153,72,73,74
2026-06-06 18:26:12.242,75,101,100,128,56,27,81,127,153,72,73,74
2026-06-06 18:26:12.242,75,101,100,128,53,32,81,130,148,72,75,77
2026-06-06 18:26:12.255,75,99,98,128,51,38,81,132,142,72,77,79
2026-06-06 18:26:12.266,75,99,102,128,51,41,81,132,139,72,77,76
2026-06-06 18:26:12.279,75,100,102,128,51,41,81,132,139,72,77,76
2026-06-06 18:26:12.280,75,100,111,128,51,41,81,132,139,72,77,76
2026-06-06 18:26:12.280,75,100,111,128,53,43,81,130,137,72,76,66
2026-06-06 18:26:12.294,75,101,120,128,54,45,81,128,135,72,75,57
2026-06-06 18:26:12.305,75,103,127,128,56,47,81,127,133,72,73,50
2026-06-06 18:26:12.315,75,104,127,128,56,47,81,127,133,72,73,50
2026-06-06 18:26:12.316,75,104,133,128,56,47,81,127,133,72,73,50
2026-06-06 18:26:12.316,75,104,133,128,58,49,81,125,131,72,72,44
2026-06-06 18:26:12.328,75,105,139,128,59,51,81,124,129,72,71,38
2026-06-06 18:26:12.339,75,107,144,128,61,53,81,122,127,72,69,33
2026-06-06 18:26:12.351,75,108,144,128,61,53,81,122,127,72,69,33
2026-06-06 18:26:12.352,75,108,149,128,61,53,81,122,127,72,69,33
2026-06-06 18:26:12.352,75,108,149,128,63,55,81,120,125,72,68,28
2026-06-06 18:26:12.363,75,110,152,128,64,56,81,119,124,72,66,25
2026-06-06 18:26:12.374,75,112,155,128,66,58,81,117,122,72,64,22
2026-06-06 18:26:12.385,75,113,155,128,66,58,81,117,122,72,64,22
2026-06-06 18:26:12.385,75,113,157,128,66,58,81,117,122,72,64,22
2026-06-06 18:26:12.386,75,113,157,128,68,60,81,115,120,72,63,20
2026-06-06 18:26:12.398,75,115,159,128,69,62,81,114,118,72,61,18
2026-06-06 18:26:12.410,75,116,159,128,71,64,81,112,116,72,60,18
2026-06-06 18:26:12.421,75,118,159,128,71,64,81,112,116,72,60,18
2026-06-06 18:26:12.421,75,118,160,128,71,64,81,112,116,72,60,18
2026-06-06 18:26:12.422,75,118,160,128,72,66,81,110,114,72,58,18
2026-06-06 18:26:12.433,75,120,159,128,74,68,81,109,112,72,56,18
2026-06-06 18:26:12.444,75,122,158,128,76,69,81,107,111,72,54,20
2026-06-06 18:26:12.455,75,124,158,128,76,69,81,107,111,72,54,20
2026-06-06 18:26:12.455,75,124,156,128,76,69,81,107,111,72,54,20
2026-06-06 18:26:12.456,75,124,156,128,77,71,81,106,109,72,52,21
2026-06-06 18:26:12.468,75,126,153,128,79,73,81,104,107,72,50,24
2026-06-06 18:26:12.479,75,128,150,128,81,75,81,102,105,72,48,27
2026-06-06 18:26:12.489,75,129,150,128,81,75,81,102,105,72,48,27
2026-06-06 18:26:12.490,75,129,146,128,81,75,81,102,105,72,48,27
2026-06-06 18:26:12.490,75,129,146,128,82,77,81,101,103,72,47,31
2026-06-06 18:26:12.502,75,132,141,128,84,79,81,99,101,72,44,36
2026-06-06 18:26:12.513,75,133,136,128,85,78,81,98,102,72,43,40
2026-06-06 18:26:12.523,75,131,136,128,85,78,81,98,102,72,43,40
2026-06-06 18:26:12.524,75,131,135,128,85,78,81,98,102,72,43,40
2026-06-06 18:26:12.524,75,131,135,128,84,69,81,99,111,72,45,42
2026-06-06 18:26:12.537,75,129,133,128,82,61,81,101,119,72,47,44
2026-06-06 18:26:12.548,75,128,131,128,81,54,81,102,126,72,48,46
2026-06-06 18:26:12.558,75,126,131,128,81,54,81,102,126,72,48,46
2026-06-06 18:26:12.559,75,126,129,128,81,54,81,102,126,72,48,46
2026-06-06 18:26:12.559,75,126,129,128,80,47,81,103,133,72,50,48
2026-06-06 18:26:12.570,75,125,127,128,78,41,81,105,139,72,51,50
2026-06-06 18:26:12.581,75,123,126,128,77,36,81,106,144,72,53,51
2026-06-06 18:26:12.593,75,121,126,128,77,36,81,106,144,72,53,51
2026-06-06 18:26:12.594,75,121,124,128,77,36,81,106,144,72,53,51
2026-06-06 18:26:12.594,75,121,124,128,76,31,81,107,149,72,55,53
2026-06-06 18:26:12.605,75,120,122,128,74,27,81,109,153,72,56,55
2026-06-06 18:26:12.616,75,118,120,128,73,24,81,110,156,72,58,57
2026-06-06 18:26:12.634,75,116,120,128,73,24,81,110,156,72,58,57
2026-06-06 18:26:12.635,75,116,117,128,73,24,81,110,156,72,58,57
2026-06-06 18:26:12.635,75,116,117,128,70,20,81,113,160,72,60,60
2026-06-06 18:26:12.648,75,114,115,128,68,18,81,115,162,72,62,62
2026-06-06 18:26:12.660,75,112,113,128,66,18,81,116,162,72,64,64
2026-06-06 18:26:12.671,75,111,113,128,66,18,81,116,162,72,64,64
2026-06-06 18:26:12.671,75,111,111,128,66,18,81,116,162,72,64,64
2026-06-06 18:26:12.672,75,111,111,128,65,18,81,118,162,72,65,66
2026-06-06 18:26:12.685,75,108,109,128,63,18,81,120,162,72,68,68
2026-06-06 18:26:12.697,75,107,107,128,61,20,81,122,160,72,69,70
2026-06-06 18:26:12.708,75,105,107,128,61,20,81,122,160,72,69,70
2026-06-06 18:26:12.709,75,105,105,128,61,20,81,122,160,72,69,70
2026-06-06 18:26:12.710,75,105,105,128,59,22,81,124,158,72,71,72
2026-06-06 18:26:12.724,75,103,103,128,56,26,81,127,154,72,73,74
2026-06-06 18:26:12.743,75,100,103,128,56,26,81,127,154,72,73,74
2026-06-06 18:26:12.744,75,100,100,128,56,26,81,127,154,72,73,74
2026-06-06 18:26:12.745,75,100,100,128,53,32,81,130,148,72,76,77
2026-06-06 18:26:12.757,75,99,98,128,51,38,81,132,142,72,77,79
2026-06-06 18:26:12.768,75,99,103,128,51,41,81,132,139,72,77,74
2026-06-06 18:26:12.784,75,100,103,128,51,41,81,132,139,72,77,74
2026-06-06 18:26:12.784,75,100,114,128,51,41,81,132,139,72,77,74
2026-06-06 18:26:12.786,75,100,114,128,53,44,81,130,136,72,76,63
2026-06-06 18:26:12.797,75,102,123,128,55,46,81,128,134,72,74,54
2026-06-06 18:26:12.809,75,103,123,128,55,46,81,128,134,72,74,54
2026-06-06 18:26:12.809,75,103,130,128,55,46,81,128,134,72,74,54
2026-06-06 18:26:12.810,75,103,130,128,57,48,81,126,132,72,73,47
2026-06-06 18:26:12.826,75,105,138,128,59,50,81,124,130,72,71,39
2026-06-06 18:26:12.839,75,107,138,128,59,50,81,124,130,72,71,39
2026-06-06 18:26:12.839,75,107,144,128,59,50,81,124,130,72,71,39
2026-06-06 18:26:12.839,75,107,144,128,61,52,81,122,128,72,69,33
2026-06-06 18:26:12.850,75,108,148,128,63,54,81,120,126,72,68,29
2026-06-06 18:26:12.864,75,110,152,128,64,56,81,119,124,72,66,25
2026-06-06 18:26:12.875,75,112,152,128,64,56,81,119,124,72,66,25
2026-06-06 18:26:12.875,75,112,155,128,64,56,81,119,124,72,66,25
2026-06-06 18:26:12.876,75,112,155,128,66,58,81,117,122,72,64,22
2026-06-06 18:26:12.888,75,113,157,128,68,60,81,115,120,72,63,20
2026-06-06 18:26:12.908,75,116,157,128,68,60,81,115,120,72,63,20
2026-06-06 18:26:12.908,75,116,159,128,68,60,81,115,120,72,63,20
2026-06-06 18:26:12.909,75,116,159,128,71,64,81,112,116,72,60,18
2026-06-06 18:26:12.920,75,118,160,128,72,66,81,111,114,72,58,18
2026-06-06 18:26:12.933,75,120,159,128,74,68,81,109,112,72,56,18
2026-06-06 18:26:12.942,75,122,159,128,74,68,81,109,112,72,56,18
2026-06-06 18:26:12.943,75,122,158,128,74,68,81,109,112,72,56,18
2026-06-06 18:26:12.944,75,122,158,128,76,69,81,107,111,72,54,19
2026-06-06 18:26:12.957,75,124,155,128,78,71,81,106,109,72,52,22
2026-06-06 18:26:12.970,75,126,155,128,78,71,81,106,109,72,52,22
2026-06-06 18:26:12.970,75,126,152,128,78,71,81,106,109,72,52,22
2026-06-06 18:26:12.971,75,126,152,128,79,74,81,104,106,72,50,25
2026-06-06 18:26:12.991,75,130,146,128,82,77,81,101,103,72,46,32
2026-06-06 18:26:13.004,75,132,146,128,82,77,81,101,103,72,46,32
2026-06-06 18:26:13.004,75,132,140,128,82,77,81,101,103,72,46,32
2026-06-06 18:26:13.005,75,132,140,128,84,79,81,99,101,72,44,37
2026-06-06 18:26:13.017,75,132,136,128,84,75,81,99,105,72,44,41
2026-06-06 18:26:13.029,75,130,136,128,84,75,81,99,105,72,44,41
2026-06-06 18:26:13.029,75,130,134,128,84,75,81,99,105,72,44,41
2026-06-06 18:26:13.030,75,130,134,128,83,66,81,100,114,72,46,43
2026-06-06 18:26:13.042,75,129,132,128,82,58,81,101,122,72,47,45
2026-06-06 18:26:13.054,75,127,132,128,82,58,81,101,122,72,47,45
2026-06-06 18:26:13.056,75,127,130,128,82,58,81,101,122,72,47,45
2026-06-06 18:26:13.057,75,127,130,128,80,49,81,103,131,72,49,47
2026-06-06 18:26:13.071,75,124,127,128,78,41,81,105,139,72,52,50
2026-06-06 18:26:13.092,75,122,127,128,78,41,81,105,139,72,52,50
2026-06-06 18:26:13.093,75,122,124,128,78,41,81,105,139,72,52,50
2026-06-06 18:26:13.093,75,122,124,128,76,32,81,107,148,72,54,53
2026-06-06 18:26:13.110,75,119,121,128,74,26,81,109,154,72,57,56
2026-06-06 18:26:13.126,75,117,121,128,74,26,81,109,154,72,57,56
2026-06-06 18:26:13.127,75,117,119,128,74,26,81,109,154,72,57,56
2026-06-06 18:26:13.128,75,117,119,128,71,22,81,112,158,72,59,58
2026-06-06 18:26:13.141,75,115,116,128,69,19,81,114,161,72,61,61
2026-06-06 18:26:13.159,75,112,116,128,69,19,81,114,161,72,61,61
2026-06-06 18:26:13.159,75,112,113,128,69,19,81,114,161,72,61,61
2026-06-06 18:26:13.161,75,112,113,128,67,18,81,116,162,72,64,64
2026-06-06 18:26:13.178,75,110,110,128,64,18,81,119,162,72,66,66
2026-06-06 18:26:13.193,75,108,110,128,64,18,81,119,162,72,66,66
2026-06-06 18:26:13.193,75,108,108,128,64,18,81,119,162,72,66,66
2026-06-06 18:26:13.195,75,108,108,128,61,19,81,122,161,72,68,69
2026-06-06 18:26:13.209,75,105,105,128,59,22,81,124,158,72,71,72
2026-06-06 18:26:13.226,75,103,105,128,59,22,81,124,158,72,71,72
2026-06-06 18:26:13.227,75,103,103,128,59,22,81,124,158,72,71,72
2026-06-06 18:26:13.227,75,103,103,128,56,26,81,127,154,72,73,74
2026-06-06 18:26:13.243,75,100,100,128,53,32,81,130,148,72,76,77
2026-06-06 18:26:13.258,75,98,100,128,53,32,81,130,148,72,76,77
2026-06-06 18:26:13.259,75,98,97,128,53,32,81,130,148,72,76,77
2026-06-06 18:26:13.259,75,98,97,128,50,39,81,132,141,72,78,80
2026-06-06 18:26:13.276,75,100,108,128,52,42,81,131,138,72,76,69
2026-06-06 18:26:13.292,75,101,108,128,52,42,81,131,138,72,76,69
2026-06-06 18:26:13.292,75,101,120,128,52,42,81,131,138,72,76,69
2026-06-06 18:26:13.293,75,101,120,128,54,45,81,129,135,72,75,58
2026-06-06 18:26:13.312,75,103,130,128,57,48,81,126,132,72,73,47
2026-06-06 18:26:13.324,75,105,130,128,57,48,81,126,132,72,73,47
2026-06-06 18:26:13.326,75,105,138,128,57,48,81,126,132,72,73,47
2026-06-06 18:26:13.326,75,105,138,128,59,50,81,124,130,72,71,39
2026-06-06 18:26:13.343,75,107,145,128,61,53,81,122,127,72,69,32
2026-06-06 18:26:13.360,75,110,145,128,61,53,81,122,127,72,69,32
2026-06-06 18:26:13.361,75,110,151,128,61,53,81,122,127,72,69,32
2026-06-06 18:26:13.361,75,110,151,128,64,56,81,119,124,72,66,26
2026-06-06 18:26:13.373,75,111,154,128,66,58,81,117,122,72,65,23
2026-06-06 18:26:13.391,75,114,154,128,66,58,81,117,122,72,65,23
2026-06-06 18:26:13.391,75,114,158,128,66,58,81,117,122,72,65,23
2026-06-06 18:26:13.392,75,114,158,128,68,61,81,115,119,72,62,19
2026-06-06 18:26:13.403,75,115,159,128,70,63,81,113,117,72,61,18
2026-06-06 18:26:13.420,75,118,159,128,70,63,81,113,117,72,61,18
2026-06-06 18:26:13.421,75,118,159,128,72,66,81,110,114,72,58,18
2026-06-06 18:26:13.434,75,120,159,128,74,68,81,109,112,72,56,18
2026-06-06 18:26:13.446,75,122,159,128,74,68,81,109,112,72,56,18
2026-06-06 18:26:13.447,75,122,157,128,74,68,81,109,112,72,56,18
2026-06-06 18:26:13.448,75,122,157,128,76,70,81,107,110,72,54,20
2026-06-06 18:26:13.460,75,124,155,128,78,72,81,105,108,72,52,22
2026-06-06 18:26:13.471,75,126,155,128,78,72,81,105,108,72,52,22
2026-06-06 18:26:13.473,75,126,152,128,78,72,81,105,108,72,52,22
2026-06-06 18:26:13.473,75,126,152,128,80,74,81,103,106,72,50,26
2026-06-06 18:26:13.487,75,129,147,128,82,76,81,101,104,72,47,30
2026-06-06 18:26:13.502,75,131,147,128,82,76,81,101,104,72,47,30
2026-06-06 18:26:13.502,75,131,141,128,82,76,81,101,104,72,47,30
2026-06-06 18:26:13.502,75,131,141,128,84,79,81,99,101,72,45,36
2026-06-06 18:26:13.522,75,131,135,128,84,71,81,99,109,72,45,42
2026-06-06 18:26:13.545,75,128,135,128,84,71,81,99,109,72,45,42
2026-06-06 18:26:13.545,75,128,131,128,84,71,81,99,109,72,45,42
2026-06-06 18:26:13.546,75,128,131,128,81,55,81,102,125,72,48,46
2026-06-06 18:26:13.570,75,125,128,128,78,41,81,104,139,72,51,50
2026-06-06 18:26:13.595,75,121,128,128,78,41,81,104,139,72,51,50
2026-06-06 18:26:13.596,75,121,123,128,78,41,81,104,139,72,51,50
2026-06-06 18:26:13.596,75,121,123,128,75,30,81,108,150,72,55,54
2026-06-06 18:26:13.626,75,117,123,128,75,30,81,108,150,72,55,54
2026-06-06 18:26:13.627,75,117,119,128,75,30,81,108,150,72,55,54
2026-06-06 18:26:13.627,75,117,119,128,71,22,81,112,158,72,59,58
2026-06-06 18:26:13.660,75,112,119,128,71,22,81,112,158,72,59,58
2026-06-06 18:26:13.661,75,112,113,128,71,22,81,112,158,72,59,58
2026-06-06 18:26:13.661,75,112,113,128,67,18,81,116,162,72,64,64
2026-06-06 18:26:13.695,75,107,113,128,67,18,81,116,162,72,64,64
2026-06-06 18:26:13.695,75,107,108,128,67,18,81,116,162,72,64,64
2026-06-06 18:26:13.696,75,107,108,128,61,19,81,122,161,72,69,69
2026-06-06 18:26:13.725,75,103,108,128,61,19,81,122,161,72,69,69
2026-06-06 18:26:13.725,75,103,103,128,61,19,81,122,161,72,69,69
2026-06-06 18:26:13.726,75,103,103,128,56,26,81,127,154,72,73,74
2026-06-06 18:26:13.759,75,98,103,128,56,26,81,127,154,72,73,74
2026-06-06 18:26:13.761,75,98,97,128,56,26,81,127,154,72,73,74
2026-06-06 18:26:13.761,75,98,97,128,50,39,81,133,141,72,78,80
2026-06-06 18:26:13.794,75,101,97,128,50,39,81,133,141,72,78,80
2026-06-06 18:26:13.794,75,101,120,128,50,39,81,133,141,72,78,80
2026-06-06 18:26:13.794,75,101,120,128,55,45,81,128,135,72,75,56
2026-06-06 18:26:13.826,75,105,120,128,55,45,81,128,135,72,75,56
2026-06-06 18:26:13.827,75,105,138,128,55,45,81,128,135,72,75,56
2026-06-06 18:26:13.828,75,105,138,128,59,50,81,124,130,72,71,39
2026-06-06 18:26:13.858,75,109,138,128,59,50,81,124,130,72,71,39
2026-06-06 18:26:13.859,75,109,151,128,59,50,81,124,130,72,71,39
2026-06-06 18:26:13.859,75,109,151,128,64,56,81,119,124,72,67,26
2026-06-06 18:26:13.892,75,114,151,128,64,56,81,119,124,72,67,26
2026-06-06 18:26:13.893,75,114,158,128,64,56,81,119,124,72,67,26
2026-06-06 18:26:13.894,75,114,158,128,68,61,81,115,119,72,62,19
2026-06-06 18:26:13.926,75,119,158,128,68,61,81,115,119,72,62,19
2026-06-06 18:26:13.926,75,119,159,128,68,61,81,115,119,72,62,19
2026-06-06 18:26:13.927,75,119,159,128,73,66,81,110,114,72,57,18
2026-06-06 18:26:13.959,75,124,159,128,73,66,81,110,114,72,57,18
2026-06-06 18:26:13.960,75,124,155,128,73,66,81,110,114,72,57,18
2026-06-06 18:26:13.960,75,124,155,128,78,72,81,105,108,72,52,22
2026-06-06 18:26:13.992,75,130,155,128,78,72,81,105,108,72,52,22
2026-06-06 18:26:13.992,75,130,145,128,78,72,81,105,108,72,52,22
2026-06-06 18:26:13.993,75,130,145,128,82,77,81,101,103,72,46,32
2026-06-06 18:26:14.026,75,131,145,128,82,77,81,101,103,72,46,32
2026-06-06 18:26:14.027,75,131,134,128,82,77,81,101,103,72,46,32
2026-06-06 18:26:14.028,75,131,134,128,83,68,81,100,112,72,45,43
2026-06-06 18:26:14.060,75,126,134,128,83,68,81,100,112,72,45,43
2026-06-06 18:26:14.061,75,126,129,128,83,68,81,100,112,72,45,43
2026-06-06 18:26:14.061,75,126,129,128,80,48,81,103,132,72,50,48
2026-06-06 18:26:14.092,75,122,129,128,80,48,81,103,132,72,50,48
2026-06-06 18:26:14.093,75,122,124,128,80,48,81,103,132,72,50,48
2026-06-06 18:26:14.093,75,122,124,128,76,32,81,107,148,72,54,53
2026-06-06 18:26:14.124,75,117,124,128,76,32,81,107,148,72,54,53
2026-06-06 18:26:14.125,75,117,119,128,76,32,81,107,148,72,54,53
2026-06-06 18:26:14.126,75,117,119,128,72,22,81,112,158,72,59,58
2026-06-06 18:26:14.159,75,112,119,128,72,22,81,112,158,72,59,58
2026-06-06 18:26:14.160,75,112,113,128,72,22,81,112,158,72,59,58
2026-06-06 18:26:14.160,75,112,113,128,67,18,81,116,162,72,64,64
2026-06-06 18:26:14.193,75,108,113,128,67,18,81,116,162,72,64,64
2026-06-06 18:26:14.193,75,108,108,128,67,18,81,116,162,72,64,64
2026-06-06 18:26:14.194,75,108,108,128,62,19,81,122,161,72,68,69
2026-06-06 18:26:14.226,75,103,108,128,62,19,81,122,161,72,68,69
2026-06-06 18:26:14.227,75,103,102,128,62,19,81,122,161,72,68,69
2026-06-06 18:26:14.228,75,103,102,128,56,27,81,127,153,72,73,75
2026-06-06 18:26:14.259,75,98,102,128,56,27,81,127,153,72,73,75
2026-06-06 18:26:14.260,75,98,97,128,56,27,81,127,153,72,73,75
2026-06-06 18:26:14.261,75,98,97,128,50,39,81,133,141,72,78,80
2026-06-06 18:26:14.292,75,101,97,128,50,39,81,133,141,72,78,80
2026-06-06 18:26:14.294,75,101,120,128,50,39,81,133,141,72,78,80
2026-06-06 18:26:14.294,75,101,120,128,55,45,81,128,135,72,75,57
2026-06-06 18:26:14.328,75,105,120,128,55,45,81,128,135,72,75,57
2026-06-06 18:26:14.328,75,105,139,128,55,45,81,128,135,72,75,57
2026-06-06 18:26:14.329,75,105,139,128,59,51,81,124,129,72,71,38
2026-06-06 18:26:14.359,75,109,139,128,59,51,81,124,129,72,71,38
2026-06-06 18:26:14.360,75,109,151,128,59,51,81,124,129,72,71,38
2026-06-06 18:26:14.360,75,109,151,128,64,56,81,119,124,72,67,26
2026-06-06 18:26:14.392,75,114,151,128,64,56,81,119,124,72,67,26
2026-06-06 18:26:14.393,75,114,158,128,64,56,81,119,124,72,67,26
2026-06-06 18:26:14.393,75,114,158,128,68,61,81,115,119,72,62,19
2026-06-06 18:26:14.425,75,119,158,128,68,61,81,115,119,72,62,19
2026-06-06 18:26:14.427,75,119,159,128,68,61,81,115,119,72,62,19
2026-06-06 18:26:14.428,75,119,159,128,73,66,81,110,114,72,57,18
2026-06-06 18:26:14.458,75,124,159,128,73,66,81,110,114,72,57,18
2026-06-06 18:26:14.459,75,124,155,128,73,66,81,110,114,72,57,18
2026-06-06 18:26:14.460,75,124,155,128,78,72,81,105,108,72,52,22
2026-06-06 18:26:14.491,75,130,155,128,78,72,81,105,108,72,52,22
2026-06-06 18:26:14.491,75,130,145,128,78,72,81,105,108,72,52,22
2026-06-06 18:26:14.492,75,130,145,128,82,77,81,101,103,72,46,32
2026-06-06 18:26:14.526,75,131,145,128,82,77,81,101,103,72,46,32
2026-06-06 18:26:14.526,75,131,135,128,82,77,81,101,103,72,46,32
2026-06-06 18:26:14.527,75,131,135,128,83,68,81,100,112,72,45,42
2026-06-06 18:26:14.560,75,126,135,128,83,68,81,100,112,72,45,42
2026-06-06 18:26:14.561,75,126,129,128,83,68,81,100,112,72,45,42
2026-06-06 18:26:14.561,75,126,129,128,80,48,81,103,132,72,50,48
2026-06-06 18:26:14.592,75,122,129,128,80,48,81,103,132,72,50,48
2026-06-06 18:26:14.592,75,122,124,128,80,48,81,103,132,72,50,48
2026-06-06 18:26:14.593,75,122,124,128,76,32,81,107,148,72,54,53
2026-06-06 18:26:14.626,75,117,124,128,76,32,81,107,148,72,54,53
2026-06-06 18:26:14.626,75,117,119,128,76,32,81,107,148,72,54,53
2026-06-06 18:26:14.627,75,117,119,128,71,22,81,112,158,72,59,58
2026-06-06 18:26:14.659,75,112,119,128,71,22,81,112,158,72,59,58
2026-06-06 18:26:14.661,75,112,113,128,71,22,81,112,158,72,59,58
2026-06-06 18:26:14.661,75,112,113,128,67,18,81,116,162,72,64,64
2026-06-06 18:26:14.693,75,107,113,128,67,18,81,116,162,72,64,64
2026-06-06 18:26:14.694,75,107,108,128,67,18,81,116,162,72,64,64
2026-06-06 18:26:14.695,75,107,108,128,61,19,81,122,161,72,69,69
2026-06-06 18:26:14.726,75,103,108,128,61,19,81,122,161,72,69,69
2026-06-06 18:26:14.726,75,103,103,128,61,19,81,122,161,72,69,69
2026-06-06 18:26:14.727,75,103,103,128,56,26,81,127,154,72,73,74
2026-06-06 18:26:14.758,75,98,103,128,56,26,81,127,154,72,73,74
2026-06-06 18:26:14.759,75,98,97,128,56,26,81,127,154,72,73,74
2026-06-06 18:26:14.759,75,98,97,128,50,39,81,132,141,72,78,80
2026-06-06 18:26:14.792,75,101,97,128,50,39,81,132,141,72,78,80
2026-06-06 18:26:14.793,75,101,120,128,50,39,81,132,141,72,78,80
2026-06-06 18:26:14.793,75,101,120,128,54,45,81,128,135,72,75,57
2026-06-06 18:26:14.827,75,105,120,128,54,45,81,128,135,72,75,57
2026-06-06 18:26:14.827,75,105,138,128,54,45,81,128,135,72,75,57
2026-06-06 18:26:14.828,75,105,138,128,59,50,81,124,130,72,71,39
2026-06-06 18:26:14.858,75,109,138,128,59,50,81,124,130,72,71,39
2026-06-06 18:26:14.859,75,109,151,128,59,50,81,124,130,72,71,39
2026-06-06 18:26:14.860,75,109,151,128,64,56,81,119,124,72,67,26
2026-06-06 18:26:14.892,75,114,151,128,64,56,81,119,124,72,67,26
2026-06-06 18:26:14.892,75,114,158,128,64,56,81,119,124,72,67,26
2026-06-06 18:26:14.893,75,114,158,128,68,61,81,115,119,72,62,19
2026-06-06 18:26:14.926,75,119,158,128,68,61,81,115,119,72,62,19
2026-06-06 18:26:14.927,75,119,159,128,68,61,81,115,119,72,62,19
2026-06-06 18:26:14.928,75,119,159,128,73,66,81,110,114,72,57,18
2026-06-06 18:26:14.960,75,124,159,128,73,66,81,110,114,72,57,18
2026-06-06 18:26:14.961,75,124,155,128,73,66,81,110,114,72,57,18
2026-06-06 18:26:14.961,75,124,155,128,78,72,81,105,108,72,52,22
2026-06-06 18:26:14.990,75,129,155,128,78,72,81,105,108,72,52,22
2026-06-06 18:26:14.991,75,129,146,128,78,72,81,105,108,72,52,22
2026-06-06 18:26:14.991,75,129,146,128,82,77,81,101,103,72,47,31
2026-06-06 18:26:15.025,75,131,146,128,82,77,81,101,103,72,47,31
2026-06-06 18:26:15.026,75,131,135,128,82,77,81,101,103,72,47,31
2026-06-06 18:26:15.026,75,131,135,128,84,69,81,100,111,72,45,42
2026-06-06 18:26:15.060,75,126,135,128,84,69,81,100,111,72,45,42
2026-06-06 18:26:15.061,75,126,129,128,84,69,81,100,111,72,45,42
2026-06-06 18:26:15.061,75,126,129,128,80,48,81,103,132,72,50,48
2026-06-06 18:26:15.092,75,122,129,128,80,48,81,103,132,72,50,48
2026-06-06 18:26:15.093,75,122,124,128,80,48,81,103,132,72,50,48
2026-06-06 18:26:15.094,75,122,124,128,76,32,81,107,148,72,54,53
2026-06-06 18:26:15.126,75,117,124,128,76,32,81,107,148,72,54,53
2026-06-06 18:26:15.127,75,117,119,128,76,32,81,107,148,72,54,53
2026-06-06 18:26:15.127,75,117,119,128,71,22,81,112,158,72,59,58
2026-06-06 18:26:15.159,75,112,119,128,71,22,81,112,158,72,59,58
2026-06-06 18:26:15.160,75,112,113,128,71,22,81,112,158,72,59,58
2026-06-06 18:26:15.162,75,112,113,128,67,18,81,116,162,72,64,64
2026-06-06 18:26:15.193,75,108,113,128,67,18,81,116,162,72,64,64
2026-06-06 18:26:15.193,75,108,108,128,67,18,81,116,162,72,64,64
2026-06-06 18:26:15.194,75,108,108,128,62,19,81,121,161,72,68,69
2026-06-06 18:26:15.225,75,103,108,128,62,19,81,121,161,72,68,69
2026-06-06 18:26:15.225,75,103,103,128,62,19,81,121,161,72,68,69
2026-06-06 18:26:15.227,75,103,103,128,56,26,81,127,154,72,73,74
2026-06-06 18:26:15.257,75,98,103,128,56,26,81,127,154,72,73,74
2026-06-06 18:26:15.258,75,98,98,128,56,26,81,127,154,72,73,74
2026-06-06 18:26:15.259,75,98,98,128,50,39,81,132,141,72,78,80
2026-06-06 18:26:15.293,75,101,98,128,50,39,81,132,141,72,78,80
2026-06-06 18:26:15.294,75,101,120,128,50,39,81,132,141,72,78,80
2026-06-06 18:26:15.295,75,101,120,128,55,45,81,128,135,72,75,57
2026-06-06 18:26:15.327,75,105,120,128,55,45,81,128,135,72,75,57
2026-06-06 18:26:15.328,75,105,138,128,55,45,81,128,135,72,75,57
2026-06-06 18:26:15.328,75,105,138,128,59,50,81,124,130,72,71,39
2026-06-06 18:26:15.358,75,109,138,128,59,50,81,124,130,72,71,39
2026-06-06 18:26:15.359,75,109,151,128,59,50,81,124,130,72,71,39
2026-06-06 18:26:15.360,75,109,151,128,64,56,81,119,124,72,67,26
2026-06-06 18:26:15.393,75,114,151,128,64,56,81,119,124,72,67,26
2026-06-06 18:26:15.393,75,114,158,128,64,56,81,119,124,72,67,26
2026-06-06 18:26:15.394,75,114,158,128,69,61,81,114,119,72,62,19
2026-06-06 18:26:15.426,75,119,158,128,69,61,81,114,119,72,62,19
2026-06-06 18:26:15.426,75,119,159,128,69,61,81,114,119,72,62,19
2026-06-06 18:26:15.427,75,119,159,128,73,66,81,110,114,72,57,18
2026-06-06 18:26:15.459,75,124,159,128,73,66,81,110,114,72,57,18
2026-06-06 18:26:15.459,75,124,155,128,73,66,81,110,114,72,57,18
2026-06-06 18:26:15.460,75,124,155,128,78,72,81,105,108,72,52,22
2026-06-06 18:26:15.490,75,129,155,128,78,72,81,105,108,72,52,22
2026-06-06 18:26:15.491,75,129,146,128,78,72,81,105,108,72,52,22
2026-06-06 18:26:15.492,75,129,146,128,82,77,81,101,103,72,47,31
2026-06-06 18:26:15.526,75,131,146,128,82,77,81,101,103,72,47,31
2026-06-06 18:26:15.527,75,131,134,128,82,77,81,101,103,72,47,31
2026-06-06 18:26:15.527,75,131,134,128,83,68,81,100,112,72,45,42
2026-06-06 18:26:15.559,75,126,134,128,83,68,81,100,112,72,45,42
2026-06-06 18:26:15.561,75,126,129,128,83,68,81,100,112,72,45,42
2026-06-06 18:26:15.562,75,126,129,128,80,47,81,103,133,72,50,48
2026-06-06 18:26:15.592,75,122,129,128,80,47,81,103,133,72,50,48
2026-06-06 18:26:15.593,75,122,124,128,80,47,81,103,133,72,50,48
2026-06-06 18:26:15.593,75,122,124,128,76,32,81,107,148,72,54,53
2026-06-06 18:26:15.626,75,117,124,128,76,32,81,107,148,72,54,53
2026-06-06 18:26:15.627,75,117,118,128,76,32,81,107,148,72,54,53
2026-06-06 18:26:15.628,75,117,118,128,71,22,81,112,158,72,59,59
2026-06-06 18:26:15.659,75,112,118,128,71,22,81,112,158,72,59,59
2026-06-06 18:26:15.660,75,112,113,128,71,22,81,112,158,72,59,59
2026-06-06 18:26:15.660,75,112,113,128,67,18,81,116,162,72,64,64
2026-06-06 18:26:15.693,75,107,113,128,67,18,81,116,162,72,64,64
2026-06-06 18:26:15.695,75,107,108,128,67,18,81,116,162,72,64,64
2026-06-06 18:26:15.695,75,107,108,128,61,19,81,122,161,72,69,69
2026-06-06 18:26:15.727,75,103,108,128,61,19,81,122,161,72,69,69
2026-06-06 18:26:15.727,75,103,102,128,61,19,81,122,161,72,69,69
2026-06-06 18:26:15.728,75,103,102,128,56,27,81,127,153,72,73,75
2026-06-06 18:26:15.759,75,98,102,128,56,27,81,127,153,72,73,75
2026-06-06 18:26:15.759,75,98,97,128,56,27,81,127,153,72,73,75
2026-06-06 18:26:15.759,75,98,97,128,50,39,81,133,141,72,78,80
2026-06-06 18:26:15.792,75,101,97,128,50,39,81,133,141,72,78,80
2026-06-06 18:26:15.793,75,101,120,128,50,39,81,133,141,72,78,80
2026-06-06 18:26:15.794,75,101,120,128,54,45,81,128,135,72,75,57
2026-06-06 18:26:15.825,75,105,120,128,54,45,81,128,135,72,75,57
2026-06-06 18:26:15.826,75,105,138,128,54,45,81,128,135,72,75,57
2026-06-06 18:26:15.826,75,105,138,128,59,50,81,124,130,72,71,39
2026-06-06 18:26:15.858,75,109,138,128,59,50,81,124,130,72,71,39
2026-06-06 18:26:15.859,75,109,151,128,59,50,81,124,130,72,71,39
2026-06-06 18:26:15.859,75,109,151,128,64,56,81,119,124,72,67,26
2026-06-06 18:26:15.892,75,114,151,128,64,56,81,119,124,72,67,26
2026-06-06 18:26:15.893,75,114,158,128,64,56,81,119,124,72,67,26
2026-06-06 18:26:15.893,75,114,158,128,68,61,81,115,119,72,62,19
2026-06-06 18:26:15.926,75,119,158,128,68,61,81,115,119,72,62,19
2026-06-06 18:26:15.927,75,119,159,128,68,61,81,115,119,72,62,19
2026-06-06 18:26:15.928,75,119,159,128,73,67,81,110,113,72,57,18
2026-06-06 18:26:15.957,75,124,159,128,73,67,81,110,113,72,57,18
2026-06-06 18:26:15.958,75,124,155,128,73,67,81,110,113,72,57,18
2026-06-06 18:26:15.959,75,124,155,128,78,72,81,105,108,72,52,22
2026-06-06 18:26:15.994,75,130,155,128,78,72,81,105,108,72,52,22
2026-06-06 18:26:15.994,75,130,145,128,78,72,81,105,108,72,52,22
2026-06-06 18:26:15.995,75,130,145,128,82,77,81,100,103,72,46,32
2026-06-06 18:26:16.025,75,131,145,128,82,77,81,100,103,72,46,32
2026-06-06 18:26:16.025,75,131,135,128,82,77,81,100,103,72,46,32
2026-06-06 18:26:16.026,75,131,135,128,84,69,81,99,111,72,45,42
2026-06-06 18:26:16.061,75,126,135,128,84,69,81,99,111,72,45,42
2026-06-06 18:26:16.062,75,126,129,128,84,69,81,99,111,72,45,42
2026-06-06 18:26:16.062,75,126,129,128,80,47,81,103,133,72,50,48
2026-06-06 18:26:16.091,75,122,129,128,80,47,81,103,133,72,50,48
2026-06-06 18:26:16.092,75,122,124,128,80,47,81,103,133,72,50,48
2026-06-06 18:26:16.093,75,122,124,128,76,32,81,107,148,72,54,53
2026-06-06 18:26:16.125,75,117,124,128,76,32,81,107,148,72,54,53
2026-06-06 18:26:16.126,75,117,119,128,76,32,81,107,148,72,54,53
2026-06-06 18:26:16.126,75,117,119,128,72,22,81,112,158,72,59,58
2026-06-06 18:26:16.159,75,112,119,128,72,22,81,112,158,72,59,58
2026-06-06 18:26:16.160,75,112,113,128,72,22,81,112,158,72,59,58
2026-06-06 18:26:16.160,75,112,113,128,66,18,81,116,162,72,64,64
2026-06-06 18:26:16.191,75,108,113,128,66,18,81,116,162,72,64,64
2026-06-06 18:26:16.192,75,108,108,128,66,18,81,116,162,72,64,64
2026-06-06 18:26:16.192,75,108,108,128,62,19,81,121,161,72,68,69
2026-06-06 18:26:16.226,75,103,108,128,62,19,81,121,161,72,68,69
2026-06-06 18:26:16.227,75,103,103,128,62,19,81,121,161,72,68,69
2026-06-06 18:26:16.228,75,103,103,128,56,26,81,127,154,72,73,74
2026-06-06 18:26:16.259,75,98,103,128,56,26,81,127,154,72,73,74
2026-06-06 18:26:16.260,75,98,97,128,56,26,81,127,154,72,73,74
2026-06-06 18:26:16.260,75,98,97,128,50,40,81,133,140,72,78,80
2026-06-06 18:26:16.293,75,101,97,128,50,40,81,133,140,72,78,80
2026-06-06 18:26:16.293,75,101,120,128,50,40,81,133,140,72,78,80
2026-06-06 18:26:16.293,75,101,120,128,54,45,81,128,135,72,75,57
2026-06-06 18:26:16.327,75,105,120,128,54,45,81,128,135,72,75,57
2026-06-06 18:26:16.327,75,105,138,128,54,45,81,128,135,72,75,57
2026-06-06 18:26:16.327,75,105,138,128,59,50,81,124,130,72,71,39
2026-06-06 18:26:16.358,75,109,138,128,59,50,81,124,130,72,71,39
2026-06-06 18:26:16.359,75,109,151,128,59,50,81,124,130,72,71,39
2026-06-06 18:26:16.360,75,109,151,128,64,56,81,119,124,72,67,26
2026-06-06 18:26:16.392,75,114,151,128,64,56,81,119,124,72,67,26
2026-06-06 18:26:16.393,75,114,158,128,64,56,81,119,124,72,67,26
2026-06-06 18:26:16.393,75,114,158,128,68,61,81,115,119,72,62,19
2026-06-06 18:26:16.427,75,119,158,128,68,61,81,115,119,72,62,19
2026-06-06 18:26:16.428,75,119,159,128,68,61,81,115,119,72,62,19
2026-06-06 18:26:16.428,75,119,159,128,73,67,81,110,113,72,57,18
2026-06-06 18:26:16.460,75,124,159,128,73,67,81,110,113,72,57,18
2026-06-06 18:26:16.461,75,124,155,128,73,67,81,110,113,72,57,18
2026-06-06 18:26:16.461,75,124,155,128,78,72,81,105,108,72,52,22
2026-06-06 18:26:16.491,75,130,155,128,78,72,81,105,108,72,52,22
2026-06-06 18:26:16.491,75,130,146,128,78,72,81,105,108,72,52,22
2026-06-06 18:26:16.492,75,130,146,128,82,77,81,101,103,72,46,31
2026-06-06 18:26:16.525,75,131,146,128,82,77,81,101,103,72,46,31
2026-06-06 18:26:16.527,75,131,135,128,82,77,81,101,103,72,46,31
2026-06-06 18:26:16.527,75,131,135,128,84,69,81,100,111,72,45,42
2026-06-06 18:26:16.561,75,126,135,128,84,69,81,100,111,72,45,42
2026-06-06 18:26:16.561,75,126,129,128,84,69,81,100,111,72,45,42
2026-06-06 18:26:16.562,75,126,129,128,80,47,81,103,133,72,50,48
2026-06-06 18:26:16.591,75,122,129,128,80,47,81,103,133,72,50,48
2026-06-06 18:26:16.593,75,122,124,128,80,47,81,103,133,72,50,48
2026-06-06 18:26:16.593,75,122,124,128,76,32,81,107,148,72,54,53
2026-06-06 18:26:16.626,75,117,124,128,76,32,81,107,148,72,54,53
2026-06-06 18:26:16.628,75,117,118,128,76,32,81,107,148,72,54,53
2026-06-06 18:26:16.628,75,117,118,128,71,22,81,112,158,72,59,59
2026-06-06 18:26:16.660,75,112,118,128,71,22,81,112,158,72,59,59
2026-06-06 18:26:16.661,75,112,113,128,71,22,81,112,158,72,59,59
2026-06-06 18:26:16.661,75,112,113,128,67,18,81,116,162,72,64,64
2026-06-06 18:26:16.693,75,107,113,128,67,18,81,116,162,72,64,64
2026-06-06 18:26:16.694,75,107,108,128,67,18,81,116,162,72,64,64
2026-06-06 18:26:16.695,75,107,108,128,61,19,81,122,161,72,69,69
2026-06-06 18:26:16.726,75,103,108,128,61,19,81,122,161,72,69,69
2026-06-06 18:26:16.727,75,103,102,128,61,19,81,122,161,72,69,69
2026-06-06 18:26:16.727,75,103,102,128,56,27,81,127,153,72,73,75
2026-06-06 18:26:16.760,75,98,102,128,56,27,81,127,153,72,73,75
2026-06-06 18:26:16.761,75,98,97,128,56,27,81,127,153,72,73,75
2026-06-06 18:26:16.761,75,98,97,128,50,40,81,133,140,72,78,80
2026-06-06 18:26:16.792,75,101,97,128,50,40,81,133,140,72,78,80
2026-06-06 18:26:16.793,75,101,120,128,50,40,81,133,140,72,78,80
2026-06-06 18:26:16.793,75,101,120,128,54,45,81,128,135,72,75,57
2026-06-06 18:26:16.827,75,105,120,128,54,45,81,128,135,72,75,57
2026-06-06 18:26:16.827,75,105,138,128,54,45,81,128,135,72,75,57
2026-06-06 18:26:16.828,75,105,138,128,59,50,81,124,130,72,71,39
2026-06-06 18:26:16.859,75,109,138,128,59,50,81,124,130,72,71,39
2026-06-06 18:26:16.860,75,109,151,128,59,50,81,124,130,72,71,39
2026-06-06 18:26:16.861,75,109,151,128,64,56,81,119,124,72,67,26
2026-06-06 18:26:16.893,75,114,151,128,64,56,81,119,124,72,67,26
2026-06-06 18:26:16.894,75,114,158,128,64,56,81,119,124,72,67,26
2026-06-06 18:26:16.895,75,114,158,128,68,61,81,114,119,72,62,19
2026-06-06 18:26:16.926,75,119,158,128,68,61,81,114,119,72,62,19
2026-06-06 18:26:16.927,75,119,159,128,68,61,81,114,119,72,62,19
2026-06-06 18:26:16.927,75,119,159,128,73,66,81,110,114,72,57,18
2026-06-06 18:26:16.958,75,124,159,128,73,66,81,110,114,72,57,18
2026-06-06 18:26:16.958,75,124,155,128,73,66,81,110,114,72,57,18
2026-06-06 18:26:16.960,75,124,155,128,78,72,81,105,108,72,52,22
2026-06-06 18:26:16.994,75,130,155,128,78,72,81,105,108,72,52,22
2026-06-06 18:26:16.994,75,130,144,128,78,72,81,105,108,72,52,22
2026-06-06 18:26:16.995,75,130,144,128,83,77,81,100,103,72,46,32
2026-06-06 18:26:17.024,75,131,144,128,83,77,81,100,103,72,46,32
2026-06-06 18:26:17.025,75,131,135,128,83,77,81,100,103,72,46,32
2026-06-06 18:26:17.026,75,131,135,128,84,69,81,99,111,72,45,42
2026-06-06 18:26:17.062,75,126,135,128,84,69,81,99,111,72,45,42
2026-06-06 18:26:17.063,75,126,129,128,84,69,81,99,111,72,45,42
2026-06-06 18:26:17.064,75,126,129,128,80,48,81,103,132,72,50,48
2026-06-06 18:26:17.092,75,122,129,128,80,48,81,103,132,72,50,48
2026-06-06 18:26:17.092,75,122,124,128,80,48,81,103,132,72,50,48
2026-06-06 18:26:17.093,75,122,124,128,76,32,81,107,148,72,54,53
2026-06-06 18:26:17.124,75,117,124,128,76,32,81,107,148,72,54,53
2026-06-06 18:26:17.125,75,117,119,128,76,32,81,107,148,72,54,53
2026-06-06 18:26:17.126,75,117,119,128,72,22,81,112,158,72,59,58
2026-06-06 18:26:17.151,75,113,119,128,72,22,81,112,158,72,59,58
2026-06-06 18:26:17.152,75,113,114,128,72,22,81,112,158,72,59,58
2026-06-06 18:26:17.152,75,113,114,128,68,18,81,115,162,72,63,63
2026-06-06 18:26:17.177,75,110,114,128,68,18,81,115,162,72,63,63
2026-06-06 18:26:17.178,75,110,110,128,68,18,81,115,162,72,63,63
2026-06-06 18:26:17.179,75,110,110,128,64,18,81,119,162,72,66,67
2026-06-06 18:26:17.204,75,106,110,128,64,18,81,119,162,72,66,67
2026-06-06 18:26:17.204,75,106,106,128,64,18,81,119,162,72,66,67
2026-06-06 18:26:17.205,75,106,106,128,60,21,81,123,159,72,70,71
2026-06-06 18:26:17.230,75,102,106,128,60,21,81,123,159,72,70,71
2026-06-06 18:26:17.231,75,102,102,128,60,21,81,123,159,72,70,71
2026-06-06 18:26:17.231,75,102,102,128,55,28,81,128,152,72,74,75
2026-06-06 18:26:17.256,75,98,102,128,55,28,81,128,152,72,74,75
2026-06-06 18:26:17.257,75,98,98,128,55,28,81,128,152,72,74,75
2026-06-06 18:26:17.257,75,98,98,128,50,39,81,132,141,72,78,80
2026-06-06 18:26:17.283,75,100,98,128,50,39,81,132,141,72,78,80
2026-06-06 18:26:17.283,75,100,114,128,50,39,81,132,141,72,78,80
2026-06-06 18:26:17.283,75,100,114,128,53,44,81,130,136,72,76,63
2026-06-06 18:26:17.309,75,103,114,128,53,44,81,130,136,72,76,63
2026-06-06 18:26:17.309,75,103,130,128,53,44,81,130,136,72,76,63
2026-06-06 18:26:17.311,75,103,130,128,57,48,81,126,132,72,73,47
2026-06-06 18:26:17.343,75,107,130,128,57,48,81,126,132,72,73,47
2026-06-06 18:26:17.343,75,107,145,128,57,48,81,126,132,72,73,47
2026-06-06 18:26:17.344,75,107,145,128,62,53,81,122,127,72,69,32
2026-06-06 18:26:17.376,75,112,145,128,62,53,81,122,127,72,69,32
2026-06-06 18:26:17.376,75,112,155,128,62,53,81,122,127,72,69,32
2026-06-06 18:26:17.377,75,112,155,128,66,58,81,117,122,72,64,22
2026-06-06 18:26:17.402,75,116,155,128,66,58,81,117,122,72,64,22
2026-06-06 18:26:17.403,75,116,159,128,66,58,81,117,122,72,64,22
2026-06-06 18:26:17.404,75,116,159,128,70,63,81,113,117,72,60,18
2026-06-06 18:26:17.428,75,119,159,128,70,63,81,113,117,72,60,18
2026-06-06 18:26:17.429,75,119,159,128,74,67,81,109,113,72,57,18
2026-06-06 18:26:17.456,75,124,159,128,74,67,81,109,113,72,57,18
2026-06-06 18:26:17.456,75,124,155,128,74,67,81,109,113,72,57,18
2026-06-06 18:26:17.457,75,124,155,128,77,71,81,106,109,72,52,22
2026-06-06 18:26:17.481,75,128,155,128,77,71,81,106,109,72,52,22
2026-06-06 18:26:17.482,75,128,148,128,77,71,81,106,109,72,52,22
2026-06-06 18:26:17.483,75,128,148,128,81,76,81,102,104,72,48,29
2026-06-06 18:26:17.507,75,133,148,128,81,76,81,102,104,72,48,29
2026-06-06 18:26:17.509,75,133,138,128,81,76,81,102,104,72,48,29
2026-06-06 18:26:17.509,75,133,138,128,85,80,81,98,100,72,43,39
2026-06-06 18:26:17.535,75,130,138,128,85,80,81,98,100,72,43,39
2026-06-06 18:26:17.536,75,130,133,128,85,80,81,98,100,72,43,39
2026-06-06 18:26:17.536,75,130,133,128,82,62,81,101,118,72,46,44
2026-06-06 18:26:17.562,75,126,133,128,82,62,81,101,118,72,46,44
2026-06-06 18:26:17.562,75,126,129,128,82,62,81,101,118,72,46,44
2026-06-06 18:26:17.563,75,126,129,128,79,46,81,104,134,72,50,48
2026-06-06 18:26:17.589,75,122,129,128,79,46,81,104,134,72,50,48
2026-06-06 18:26:17.589,75,122,124,128,79,46,81,104,134,72,50,48
2026-06-06 18:26:17.590,75,122,124,128,76,33,81,107,147,72,54,53
2026-06-06 18:26:17.614,75,118,124,128,76,33,81,107,147,72,54,53
2026-06-06 18:26:17.615,75,118,120,128,76,33,81,107,147,72,54,53
2026-06-06 18:26:17.616,75,118,120,128,73,24,81,110,156,72,58,57
2026-06-06 18:26:17.641,75,115,120,128,73,24,81,110,156,72,58,57
2026-06-06 18:26:17.642,75,115,116,128,73,24,81,110,156,72,58,57
2026-06-06 18:26:17.643,75,115,116,128,69,19,81,114,161,72,61,61
2026-06-06 18:26:17.669,75,111,116,128,69,19,81,114,161,72,61,61
2026-06-06 18:26:17.669,75,111,112,128,69,19,81,114,161,72,61,61
2026-06-06 18:26:17.670,75,111,112,128,65,18,81,118,162,72,65,65
2026-06-06 18:26:17.699,75,106,112,128,65,18,81,118,162,72,65,65
2026-06-06 18:26:17.699,75,106,107,128,65,18,81,118,162,72,65,65
2026-06-06 18:26:17.700,75,106,107,128,60,20,81,123,160,72,70,70
2026-06-06 18:26:17.725,75,103,107,128,60,20,81,123,160,72,70,70
2026-06-06 18:26:17.725,75,103,103,128,60,20,81,123,160,72,70,70
2026-06-06 18:26:17.727,75,103,103,128,56,26,81,127,154,72,73,74
2026-06-06 18:26:17.758,75,98,103,128,56,26,81,127,154,72,73,74
2026-06-06 18:26:17.758,75,98,97,128,56,26,81,127,154,72,73,74
2026-06-06 18:26:17.759,75,98,97,128,50,39,81,133,141,72,78,80
2026-06-06 18:26:17.786,75,101,97,128,50,39,81,133,141,72,78,80
2026-06-06 18:26:17.786,75,101,116,128,50,39,81,133,141,72,78,80
2026-06-06 18:26:17.787,75,101,116,128,54,44,81,129,136,72,75,61
2026-06-06 18:26:17.811,75,104,116,128,54,44,81,129,136,72,75,61
2026-06-06 18:26:17.812,75,104,132,128,54,44,81,129,136,72,75,61
2026-06-06 18:26:17.813,75,104,132,128,57,48,81,126,132,72,72,45
2026-06-06 18:26:17.843,75,107,132,128,57,48,81,126,132,72,72,45
2026-06-06 18:26:17.843,75,107,146,128,57,48,81,126,132,72,72,45
2026-06-06 18:26:17.844,75,107,146,128,62,53,81,122,127,72,69,32
2026-06-06 18:26:17.875,75,112,146,128,62,53,81,122,127,72,69,32
2026-06-06 18:26:17.877,75,112,155,128,62,53,81,122,127,72,69,32
2026-06-06 18:26:17.877,75,112,155,128,66,58,81,117,122,72,64,22
2026-06-06 18:26:17.909,75,116,155,128,66,58,81,117,122,72,64,22
2026-06-06 18:26:17.909,75,116,159,128,66,58,81,117,122,72,64,22
2026-06-06 18:26:17.910,75,116,159,128,71,64,81,112,116,72,60,18
2026-06-06 18:26:17.935,75,120,159,128,71,64,81,112,116,72,60,18
2026-06-06 18:26:17.935,75,120,159,128,74,68,81,109,112,72,56,18
2026-06-06 18:26:17.968,75,126,159,128,74,68,81,109,112,72,56,18
2026-06-06 18:26:17.968,75,126,153,128,74,68,81,109,112,72,56,18
2026-06-06 18:26:17.968,75,126,153,128,79,73,81,104,107,72,50,24
2026-06-06 18:26:17.994,75,130,153,128,79,73,81,104,107,72,50,24
2026-06-06 18:26:17.994,75,130,144,128,79,73,81,104,107,72,50,24
2026-06-06 18:26:17.995,75,130,144,128,83,77,81,100,103,72,46,33
2026-06-06 18:26:18.026,75,131,144,128,83,77,81,100,103,72,46,33
2026-06-06 18:26:18.027,75,131,134,128,83,77,81,100,103,72,46,33
2026-06-06 18:26:18.027,75,131,134,128,83,68,81,100,112,72,45,43
2026-06-06 18:26:18.058,75,126,134,128,83,68,81,100,112,72,45,43
2026-06-06 18:26:18.059,75,126,130,128,83,68,81,100,112,72,45,43
2026-06-06 18:26:18.059,75,126,130,128,80,48,81,103,132,72,50,48
2026-06-06 18:26:18.094,75,122,130,128,80,48,81,103,132,72,50,48
2026-06-06 18:26:18.094,75,122,124,128,80,48,81,103,132,72,50,48
2026-06-06 18:26:18.095,75,122,124,128,76,32,81,107,148,72,54,53
2026-06-06 18:26:18.124,75,117,124,128,76,32,81,107,148,72,54,53
2026-06-06 18:26:18.124,75,117,119,128,76,32,81,107,148,72,54,53
2026-06-06 18:26:18.125,75,117,119,128,72,22,81,111,158,72,59,58
2026-06-06 18:26:18.152,75,113,119,128,72,22,81,111,158,72,59,58
2026-06-06 18:26:18.152,75,113,114,128,72,22,81,111,158,72,59,58
2026-06-06 18:26:18.153,75,113,114,128,68,18,81,115,162,72,63,63
2026-06-06 18:26:18.179,75,109,114,128,68,18,81,115,162,72,63,63
2026-06-06 18:26:18.180,75,109,110,128,68,18,81,115,162,72,63,63
2026-06-06 18:26:18.181,75,109,110,128,64,18,81,119,162,72,67,67
2026-06-06 18:26:18.209,75,105,110,128,64,18,81,119,162,72,67,67
2026-06-06 18:26:18.210,75,105,105,128,64,18,81,119,162,72,67,67
2026-06-06 18:26:18.210,75,105,105,128,59,22,81,124,158,72,71,72
2026-06-06 18:26:18.240,75,101,105,128,59,22,81,124,158,72,71,72
2026-06-06 18:26:18.242,75,101,100,128,59,22,81,124,158,72,71,72
2026-06-06 18:26:18.243,75,101,100,128,53,32,81,130,148,72,75,77
2026-06-06 18:26:18.276,75,100,100,128,53,32,81,130,148,72,75,77
2026-06-06 18:26:18.277,75,100,109,128,53,32,81,130,148,72,75,77
2026-06-06 18:26:18.277,75,100,109,128,52,43,81,131,137,72,76,68
2026-06-06 18:26:18.310,75,103,109,128,52,43,81,131,137,72,76,68
2026-06-06 18:26:18.310,75,103,130,128,52,43,81,131,137,72,76,68
2026-06-06 18:26:18.311,75,103,130,128,57,48,81,126,132,72,73,47
2026-06-06 18:26:18.342,75,107,130,128,57,48,81,126,132,72,73,47
2026-06-06 18:26:18.343,75,107,145,128,57,48,81,126,132,72,73,47
2026-06-06 18:26:18.344,75,107,145,128,61,53,81,122,127,72,69,32
2026-06-06 18:26:18.374,75,112,145,128,61,53,81,122,127,72,69,32
2026-06-06 18:26:18.375,75,112,155,128,61,53,81,122,127,72,69,32
2026-06-06 18:26:18.376,75,112,155,128,66,58,81,117,122,72,64,22
2026-06-06 18:26:18.409,75,116,155,128,66,58,81,117,122,72,64,22
2026-06-06 18:26:18.410,75,116,159,128,66,58,81,117,122,72,64,22
2026-06-06 18:26:18.411,75,116,159,128,71,64,81,112,116,72,60,18
2026-06-06 18:26:18.443,75,122,159,128,71,64,81,112,116,72,60,18
2026-06-06 18:26:18.444,75,122,158,128,71,64,81,112,116,72,60,18
2026-06-06 18:26:18.445,75,122,158,128,76,69,81,108,111,72,54,19
2026-06-06 18:26:18.475,75,127,158,128,76,69,81,108,111,72,54,19
2026-06-06 18:26:18.476,75,127,151,128,76,69,81,108,111,72,54,19
2026-06-06 18:26:18.476,75,127,151,128,80,74,81,103,106,72,49,26
2026-06-06 18:26:18.509,75,133,151,128,80,74,81,103,106,72,49,26
2026-06-06 18:26:18.509,75,133,138,128,80,74,81,103,106,72,49,26
2026-06-06 18:26:18.510,75,133,138,128,85,80,81,98,100,72,43,39
2026-06-06 18:26:18.542,75,129,138,128,85,80,81,98,100,72,43,39
2026-06-06 18:26:18.543,75,129,132,128,85,80,81,98,100,72,43,39
2026-06-06 18:26:18.544,75,129,132,128,82,58,81,101,122,72,47,45
2026-06-06 18:26:18.575,75,124,132,128,82,58,81,101,122,72,47,45
2026-06-06 18:26:18.576,75,124,127,128,82,58,81,101,122,72,47,45
2026-06-06 18:26:18.576,75,124,127,128,78,39,81,105,141,72,52,50
2026-06-06 18:26:18.608,75,120,127,128,78,39,81,105,141,72,52,50
2026-06-06 18:26:18.608,75,120,122,128,78,39,81,105,141,72,52,50
2026-06-06 18:26:18.609,75,120,122,128,74,27,81,109,153,72,56,56
2026-06-06 18:26:18.643,75,114,122,128,74,27,81,109,153,72,56,56
2026-06-06 18:26:18.643,75,114,116,128,74,27,81,109,153,72,56,56
2026-06-06 18:26:18.644,75,114,116,128,69,19,81,114,161,72,62,61
2026-06-06 18:26:18.676,75,110,116,128,69,19,81,114,161,72,62,61
2026-06-06 18:26:18.676,75,110,111,128,69,19,81,114,161,72,62,61
2026-06-06 18:26:18.677,75,110,111,128,64,18,81,119,162,72,66,66
2026-06-06 18:26:18.710,75,105,111,128,64,18,81,119,162,72,66,66
2026-06-06 18:26:18.710,75,105,105,128,64,18,81,119,162,72,66,66
2026-06-06 18:26:18.710,75,105,105,128,59,22,81,124,158,72,71,72
2026-06-06 18:26:18.743,75,101,105,128,59,22,81,124,158,72,71,72
2026-06-06 18:26:18.743,75,101,100,128,59,22,81,124,158,72,71,72
2026-06-06 18:26:18.744,75,101,100,128,53,32,81,130,148,72,75,77
2026-06-06 18:26:18.776,75,100,100,128,53,32,81,130,148,72,75,77
2026-06-06 18:26:18.777,75,100,109,128,53,32,81,130,148,72,75,77
2026-06-06 18:26:18.778,75,100,109,128,52,42,81,131,138,72,76,68
2026-06-06 18:26:18.810,75,103,109,128,52,42,81,131,138,72,76,68
2026-06-06 18:26:18.810,75,103,130,128,52,42,81,131,138,72,76,68
2026-06-06 18:26:18.810,75,103,130,128,57,48,81,126,132,72,73,47
2026-06-06 18:26:18.842,75,107,130,128,57,48,81,126,132,72,73,47
2026-06-06 18:26:18.843,75,107,145,128,57,48,81,126,132,72,73,47
2026-06-06 18:26:18.844,75,107,145,128,62,53,81,122,127,72,69,32
2026-06-06 18:26:18.876,75,112,145,128,62,53,81,122,127,72,69,32
2026-06-06 18:26:18.877,75,112,155,128,62,53,81,122,127,72,69,32
2026-06-06 18:26:18.877,75,112,155,128,66,58,81,117,122,72,64,22
2026-06-06 18:26:18.910,75,116,155,128,66,58,81,117,122,72,64,22
2026-06-06 18:26:18.911,75,116,159,128,66,58,81,117,122,72,64,22
2026-06-06 18:26:18.911,75,116,159,128,71,64,81,112,116,72,60,18
2026-06-06 18:26:18.943,75,122,159,128,71,64,81,112,116,72,60,18
2026-06-06 18:26:18.944,75,122,158,128,71,64,81,112,116,72,60,18
2026-06-06 18:26:18.944,75,122,158,128,76,69,81,108,111,72,54,19
2026-06-06 18:26:18.976,75,127,158,128,76,69,81,108,111,72,54,19
2026-06-06 18:26:18.976,75,127,151,128,76,69,81,108,111,72,54,19
2026-06-06 18:26:18.977,75,127,151,128,80,74,81,103,106,72,49,26
2026-06-06 18:26:19.010,75,133,151,128,80,74,81,103,106,72,49,26
2026-06-06 18:26:19.010,75,133,137,128,80,74,81,103,106,72,49,26
2026-06-06 18:26:19.011,75,133,137,128,85,80,81,98,100,72,43,40
2026-06-06 18:26:19.043,75,128,137,128,85,80,81,98,100,72,43,40
2026-06-06 18:26:19.043,75,128,132,128,85,80,81,98,100,72,43,40
2026-06-06 18:26:19.045,75,128,132,128,82,57,81,101,123,72,48,45
2026-06-06 18:26:19.077,75,124,132,128,82,57,81,101,123,72,48,45
2026-06-06 18:26:19.078,75,124,126,128,82,57,81,101,123,72,48,45
2026-06-06 18:26:19.079,75,124,126,128,78,38,81,105,142,72,52,51
2026-06-06 18:26:19.109,75,119,126,128,78,38,81,105,142,72,52,51
2026-06-06 18:26:19.110,75,119,121,128,78,38,81,105,142,72,52,51
2026-06-06 18:26:19.110,75,119,121,128,74,26,81,109,154,72,57,56
2026-06-06 18:26:19.143,75,115,121,128,74,26,81,109,154,72,57,56
2026-06-06 18:26:19.144,75,115,116,128,74,26,81,109,154,72,57,56
2026-06-06 18:26:19.144,75,115,116,128,69,19,81,114,161,72,61,61
2026-06-06 18:26:19.176,75,110,116,128,69,19,81,114,161,72,61,61
2026-06-06 18:26:19.177,75,110,110,128,69,19,81,114,161,72,61,61
2026-06-06 18:26:19.177,75,110,110,128,64,18,81,119,162,72,66,66
2026-06-06 18:26:19.211,75,105,110,128,64,18,81,119,162,72,66,66
2026-06-06 18:26:19.211,75,105,105,128,64,18,81,119,162,72,66,66
2026-06-06 18:26:19.211,75,105,105,128,59,22,81,124,158,72,71,72
2026-06-06 18:26:19.242,75,101,105,128,59,22,81,124,158,72,71,72
2026-06-06 18:26:19.243,75,101,100,128,59,22,81,124,158,72,71,72
2026-06-06 18:26:19.244,75,101,100,128,53,32,81,130,148,72,75,77
2026-06-06 18:26:19.275,75,100,100,128,53,32,81,130,148,72,75,77
2026-06-06 18:26:19.276,75,100,108,128,53,32,81,130,148,72,75,77
2026-06-06 18:26:19.277,75,100,108,128,52,42,81,131,138,72,76,69
2026-06-06 18:26:19.309,75,103,108,128,52,42,81,131,138,72,76,69
2026-06-06 18:26:19.309,75,103,129,128,52,42,81,131,138,72,76,69
2026-06-06 18:26:19.310,75,103,129,128,57,48,81,126,132,72,73,48
2026-06-06 18:26:19.343,75,107,129,128,57,48,81,126,132,72,73,48
2026-06-06 18:26:19.344,75,107,146,128,57,48,81,126,132,72,73,48
2026-06-06 18:26:19.344,75,107,146,128,62,53,81,121,127,72,69,31
2026-06-06 18:26:19.375,75,112,146,128,62,53,81,121,127,72,69,31
2026-06-06 18:26:19.377,75,112,155,128,62,53,81,121,127,72,69,31
2026-06-06 18:26:19.377,75,112,155,128,66,58,81,117,122,72,64,22
2026-06-06 18:26:19.409,75,116,155,128,66,58,81,117,122,72,64,22
2026-06-06 18:26:19.410,75,116,159,128,66,58,81,117,122,72,64,22
2026-06-06 18:26:19.411,75,116,159,128,71,64,81,112,116,72,60,18
2026-06-06 18:26:19.443,75,122,159,128,71,64,81,112,116,72,60,18
2026-06-06 18:26:19.444,75,122,158,128,71,64,81,112,116,72,60,18
2026-06-06 18:26:19.444,75,122,158,128,76,69,81,108,111,72,54,19
2026-06-06 18:26:19.476,75,127,158,128,76,69,81,108,111,72,54,19
2026-06-06 18:26:19.476,75,127,150,128,76,69,81,108,111,72,54,19
2026-06-06 18:26:19.477,75,127,150,128,80,74,81,103,106,72,49,27
2026-06-06 18:26:19.509,75,133,150,128,80,74,81,103,106,72,49,27
2026-06-06 18:26:19.509,75,133,138,128,80,74,81,103,106,72,49,27
2026-06-06 18:26:19.510,75,133,138,128,85,80,81,98,100,72,43,39
2026-06-06 18:26:19.543,75,128,138,128,85,80,81,98,100,72,43,39
2026-06-06 18:26:19.544,75,128,132,128,85,80,81,98,100,72,43,39
2026-06-06 18:26:19.545,75,128,132,128,82,57,81,101,123,72,48,45
2026-06-06 18:26:19.577,75,124,132,128,82,57,81,101,123,72,48,45
2026-06-06 18:26:19.578,75,124,126,128,82,57,81,101,123,72,48,45
2026-06-06 18:26:19.578,75,124,126,128,78,38,81,105,142,72,52,51
2026-06-06 18:26:19.610,75,119,126,128,78,38,81,105,142,72,52,51
2026-06-06 18:26:19.610,75,119,121,128,78,38,81,105,142,72,52,51
2026-06-06 18:26:19.611,75,119,121,128,74,26,81,109,154,72,57,56
2026-06-06 18:26:19.644,75,114,121,128,74,26,81,109,154,72,57,56
2026-06-06 18:26:19.645,75,114,116,128,74,26,81,109,154,72,57,56
2026-06-06 18:26:19.645,75,114,116,128,69,19,81,114,161,72,62,61
2026-06-06 18:26:19.676,75,110,116,128,69,19,81,114,161,72,62,61
2026-06-06 18:26:19.677,75,110,111,128,69,19,81,114,161,72,62,61
2026-06-06 18:26:19.677,75,110,111,128,64,18,81,119,162,72,66,66
2026-06-06 18:26:19.709,75,105,111,128,64,18,81,119,162,72,66,66
2026-06-06 18:26:19.709,75,105,105,128,64,18,81,119,162,72,66,66
2026-06-06 18:26:19.709,75,105,105,128,59,22,81,124,158,72,71,72
2026-06-06 18:26:19.744,75,100,105,128,59,22,81,124,158,72,71,72
2026-06-06 18:26:19.744,75,100,100,128,59,22,81,124,158,72,71,72
2026-06-06 18:26:19.745,75,100,100,128,53,32,81,130,148,72,76,77
2026-06-06 18:26:19.776,75,100,108,128,53,32,81,130,148,72,76,77
2026-06-06 18:26:19.777,75,100,108,128,52,42,81,131,138,72,76,68
2026-06-06 18:26:19.810,75,103,108,128,52,42,81,131,138,72,76,68
2026-06-06 18:26:19.811,75,103,129,128,52,42,81,131,138,72,76,68
2026-06-06 18:26:19.811,75,103,129,128,57,48,81,126,132,72,73,48
2026-06-06 18:26:19.841,75,107,129,128,57,48,81,126,132,72,73,48
2026-06-06 18:26:19.841,75,107,145,128,57,48,81,126,132,72,73,48
2026-06-06 18:26:19.842,75,107,145,128,61,53,81,122,127,72,69,32
2026-06-06 18:26:19.876,75,112,145,128,61,53,81,122,127,72,69,32
2026-06-06 18:26:19.876,75,112,155,128,61,53,81,122,127,72,69,32
2026-06-06 18:26:19.877,75,112,155,128,66,58,81,117,122,72,64,22
2026-06-06 18:26:19.909,75,116,155,128,66,58,81,117,122,72,64,22
2026-06-06 18:26:19.910,75,116,159,128,66,58,81,117,122,72,64,22
2026-06-06 18:26:19.910,75,116,159,128,71,64,81,112,116,72,60,18
2026-06-06 18:26:19.942,75,121,159,128,71,64,81,112,116,72,60,18
2026-06-06 18:26:19.942,75,121,158,128,71,64,81,112,116,72,60,18
2026-06-06 18:26:19.943,75,121,158,128,75,69,81,108,111,72,55,19
2026-06-06 18:26:19.977,75,127,158,128,75,69,81,108,111,72,55,19
2026-06-06 18:26:19.977,75,127,150,128,75,69,81,108,111,72,55,19
2026-06-06 18:26:19.978,75,127,150,128,80,74,81,103,106,72,49,26
2026-06-06 18:26:20.009,75,133,150,128,80,74,81,103,106,72,49,26
2026-06-06 18:26:20.009,75,133,138,128,80,74,81,103,106,72,49,26
2026-06-06 18:26:20.010,75,133,138,128,85,80,81,98,100,72,43,39
2026-06-06 18:26:20.042,75,129,138,128,85,80,81,98,100,72,43,39
2026-06-06 18:26:20.042,75,129,132,128,85,80,81,98,100,72,43,39
2026-06-06 18:26:20.043,75,129,132,128,82,58,81,101,122,72,47,45
2026-06-06 18:26:20.074,75,124,132,128,82,58,81,101,122,72,47,45
2026-06-06 18:26:20.075,75,124,127,128,82,58,81,101,122,72,47,45
2026-06-06 18:26:20.075,75,124,127,128,78,40,81,105,140,72,52,50
2026-06-06 18:26:20.104,75,120,127,128,78,40,81,105,140,72,52,50
2026-06-06 18:26:20.105,75,120,122,128,78,40,81,105,140,72,52,50
2026-06-06 18:26:20.105,75,120,122,128,74,28,81,109,152,72,56,55
2026-06-06 18:26:20.135,75,116,122,128,74,28,81,109,152,72,56,55
2026-06-06 18:26:20.136,75,116,117,128,74,28,81,109,152,72,56,55
2026-06-06 18:26:20.136,75,116,117,128,70,20,81,113,160,72,60,60
2026-06-06 18:26:20.174,75,110,117,128,70,20,81,113,160,72,60,60
2026-06-06 18:26:20.175,75,110,111,128,70,20,81,113,160,72,60,60
2026-06-06 18:26:20.175,75,110,111,128,64,18,81,119,162,72,66,66
2026-06-06 18:26:20.209,75,105,111,128,64,18,81,119,162,72,66,66
2026-06-06 18:26:20.209,75,105,105,128,64,18,81,119,162,72,66,66
2026-06-06 18:26:20.210,75,105,105,128,59,22,81,124,158,72,71,72
2026-06-06 18:26:20.241,75,101,105,128,59,22,81,124,158,72,71,72
2026-06-06 18:26:20.241,75,101,100,128,59,22,81,124,158,72,71,72
2026-06-06 18:26:20.242,75,101,100,128,54,31,81,129,149,72,75,77
2026-06-06 18:26:20.274,75,100,100,128,54,31,81,129,149,72,75,77
2026-06-06 18:26:20.275,75,100,108,128,54,31,81,129,149,72,75,77
2026-06-06 18:26:20.277,75,100,108,128,52,42,81,131,138,72,76,69
2026-06-06 18:26:20.309,75,103,108,128,52,42,81,131,138,72,76,69
2026-06-06 18:26:20.311,75,103,129,128,52,42,81,131,138,72,76,69
2026-06-06 18:26:20.311,75,103,129,128,57,48,81,126,132,72,73,48
2026-06-06 18:26:20.341,75,107,129,128,57,48,81,126,132,72,73,48
2026-06-06 18:26:20.342,75,107,145,128,57,48,81,126,132,72,73,48
2026-06-06 18:26:20.342,75,107,145,128,61,53,81,122,127,72,69,32
2026-06-06 18:26:20.373,75,111,145,128,61,53,81,122,127,72,69,32
2026-06-06 18:26:20.374,75,111,154,128,61,53,81,122,127,72,69,32
2026-06-06 18:26:20.374,75,111,154,128,66,58,81,117,122,72,65,23
2026-06-06 18:26:20.407,75,116,154,128,66,58,81,117,122,72,65,23
2026-06-06 18:26:20.407,75,116,159,128,66,58,81,117,122,72,65,23
2026-06-06 18:26:20.407,75,116,159,128,70,63,81,112,117,72,60,18
2026-06-06 18:26:20.438,75,121,159,128,70,63,81,112,117,72,60,18
2026-06-06 18:26:20.439,75,121,158,128,70,63,81,112,117,72,60,18
2026-06-06 18:26:20.440,75,121,158,128,75,68,81,108,112,72,55,19
2026-06-06 18:26:20.469,75,126,158,128,75,68,81,108,112,72,55,19
2026-06-06 18:26:20.469,75,126,152,128,75,68,81,108,112,72,55,19
2026-06-06 18:26:20.469,75,126,152,128,79,73,81,104,107,72,50,24
2026-06-06 18:26:20.510,75,133,152,128,79,73,81,104,107,72,50,24
2026-06-06 18:26:20.511,75,133,138,128,79,73,81,104,107,72,50,24
2026-06-06 18:26:20.512,75,133,138,128,85,80,81,98,100,72,43,39
2026-06-06 18:26:20.542,75,128,138,128,85,80,81,98,100,72,43,39
2026-06-06 18:26:20.543,75,128,132,128,85,80,81,98,100,72,43,39
2026-06-06 18:26:20.545,75,128,132,128,82,57,81,101,123,72,48,45
2026-06-06 18:26:20.574,75,124,132,128,82,57,81,101,123,72,48,45
2026-06-06 18:26:20.575,75,124,127,128,82,57,81,101,123,72,48,45
2026-06-06 18:26:20.576,75,124,127,128,78,40,81,105,140,72,52,50
2026-06-06 18:26:20.609,75,119,127,128,78,40,81,105,140,72,52,50
2026-06-06 18:26:20.610,75,119,121,128,78,40,81,105,140,72,52,50
2026-06-06 18:26:20.610,75,119,121,128,74,26,81,109,154,72,57,56
2026-06-06 18:26:20.641,75,115,121,128,74,26,81,109,154,72,57,56
2026-06-06 18:26:20.641,75,115,116,128,74,26,81,109,154,72,57,56
2026-06-06 18:26:20.642,75,115,116,128,69,19,81,114,161,72,61,61
2026-06-06 18:26:20.677,75,110,116,128,69,19,81,114,161,72,61,61
2026-06-06 18:26:20.678,75,110,110,128,69,19,81,114,161,72,61,61
2026-06-06 18:26:20.678,75,110,110,128,64,18,81,119,162,72,66,66
2026-06-06 18:26:20.710,75,105,110,128,64,18,81,119,162,72,66,66
2026-06-06 18:26:20.710,75,105,105,128,64,18,81,119,162,72,66,66
2026-06-06 18:26:20.711,75,105,105,128,59,22,81,124,158,72,71,72
2026-06-06 18:26:20.743,75,100,105,128,59,22,81,124,158,72,71,72
2026-06-06 18:26:20.744,75,100,100,128,59,22,81,124,158,72,71,72
2026-06-06 18:26:20.744,75,100,100,128,53,32,81,130,148,72,76,77
2026-06-06 18:26:20.776,75,100,109,128,53,32,81,130,148,72,76,77
2026-06-06 18:26:20.778,75,100,109,128,52,43,81,131,137,72,76,68
2026-06-06 18:26:20.810,75,103,109,128,52,43,81,131,137,72,76,68
2026-06-06 18:26:20.811,75,103,130,128,52,43,81,131,137,72,76,68
2026-06-06 18:26:20.812,75,103,130,128,57,48,81,126,132,72,73,47
2026-06-06 18:26:20.842,75,107,130,128,57,48,81,126,132,72,73,47
2026-06-06 18:26:20.843,75,107,145,128,57,48,81,126,132,72,73,47
2026-06-06 18:26:20.844,75,107,145,128,62,53,81,122,127,72,69,32
2026-06-06 18:26:20.876,75,112,145,128,62,53,81,122,127,72,69,32
2026-06-06 18:26:20.876,75,112,155,128,62,53,81,122,127,72,69,32
2026-06-06 18:26:20.877,75,112,155,128,66,58,81,117,122,72,64,22
2026-06-06 18:26:20.909,75,116,155,128,66,58,81,117,122,72,64,22
2026-06-06 18:26:20.910,75,116,159,128,66,58,81,117,122,72,64,22
2026-06-06 18:26:20.911,75,116,159,128,71,64,81,112,116,72,60,18
2026-06-06 18:26:20.943,75,122,159,128,71,64,81,112,116,72,60,18
2026-06-06 18:26:20.944,75,122,158,128,71,64,81,112,116,72,60,18
2026-06-06 18:26:20.945,75,122,158,128,76,69,81,107,111,72,54,19
2026-06-06 18:26:20.976,75,127,158,128,76,69,81,107,111,72,54,19
2026-06-06 18:26:20.976,75,127,151,128,76,69,81,107,111,72,54,19
2026-06-06 18:26:20.977,75,127,151,128,80,74,81,103,106,72,49,26
2026-06-06 18:26:21.010,75,133,151,128,80,74,81,103,106,72,49,26
2026-06-06 18:26:21.011,75,133,137,128,80,74,81,103,106,72,49,26
2026-06-06 18:26:21.011,75,133,137,128,85,80,81,98,100,72,43,40
2026-06-06 18:26:21.043,75,129,137,128,85,80,81,98,100,72,43,40
2026-06-06 18:26:21.043,75,129,132,128,85,80,81,98,100,72,43,40
2026-06-06 18:26:21.044,75,129,132,128,82,57,81,101,123,72,47,45
2026-06-06 18:26:21.076,75,124,132,128,82,57,81,101,123,72,47,45
2026-06-06 18:26:21.077,75,124,127,128,82,57,81,101,123,72,47,45
2026-06-06 18:26:21.077,75,124,127,128,78,39,81,105,141,72,52,50
2026-06-06 18:26:21.110,75,119,127,128,78,39,81,105,141,72,52,50
2026-06-06 18:26:21.111,75,119,121,128,78,39,81,105,141,72,52,50
2026-06-06 18:26:21.111,75,119,121,128,74,26,81,110,154,72,57,56
2026-06-06 18:26:21.142,75,114,121,128,74,26,81,110,154,72,57,56
2026-06-06 18:26:21.143,75,114,116,128,74,26,81,110,154,72,57,56
2026-06-06 18:26:21.144,75,114,116,128,69,19,81,114,161,72,62,61
2026-06-06 18:26:21.174,75,110,116,128,69,19,81,114,161,72,62,61
2026-06-06 18:26:21.175,75,110,111,128,69,19,81,114,161,72,62,61
2026-06-06 18:26:21.176,75,110,111,128,64,18,81,119,162,72,66,66
2026-06-06 18:26:21.210,75,105,111,128,64,18,81,119,162,72,66,66
2026-06-06 18:26:21.210,75,105,105,128,64,18,81,119,162,72,66,66
2026-06-06 18:26:21.211,75,105,105,128,59,22,81,124,158,72,71,72
2026-06-06 18:26:21.243,75,101,105,128,59,22,81,124,158,72,71,72
2026-06-06 18:26:21.244,75,101,100,128,59,22,81,124,158,72,71,72
2026-06-06 18:26:21.244,75,101,100,128,53,32,81,130,148,72,75,77
2026-06-06 18:26:21.275,75,100,100,128,53,32,81,130,148,72,75,77
2026-06-06 18:26:21.275,75,100,108,128,53,32,81,130,148,72,75,77
2026-06-06 18:26:21.276,75,100,108,128,52,42,81,131,138,72,76,69
2026-06-06 18:26:21.302,75,103,108,128,52,42,81,131,138,72,76,69
2026-06-06 18:26:21.303,75,103,127,128,52,42,81,131,138,72,76,69
2026-06-06 18:26:21.304,75,103,127,128,56,47,81,127,133,72,73,50
2026-06-06 18:26:21.329,75,106,127,128,56,47,81,127,133,72,73,50
2026-06-06 18:26:21.330,75,106,140,128,56,47,81,127,133,72,73,50
2026-06-06 18:26:21.330,75,106,140,128,60,51,81,123,129,72,70,37
2026-06-06 18:26:21.355,75,109,140,128,60,51,81,123,129,72,70,37
2026-06-06 18:26:21.356,75,109,150,128,60,51,81,123,129,72,70,37
2026-06-06 18:26:21.356,75,109,150,128,63,55,81,120,125,72,67,27
2026-06-06 18:26:21.390,75,114,150,128,63,55,81,120,125,72,67,27
2026-06-06 18:26:21.391,75,114,158,128,63,55,81,120,125,72,67,27
2026-06-06 18:26:21.392,75,114,158,128,68,61,81,115,119,72,62,19
2026-06-06 18:26:21.416,75,118,158,128,68,61,81,115,119,72,62,19
2026-06-06 18:26:21.418,75,118,160,128,68,61,81,115,119,72,62,19
2026-06-06 18:26:21.418,75,118,160,128,72,65,81,111,115,72,58,18
2026-06-06 18:26:21.453,75,123,160,128,72,65,81,111,115,72,58,18
2026-06-06 18:26:21.453,75,123,156,128,72,65,81,111,115,72,58,18
2026-06-06 18:26:21.454,75,123,156,128,77,71,81,106,109,72,53,21
2026-06-06 18:26:21.481,75,128,156,128,77,71,81,106,109,72,53,21
2026-06-06 18:26:21.481,75,128,149,128,77,71,81,106,109,72,53,21
2026-06-06 18:26:21.482,75,128,149,128,81,75,81,102,105,72,48,28
2026-06-06 18:26:21.509,75,133,149,128,81,75,81,102,105,72,48,28
2026-06-06 18:26:21.509,75,133,138,128,81,75,81,102,105,72,48,28
2026-06-06 18:26:21.510,75,133,138,128,85,80,81,98,100,72,43,39
2026-06-06 18:26:21.534,75,130,138,128,85,80,81,98,100,72,43,39
2026-06-06 18:26:21.535,75,130,133,128,85,80,81,98,100,72,43,39
2026-06-06 18:26:21.536,75,130,133,128,82,62,81,101,118,72,46,44
2026-06-06 18:26:21.563,75,126,133,128,82,62,81,101,118,72,46,44
2026-06-06 18:26:21.563,75,126,128,128,82,62,81,101,118,72,46,44
2026-06-06 18:26:21.564,75,126,128,128,79,45,81,104,135,72,50,48
2026-06-06 18:26:21.589,75,122,128,128,79,45,81,104,135,72,50,48
2026-06-06 18:26:21.590,75,122,124,128,79,45,81,104,135,72,50,48
2026-06-06 18:26:21.591,75,122,124,128,76,33,81,107,147,72,54,53
2026-06-06 18:26:21.616,75,118,124,128,76,33,81,107,147,72,54,53
2026-06-06 18:26:21.616,75,118,120,128,76,33,81,107,147,72,54,53
2026-06-06 18:26:21.616,75,118,120,128,73,24,81,110,156,72,58,57
2026-06-06 18:26:21.643,75,114,120,128,73,24,81,110,156,72,58,57
2026-06-06 18:26:21.643,75,114,116,128,73,24,81,110,156,72,58,57
2026-06-06 18:26:21.644,75,114,116,128,69,19,81,114,161,72,62,61
2026-06-06 18:26:21.669,75,111,116,128,69,19,81,114,161,72,62,61
2026-06-06 18:26:21.669,75,111,112,128,69,19,81,114,161,72,62,61
2026-06-06 18:26:21.670,75,111,112,128,65,18,81,118,162,72,65,65
2026-06-06 18:26:21.698,75,107,112,128,65,18,81,118,162,72,65,65
2026-06-06 18:26:21.699,75,107,107,128,65,18,81,118,162,72,65,65
2026-06-06 18:26:21.700,75,107,107,128,60,20,81,122,160,72,69,70
2026-06-06 18:26:21.726,75,103,107,128,60,20,81,122,160,72,69,70
2026-06-06 18:26:21.726,75,103,102,128,60,20,81,122,160,72,69,70
2026-06-06 18:26:21.727,75,103,102,128,56,27,81,127,153,72,73,75
2026-06-06 18:26:21.757,75,98,102,128,56,27,81,127,153,72,73,75
2026-06-06 18:26:21.758,75,98,98,128,56,27,81,127,153,72,73,75
2026-06-06 18:26:21.759,75,98,98,128,51,38,81,132,142,72,78,79
2026-06-06 18:26:21.783,75,100,98,128,51,38,81,132,142,72,78,79
2026-06-06 18:26:21.784,75,100,114,128,51,38,81,132,142,72,78,79
2026-06-06 18:26:21.785,75,100,114,128,53,44,81,130,136,72,76,63
2026-06-06 18:26:21.810,75,103,114,128,53,44,81,130,136,72,76,63
2026-06-06 18:26:21.811,75,103,131,128,53,44,81,130,136,72,76,63
2026-06-06 18:26:21.811,75,103,131,128,57,48,81,126,132,72,73,46
2026-06-06 18:26:21.841,75,107,131,128,57,48,81,126,132,72,73,46
2026-06-06 18:26:21.841,75,107,145,128,57,48,81,126,132,72,73,46
2026-06-06 18:26:21.842,75,107,145,128,61,53,81,122,127,72,69,32
2026-06-06 18:26:21.874,75,112,145,128,61,53,81,122,127,72,69,32
2026-06-06 18:26:21.875,75,112,155,128,61,53,81,122,127,72,69,32
2026-06-06 18:26:21.876,75,112,155,128,66,58,81,117,122,72,64,22
2026-06-06 18:26:21.908,75,116,155,128,66,58,81,117,122,72,64,22
2026-06-06 18:26:21.909,75,116,159,128,66,58,81,117,122,72,64,22
2026-06-06 18:26:21.909,75,116,159,128,71,64,81,112,116,72,60,18
2026-06-06 18:26:21.944,75,122,159,128,71,64,81,112,116,72,60,18
2026-06-06 18:26:21.945,75,122,158,128,71,64,81,112,116,72,60,18
2026-06-06 18:26:21.945,75,122,158,128,76,69,81,107,111,72,54,19
2026-06-06 18:26:21.974,75,127,158,128,76,69,81,107,111,72,54,19
2026-06-06 18:26:21.974,75,127,151,128,76,69,81,107,111,72,54,19
2026-06-06 18:26:21.976,75,127,151,128,80,74,81,103,106,72,49,26
2026-06-06 18:26:22.010,75,133,151,128,80,74,81,103,106,72,49,26
2026-06-06 18:26:22.010,75,133,138,128,80,74,81,103,106,72,49,26
2026-06-06 18:26:22.011,75,133,138,128,85,80,81,98,100,72,43,40
2026-06-06 18:26:22.042,75,129,138,128,85,80,81,98,100,72,43,40
2026-06-06 18:26:22.043,75,129,132,128,85,80,81,98,100,72,43,40
2026-06-06 18:26:22.044,75,129,132,128,82,58,81,101,122,72,47,45
2026-06-06 18:26:22.076,75,124,132,128,82,58,81,101,122,72,47,45
2026-06-06 18:26:22.077,75,124,127,128,82,58,81,101,122,72,47,45
2026-06-06 18:26:22.078,75,124,127,128,78,39,81,105,141,72,52,50
2026-06-06 18:26:22.109,75,119,127,128,78,39,81,105,141,72,52,50
2026-06-06 18:26:22.109,75,119,121,128,78,39,81,105,141,72,52,50
2026-06-06 18:26:22.109,75,119,121,128,74,26,81,109,154,72,57,56
2026-06-06 18:26:22.144,75,114,121,128,74,26,81,109,154,72,57,56
2026-06-06 18:26:22.144,75,114,116,128,74,26,81,109,154,72,57,56
2026-06-06 18:26:22.144,75,114,116,128,69,19,81,114,161,72,62,61
2026-06-06 18:26:22.177,75,110,116,128,69,19,81,114,161,72,62,61
2026-06-06 18:26:22.178,75,110,110,128,69,19,81,114,161,72,62,61
2026-06-06 18:26:22.178,75,110,110,128,64,18,81,119,162,72,66,66
2026-06-06 18:26:22.209,75,105,110,128,64,18,81,119,162,72,66,66
2026-06-06 18:26:22.210,75,105,105,128,64,18,81,119,162,72,66,66
2026-06-06 18:26:22.210,75,105,105,128,59,22,81,124,158,72,71,72
2026-06-06 18:26:22.242,75,101,105,128,59,22,81,124,158,72,71,72
2026-06-06 18:26:22.243,75,101,100,128,59,22,81,124,158,72,71,72
2026-06-06 18:26:22.244,75,101,100,128,53,32,81,130,148,72,75,77
2026-06-06 18:26:22.274,75,99,100,128,53,32,81,130,148,72,75,77
2026-06-06 18:26:22.275,75,99,107,128,53,32,81,130,148,72,75,77
2026-06-06 18:26:22.275,75,99,107,128,52,42,81,131,138,72,77,70
2026-06-06 18:26:22.311,75,103,107,128,52,42,81,131,138,72,77,70
2026-06-06 18:26:22.312,75,103,130,128,52,42,81,131,138,72,77,70
2026-06-06 18:26:22.312,75,103,130,128,57,48,81,126,132,72,73,47
2026-06-06 18:26:22.339,75,107,130,128,57,48,81,126,132,72,73,47
2026-06-06 18:26:22.339,75,107,144,128,57,48,81,126,132,72,73,47
2026-06-06 18:26:22.340,75,107,144,128,61,52,81,122,128,72,69,33
2026-06-06 18:26:22.365,75,110,144,128,61,52,81,122,128,72,69,33
2026-06-06 18:26:22.365,75,110,153,128,61,52,81,122,128,72,69,33
2026-06-06 18:26:22.366,75,110,153,128,65,57,81,118,123,72,66,24
2026-06-06 18:26:22.392,75,114,153,128,65,57,81,118,123,72,66,24
2026-06-06 18:26:22.392,75,114,158,128,65,57,81,118,123,72,66,24
2026-06-06 18:26:22.393,75,114,158,128,68,61,81,115,119,72,62,19
2026-06-06 18:26:22.419,75,118,158,128,68,61,81,115,119,72,62,19
2026-06-06 18:26:22.419,75,118,160,128,68,61,81,115,119,72,62,19
2026-06-06 18:26:22.420,75,118,160,128,72,66,81,111,114,72,58,18
2026-06-06 18:26:22.449,75,122,160,128,72,66,81,111,114,72,58,18
2026-06-06 18:26:22.449,75,122,157,128,72,66,81,111,114,72,58,18
2026-06-06 18:26:22.450,75,122,157,128,76,70,81,107,110,72,54,20
2026-06-06 18:26:22.482,75,128,157,128,76,70,81,107,110,72,54,20
2026-06-06 18:26:22.482,75,128,149,128,76,70,81,107,110,72,54,20
2026-06-06 18:26:22.482,75,128,149,128,81,76,81,102,104,72,48,28
2026-06-06 18:26:22.520,75,132,149,128,81,76,81,102,104,72,48,28
2026-06-06 18:26:22.520,75,132,136,128,81,76,81,102,104,72,48,28
2026-06-06 18:26:22.520,75,132,136,128,84,72,81,99,108,72,44,42
2026-06-06 18:26:22.562,75,126,136,128,84,72,81,99,108,72,44,42
2026-06-06 18:26:22.562,75,126,129,128,84,72,81,99,108,72,44,42
2026-06-06 18:26:22.562,75,126,129,128,79,46,81,104,134,72,50,48
2026-06-06 18:26:22.608,75,119,129,128,79,46,81,104,134,72,50,48
2026-06-06 18:26:22.609,75,119,121,128,79,46,81,104,134,72,50,48
2026-06-06 18:26:22.609,75,119,121,128,74,26,81,109,154,72,57,56
2026-06-06 18:26:22.657,75,112,121,128,74,26,81,109,154,72,57,56
2026-06-06 18:26:22.659,75,112,113,128,74,26,81,109,154,72,57,56
2026-06-06 18:26:22.660,75,112,113,128,67,18,81,116,162,72,64,64
2026-06-06 18:26:22.713,75,104,113,128,67,18,81,116,162,72,64,64
2026-06-06 18:26:22.715,75,104,104,128,67,18,81,116,162,72,64,64
2026-06-06 18:26:22.715,75,104,104,128,58,23,81,125,157,72,72,73
2026-06-06 18:26:22.776,75,100,104,128,58,23,81,125,157,72,72,73
2026-06-06 18:26:22.777,75,100,109,128,58,23,81,125,157,72,72,73
2026-06-06 18:26:22.777,75,100,109,128,52,42,81,131,138,72,76,68
2026-06-06 18:26:22.843,75,107,109,128,52,42,81,131,138,72,76,68
2026-06-06 18:26:22.844,75,107,145,128,52,42,81,131,138,72,76,68
2026-06-06 18:26:22.845,75,107,145,128,61,53,81,122,127,72,69,32
2026-06-06 18:26:22.910,75,116,145,128,61,53,81,122,127,72,69,32
2026-06-06 18:26:22.910,75,116,159,128,61,53,81,122,127,72,69,32
2026-06-06 18:26:22.910,75,116,159,128,71,64,81,112,116,72,60,18
2026-06-06 18:26:22.976,75,127,159,128,71,64,81,112,116,72,60,18
2026-06-06 18:26:22.976,75,127,151,128,71,64,81,112,116,72,60,18
2026-06-06 18:26:22.977,75,127,151,128,80,74,81,103,106,72,49,26
2026-06-06 18:26:23.044,75,128,151,128,80,74,81,103,106,72,49,26
2026-06-06 18:26:23.044,75,128,132,128,80,74,81,103,106,72,49,26
2026-06-06 18:26:23.045,75,128,132,128,82,57,81,101,123,72,48,45
2026-06-06 18:26:23.110,75,119,132,128,82,57,81,101,123,72,48,45
2026-06-06 18:26:23.110,75,119,121,128,82,57,81,101,123,72,48,45
2026-06-06 18:26:23.112,75,119,121,128,73,26,81,110,154,72,57,56
2026-06-06 18:26:23.174,75,110,121,128,73,26,81,110,154,72,57,56
2026-06-06 18:26:23.175,75,110,111,128,73,26,81,110,154,72,57,56
2026-06-06 18:26:23.176,75,110,111,128,64,18,81,119,162,72,66,66
2026-06-06 18:26:23.245,75,100,111,128,64,18,81,119,162,72,66,66
2026-06-06 18:26:23.245,75,100,100,128,64,18,81,119,162,72,66,66
2026-06-06 18:26:23.245,75,100,100,128,53,33,81,130,147,72,76,77
2026-06-06 18:26:23.310,75,103,100,128,53,33,81,130,147,72,76,77
2026-06-06 18:26:23.310,75,103,130,128,53,33,81,130,147,72,76,77
2026-06-06 18:26:23.311,75,103,130,128,57,48,81,126,132,72,73,47
2026-06-06 18:26:23.374,75,111,130,128,57,48,81,126,132,72,73,47
2026-06-06 18:26:23.374,75,111,155,128,57,48,81,126,132,72,73,47
2026-06-06 18:26:23.375,75,111,155,128,66,58,81,117,122,72,65,22
2026-06-06 18:26:23.443,75,122,155,128,66,58,81,117,122,72,65,22
2026-06-06 18:26:23.444,75,122,158,128,66,58,81,117,122,72,65,22
2026-06-06 18:26:23.444,75,122,158,128,76,69,81,108,111,72,54,19
2026-06-06 18:26:23.510,75,133,158,128,76,69,81,108,111,72,54,19
2026-06-06 18:26:23.511,75,133,137,128,76,69,81,108,111,72,54,19
2026-06-06 18:26:23.511,75,133,137,128,85,80,81,98,100,72,43,40
2026-06-06 18:26:23.575,75,124,137,128,85,80,81,98,100,72,43,40
2026-06-06 18:26:23.576,75,124,127,128,85,80,81,98,100,72,43,40
2026-06-06 18:26:23.576,75,124,127,128,78,39,81,105,141,72,52,50
2026-06-06 18:26:23.643,75,114,127,128,78,39,81,105,141,72,52,50
2026-06-06 18:26:23.644,75,114,116,128,78,39,81,105,141,72,52,50
2026-06-06 18:26:23.645,75,114,116,128,69,19,81,114,161,72,62,61
2026-06-06 18:26:23.710,75,105,116,128,69,19,81,114,161,72,62,61
2026-06-06 18:26:23.711,75,105,105,128,69,19,81,114,161,72,62,61
2026-06-06 18:26:23.711,75,105,105,128,59,22,81,124,158,72,71,72
2026-06-06 18:26:23.774,75,99,105,128,59,22,81,124,158,72,71,72
2026-06-06 18:26:23.776,75,99,108,128,59,22,81,124,158,72,71,72
2026-06-06 18:26:23.776,75,99,108,128,52,42,81,131,138,72,77,69
2026-06-06 18:26:23.843,75,107,108,128,52,42,81,131,138,72,77,69
2026-06-06 18:26:23.844,75,107,146,128,52,42,81,131,138,72,77,69
2026-06-06 18:26:23.844,75,107,146,128,62,53,81,121,127,72,69,31
2026-06-06 18:26:23.909,75,116,146,128,62,53,81,121,127,72,69,31
2026-06-06 18:26:23.910,75,116,159,128,62,53,81,121,127,72,69,31
2026-06-06 18:26:23.911,75,116,159,128,71,64,81,112,116,72,60,18
2026-06-06 18:26:23.977,75,127,159,128,71,64,81,112,116,72,60,18
2026-06-06 18:26:23.978,75,127,150,128,71,64,81,112,116,72,60,18
2026-06-06 18:26:23.978,75,127,150,128,80,75,81,103,105,72,49,27
2026-06-06 18:26:24.040,75,129,150,128,80,75,81,103,105,72,49,27
2026-06-06 18:26:24.041,75,129,132,128,80,75,81,103,105,72,49,27
2026-06-06 18:26:24.043,75,129,132,128,82,58,81,101,122,72,47,45
2026-06-06 18:26:24.109,75,119,132,128,82,58,81,101,122,72,47,45
2026-06-06 18:26:24.109,75,119,121,128,82,58,81,101,122,72,47,45
2026-06-06 18:26:24.110,75,119,121,128,74,26,81,109,154,72,57,56
2026-06-06 18:26:24.173,75,110,121,128,74,26,81,109,154,72,57,56
2026-06-06 18:26:24.173,75,110,111,128,74,26,81,109,154,72,57,56
2026-06-06 18:26:24.174,75,110,111,128,64,18,81,118,162,72,66,66
2026-06-06 18:26:24.242,75,101,111,128,64,18,81,118,162,72,66,66
2026-06-06 18:26:24.243,75,101,100,128,64,18,81,118,162,72,66,66
2026-06-06 18:26:24.244,75,101,100,128,53,32,81,130,148,72,75,77
2026-06-06 18:26:24.309,75,103,100,128,53,32,81,130,148,72,75,77
2026-06-06 18:26:24.310,75,103,130,128,53,32,81,130,148,72,75,77
2026-06-06 18:26:24.311,75,103,130,128,57,48,81,126,132,72,73,48
2026-06-06 18:26:24.375,75,112,130,128,57,48,81,126,132,72,73,48
2026-06-06 18:26:24.376,75,112,155,128,57,48,81,126,132,72,73,48
2026-06-06 18:26:24.377,75,112,155,128,66,58,81,117,122,72,64,22
2026-06-06 18:26:24.442,75,121,155,128,66,58,81,117,122,72,64,22
2026-06-06 18:26:24.443,75,121,158,128,66,58,81,117,122,72,64,22
2026-06-06 18:26:24.443,75,121,158,128,75,69,81,108,111,72,55,19
2026-06-06 18:26:24.510,75,133,158,128,75,69,81,108,111,72,55,19
2026-06-06 18:26:24.511,75,133,138,128,75,69,81,108,111,72,55,19
2026-06-06 18:26:24.511,75,133,138,128,85,80,81,98,100,72,43,39
2026-06-06 18:26:24.575,75,124,138,128,85,80,81,98,100,72,43,39
2026-06-06 18:26:24.576,75,124,127,128,85,80,81,98,100,72,43,39
2026-06-06 18:26:24.577,75,124,127,128,78,39,81,105,141,72,52,50
2026-06-06 18:26:24.642,75,115,127,128,78,39,81,105,141,72,52,50
2026-06-06 18:26:24.643,75,115,116,128,78,39,81,105,141,72,52,50
2026-06-06 18:26:24.644,75,115,116,128,69,19,81,114,161,72,61,61
2026-06-06 18:26:24.708,75,105,116,128,69,19,81,114,161,72,61,61
2026-06-06 18:26:24.710,75,105,105,128,69,19,81,114,161,72,61,61
2026-06-06 18:26:24.710,75,105,105,128,59,22,81,124,158,72,71,72
2026-06-06 18:26:24.775,75,100,105,128,59,22,81,124,158,72,71,72
2026-06-06 18:26:24.777,75,100,108,128,59,22,81,124,158,72,71,72
2026-06-06 18:26:24.777,75,100,108,128,52,42,81,131,138,72,76,69
2026-06-06 18:26:24.835,75,106,108,128,52,42,81,131,138,72,76,69
2026-06-06 18:26:24.835,75,106,142,128,52,42,81,131,138,72,76,69
2026-06-06 18:26:24.836,75,106,142,128,60,52,81,123,128,72,70,35
2026-06-06 18:26:24.893,75,114,142,128,60,52,81,123,128,72,70,35
2026-06-06 18:26:24.894,75,114,158,128,60,52,81,123,128,72,70,35
2026-06-06 18:26:24.895,75,114,158,128,69,61,81,114,119,72,62,19
2026-06-06 18:26:24.958,75,124,158,128,69,61,81,114,119,72,62,19
2026-06-06 18:26:24.958,75,124,155,128,69,61,81,114,119,72,62,19
2026-06-06 18:26:24.959,75,124,155,128,78,72,81,105,108,72,52,22
2026-06-06 18:26:25.018,75,132,155,128,78,72,81,105,108,72,52,22
2026-06-06 18:26:25.019,75,132,136,128,78,72,81,105,108,72,52,22
2026-06-06 18:26:25.020,75,132,136,128,84,74,81,99,106,72,44,41
2026-06-06 18:26:25.077,75,124,136,128,84,74,81,99,106,72,44,41
2026-06-06 18:26:25.078,75,124,126,128,84,74,81,99,106,72,44,41
2026-06-06 18:26:25.079,75,124,126,128,78,38,81,106,142,72,52,51
2026-06-06 18:26:25.137,75,115,126,128,78,38,81,106,142,72,52,51
2026-06-06 18:26:25.137,75,115,117,128,78,38,81,106,142,72,52,51
2026-06-06 18:26:25.138,75,115,117,128,70,20,81,113,160,72,61,60
2026-06-06 18:26:25.205,75,106,117,128,70,20,81,113,160,72,61,60
2026-06-06 18:26:25.205,75,106,106,128,70,20,81,113,160,72,61,60
2026-06-06 18:26:25.206,75,106,106,128,60,21,81,124,159,72,70,71
2026-06-06 18:26:25.264,75,98,106,128,60,21,81,124,159,72,70,71
2026-06-06 18:26:25.265,75,98,100,128,60,21,81,124,159,72,70,71
2026-06-06 18:26:25.265,75,98,100,128,50,40,81,133,140,72,78,78
2026-06-06 18:26:25.323,75,105,100,128,50,40,81,133,140,72,78,78
2026-06-06 18:26:25.324,75,105,138,128,50,40,81,133,140,72,78,78
2026-06-06 18:26:25.325,75,105,138,128,59,50,81,124,130,72,71,39
2026-06-06 18:26:25.385,75,113,138,128,59,50,81,124,130,72,71,39
2026-06-06 18:26:25.387,75,113,157,128,59,50,81,124,130,72,71,39
2026-06-06 18:26:25.387,75,113,157,128,68,60,81,115,120,72,63,20
2026-06-06 18:26:25.456,75,124,157,128,68,60,81,115,120,72,63,20
2026-06-06 18:26:25.457,75,124,156,128,68,60,81,115,120,72,63,20
2026-06-06 18:26:25.457,75,124,156,128,77,71,81,106,109,72,52,22
2026-06-06 18:26:25.526,75,131,156,128,77,71,81,106,109,72,52,22
2026-06-06 18:26:25.526,75,131,135,128,77,71,81,106,109,72,52,22
2026-06-06 18:26:25.527,75,131,135,128,84,69,81,100,111,72,45,42
2026-06-06 18:26:25.590,75,122,135,128,84,69,81,100,111,72,45,42
2026-06-06 18:26:25.591,75,122,124,128,84,69,81,100,111,72,45,42
2026-06-06 18:26:25.592,75,122,124,128,76,33,81,107,147,72,54,53
2026-06-06 18:26:25.657,75,113,124,128,76,33,81,107,147,72,54,53
2026-06-06 18:26:25.657,75,113,114,128,76,33,81,107,147,72,54,53
2026-06-06 18:26:25.658,75,113,114,128,67,18,81,116,162,72,63,63
2026-06-06 18:26:25.726,75,103,114,128,67,18,81,116,162,72,63,63
2026-06-06 18:26:25.726,75,103,103,128,67,18,81,116,162,72,63,63
2026-06-06 18:26:25.728,75,103,103,128,56,26,81,127,154,72,73,74
2026-06-06 18:26:25.793,75,102,103,128,56,26,81,127,154,72,73,74
2026-06-06 18:26:25.794,75,102,120,128,56,26,81,127,154,72,73,74
2026-06-06 18:26:25.794,75,102,120,128,55,45,81,128,135,72,74,56
2026-06-06 18:26:25.860,75,110,120,128,55,45,81,128,135,72,74,56
2026-06-06 18:26:25.860,75,110,151,128,55,45,81,128,135,72,74,56
2026-06-06 18:26:25.861,75,110,151,128,64,56,81,119,124,72,66,26
2026-06-06 18:26:25.926,75,119,151,128,64,56,81,119,124,72,66,26
2026-06-06 18:26:25.927,75,119,159,128,64,56,81,119,124,72,66,26
2026-06-06 18:26:25.928,75,119,159,128,73,67,81,110,113,72,57,18
2026-06-06 18:26:25.993,75,130,159,128,73,67,81,110,113,72,57,18
2026-06-06 18:26:25.993,75,130,145,128,73,67,81,110,113,72,57,18
2026-06-06 18:26:25.994,75,130,145,128,82,77,81,101,103,72,46,32
2026-06-06 18:26:26.055,75,127,145,128,82,77,81,101,103,72,46,32
2026-06-06 18:26:26.055,75,127,130,128,82,77,81,101,103,72,46,32
2026-06-06 18:26:26.055,75,127,130,128,80,50,81,103,130,72,49,47
2026-06-06 18:26:26.125,75,117,130,128,80,50,81,103,130,72,49,47
2026-06-06 18:26:26.127,75,117,118,128,80,50,81,103,130,72,49,47
2026-06-06 18:26:26.128,75,117,118,128,71,22,81,112,158,72,59,58
2026-06-06 18:26:26.192,75,108,118,128,71,22,81,112,158,72,59,58
2026-06-06 18:26:26.193,75,108,108,128,71,22,81,112,158,72,59,58
2026-06-06 18:26:26.194,75,108,108,128,62,19,81,121,161,72,68,69
2026-06-06 18:26:26.260,75,98,108,128,62,19,81,121,161,72,68,69
2026-06-06 18:26:26.260,75,98,97,128,62,19,81,121,161,72,68,69
2026-06-06 18:26:26.261,75,98,97,128,50,39,81,133,141,72,78,80
2026-06-06 18:26:26.326,75,105,97,128,50,39,81,133,141,72,78,80
2026-06-06 18:26:26.327,75,105,138,128,50,39,81,133,141,72,78,80
2026-06-06 18:26:26.328,75,105,138,128,59,50,81,124,130,72,71,39
2026-06-06 18:26:26.394,75,114,138,128,59,50,81,124,130,72,71,39
2026-06-06 18:26:26.394,75,114,158,128,59,50,81,124,130,72,71,39
2026-06-06 18:26:26.395,75,114,158,128,68,61,81,114,119,72,62,19
2026-06-06 18:26:26.460,75,124,158,128,68,61,81,114,119,72,62,19
2026-06-06 18:26:26.460,75,124,155,128,68,61,81,114,119,72,62,19
2026-06-06 18:26:26.461,75,124,155,128,78,72,81,105,108,72,52,22
2026-06-06 18:26:26.525,75,131,155,128,78,72,81,105,108,72,52,22
2026-06-06 18:26:26.526,75,131,135,128,78,72,81,105,108,72,52,22
2026-06-06 18:26:26.527,75,131,135,128,84,69,81,100,111,72,45,42
2026-06-06 18:26:26.593,75,122,135,128,84,69,81,100,111,72,45,42
2026-06-06 18:26:26.593,75,122,124,128,84,69,81,100,111,72,45,42
2026-06-06 18:26:26.595,75,122,124,128,76,32,81,107,148,72,54,53
2026-06-06 18:26:26.660,75,112,124,128,76,32,81,107,148,72,54,53
2026-06-06 18:26:26.661,75,112,113,128,76,32,81,107,148,72,54,53
2026-06-06 18:26:26.661,75,112,113,128,67,18,81,116,162,72,64,64
2026-06-06 18:26:26.724,75,103,113,128,67,18,81,116,162,72,64,64
2026-06-06 18:26:26.724,75,103,103,128,67,18,81,116,162,72,64,64
2026-06-06 18:26:26.726,75,103,103,128,56,26,81,127,154,72,73,74
2026-06-06 18:26:26.793,75,101,103,128,56,26,81,127,154,72,73,74
2026-06-06 18:26:26.793,75,101,120,128,56,26,81,127,154,72,73,74
2026-06-06 18:26:26.794,75,101,120,128,54,45,81,129,135,72,75,57
2026-06-06 18:26:26.850,75,108,120,128,54,45,81,129,135,72,75,57
2026-06-06 18:26:26.851,75,108,149,128,54,45,81,129,135,72,75,57
2026-06-06 18:26:26.851,75,108,149,128,63,55,81,120,125,72,68,28
2026-06-06 18:26:26.909,75,116,149,128,63,55,81,120,125,72,68,28
2026-06-06 18:26:26.909,75,116,159,128,63,55,81,120,125,72,68,28
2026-06-06 18:26:26.910,75,116,159,128,71,64,81,112,116,72,60,18
2026-06-06 18:26:26.960,75,124,159,128,71,64,81,112,116,72,60,18
2026-06-06 18:26:26.961,75,124,154,128,71,64,81,112,116,72,60,18
2026-06-06 18:26:26.962,75,124,154,128,78,72,81,105,108,72,52,23
2026-06-06 18:26:27.008,75,132,154,128,78,72,81,105,108,72,52,23
2026-06-06 18:26:27.009,75,132,138,128,78,72,81,105,108,72,52,23
2026-06-06 18:26:27.009,75,132,138,128,85,80,81,98,100,72,44,39
2026-06-06 18:26:27.053,75,127,138,128,85,80,81,98,100,72,44,39
2026-06-06 18:26:27.053,75,127,130,128,85,80,81,98,100,72,44,39
2026-06-06 18:26:27.054,75,127,130,128,80,50,81,103,130,72,49,47
2026-06-06 18:26:27.094,75,121,130,128,80,50,81,103,130,72,49,47
2026-06-06 18:26:27.096,75,121,123,128,80,50,81,103,130,72,49,47
2026-06-06 18:26:27.097,75,121,123,128,75,30,81,108,150,72,55,54
2026-06-06 18:26:27.136,75,115,123,128,75,30,81,108,150,72,55,54
2026-06-06 18:26:27.136,75,115,117,128,75,30,81,108,150,72,55,54
2026-06-06 18:26:27.138,75,115,117,128,70,20,81,113,160,72,61,60
2026-06-06 18:26:27.194,75,108,117,128,70,20,81,113,160,72,61,60
2026-06-06 18:26:27.195,75,108,108,128,70,20,81,113,160,72,61,60
2026-06-06 18:26:27.195,75,108,108,128,62,19,81,122,161,72,68,69
2026-06-06 18:26:27.243,75,101,108,128,62,19,81,122,161,72,68,69
2026-06-06 18:26:27.244,75,101,100,128,62,19,81,122,161,72,68,69
2026-06-06 18:26:27.245,75,101,100,128,53,32,81,130,148,72,75,77
2026-06-06 18:26:27.283,75,100,100,128,53,32,81,130,148,72,75,77
2026-06-06 18:26:27.283,75,100,114,128,53,32,81,130,148,72,75,77
2026-06-06 18:26:27.284,75,100,114,128,53,44,81,130,136,72,76,63
2026-06-06 18:26:27.326,75,105,114,128,53,44,81,130,136,72,76,63
2026-06-06 18:26:27.327,75,105,138,128,53,44,81,130,136,72,76,63
2026-06-06 18:26:27.328,75,105,138,128,59,50,81,124,130,72,71,39
2026-06-06 18:26:27.368,75,111,138,128,59,50,81,124,130,72,71,39
2026-06-06 18:26:27.368,75,111,153,128,59,50,81,124,130,72,71,39
2026-06-06 18:26:27.369,75,111,153,128,65,57,81,118,123,72,65,24
2026-06-06 18:26:27.410,75,116,153,128,65,57,81,118,123,72,65,24
2026-06-06 18:26:27.411,75,116,159,128,65,57,81,118,123,72,65,24
2026-06-06 18:26:27.411,75,116,159,128,71,64,81,112,116,72,60,18
2026-06-06 18:26:27.460,75,124,159,128,71,64,81,112,116,72,60,18
2026-06-06 18:26:27.461,75,124,155,128,71,64,81,112,116,72,60,18
2026-06-06 18:26:27.461,75,124,155,128,78,72,81,105,108,72,52,22
2026-06-06 18:26:27.508,75,133,155,128,78,72,81,105,108,72,52,22
2026-06-06 18:26:27.509,75,133,138,128,78,72,81,105,108,72,52,22
2026-06-06 18:26:27.509,75,133,138,128,85,80,81,98,100,72,43,39
2026-06-06 18:26:27.560,75,126,138,128,85,80,81,98,100,72,43,39
2026-06-06 18:26:27.561,75,126,129,128,85,80,81,98,100,72,43,39
2026-06-06 18:26:27.562,75,126,129,128,80,47,81,103,133,72,50,48
2026-06-06 18:26:27.610,75,119,129,128,80,47,81,103,133,72,50,48
2026-06-06 18:26:27.610,75,119,121,128,80,47,81,103,133,72,50,48
2026-06-06 18:26:27.611,75,119,121,128,74,26,81,110,154,72,57,56
2026-06-06 18:26:27.659,75,112,121,128,74,26,81,110,154,72,57,56
2026-06-06 18:26:27.660,75,112,113,128,74,26,81,110,154,72,57,56
2026-06-06 18:26:27.660,75,112,113,128,67,18,81,116,162,72,64,64
2026-06-06 18:26:27.709,75,105,113,128,67,18,81,116,162,72,64,64
2026-06-06 18:26:27.710,75,105,105,128,67,18,81,116,162,72,64,64
2026-06-06 18:26:27.711,75,105,105,128,59,22,81,124,158,72,71,72
2026-06-06 18:26:27.759,75,98,105,128,59,22,81,124,158,72,71,72
2026-06-06 18:26:27.760,75,98,97,128,59,22,81,124,158,72,71,72
2026-06-06 18:26:27.760,75,98,97,128,50,39,81,133,141,72,78,80
2026-06-06 18:26:27.809,75,103,97,128,50,39,81,133,141,72,78,80
2026-06-06 18:26:27.809,75,103,130,128,50,39,81,133,141,72,78,80
2026-06-06 18:26:27.810,75,103,130,128,57,48,81,126,132,72,73,47
2026-06-06 18:26:27.861,75,110,130,128,57,48,81,126,132,72,73,47
2026-06-06 18:26:27.861,75,110,151,128,57,48,81,126,132,72,73,47
2026-06-06 18:26:27.861,75,110,151,128,64,56,81,119,124,72,66,26
2026-06-06 18:26:27.908,75,116,151,128,64,56,81,119,124,72,66,26
2026-06-06 18:26:27.909,75,116,159,128,64,56,81,119,124,72,66,26
2026-06-06 18:26:27.909,75,116,159,128,71,64,81,112,116,72,60,18
2026-06-06 18:26:27.959,75,124,159,128,71,64,81,112,116,72,60,18
2026-06-06 18:26:27.959,75,124,155,128,71,64,81,112,116,72,60,18
2026-06-06 18:26:27.960,75,124,155,128,78,72,81,105,108,72,52,22
2026-06-06 18:26:28.008,75,133,155,128,78,72,81,105,108,72,52,22
2026-06-06 18:26:28.009,75,133,138,128,78,72,81,105,108,72,52,22
2026-06-06 18:26:28.010,75,133,138,128,85,80,81,98,100,72,43,39
2026-06-06 18:26:28.059,75,126,138,128,85,80,81,98,100,72,43,39
2026-06-06 18:26:28.059,75,126,129,128,85,80,81,98,100,72,43,39
2026-06-06 18:26:28.060,75,126,129,128,80,48,81,103,132,72,50,48
2026-06-06 18:26:28.109,75,119,129,128,80,48,81,103,132,72,50,48
2026-06-06 18:26:28.109,75,119,121,128,80,48,81,103,132,72,50,48
2026-06-06 18:26:28.111,75,119,121,128,74,26,81,109,154,72,57,56
2026-06-06 18:26:28.160,75,112,121,128,74,26,81,109,154,72,57,56
2026-06-06 18:26:28.160,75,112,113,128,74,26,81,109,154,72,57,56
2026-06-06 18:26:28.161,75,112,113,128,66,18,81,116,162,72,64,64
2026-06-06 18:26:28.208,75,105,113,128,66,18,81,116,162,72,64,64
2026-06-06 18:26:28.209,75,105,105,128,66,18,81,116,162,72,64,64
2026-06-06 18:26:28.210,75,105,105,128,59,22,81,124,158,72,71,72
2026-06-06 18:26:28.259,75,98,105,128,59,22,81,124,158,72,71,72
2026-06-06 18:26:28.260,75,98,97,128,59,22,81,124,158,72,71,72
2026-06-06 18:26:28.261,75,98,97,128,50,39,81,133,141,72,78,80
2026-06-06 18:26:28.308,75,103,97,128,50,39,81,133,141,72,78,80
2026-06-06 18:26:28.309,75,103,129,128,50,39,81,133,141,72,78,80
2026-06-06 18:26:28.310,75,103,129,128,57,48,81,126,132,72,73,48
2026-06-06 18:26:28.360,75,110,129,128,57,48,81,126,132,72,73,48
2026-06-06 18:26:28.360,75,110,151,128,57,48,81,126,132,72,73,48
2026-06-06 18:26:28.361,75,110,151,128,64,56,81,119,124,72,66,26
2026-06-06 18:26:28.409,75,116,151,128,64,56,81,119,124,72,66,26
2026-06-06 18:26:28.409,75,116,159,128,64,56,81,119,124,72,66,26
2026-06-06 18:26:28.410,75,116,159,128,71,64,81,112,116,72,60,18
2026-06-06 18:26:28.460,75,124,159,128,71,64,81,112,116,72,60,18
2026-06-06 18:26:28.460,75,124,155,128,71,64,81,112,116,72,60,18
2026-06-06 18:26:28.460,75,124,155,128,78,72,81,105,108,72,52,22
2026-06-06 18:26:28.509,75,133,155,128,78,72,81,105,108,72,52,22
2026-06-06 18:26:28.509,75,133,138,128,78,72,81,105,108,72,52,22
2026-06-06 18:26:28.510,75,133,138,128,85,80,81,98,100,72,43,39
2026-06-06 18:26:28.560,75,126,138,128,85,80,81,98,100,72,43,39
2026-06-06 18:26:28.560,75,126,129,128,85,80,81,98,100,72,43,39
2026-06-06 18:26:28.561,75,126,129,128,80,47,81,103,133,72,50,48
2026-06-06 18:26:28.609,75,119,129,128,80,47,81,103,133,72,50,48
2026-06-06 18:26:28.610,75,119,121,128,80,47,81,103,133,72,50,48
2026-06-06 18:26:28.611,75,119,121,128,74,26,81,109,154,72,57,56
2026-06-06 18:26:28.659,75,112,121,128,74,26,81,109,154,72,57,56
2026-06-06 18:26:28.660,75,112,113,128,74,26,81,109,154,72,57,56
2026-06-06 18:26:28.660,75,112,113,128,67,18,81,116,162,72,64,64
2026-06-06 18:26:28.710,75,105,113,128,67,18,81,116,162,72,64,64
2026-06-06 18:26:28.710,75,105,105,128,67,18,81,116,162,72,64,64
2026-06-06 18:26:28.711,75,105,105,128,59,22,81,124,158,72,71,72
2026-06-06 18:26:28.759,75,98,105,128,59,22,81,124,158,72,71,72
2026-06-06 18:26:28.759,75,98,97,128,59,22,81,124,158,72,71,72
2026-06-06 18:26:28.759,75,98,97,128,50,39,81,133,141,72,78,80
2026-06-06 18:26:28.810,75,103,97,128,50,39,81,133,141,72,78,80
2026-06-06 18:26:28.810,75,103,130,128,50,39,81,133,141,72,78,80
2026-06-06 18:26:28.811,75,103,130,128,57,48,81,126,132,72,73,47
2026-06-06 18:26:28.859,75,109,130,128,57,48,81,126,132,72,73,47
2026-06-06 18:26:28.860,75,109,151,128,57,48,81,126,132,72,73,47
2026-06-06 18:26:28.860,75,109,151,128,64,56,81,119,124,72,67,26
2026-06-06 18:26:28.909,75,116,151,128,64,56,81,119,124,72,67,26
2026-06-06 18:26:28.909,75,116,159,128,64,56,81,119,124,72,67,26
2026-06-06 18:26:28.911,75,116,159,128,71,64,81,112,116,72,60,18
2026-06-06 18:26:28.959,75,124,159,128,71,64,81,112,116,72,60,18
2026-06-06 18:26:28.960,75,124,155,128,71,64,81,112,116,72,60,18
2026-06-06 18:26:28.960,75,124,155,128,78,72,81,105,108,72,52,22
2026-06-06 18:26:29.009,75,133,155,128,78,72,81,105,108,72,52,22
2026-06-06 18:26:29.009,75,133,138,128,78,72,81,105,108,72,52,22
2026-06-06 18:26:29.010,75,133,138,128,85,80,81,98,100,72,43,39
2026-06-06 18:26:29.060,75,126,138,128,85,80,81,98,100,72,43,39
2026-06-06 18:26:29.061,75,126,129,128,85,80,81,98,100,72,43,39
2026-06-06 18:26:29.062,75,126,129,128,80,47,81,103,133,72,50,48
2026-06-06 18:26:29.109,75,119,129,128,80,47,81,103,133,72,50,48
2026-06-06 18:26:29.110,75,119,121,128,80,47,81,103,133,72,50,48
2026-06-06 18:26:29.110,75,119,121,128,74,26,81,109,154,72,57,56
2026-06-06 18:26:29.161,75,112,121,128,74,26,81,109,154,72,57,56
2026-06-06 18:26:29.161,75,112,113,128,74,26,81,109,154,72,57,56
2026-06-06 18:26:29.162,75,112,113,128,66,18,81,117,162,72,64,64
2026-06-06 18:26:29.211,75,105,113,128,66,18,81,117,162,72,64,64
2026-06-06 18:26:29.211,75,105,105,128,66,18,81,117,162,72,64,64
2026-06-06 18:26:29.212,75,105,105,128,59,22,81,124,158,72,71,72
2026-06-06 18:26:29.261,75,98,105,128,59,22,81,124,158,72,71,72
2026-06-06 18:26:29.261,75,98,97,128,59,22,81,124,158,72,71,72
2026-06-06 18:26:29.261,75,98,97,128,50,40,81,133,140,72,78,80
2026-06-06 18:26:29.310,75,103,97,128,50,40,81,133,140,72,78,80
2026-06-06 18:26:29.310,75,103,130,128,50,40,81,133,140,72,78,80
2026-06-06 18:26:29.310,75,103,130,128,57,48,81,126,132,72,73,47
2026-06-06 18:26:29.360,75,109,130,128,57,48,81,126,132,72,73,47
2026-06-06 18:26:29.361,75,109,151,128,57,48,81,126,132,72,73,47
2026-06-06 18:26:29.361,75,109,151,128,64,56,81,119,124,72,67,26
2026-06-06 18:26:29.408,75,116,151,128,64,56,81,119,124,72,67,26
2026-06-06 18:26:29.408,75,116,159,128,64,56,81,119,124,72,67,26
2026-06-06 18:26:29.409,75,116,159,128,70,64,81,112,116,72,60,18
2026-06-06 18:26:29.459,75,124,159,128,70,64,81,112,116,72,60,18
2026-06-06 18:26:29.460,75,124,155,128,70,64,81,112,116,72,60,18
2026-06-06 18:26:29.460,75,124,155,128,78,72,81,105,108,72,52,22
2026-06-06 18:26:29.510,75,133,155,128,78,72,81,105,108,72,52,22
2026-06-06 18:26:29.510,75,133,138,128,78,72,81,105,108,72,52,22
2026-06-06 18:26:29.511,75,133,138,128,85,80,81,98,100,72,43,40
2026-06-06 18:26:29.558,75,126,138,128,85,80,81,98,100,72,43,40
2026-06-06 18:26:29.559,75,126,129,128,85,80,81,98,100,72,43,40
2026-06-06 18:26:29.560,75,126,129,128,80,48,81,103,132,72,50,48
2026-06-06 18:26:29.610,75,119,129,128,80,48,81,103,132,72,50,48
2026-06-06 18:26:29.610,75,119,121,128,80,48,81,103,132,72,50,48
2026-06-06 18:26:29.611,75,119,121,128,74,26,81,109,154,72,57,56
2026-06-06 18:26:29.659,75,112,121,128,74,26,81,109,154,72,57,56
2026-06-06 18:26:29.660,75,112,113,128,74,26,81,109,154,72,57,56
2026-06-06 18:26:29.661,75,112,113,128,67,18,81,116,162,72,64,64
2026-06-06 18:26:29.711,75,105,113,128,67,18,81,116,162,72,64,64
2026-06-06 18:26:29.711,75,105,105,128,67,18,81,116,162,72,64,64
2026-06-06 18:26:29.712,75,105,105,128,59,22,81,124,158,72,71,72
2026-06-06 18:26:29.760,75,98,105,128,59,22,81,124,158,72,71,72
2026-06-06 18:26:29.760,75,98,97,128,59,22,81,124,158,72,71,72
2026-06-06 18:26:29.760,75,98,97,128,50,40,81,133,140,72,78,80
2026-06-06 18:26:29.809,75,103,97,128,50,40,81,133,140,72,78,80
2026-06-06 18:26:29.809,75,103,129,128,50,40,81,133,140,72,78,80
2026-06-06 18:26:29.810,75,103,129,128,57,48,81,126,132,72,73,48
2026-06-06 18:26:29.861,75,110,129,128,57,48,81,126,132,72,73,48
2026-06-06 18:26:29.861,75,110,151,128,57,48,81,126,132,72,73,48
2026-06-06 18:26:29.862,75,110,151,128,64,56,81,119,124,72,66,26
2026-06-06 18:26:29.908,75,116,151,128,64,56,81,119,124,72,66,26
2026-06-06 18:26:29.908,75,116,159,128,64,56,81,119,124,72,66,26
2026-06-06 18:26:29.909,75,116,159,128,71,64,81,112,116,72,60,18
2026-06-06 18:26:29.957,75,124,159,128,71,64,81,112,116,72,60,18
2026-06-06 18:26:29.957,75,124,155,128,71,64,81,112,116,72,60,18
2026-06-06 18:26:29.957,75,124,155,128,78,71,81,106,109,72,52,22
2026-06-06 18:26:30.009,75,133,155,128,78,71,81,106,109,72,52,22
2026-06-06 18:26:30.011,75,133,138,128,78,71,81,106,109,72,52,22
2026-06-06 18:26:30.011,75,133,138,128,85,80,81,98,100,72,43,40
2026-06-06 18:26:30.058,75,126,138,128,85,80,81,98,100,72,43,40
2026-06-06 18:26:30.059,75,126,129,128,85,80,81,98,100,72,43,40
2026-06-06 18:26:30.060,75,126,129,128,80,48,81,103,132,72,50,48
2026-06-06 18:26:30.108,75,119,129,128,80,48,81,103,132,72,50,48
2026-06-06 18:26:30.109,75,119,121,128,80,48,81,103,132,72,50,48
2026-06-06 18:26:30.109,75,119,121,128,74,26,81,109,154,72,57,56
2026-06-06 18:26:30.160,75,112,121,128,74,26,81,109,154,72,57,56
2026-06-06 18:26:30.161,75,112,113,128,74,26,81,109,154,72,57,56
2026-06-06 18:26:30.162,75,112,113,128,67,18,81,116,162,72,64,64
2026-06-06 18:26:30.209,75,105,113,128,67,18,81,116,162,72,64,64
2026-06-06 18:26:30.210,75,105,105,128,67,18,81,116,162,72,64,64
2026-06-06 18:26:30.211,75,105,105,128,59,22,81,124,158,72,71,72
2026-06-06 18:26:30.257,75,98,105,128,59,22,81,124,158,72,71,72
2026-06-06 18:26:30.257,75,98,98,128,59,22,81,124,158,72,71,72
2026-06-06 18:26:30.258,75,98,98,128,51,38,81,132,142,72,78,79
2026-06-06 18:26:30.302,75,102,98,128,51,38,81,132,142,72,78,79
2026-06-06 18:26:30.303,75,102,126,128,51,38,81,132,142,72,78,79
2026-06-06 18:26:30.303,75,102,126,128,56,47,81,127,133,72,74,51
2026-06-06 18:26:30.350,75,108,126,128,56,47,81,127,133,72,74,51
2026-06-06 18:26:30.350,75,108,148,128,56,47,81,127,133,72,74,51
2026-06-06 18:26:30.351,75,108,148,128,62,54,81,120,126,72,68,29
2026-06-06 18:26:30.392,75,114,148,128,62,54,81,120,126,72,68,29
2026-06-06 18:26:30.392,75,114,158,128,62,54,81,120,126,72,68,29
2026-06-06 18:26:30.393,75,114,158,128,68,61,81,115,119,72,62,19
2026-06-06 18:26:30.440,75,121,158,128,68,61,81,115,119,72,62,19
2026-06-06 18:26:30.441,75,121,158,128,75,69,81,108,111,72,55,19
2026-06-06 18:26:30.491,75,130,158,128,75,69,81,108,111,72,55,19
2026-06-06 18:26:30.491,75,130,146,128,75,69,81,108,111,72,55,19
2026-06-06 18:26:30.492,75,130,146,128,82,77,81,101,103,72,46,32
2026-06-06 18:26:30.542,75,129,146,128,82,77,81,101,103,72,46,32
2026-06-06 18:26:30.542,75,129,132,128,82,77,81,101,103,72,46,32
2026-06-06 18:26:30.544,75,129,132,128,82,57,81,101,123,72,47,45
2026-06-06 18:26:30.588,75,122,132,128,82,57,81,101,123,72,47,45
2026-06-06 18:26:30.589,75,122,124,128,82,57,81,101,123,72,47,45
2026-06-06 18:26:30.589,75,122,124,128,76,33,81,107,147,72,54,52
2026-06-06 18:26:30.640,75,115,124,128,76,33,81,107,147,72,54,52
2026-06-06 18:26:30.640,75,115,116,128,76,33,81,107,147,72,54,52
2026-06-06 18:26:30.642,75,115,116,128,69,19,81,114,161,72,61,61
2026-06-06 18:26:30.687,75,108,116,128,69,19,81,114,161,72,61,61
2026-06-06 18:26:30.687,75,108,109,128,69,19,81,114,161,72,61,61
2026-06-06 18:26:30.688,75,108,109,128,62,18,81,121,162,72,68,68
2026-06-06 18:26:30.727,75,103,109,128,62,18,81,121,162,72,68,68
2026-06-06 18:26:30.727,75,103,102,128,62,18,81,121,162,72,68,68
2026-06-06 18:26:30.728,75,103,102,128,56,27,81,127,153,72,73,75
2026-06-06 18:26:30.774,75,99,102,128,56,27,81,127,153,72,73,75
2026-06-06 18:26:30.774,75,99,107,128,56,27,81,127,153,72,73,75
2026-06-06 18:26:30.775,75,99,107,128,52,42,81,131,138,72,77,70
2026-06-06 18:26:30.825,75,105,107,128,52,42,81,131,138,72,77,70
2026-06-06 18:26:30.826,75,105,138,128,52,42,81,131,138,72,77,70
2026-06-06 18:26:30.828,75,105,138,128,59,50,81,124,130,72,71,39
2026-06-06 18:26:30.874,75,112,138,128,59,50,81,124,130,72,71,39
2026-06-06 18:26:30.875,75,112,155,128,59,50,81,124,130,72,71,39
2026-06-06 18:26:30.876,75,112,155,128,66,58,81,117,122,72,64,22
2026-06-06 18:26:30.926,75,119,155,128,66,58,81,117,122,72,64,22
2026-06-06 18:26:30.926,75,119,159,128,66,58,81,117,122,72,64,22
2026-06-06 18:26:30.927,75,119,159,128,73,66,81,110,114,72,57,18
2026-06-06 18:26:30.975,75,127,159,128,73,66,81,110,114,72,57,18
2026-06-06 18:26:30.976,75,127,151,128,73,66,81,110,114,72,57,18
2026-06-06 18:26:30.977,75,127,151,128,80,74,81,103,106,72,49,26
2026-06-06 18:26:31.025,75,131,151,128,80,74,81,103,106,72,49,26
2026-06-06 18:26:31.026,75,131,135,128,80,74,81,103,106,72,49,26
2026-06-06 18:26:31.027,75,131,135,128,84,69,81,100,111,72,45,42
2026-06-06 18:26:31.076,75,124,135,128,84,69,81,100,111,72,45,42
2026-06-06 18:26:31.077,75,124,126,128,84,69,81,100,111,72,45,42
2026-06-06 18:26:31.078,75,124,126,128,78,39,81,105,141,72,52,50
2026-06-06 18:26:31.125,75,117,126,128,78,39,81,105,141,72,52,50
2026-06-06 18:26:31.126,75,117,118,128,78,39,81,105,141,72,52,50
2026-06-06 18:26:31.127,75,117,118,128,71,22,81,112,158,72,59,58
2026-06-06 18:26:31.176,75,110,118,128,71,22,81,112,158,72,59,58
2026-06-06 18:26:31.177,75,110,111,128,71,22,81,112,158,72,59,58
2026-06-06 18:26:31.178,75,110,111,128,64,18,81,119,162,72,66,66
2026-06-06 18:26:31.224,75,103,111,128,64,18,81,119,162,72,66,66
2026-06-06 18:26:31.226,75,103,103,128,64,18,81,119,162,72,66,66
2026-06-06 18:26:31.226,75,103,103,128,56,26,81,127,154,72,73,74
2026-06-06 18:26:31.275,75,99,103,128,56,26,81,127,154,72,73,74
2026-06-06 18:26:31.276,75,99,108,128,56,26,81,127,154,72,73,74
2026-06-06 18:26:31.276,75,99,108,128,52,42,81,131,138,72,77,69
2026-06-06 18:26:31.324,75,105,108,128,52,42,81,131,138,72,77,69
2026-06-06 18:26:31.325,75,105,138,128,52,42,81,131,138,72,77,69
2026-06-06 18:26:31.326,75,105,138,128,59,50,81,124,130,72,71,39
2026-06-06 18:26:31.376,75,112,138,128,59,50,81,124,130,72,71,39
2026-06-06 18:26:31.377,75,112,155,128,59,50,81,124,130,72,71,39
2026-06-06 18:26:31.377,75,112,155,128,66,58,81,117,122,72,64,22
2026-06-06 18:26:31.424,75,119,155,128,66,58,81,117,122,72,64,22
2026-06-06 18:26:31.425,75,119,159,128,66,58,81,117,122,72,64,22
2026-06-06 18:26:31.426,75,119,159,128,73,66,81,110,114,72,57,18
2026-06-06 18:26:31.475,75,127,159,128,73,66,81,110,114,72,57,18
2026-06-06 18:26:31.476,75,127,151,128,73,66,81,110,114,72,57,18
2026-06-06 18:26:31.477,75,127,151,128,80,74,81,103,106,72,49,26
2026-06-06 18:26:31.526,75,131,151,128,80,74,81,103,106,72,49,26
2026-06-06 18:26:31.526,75,131,134,128,80,74,81,103,106,72,49,26
2026-06-06 18:26:31.527,75,131,134,128,83,68,81,100,112,72,45,42
2026-06-06 18:26:31.575,75,124,134,128,83,68,81,100,112,72,45,42
2026-06-06 18:26:31.576,75,124,127,128,83,68,81,100,112,72,45,42
2026-06-06 18:26:31.576,75,124,127,128,78,39,81,105,141,72,52,50
2026-06-06 18:26:31.626,75,117,127,128,78,39,81,105,141,72,52,50
2026-06-06 18:26:31.627,75,117,118,128,78,39,81,105,141,72,52,50
2026-06-06 18:26:31.628,75,117,118,128,71,22,81,112,158,72,59,58
2026-06-06 18:26:31.676,75,110,118,128,71,22,81,112,158,72,59,58
2026-06-06 18:26:31.676,75,110,111,128,71,22,81,112,158,72,59,58
2026-06-06 18:26:31.677,75,110,111,128,64,18,81,119,162,72,66,66
2026-06-06 18:26:31.725,75,103,111,128,64,18,81,119,162,72,66,66
2026-06-06 18:26:31.726,75,103,103,128,64,18,81,119,162,72,66,66
2026-06-06 18:26:31.727,75,103,103,128,56,26,81,127,154,72,73,74
2026-06-06 18:26:31.776,75,100,103,128,56,26,81,127,154,72,73,74
2026-06-06 18:26:31.776,75,100,108,128,56,26,81,127,154,72,73,74
2026-06-06 18:26:31.778,75,100,108,128,52,42,81,131,138,72,76,68
2026-06-06 18:26:31.825,75,105,108,128,52,42,81,131,138,72,76,68
2026-06-06 18:26:31.826,75,105,138,128,52,42,81,131,138,72,76,68
2026-06-06 18:26:31.826,75,105,138,128,59,50,81,124,130,72,71,39
2026-06-06 18:26:31.876,75,112,138,128,59,50,81,124,130,72,71,39
2026-06-06 18:26:31.877,75,112,155,128,59,50,81,124,130,72,71,39
2026-06-06 18:26:31.877,75,112,155,128,66,58,81,117,122,72,64,22
2026-06-06 18:26:31.925,75,119,155,128,66,58,81,117,122,72,64,22
2026-06-06 18:26:31.926,75,119,159,128,66,58,81,117,122,72,64,22
2026-06-06 18:26:31.926,75,119,159,128,73,66,81,110,114,72,57,18
2026-06-06 18:26:31.976,75,127,159,128,73,66,81,110,114,72,57,18
2026-06-06 18:26:31.977,75,127,151,128,73,66,81,110,114,72,57,18
2026-06-06 18:26:31.977,75,127,151,128,80,74,81,103,106,72,49,26
2026-06-06 18:26:32.026,75,131,151,128,80,74,81,103,106,72,49,26
2026-06-06 18:26:32.027,75,131,135,128,80,74,81,103,106,72,49,26
2026-06-06 18:26:32.028,75,131,135,128,83,68,81,100,112,72,45,42
2026-06-06 18:26:32.077,75,124,135,128,83,68,81,100,112,72,45,42
2026-06-06 18:26:32.077,75,124,126,128,83,68,81,100,112,72,45,42
2026-06-06 18:26:32.078,75,124,126,128,78,38,81,105,142,72,52,51
2026-06-06 18:26:32.126,75,117,126,128,78,38,81,105,142,72,52,51
2026-06-06 18:26:32.127,75,117,119,128,78,38,81,105,142,72,52,51
2026-06-06 18:26:32.127,75,117,119,128,71,22,81,112,158,72,59,58
2026-06-06 18:26:32.176,75,110,119,128,71,22,81,112,158,72,59,58
2026-06-06 18:26:32.176,75,110,111,128,71,22,81,112,158,72,59,58
2026-06-06 18:26:32.177,75,110,111,128,64,18,81,119,162,72,66,66
2026-06-06 18:26:32.226,75,103,111,128,64,18,81,119,162,72,66,66
2026-06-06 18:26:32.227,75,103,103,128,64,18,81,119,162,72,66,66
2026-06-06 18:26:32.227,75,103,103,128,56,26,81,127,154,72,73,74
2026-06-06 18:26:32.276,75,100,103,128,56,26,81,127,154,72,73,74
2026-06-06 18:26:32.276,75,100,108,128,56,26,81,127,154,72,73,74
2026-06-06 18:26:32.277,75,100,108,128,52,42,81,131,138,72,76,68
2026-06-06 18:26:32.324,75,105,108,128,52,42,81,131,138,72,76,68
2026-06-06 18:26:32.325,75,105,138,128,52,42,81,131,138,72,76,68
2026-06-06 18:26:32.326,75,105,138,128,59,50,81,124,130,72,71,39
2026-06-06 18:26:32.375,75,112,138,128,59,50,81,124,130,72,71,39
2026-06-06 18:26:32.376,75,112,155,128,59,50,81,124,130,72,71,39
2026-06-06 18:26:32.376,75,112,155,128,66,58,81,117,122,72,64,22
2026-06-06 18:26:32.425,75,119,155,128,66,58,81,117,122,72,64,22
2026-06-06 18:26:32.425,75,119,159,128,66,58,81,117,122,72,64,22
2026-06-06 18:26:32.427,75,119,159,128,73,66,81,110,114,72,57,18
2026-06-06 18:26:32.475,75,127,159,128,73,66,81,110,114,72,57,18
2026-06-06 18:26:32.475,75,127,151,128,73,66,81,110,114,72,57,18
2026-06-06 18:26:32.476,75,127,151,128,80,74,81,103,106,72,49,26
2026-06-06 18:26:32.524,75,131,151,128,80,74,81,103,106,72,49,26
2026-06-06 18:26:32.524,75,131,135,128,80,74,81,103,106,72,49,26
2026-06-06 18:26:32.525,75,131,135,128,84,70,81,99,110,72,45,42
2026-06-06 18:26:32.577,75,124,135,128,84,70,81,99,110,72,45,42
2026-06-06 18:26:32.577,75,124,127,128,84,70,81,99,110,72,45,42
2026-06-06 18:26:32.578,75,124,127,128,78,39,81,105,141,72,52,50
2026-06-06 18:26:32.626,75,117,127,128,78,39,81,105,141,72,52,50
2026-06-06 18:26:32.626,75,117,118,128,78,39,81,105,141,72,52,50
2026-06-06 18:26:32.628,75,117,118,128,71,22,81,112,158,72,59,58
2026-06-06 18:26:32.676,75,110,118,128,71,22,81,112,158,72,59,58
2026-06-06 18:26:32.677,75,110,111,128,71,22,81,112,158,72,59,58
2026-06-06 18:26:32.677,75,110,111,128,64,18,81,119,162,72,66,66
2026-06-06 18:26:32.725,75,103,111,128,64,18,81,119,162,72,66,66
2026-06-06 18:26:32.725,75,103,103,128,64,18,81,119,162,72,66,66
2026-06-06 18:26:32.726,75,103,103,128,56,26,81,127,154,72,73,74
2026-06-06 18:26:32.775,75,100,103,128,56,26,81,127,154,72,73,74
2026-06-06 18:26:32.775,75,100,108,128,56,26,81,127,154,72,73,74
2026-06-06 18:26:32.776,75,100,108,128,52,42,81,131,138,72,76,69
2026-06-06 18:26:32.826,75,105,108,128,52,42,81,131,138,72,76,69
2026-06-06 18:26:32.827,75,105,139,128,52,42,81,131,138,72,76,69
2026-06-06 18:26:32.828,75,105,139,128,59,50,81,124,130,72,71,38
2026-06-06 18:26:32.876,75,112,139,128,59,50,81,124,130,72,71,38
2026-06-06 18:26:32.876,75,112,155,128,59,50,81,124,130,72,71,38
2026-06-06 18:26:32.878,75,112,155,128,66,58,81,117,122,72,64,22
2026-06-06 18:26:32.925,75,119,155,128,66,58,81,117,122,72,64,22
2026-06-06 18:26:32.925,75,119,159,128,66,58,81,117,122,72,64,22
2026-06-06 18:26:32.926,75,119,159,128,73,66,81,110,114,72,57,18
2026-06-06 18:26:32.976,75,127,159,128,73,66,81,110,114,72,57,18
2026-06-06 18:26:32.977,75,127,150,128,73,66,81,110,114,72,57,18
2026-06-06 18:26:32.977,75,127,150,128,80,74,81,103,106,72,49,26
2026-06-06 18:26:33.026,75,131,150,128,80,74,81,103,106,72,49,26
2026-06-06 18:26:33.027,75,131,135,128,80,74,81,103,106,72,49,26
2026-06-06 18:26:33.028,75,131,135,128,83,68,81,100,112,72,45,42
2026-06-06 18:26:33.077,75,124,135,128,83,68,81,100,112,72,45,42
2026-06-06 18:26:33.077,75,124,126,128,83,68,81,100,112,72,45,42
2026-06-06 18:26:33.078,75,124,126,128,78,38,81,105,142,72,52,51
2026-06-06 18:26:33.125,75,117,126,128,78,38,81,105,142,72,52,51
2026-06-06 18:26:33.126,75,117,119,128,78,38,81,105,142,72,52,51
2026-06-06 18:26:33.127,75,117,119,128,71,22,81,112,158,72,59,58
2026-06-06 18:26:33.174,75,110,119,128,71,22,81,112,158,72,59,58
2026-06-06 18:26:33.175,75,110,111,128,71,22,81,112,158,72,59,58
2026-06-06 18:26:33.176,75,110,111,128,64,18,81,119,162,72,66,66
2026-06-06 18:26:33.223,75,103,111,128,64,18,81,119,162,72,66,66
2026-06-06 18:26:33.223,75,103,103,128,64,18,81,119,162,72,66,66
2026-06-06 18:26:33.225,75,103,103,128,56,26,81,126,154,72,73,74
2026-06-06 18:26:33.276,75,100,103,128,56,26,81,126,154,72,73,74
2026-06-06 18:26:33.277,75,100,109,128,56,26,81,126,154,72,73,74
2026-06-06 18:26:33.278,75,100,109,128,52,42,81,131,138,72,76,68
2026-06-06 18:26:33.325,75,105,109,128,52,42,81,131,138,72,76,68
2026-06-06 18:26:33.325,75,105,138,128,52,42,81,131,138,72,76,68
2026-06-06 18:26:33.327,75,105,138,128,59,50,81,124,130,72,71,39
2026-06-06 18:26:33.377,75,112,138,128,59,50,81,124,130,72,71,39
2026-06-06 18:26:33.378,75,112,155,128,59,50,81,124,130,72,71,39
2026-06-06 18:26:33.378,75,112,155,128,66,59,81,117,121,72,64,22
2026-06-06 18:26:33.424,75,119,155,128,66,59,81,117,121,72,64,22
2026-06-06 18:26:33.425,75,119,159,128,66,59,81,117,121,72,64,22
2026-06-06 18:26:33.425,75,119,159,128,73,66,81,110,114,72,57,18
2026-06-06 18:26:33.476,75,127,159,128,73,66,81,110,114,72,57,18
2026-06-06 18:26:33.477,75,127,151,128,73,66,81,110,114,72,57,18
2026-06-06 18:26:33.478,75,127,151,128,80,74,81,103,106,72,49,26
2026-06-06 18:26:33.525,75,131,151,128,80,74,81,103,106,72,49,26
2026-06-06 18:26:33.526,75,131,135,128,80,74,81,103,106,72,49,26
2026-06-06 18:26:33.526,75,131,135,128,84,68,81,100,112,72,45,42
2026-06-06 18:26:33.576,75,124,135,128,84,68,81,100,112,72,45,42
2026-06-06 18:26:33.577,75,124,126,128,84,68,81,100,112,72,45,42
2026-06-06 18:26:33.578,75,124,126,128,78,38,81,105,142,72,52,51
2026-06-06 18:26:33.626,75,117,126,128,78,38,81,105,142,72,52,51
2026-06-06 18:26:33.626,75,117,119,128,78,38,81,105,142,72,52,51
2026-06-06 18:26:33.627,75,117,119,128,71,22,81,112,158,72,59,58
2026-06-06 18:26:33.675,75,110,119,128,71,22,81,112,158,72,59,58
2026-06-06 18:26:33.676,75,110,111,128,71,22,81,112,158,72,59,58
2026-06-06 18:26:33.676,75,110,111,128,64,18,81,119,162,72,66,66
2026-06-06 18:26:33.726,75,103,111,128,64,18,81,119,162,72,66,66
2026-06-06 18:26:33.727,75,103,103,128,64,18,81,119,162,72,66,66
2026-06-06 18:26:33.727,75,103,103,128,56,26,81,127,154,72,73,74
2026-06-06 18:26:33.775,75,100,103,128,56,26,81,127,154,72,73,74
2026-06-06 18:26:33.776,75,100,108,128,56,26,81,127,154,72,73,74
2026-06-06 18:26:33.776,75,100,108,128,52,42,81,131,138,72,76,69
2026-06-06 18:26:33.826,75,105,108,128,52,42,81,131,138,72,76,69
2026-06-06 18:26:33.826,75,105,138,128,52,42,81,131,138,72,76,69
2026-06-06 18:26:33.827,75,105,138,128,59,50,81,124,130,72,71,39
2026-06-06 18:26:33.876,75,112,138,128,59,50,81,124,130,72,71,39
2026-06-06 18:26:33.877,75,112,155,128,59,50,81,124,130,72,71,39
2026-06-06 18:26:33.877,75,112,155,128,66,58,81,117,122,72,64,22
2026-06-06 18:26:33.925,75,119,155,128,66,58,81,117,122,72,64,22
2026-06-06 18:26:33.925,75,119,159,128,66,58,81,117,122,72,64,22
2026-06-06 18:26:33.926,75,119,159,128,73,66,81,110,114,72,57,18
2026-06-06 18:26:33.976,75,127,159,128,73,66,81,110,114,72,57,18
2026-06-06 18:26:33.976,75,127,151,128,73,66,81,110,114,72,57,18
2026-06-06 18:26:33.977,75,127,151,128,80,74,81,103,106,72,49,26
2026-06-06 18:26:34.027,75,131,151,128,80,74,81,103,106,72,49,26
2026-06-06 18:26:34.027,75,131,134,128,80,74,81,103,106,72,49,26
2026-06-06 18:26:34.028,75,131,134,128,83,68,81,100,112,72,45,43
2026-06-06 18:26:34.076,75,124,134,128,83,68,81,100,112,72,45,43
2026-06-06 18:26:34.077,75,124,127,128,83,68,81,100,112,72,45,43
2026-06-06 18:26:34.077,75,124,127,128,78,39,81,105,141,72,52,50
2026-06-06 18:26:34.126,75,117,127,128,78,39,81,105,141,72,52,50
2026-06-06 18:26:34.126,75,117,118,128,78,39,81,105,141,72,52,50
2026-06-06 18:26:34.127,75,117,118,128,71,22,81,112,158,72,59,58
2026-06-06 18:26:34.175,75,110,118,128,71,22,81,112,158,72,59,58
2026-06-06 18:26:34.176,75,110,111,128,71,22,81,112,158,72,59,58
2026-06-06 18:26:34.176,75,110,111,128,64,18,81,119,162,72,66,66
2026-06-06 18:26:34.225,75,103,111,128,64,18,81,119,162,72,66,66
2026-06-06 18:26:34.226,75,103,103,128,64,18,81,119,162,72,66,66
2026-06-06 18:26:34.228,75,103,103,128,56,26,81,127,154,72,73,74
2026-06-06 18:26:34.275,75,100,103,128,56,26,81,127,154,72,73,74
2026-06-06 18:26:34.275,75,100,108,128,56,26,81,127,154,72,73,74
2026-06-06 18:26:34.276,75,100,108,128,52,42,81,131,138,72,76,69
2026-06-06 18:26:34.326,75,105,108,128,52,42,81,131,138,72,76,69
2026-06-06 18:26:34.326,75,105,138,128,52,42,81,131,138,72,76,69
2026-06-06 18:26:34.327,75,105,138,128,59,50,81,124,130,72,71,39
2026-06-06 18:26:34.376,75,112,138,128,59,50,81,124,130,72,71,39
2026-06-06 18:26:34.377,75,112,155,128,59,50,81,124,130,72,71,39
2026-06-06 18:26:34.377,75,112,155,128,66,58,81,117,122,72,64,22
2026-06-06 18:26:34.423,75,118,155,128,66,58,81,117,122,72,64,22
2026-06-06 18:26:34.424,75,118,159,128,66,58,81,117,122,72,64,22
2026-06-06 18:26:34.424,75,118,159,128,73,66,81,110,114,72,58,18
2026-06-06 18:26:34.476,75,127,159,128,73,66,81,110,114,72,58,18
2026-06-06 18:26:34.477,75,127,151,128,73,66,81,110,114,72,58,18
2026-06-06 18:26:34.477,75,127,151,128,80,74,81,103,106,72,49,26
2026-06-06 18:26:34.525,75,131,151,128,80,74,81,103,106,72,49,26
2026-06-06 18:26:34.525,75,131,135,128,80,74,81,103,106,72,49,26
2026-06-06 18:26:34.526,75,131,135,128,84,69,81,99,111,72,45,42
2026-06-06 18:26:34.576,75,124,135,128,84,69,81,99,111,72,45,42
2026-06-06 18:26:34.577,75,124,126,128,84,69,81,99,111,72,45,42
2026-06-06 18:26:34.577,75,124,126,128,78,39,81,105,141,72,52,50
2026-06-06 18:26:34.625,75,117,126,128,78,39,81,105,141,72,52,50
2026-06-06 18:26:34.625,75,117,119,128,78,39,81,105,141,72,52,50
2026-06-06 18:26:34.626,75,117,119,128,72,22,81,112,158,72,59,58
2026-06-06 18:26:34.675,75,110,119,128,72,22,81,112,158,72,59,58
2026-06-06 18:26:34.676,75,110,111,128,72,22,81,112,158,72,59,58
2026-06-06 18:26:34.677,75,110,111,128,64,18,81,119,162,72,66,66
2026-06-06 18:26:34.726,75,103,111,128,64,18,81,119,162,72,66,66
2026-06-06 18:26:34.726,75,103,103,128,64,18,81,119,162,72,66,66
2026-06-06 18:26:34.727,75,103,103,128,56,26,81,127,154,72,73,74
2026-06-06 18:26:34.776,75,100,103,128,56,26,81,127,154,72,73,74
2026-06-06 18:26:34.777,75,100,108,128,56,26,81,127,154,72,73,74
2026-06-06 18:26:34.777,75,100,108,128,52,42,81,131,138,72,76,68
2026-06-06 18:26:34.826,75,105,108,128,52,42,81,131,138,72,76,68
2026-06-06 18:26:34.827,75,105,139,128,52,42,81,131,138,72,76,68
2026-06-06 18:26:34.828,75,105,139,128,59,51,81,124,129,72,71,38
2026-06-06 18:26:34.876,75,112,139,128,59,51,81,124,129,72,71,38
2026-06-06 18:26:34.876,75,112,155,128,59,51,81,124,129,72,71,38
2026-06-06 18:26:34.877,75,112,155,128,66,58,81,117,122,72,64,22
2026-06-06 18:26:34.926,75,119,155,128,66,58,81,117,122,72,64,22
2026-06-06 18:26:34.927,75,119,159,128,66,58,81,117,122,72,64,22
2026-06-06 18:26:34.928,75,119,159,128,73,67,81,110,113,72,57,18
2026-06-06 18:26:34.977,75,127,159,128,73,67,81,110,113,72,57,18
2026-06-06 18:26:34.977,75,127,150,128,73,67,81,110,113,72,57,18
2026-06-06 18:26:34.977,75,127,150,128,80,75,81,103,105,72,49,27
2026-06-06 18:26:35.026,75,131,150,128,80,75,81,103,105,72,49,27
2026-06-06 18:26:35.027,75,131,135,128,80,75,81,103,105,72,49,27
2026-06-06 18:26:35.028,75,131,135,128,84,69,81,100,111,72,45,42
2026-06-06 18:26:35.075,75,124,135,128,84,69,81,100,111,72,45,42
2026-06-06 18:26:35.075,75,124,127,128,84,69,81,100,111,72,45,42
2026-06-06 18:26:35.077,75,124,127,128,78,39,81,105,141,72,52,50
2026-06-06 18:26:35.126,75,117,127,128,78,39,81,105,141,72,52,50
2026-06-06 18:26:35.126,75,117,118,128,78,39,81,105,141,72,52,50
2026-06-06 18:26:35.127,75,117,118,128,71,22,81,112,158,72,59,58
2026-06-06 18:26:35.175,75,110,118,128,71,22,81,112,158,72,59,58
2026-06-06 18:26:35.176,75,110,110,128,71,22,81,112,158,72,59,58
2026-06-06 18:26:35.177,75,110,110,128,64,18,81,119,162,72,66,66
2026-06-06 18:26:35.222,75,103,110,128,64,18,81,119,162,72,66,66
2026-06-06 18:26:35.223,75,103,103,128,64,18,81,119,162,72,66,66
2026-06-06 18:26:35.223,75,103,103,128,57,25,81,126,155,72,73,74
2026-06-06 18:26:35.269,75,99,103,128,57,25,81,126,155,72,73,74
2026-06-06 18:26:35.270,75,99,104,128,57,25,81,126,155,72,73,74
2026-06-06 18:26:35.270,75,99,104,128,51,41,81,132,139,72,77,73
2026-06-06 18:26:35.316,75,104,104,128,51,41,81,132,139,72,77,73
2026-06-06 18:26:35.317,75,104,134,128,51,41,81,132,139,72,77,73
2026-06-06 18:26:35.317,75,104,134,128,58,49,81,125,131,72,72,44
2026-06-06 18:26:35.363,75,110,134,128,58,49,81,125,131,72,72,44
2026-06-06 18:26:35.363,75,110,152,128,58,49,81,125,131,72,72,44
2026-06-06 18:26:35.364,75,110,152,128,64,56,81,119,124,72,66,25
2026-06-06 18:26:35.407,75,116,152,128,64,56,81,119,124,72,66,25
2026-06-06 18:26:35.409,75,116,159,128,64,56,81,119,124,72,66,25
2026-06-06 18:26:35.409,75,116,159,128,71,64,81,112,116,72,60,18
2026-06-06 18:26:35.454,75,123,159,128,71,64,81,112,116,72,60,18
2026-06-06 18:26:35.455,75,123,156,128,71,64,81,112,116,72,60,18
2026-06-06 18:26:35.456,75,123,156,128,77,71,81,106,109,72,53,21
2026-06-06 18:26:35.500,75,131,156,128,77,71,81,106,109,72,53,21
2026-06-06 18:26:35.501,75,131,142,128,77,71,81,106,109,72,53,21
2026-06-06 18:26:35.502,75,131,142,128,84,78,81,99,102,72,45,36
2026-06-06 18:26:35.541,75,129,142,128,84,78,81,99,102,72,45,36
2026-06-06 18:26:35.542,75,129,132,128,84,78,81,99,102,72,45,36
2026-06-06 18:26:35.542,75,129,132,128,82,58,81,101,122,72,47,45
2026-06-06 18:26:35.590,75,122,132,128,82,58,81,101,122,72,47,45
2026-06-06 18:26:35.591,75,122,124,128,82,58,81,101,122,72,47,45
2026-06-06 18:26:35.591,75,122,124,128,76,32,81,107,148,72,54,53
2026-06-06 18:26:35.642,75,115,124,128,76,32,81,107,148,72,54,53
2026-06-06 18:26:35.643,75,115,116,128,76,32,81,107,148,72,54,53
2026-06-06 18:26:35.645,75,115,116,128,69,19,81,114,161,72,61,61
2026-06-06 18:26:35.692,75,108,116,128,69,19,81,114,161,72,61,61
2026-06-06 18:26:35.692,75,108,108,128,69,19,81,114,161,72,61,61
2026-06-06 18:26:35.694,75,108,108,128,62,19,81,121,161,72,68,69
2026-06-06 18:26:35.738,75,101,108,128,62,19,81,121,161,72,68,69
2026-06-06 18:26:35.739,75,101,100,128,62,19,81,121,161,72,68,69
2026-06-06 18:26:35.740,75,101,100,128,54,31,81,129,149,72,75,76
2026-06-06 18:26:35.791,75,101,118,128,54,31,81,129,149,72,75,76
2026-06-06 18:26:35.792,75,101,118,128,54,45,81,129,135,72,75,59
2026-06-06 18:26:35.836,75,106,118,128,54,45,81,129,135,72,75,59
2026-06-06 18:26:35.837,75,106,143,128,54,45,81,129,135,72,75,59
2026-06-06 18:26:35.837,75,106,143,128,61,52,81,122,128,72,70,34
2026-06-06 18:26:35.884,75,113,143,128,61,52,81,122,128,72,70,34
2026-06-06 18:26:35.884,75,113,157,128,61,52,81,122,128,72,70,34
2026-06-06 18:26:35.885,75,113,157,128,67,60,81,116,120,72,63,20
2026-06-06 18:26:35.924,75,119,157,128,67,60,81,116,120,72,63,20
2026-06-06 18:26:35.924,75,119,159,128,67,60,81,116,120,72,63,20
2026-06-06 18:26:35.926,75,119,159,128,73,66,81,110,114,72,57,18
2026-06-06 18:26:35.975,75,127,159,128,73,66,81,110,114,72,57,18
2026-06-06 18:26:35.976,75,127,151,128,73,66,81,110,114,72,57,18
2026-06-06 18:26:35.977,75,127,151,128,80,74,81,103,106,72,49,26
2026-06-06 18:26:36.026,75,131,151,128,80,74,81,103,106,72,49,26
2026-06-06 18:26:36.027,75,131,135,128,80,74,81,103,106,72,49,26
2026-06-06 18:26:36.027,75,131,135,128,83,68,81,100,112,72,45,42
2026-06-06 18:26:36.076,75,124,135,128,83,68,81,100,112,72,45,42
2026-06-06 18:26:36.076,75,124,127,128,83,68,81,100,112,72,45,42
2026-06-06 18:26:36.077,75,124,127,128,78,39,81,105,141,72,52,50
2026-06-06 18:26:36.126,75,117,127,128,78,39,81,105,141,72,52,50
2026-06-06 18:26:36.127,75,117,118,128,78,39,81,105,141,72,52,50
2026-06-06 18:26:36.128,75,117,118,128,71,22,81,112,158,72,59,58
2026-06-06 18:26:36.174,75,110,118,128,71,22,81,112,158,72,59,58
2026-06-06 18:26:36.175,75,110,111,128,71,22,81,112,158,72,59,58
2026-06-06 18:26:36.176,75,110,111,128,64,18,81,119,162,72,66,66
2026-06-06 18:26:36.226,75,103,111,128,64,18,81,119,162,72,66,66
2026-06-06 18:26:36.227,75,103,102,128,64,18,81,119,162,72,66,66
2026-06-06 18:26:36.228,75,103,102,128,56,27,81,127,153,72,73,75
2026-06-06 18:26:36.276,75,100,102,128,56,27,81,127,153,72,73,75
2026-06-06 18:26:36.276,75,100,108,128,56,27,81,127,153,72,73,75
2026-06-06 18:26:36.277,75,100,108,128,52,42,81,131,138,72,76,69
2026-06-06 18:26:36.325,75,105,108,128,52,42,81,131,138,72,76,69
2026-06-06 18:26:36.326,75,105,138,128,52,42,81,131,138,72,76,69
2026-06-06 18:26:36.326,75,105,138,128,59,50,81,124,130,72,71,39
2026-06-06 18:26:36.375,75,112,138,128,59,50,81,124,130,72,71,39
2026-06-06 18:26:36.376,75,112,155,128,59,50,81,124,130,72,71,39
2026-06-06 18:26:36.377,75,112,155,128,66,58,81,117,122,72,64,22
2026-06-06 18:26:36.424,75,119,155,128,66,58,81,117,122,72,64,22
2026-06-06 18:26:36.425,75,119,159,128,66,58,81,117,122,72,64,22
2026-06-06 18:26:36.425,75,119,159,128,73,66,81,110,114,72,57,18
2026-06-06 18:26:36.476,75,127,159,128,73,66,81,110,114,72,57,18
2026-06-06 18:26:36.478,75,127,150,128,73,66,81,110,114,72,57,18
2026-06-06 18:26:36.479,75,127,150,128,80,75,81,103,105,72,49,27
2026-06-06 18:26:36.525,75,131,150,128,80,75,81,103,105,72,49,27
2026-06-06 18:26:36.526,75,131,134,128,80,75,81,103,105,72,49,27
2026-06-06 18:26:36.528,75,131,134,128,83,68,81,100,112,72,45,42
2026-06-06 18:26:36.576,75,124,134,128,83,68,81,100,112,72,45,42
2026-06-06 18:26:36.577,75,124,126,128,83,68,81,100,112,72,45,42
2026-06-06 18:26:36.578,75,124,126,128,78,38,81,105,142,72,52,51
2026-06-06 18:26:36.626,75,117,126,128,78,38,81,105,142,72,52,51
2026-06-06 18:26:36.627,75,117,119,128,78,38,81,105,142,72,52,51
2026-06-06 18:26:36.627,75,117,119,128,71,22,81,112,158,72,59,58
2026-06-06 18:26:36.675,75,110,119,128,71,22,81,112,158,72,59,58
2026-06-06 18:26:36.675,75,110,111,128,71,22,81,112,158,72,59,58
2026-06-06 18:26:36.677,75,110,111,128,64,18,81,119,162,72,66,66
2026-06-06 18:26:36.725,75,103,111,128,64,18,81,119,162,72,66,66
2026-06-06 18:26:36.725,75,103,103,128,64,18,81,119,162,72,66,66
2026-06-06 18:26:36.726,75,103,103,128,56,26,81,127,154,72,73,74
2026-06-06 18:26:36.775,75,100,103,128,56,26,81,127,154,72,73,74
2026-06-06 18:26:36.776,75,100,108,128,56,26,81,127,154,72,73,74
2026-06-06 18:26:36.777,75,100,108,128,52,42,81,131,138,72,76,69
2026-06-06 18:26:36.825,75,105,108,128,52,42,81,131,138,72,76,69
2026-06-06 18:26:36.826,75,105,138,128,52,42,81,131,138,72,76,69
2026-06-06 18:26:36.827,75,105,138,128,59,50,81,124,130,72,71,39
2026-06-06 18:26:36.875,75,112,138,128,59,50,81,124,130,72,71,39
2026-06-06 18:26:36.876,75,112,155,128,59,50,81,124,130,72,71,39
2026-06-06 18:26:36.876,75,112,155,128,66,58,81,117,122,72,64,22
2026-06-06 18:26:36.926,75,119,155,128,66,58,81,117,122,72,64,22
2026-06-06 18:26:36.927,75,119,159,128,66,58,81,117,122,72,64,22
2026-06-06 18:26:36.927,75,119,159,128,73,66,81,110,114,72,57,18
2026-06-06 18:26:36.977,75,127,159,128,73,66,81,110,114,72,57,18
2026-06-06 18:26:36.977,75,127,150,128,73,66,81,110,114,72,57,18
2026-06-06 18:26:36.978,75,127,150,128,80,75,81,103,105,72,49,27
2026-06-06 18:26:37.025,75,131,150,128,80,75,81,103,105,72,49,27
2026-06-06 18:26:37.026,75,131,135,128,80,75,81,103,105,72,49,27
2026-06-06 18:26:37.027,75,131,135,128,84,69,81,100,111,72,45,42
2026-06-06 18:26:37.075,75,124,135,128,84,69,81,100,111,72,45,42
2026-06-06 18:26:37.076,75,124,127,128,84,69,81,100,111,72,45,42
2026-06-06 18:26:37.077,75,124,127,128,78,39,81,105,141,72,52,50
2026-06-06 18:26:37.126,75,117,127,128,78,39,81,105,141,72,52,50
2026-06-06 18:26:37.127,75,117,119,128,78,39,81,105,141,72,52,50
2026-06-06 18:26:37.127,75,117,119,128,71,22,81,112,158,72,59,58
2026-06-06 18:26:37.174,75,110,119,128,71,22,81,112,158,72,59,58
2026-06-06 18:26:37.175,75,110,111,128,71,22,81,112,158,72,59,58
2026-06-06 18:26:37.176,75,110,111,128,64,18,81,119,162,72,66,66
2026-06-06 18:26:37.227,75,103,111,128,64,18,81,119,162,72,66,66
2026-06-06 18:26:37.227,75,103,102,128,64,18,81,119,162,72,66,66
2026-06-06 18:26:37.227,75,103,102,128,56,27,81,127,153,72,73,75
2026-06-06 18:26:37.275,75,100,102,128,56,27,81,127,153,72,73,75
2026-06-06 18:26:37.276,75,100,108,128,56,27,81,127,153,72,73,75
2026-06-06 18:26:37.277,75,100,108,128,52,42,81,131,138,72,76,68
2026-06-06 18:26:37.326,75,105,108,128,52,42,81,131,138,72,76,68
2026-06-06 18:26:37.327,75,105,139,128,52,42,81,131,138,72,76,68
2026-06-06 18:26:37.328,75,105,139,128,59,50,81,124,130,72,71,38
2026-06-06 18:26:37.376,75,112,139,128,59,50,81,124,130,72,71,38
2026-06-06 18:26:37.377,75,112,155,128,59,50,81,124,130,72,71,38
2026-06-06 18:26:37.377,75,112,155,128,66,59,81,117,121,72,64,22
2026-06-06 18:26:37.425,75,119,155,128,66,59,81,117,121,72,64,22
2026-06-06 18:26:37.425,75,119,159,128,66,59,81,117,121,72,64,22
2026-06-06 18:26:37.427,75,119,159,128,73,66,81,110,114,72,57,18
2026-06-06 18:26:37.475,75,127,159,128,73,66,81,110,114,72,57,18
2026-06-06 18:26:37.476,75,127,151,128,73,66,81,110,114,72,57,18
2026-06-06 18:26:37.477,75,127,151,128,80,74,81,103,106,72,49,26
2026-06-06 18:26:37.525,75,131,151,128,80,74,81,103,106,72,49,26
2026-06-06 18:26:37.527,75,131,134,128,80,74,81,103,106,72,49,26
2026-06-06 18:26:37.528,75,131,134,128,83,68,81,100,112,72,45,42
2026-06-06 18:26:37.576,75,124,134,128,83,68,81,100,112,72,45,42
2026-06-06 18:26:37.577,75,124,126,128,83,68,81,100,112,72,45,42
2026-06-06 18:26:37.578,75,124,126,128,78,38,81,105,142,72,52,50
2026-06-06 18:26:37.626,75,117,126,128,78,38,81,105,142,72,52,50
2026-06-06 18:26:37.626,75,117,118,128,78,38,81,105,142,72,52,50
2026-06-06 18:26:37.627,75,117,118,128,71,22,81,112,158,72,59,58
2026-06-06 18:26:37.676,75,110,118,128,71,22,81,112,158,72,59,58
2026-06-06 18:26:37.677,75,110,110,128,71,22,81,112,158,72,59,58
2026-06-06 18:26:37.678,75,110,110,128,64,18,81,119,162,72,66,67
2026-06-06 18:26:37.725,75,103,110,128,64,18,81,119,162,72,66,67
2026-06-06 18:26:37.726,75,103,103,128,64,18,81,119,162,72,66,67
2026-06-06 18:26:37.726,75,103,103,128,56,26,81,127,154,72,73,74
2026-06-06 18:26:37.776,75,100,103,128,56,26,81,127,154,72,73,74
2026-06-06 18:26:37.776,75,100,109,128,56,26,81,127,154,72,73,74
2026-06-06 18:26:37.777,75,100,109,128,52,42,81,131,138,72,76,68
2026-06-06 18:26:37.826,75,105,109,128,52,42,81,131,138,72,76,68
2026-06-06 18:26:37.827,75,105,139,128,52,42,81,131,138,72,76,68
2026-06-06 18:26:37.828,75,105,139,128,59,51,81,124,129,72,71,38
2026-06-06 18:26:37.876,75,112,139,128,59,51,81,124,129,72,71,38
2026-06-06 18:26:37.877,75,112,155,128,59,51,81,124,129,72,71,38
2026-06-06 18:26:37.877,75,112,155,128,66,58,81,117,122,72,64,22
2026-06-06 18:26:37.925,75,119,155,128,66,58,81,117,122,72,64,22
2026-06-06 18:26:37.926,75,119,159,128,66,58,81,117,122,72,64,22
2026-06-06 18:26:37.927,75,119,159,128,73,66,81,110,114,72,57,18
2026-06-06 18:26:37.976,75,127,159,128,73,66,81,110,114,72,57,18
2026-06-06 18:26:37.977,75,127,151,128,73,66,81,110,114,72,57,18
2026-06-06 18:26:37.977,75,127,151,128,80,74,81,103,106,72,49,26
2026-06-06 18:26:38.025,75,131,151,128,80,74,81,103,106,72,49,26
2026-06-06 18:26:38.026,75,131,135,128,80,74,81,103,106,72,49,26
2026-06-06 18:26:38.027,75,131,135,128,84,69,81,100,111,72,45,42
2026-06-06 18:26:38.076,75,124,135,128,84,69,81,100,111,72,45,42
2026-06-06 18:26:38.077,75,124,126,128,84,69,81,100,111,72,45,42
2026-06-06 18:26:38.077,75,124,126,128,78,39,81,105,141,72,52,50
2026-06-06 18:26:38.126,75,117,126,128,78,39,81,105,141,72,52,50
2026-06-06 18:26:38.127,75,117,118,128,78,39,81,105,141,72,52,50
2026-06-06 18:26:38.127,75,117,118,128,71,22,81,112,158,72,59,58
2026-06-06 18:26:38.176,75,110,118,128,71,22,81,112,158,72,59,58
2026-06-06 18:26:38.177,75,110,110,128,71,22,81,112,158,72,59,58
2026-06-06 18:26:38.178,75,110,110,128,64,18,81,119,162,72,66,67
2026-06-06 18:26:38.225,75,103,110,128,64,18,81,119,162,72,66,67
2026-06-06 18:26:38.227,75,103,103,128,64,18,81,119,162,72,66,67
2026-06-06 18:26:38.227,75,103,103,128,56,26,81,127,154,72,73,74
2026-06-06 18:26:38.274,75,99,103,128,56,26,81,127,154,72,73,74
2026-06-06 18:26:38.275,75,99,108,128,56,26,81,127,154,72,73,74
2026-06-06 18:26:38.276,75,99,108,128,52,42,81,131,138,72,77,69
2026-06-06 18:26:38.326,75,105,108,128,52,42,81,131,138,72,77,69
2026-06-06 18:26:38.327,75,105,138,128,52,42,81,131,138,72,77,69
2026-06-06 18:26:38.327,75,105,138,128,59,50,81,124,130,72,71,39
2026-06-06 18:26:38.375,75,112,138,128,59,50,81,124,130,72,71,39
2026-06-06 18:26:38.376,75,112,155,128,59,50,81,124,130,72,71,39
2026-06-06 18:26:38.377,75,112,155,128,66,58,81,117,122,72,64,22
2026-06-06 18:26:38.424,75,119,155,128,66,58,81,117,122,72,64,22
2026-06-06 18:26:38.425,75,119,159,128,66,58,81,117,122,72,64,22
2026-06-06 18:26:38.426,75,119,159,128,73,66,81,110,114,72,57,18
2026-06-06 18:26:38.474,75,127,159,128,73,66,81,110,114,72,57,18
2026-06-06 18:26:38.476,75,127,151,128,73,66,81,110,114,72,57,18
2026-06-06 18:26:38.476,75,127,151,128,80,74,81,103,106,72,49,26
2026-06-06 18:26:38.524,75,131,151,128,80,74,81,103,106,72,49,26
2026-06-06 18:26:38.524,75,131,135,128,80,74,81,103,106,72,49,26
2026-06-06 18:26:38.525,75,131,135,128,84,70,81,99,110,72,45,42
2026-06-06 18:26:38.576,75,124,135,128,84,70,81,99,110,72,45,42
2026-06-06 18:26:38.576,75,124,126,128,84,70,81,99,110,72,45,42
2026-06-06 18:26:38.577,75,124,126,128,78,38,81,105,142,72,52,51
2026-06-06 18:26:38.624,75,117,126,128,78,38,81,105,142,72,52,51
2026-06-06 18:26:38.625,75,117,119,128,78,38,81,105,142,72,52,51
2026-06-06 18:26:38.626,75,117,119,128,72,22,81,112,158,72,59,58
2026-06-06 18:26:38.676,75,110,119,128,72,22,81,112,158,72,59,58
2026-06-06 18:26:38.676,75,110,111,128,72,22,81,112,158,72,59,58
2026-06-06 18:26:38.677,75,110,111,128,64,18,81,119,162,72,66,66
2026-06-06 18:26:38.726,75,103,111,128,64,18,81,119,162,72,66,66
2026-06-06 18:26:38.727,75,103,103,128,64,18,81,119,162,72,66,66
2026-06-06 18:26:38.727,75,103,103,128,56,26,81,127,154,72,73,74
2026-06-06 18:26:38.776,75,100,103,128,56,26,81,127,154,72,73,74
2026-06-06 18:26:38.776,75,100,108,128,56,26,81,127,154,72,73,74
2026-06-06 18:26:38.777,75,100,108,128,52,42,81,131,138,72,76,68
2026-06-06 18:26:38.826,75,105,108,128,52,42,81,131,138,72,76,68
2026-06-06 18:26:38.826,75,105,138,128,52,42,81,131,138,72,76,68
2026-06-06 18:26:38.827,75,105,138,128,59,50,81,124,130,72,71,39
2026-06-06 18:26:38.875,75,112,138,128,59,50,81,124,130,72,71,39
2026-06-06 18:26:38.876,75,112,155,128,59,50,81,124,130,72,71,39
2026-06-06 18:26:38.877,75,112,155,128,66,58,81,117,122,72,64,22
2026-06-06 18:26:38.926,75,119,155,128,66,58,81,117,122,72,64,22
2026-06-06 18:26:38.927,75,119,159,128,66,58,81,117,122,72,64,22
2026-06-06 18:26:38.927,75,119,159,128,73,66,81,110,114,72,57,18
2026-06-06 18:26:38.974,75,127,159,128,73,66,81,110,114,72,57,18
2026-06-06 18:26:38.975,75,127,151,128,73,66,81,110,114,72,57,18
2026-06-06 18:26:38.976,75,127,151,128,80,74,81,103,106,72,49,26
2026-06-06 18:26:39.026,75,131,151,128,80,74,81,103,106,72,49,26
2026-06-06 18:26:39.026,75,131,135,128,80,74,81,103,106,72,49,26
2026-06-06 18:26:39.027,75,131,135,128,83,68,81,100,112,72,45,42
2026-06-06 18:26:39.076,75,124,135,128,83,68,81,100,112,72,45,42
2026-06-06 18:26:39.077,75,124,127,128,83,68,81,100,112,72,45,42
2026-06-06 18:26:39.077,75,124,127,128,78,39,81,105,141,72,52,50
2026-06-06 18:26:39.125,75,117,127,128,78,39,81,105,141,72,52,50
2026-06-06 18:26:39.125,75,117,119,128,78,39,81,105,141,72,52,50
2026-06-06 18:26:39.127,75,117,119,128,71,22,81,112,158,72,59,58
2026-06-06 18:26:39.175,75,110,119,128,71,22,81,112,158,72,59,58
2026-06-06 18:26:39.176,75,110,111,128,71,22,81,112,158,72,59,58
2026-06-06 18:26:39.177,75,110,111,128,64,18,81,119,162,72,66,66
2026-06-06 18:26:39.226,75,103,111,128,64,18,81,119,162,72,66,66
2026-06-06 18:26:39.226,75,103,103,128,64,18,81,119,162,72,66,66
2026-06-06 18:26:39.227,75,103,103,128,56,26,81,127,154,72,73,74
2026-06-06 18:26:39.275,75,100,103,128,56,26,81,127,154,72,73,74
2026-06-06 18:26:39.277,75,100,109,128,56,26,81,127,154,72,73,74
2026-06-06 18:26:39.277,75,100,109,128,52,42,81,131,138,72,76,68
2026-06-06 18:26:39.326,75,105,109,128,52,42,81,131,138,72,76,68
2026-06-06 18:26:39.326,75,105,138,128,52,42,81,131,138,72,76,68
2026-06-06 18:26:39.328,75,105,138,128,59,50,81,124,130,72,71,39
2026-06-06 18:26:39.377,75,112,138,128,59,50,81,124,130,72,71,39
2026-06-06 18:26:39.377,75,112,155,128,59,50,81,124,130,72,71,39
2026-06-06 18:26:39.377,75,112,155,128,66,58,81,117,122,72,64,22
2026-06-06 18:26:39.424,75,119,155,128,66,58,81,117,122,72,64,22
2026-06-06 18:26:39.426,75,119,159,128,66,58,81,117,122,72,64,22
2026-06-06 18:26:39.427,75,119,159,128,73,66,81,110,114,72,57,18
2026-06-06 18:26:39.474,75,127,159,128,73,66,81,110,114,72,57,18
2026-06-06 18:26:39.474,75,127,151,128,73,66,81,110,114,72,57,18
2026-06-06 18:26:39.475,75,127,151,128,80,74,81,103,106,72,49,26
2026-06-06 18:26:39.526,75,131,151,128,80,74,81,103,106,72,49,26
2026-06-06 18:26:39.527,75,131,135,128,80,74,81,103,106,72,49,26
2026-06-06 18:26:39.528,75,131,135,128,84,68,81,100,112,72,45,42
2026-06-06 18:26:39.575,75,124,135,128,84,68,81,100,112,72,45,42
2026-06-06 18:26:39.575,75,124,127,128,84,68,81,100,112,72,45,42
2026-06-06 18:26:39.576,75,124,127,128,78,39,81,105,141,72,52,50
2026-06-06 18:26:39.626,75,117,127,128,78,39,81,105,141,72,52,50
2026-06-06 18:26:39.626,75,117,119,128,78,39,81,105,141,72,52,50
2026-06-06 18:26:39.627,75,117,119,128,71,22,81,112,158,72,59,58
2026-06-06 18:26:39.675,75,110,119,128,71,22,81,112,158,72,59,58
2026-06-06 18:26:39.676,75,110,111,128,71,22,81,112,158,72,59,58
2026-06-06 18:26:39.677,75,110,111,128,64,18,81,119,162,72,66,66
2026-06-06 18:26:39.724,75,103,111,128,64,18,81,119,162,72,66,66
2026-06-06 18:26:39.725,75,103,103,128,64,18,81,119,162,72,66,66
2026-06-06 18:26:39.726,75,103,103,128,56,26,81,127,154,72,73,74
2026-06-06 18:26:39.774,75,100,103,128,56,26,81,127,154,72,73,74
2026-06-06 18:26:39.775,75,100,108,128,56,26,81,127,154,72,73,74
2026-06-06 18:26:39.776,75,100,108,128,52,42,81,131,138,72,76,69
2026-06-06 18:26:39.825,75,105,108,128,52,42,81,131,138,72,76,69
2026-06-06 18:26:39.825,75,105,138,128,52,42,81,131,138,72,76,69
2026-06-06 18:26:39.826,75,105,138,128,59,50,81,124,130,72,71,39
2026-06-06 18:26:39.874,75,112,138,128,59,50,81,124,130,72,71,39
2026-06-06 18:26:39.875,75,112,155,128,59,50,81,124,130,72,71,39
2026-06-06 18:26:39.876,75,112,155,128,66,58,81,117,122,72,64,22
2026-06-06 18:26:39.923,75,119,155,128,66,58,81,117,122,72,64,22
2026-06-06 18:26:39.924,75,119,159,128,66,58,81,117,122,72,64,22
2026-06-06 18:26:39.924,75,119,159,128,73,66,81,110,114,72,57,18
2026-06-06 18:26:39.976,75,127,159,128,73,66,81,110,114,72,57,18
2026-06-06 18:26:39.977,75,127,150,128,73,66,81,110,114,72,57,18
2026-06-06 18:26:39.978,75,127,150,128,80,74,81,103,106,72,49,26
2026-06-06 18:26:40.025,75,131,150,128,80,74,81,103,106,72,49,26
2026-06-06 18:26:40.026,75,131,135,128,80,74,81,103,106,72,49,26
2026-06-06 18:26:40.026,75,131,135,128,84,68,81,100,112,72,45,42
2026-06-06 18:26:40.074,75,124,135,128,84,68,81,100,112,72,45,42
2026-06-06 18:26:40.075,75,124,127,128,84,68,81,100,112,72,45,42
2026-06-06 18:26:40.076,75,124,127,128,78,39,81,105,141,72,52,50
2026-06-06 18:26:40.124,75,117,127,128,78,39,81,105,141,72,52,50
2026-06-06 18:26:40.125,75,117,119,128,78,39,81,105,141,72,52,50
2026-06-06 18:26:40.126,75,117,119,128,72,22,81,112,158,72,59,58
2026-06-06 18:26:40.176,75,110,119,128,72,22,81,112,158,72,59,58
2026-06-06 18:26:40.177,75,110,110,128,72,22,81,112,158,72,59,58
2026-06-06 18:26:40.178,75,110,110,128,64,18,81,119,162,72,66,66
2026-06-06 18:26:40.227,75,103,110,128,64,18,81,119,162,72,66,66
2026-06-06 18:26:40.227,75,103,102,128,64,18,81,119,162,72,66,66
2026-06-06 18:26:40.228,75,103,102,128,56,27,81,127,153,72,73,75
2026-06-06 18:26:40.274,75,99,102,128,56,27,81,127,153,72,73,75
2026-06-06 18:26:40.274,75,99,107,128,56,27,81,127,153,72,73,75
2026-06-06 18:26:40.275,75,99,107,128,52,42,81,131,138,72,77,70
2026-06-06 18:26:40.325,75,105,107,128,52,42,81,131,138,72,77,70
2026-06-06 18:26:40.326,75,105,138,128,52,42,81,131,138,72,77,70
2026-06-06 18:26:40.328,75,105,138,128,59,50,81,124,130,72,71,39
2026-06-06 18:26:40.371,75,111,138,128,59,50,81,124,130,72,71,39
2026-06-06 18:26:40.371,75,111,154,128,59,50,81,124,130,72,71,39
2026-06-06 18:26:40.373,75,111,154,128,66,58,81,118,122,72,65,23
2026-06-06 18:26:40.423,75,119,154,128,66,58,81,118,122,72,65,23
2026-06-06 18:26:40.424,75,119,159,128,66,58,81,118,122,72,65,23
2026-06-06 18:26:40.425,75,119,159,128,73,66,81,110,114,72,57,18
2026-06-06 18:26:40.471,75,126,159,128,73,66,81,110,114,72,57,18
2026-06-06 18:26:40.472,75,126,152,128,73,66,81,110,114,72,57,18
2026-06-06 18:26:40.472,75,126,152,128,80,74,81,104,106,72,50,25
2026-06-06 18:26:40.516,75,132,152,128,80,74,81,104,106,72,50,25
2026-06-06 18:26:40.518,75,132,136,128,80,74,81,104,106,72,50,25
2026-06-06 18:26:40.518,75,132,136,128,84,74,81,99,106,72,44,41
2026-06-06 18:26:40.559,75,126,136,128,84,74,81,99,106,72,44,41
2026-06-06 18:26:40.561,75,126,129,128,84,74,81,99,106,72,44,41
2026-06-06 18:26:40.562,75,126,129,128,80,46,81,103,134,72,50,48
2026-06-06 18:26:40.606,75,120,129,128,80,46,81,103,134,72,50,48
2026-06-06 18:26:40.607,75,120,122,128,80,46,81,103,134,72,50,48
2026-06-06 18:26:40.608,75,120,122,128,74,27,81,109,153,72,56,55
2026-06-06 18:26:40.656,75,113,122,128,74,27,81,109,153,72,56,55
2026-06-06 18:26:40.657,75,113,114,128,74,27,81,109,153,72,56,55
2026-06-06 18:26:40.657,75,113,114,128,67,18,81,116,162,72,63,63
2026-06-06 18:26:40.704,75,106,114,128,67,18,81,116,162,72,63,63
2026-06-06 18:26:40.704,75,106,106,128,67,18,81,116,162,72,63,63
2026-06-06 18:26:40.705,75,106,106,128,60,21,81,123,159,72,70,71
2026-06-06 18:26:40.756,75,99,106,128,60,21,81,123,159,72,70,71
2026-06-06 18:26:40.756,75,99,98,128,60,21,81,123,159,72,70,71
2026-06-06 18:26:40.757,75,99,98,128,51,38,81,132,142,72,77,79
2026-06-06 18:26:40.808,75,103,98,128,51,38,81,132,142,72,77,79
2026-06-06 18:26:40.809,75,103,129,128,51,38,81,132,142,72,77,79
2026-06-06 18:26:40.809,75,103,129,128,57,48,81,126,132,72,73,48
2026-06-06 18:26:40.860,75,110,129,128,57,48,81,126,132,72,73,48
2026-06-06 18:26:40.861,75,110,151,128,57,48,81,126,132,72,73,48
2026-06-06 18:26:40.861,75,110,151,128,64,56,81,119,124,72,66,26
2026-06-06 18:26:40.910,75,116,151,128,64,56,81,119,124,72,66,26
2026-06-06 18:26:40.911,75,116,159,128,64,56,81,119,124,72,66,26
2026-06-06 18:26:40.911,75,116,159,128,71,64,81,112,116,72,60,18
2026-06-06 18:26:40.960,75,124,159,128,71,64,81,112,116,72,60,18
2026-06-06 18:26:40.961,75,124,155,128,71,64,81,112,116,72,60,18
2026-06-06 18:26:40.961,75,124,155,128,78,72,81,105,108,72,52,22
2026-06-06 18:26:41.009,75,133,155,128,78,72,81,105,108,72,52,22
2026-06-06 18:26:41.010,75,133,138,128,78,72,81,105,108,72,52,22
2026-06-06 18:26:41.010,75,133,138,128,85,80,81,98,100,72,43,39
2026-06-06 18:26:41.060,75,126,138,128,85,80,81,98,100,72,43,39
2026-06-06 18:26:41.060,75,126,129,128,85,80,81,98,100,72,43,39
2026-06-06 18:26:41.061,75,126,129,128,80,47,81,103,133,72,50,48
2026-06-06 18:26:41.107,75,119,129,128,80,47,81,103,133,72,50,48
2026-06-06 18:26:41.108,75,119,122,128,80,47,81,103,133,72,50,48
2026-06-06 18:26:41.109,75,119,122,128,74,26,81,109,154,72,57,56
2026-06-06 18:26:41.158,75,112,122,128,74,26,81,109,154,72,57,56
2026-06-06 18:26:41.159,75,112,113,128,74,26,81,109,154,72,57,56
2026-06-06 18:26:41.160,75,112,113,128,67,18,81,116,162,72,64,64
2026-06-06 18:26:41.209,75,105,113,128,67,18,81,116,162,72,64,64
2026-06-06 18:26:41.209,75,105,105,128,67,18,81,116,162,72,64,64
2026-06-06 18:26:41.210,75,105,105,128,59,22,81,124,158,72,71,72
2026-06-06 18:26:41.258,75,98,105,128,59,22,81,124,158,72,71,72
2026-06-06 18:26:41.259,75,98,97,128,59,22,81,124,158,72,71,72
2026-06-06 18:26:41.259,75,98,97,128,50,39,81,133,141,72,78,80
2026-06-06 18:26:41.308,75,103,97,128,50,39,81,133,141,72,78,80
2026-06-06 18:26:41.308,75,103,129,128,50,39,81,133,141,72,78,80
2026-06-06 18:26:41.309,75,103,129,128,57,48,81,126,132,72,73,48
2026-06-06 18:26:41.359,75,110,129,128,57,48,81,126,132,72,73,48
2026-06-06 18:26:41.360,75,110,151,128,57,48,81,126,132,72,73,48
2026-06-06 18:26:41.361,75,110,151,128,64,56,81,119,124,72,66,26
2026-06-06 18:26:41.407,75,116,151,128,64,56,81,119,124,72,66,26
2026-06-06 18:26:41.408,75,116,159,128,64,56,81,119,124,72,66,26
2026-06-06 18:26:41.409,75,116,159,128,71,64,81,112,116,72,60,18
2026-06-06 18:26:41.460,75,124,159,128,71,64,81,112,116,72,60,18
2026-06-06 18:26:41.461,75,124,155,128,71,64,81,112,116,72,60,18
2026-06-06 18:26:41.461,75,124,155,128,78,72,81,105,108,72,52,22
2026-06-06 18:26:41.510,75,133,155,128,78,72,81,105,108,72,52,22
2026-06-06 18:26:41.511,75,133,138,128,78,72,81,105,108,72,52,22
2026-06-06 18:26:41.511,75,133,138,128,85,80,81,98,100,72,43,39
2026-06-06 18:26:41.560,75,126,138,128,85,80,81,98,100,72,43,39
2026-06-06 18:26:41.560,75,126,129,128,85,80,81,98,100,72,43,39
2026-06-06 18:26:41.561,75,126,129,128,80,47,81,103,133,72,50,48
2026-06-06 18:26:41.609,75,119,129,128,80,47,81,103,133,72,50,48
2026-06-06 18:26:41.610,75,119,121,128,80,47,81,103,133,72,50,48
2026-06-06 18:26:41.610,75,119,121,128,74,26,81,109,154,72,57,56
2026-06-06 18:26:41.658,75,112,121,128,74,26,81,109,154,72,57,56
2026-06-06 18:26:41.659,75,112,113,128,74,26,81,109,154,72,57,56
2026-06-06 18:26:41.659,75,112,113,128,67,18,81,116,162,72,64,64
2026-06-06 18:26:41.709,75,105,113,128,67,18,81,116,162,72,64,64
2026-06-06 18:26:41.710,75,105,105,128,67,18,81,116,162,72,64,64
2026-06-06 18:26:41.710,75,105,105,128,59,22,81,124,158,72,71,72
2026-06-06 18:26:41.757,75,98,105,128,59,22,81,124,158,72,71,72
2026-06-06 18:26:41.758,75,98,98,128,59,22,81,124,158,72,71,72
2026-06-06 18:26:41.759,75,98,98,128,51,38,81,132,142,72,78,79
2026-06-06 18:26:41.809,75,103,98,128,51,38,81,132,142,72,78,79
2026-06-06 18:26:41.809,75,103,130,128,51,38,81,132,142,72,78,79
2026-06-06 18:26:41.810,75,103,130,128,57,48,81,126,132,72,73,48
2026-06-06 18:26:41.858,75,109,130,128,57,48,81,126,132,72,73,48
2026-06-06 18:26:41.858,75,109,150,128,57,48,81,126,132,72,73,48
2026-06-06 18:26:41.859,75,109,150,128,64,56,81,119,124,72,67,26
2026-06-06 18:26:41.909,75,116,150,128,64,56,81,119,124,72,67,26
2026-06-06 18:26:41.910,75,116,159,128,64,56,81,119,124,72,67,26
2026-06-06 18:26:41.911,75,116,159,128,71,64,81,112,116,72,60,18
2026-06-06 18:26:41.959,75,124,159,128,71,64,81,112,116,72,60,18
2026-06-06 18:26:41.959,75,124,155,128,71,64,81,112,116,72,60,18
2026-06-06 18:26:41.959,75,124,155,128,78,72,81,105,108,72,52,22
2026-06-06 18:26:42.009,75,133,155,128,78,72,81,105,108,72,52,22
2026-06-06 18:26:42.009,75,133,138,128,78,72,81,105,108,72,52,22
2026-06-06 18:26:42.009,75,133,138,128,85,80,81,98,100,72,43,39
2026-06-06 18:26:42.059,75,126,138,128,85,80,81,98,100,72,43,39
2026-06-06 18:26:42.059,75,126,129,128,85,80,81,98,100,72,43,39
2026-06-06 18:26:42.061,75,126,129,128,80,48,81,103,132,72,50,48
2026-06-06 18:26:42.109,75,119,129,128,80,48,81,103,132,72,50,48
2026-06-06 18:26:42.110,75,119,121,128,80,48,81,103,132,72,50,48
2026-06-06 18:26:42.111,75,119,121,128,74,26,81,109,154,72,57,56
2026-06-06 18:26:42.159,75,112,121,128,74,26,81,109,154,72,57,56
2026-06-06 18:26:42.160,75,112,113,128,74,26,81,109,154,72,57,56
2026-06-06 18:26:42.161,75,112,113,128,67,18,81,116,162,72,64,64
2026-06-06 18:26:42.210,75,105,113,128,67,18,81,116,162,72,64,64
2026-06-06 18:26:42.211,75,105,105,128,67,18,81,116,162,72,64,64
2026-06-06 18:26:42.211,75,105,105,128,59,22,81,124,158,72,71,72
2026-06-06 18:26:42.259,75,98,105,128,59,22,81,124,158,72,71,72
2026-06-06 18:26:42.260,75,98,97,128,59,22,81,124,158,72,71,72
2026-06-06 18:26:42.260,75,98,97,128,50,40,81,133,140,72,78,80
2026-06-06 18:26:42.308,75,103,97,128,50,40,81,133,140,72,78,80
2026-06-06 18:26:42.309,75,103,129,128,50,40,81,133,140,72,78,80
2026-06-06 18:26:42.310,75,103,129,128,57,48,81,126,132,72,73,48
2026-06-06 18:26:42.356,75,109,129,128,57,48,81,126,132,72,73,48
2026-06-06 18:26:42.356,75,109,150,128,57,48,81,126,132,72,73,48
2026-06-06 18:26:42.357,75,109,150,128,63,55,81,120,125,72,67,27
2026-06-06 18:26:42.410,75,116,150,128,63,55,81,120,125,72,67,27
2026-06-06 18:26:42.410,75,116,159,128,63,55,81,120,125,72,67,27
2026-06-06 18:26:42.411,75,116,159,128,71,64,81,112,116,72,60,18
2026-06-06 18:26:42.457,75,124,159,128,71,64,81,112,116,72,60,18
2026-06-06 18:26:42.458,75,124,155,128,71,64,81,112,116,72,60,18
2026-06-06 18:26:42.459,75,124,155,128,78,72,81,106,108,72,52,22
2026-06-06 18:26:42.509,75,133,155,128,78,72,81,106,108,72,52,22
2026-06-06 18:26:42.509,75,133,138,128,78,72,81,106,108,72,52,22
2026-06-06 18:26:42.509,75,133,138,128,85,80,81,98,100,72,43,39
2026-06-06 18:26:42.560,75,126,138,128,85,80,81,98,100,72,43,39
2026-06-06 18:26:42.560,75,126,129,128,85,80,81,98,100,72,43,39
2026-06-06 18:26:42.561,75,126,129,128,80,47,81,103,133,72,50,48
2026-06-06 18:26:42.610,75,119,129,128,80,47,81,103,133,72,50,48
2026-06-06 18:26:42.611,75,119,121,128,80,47,81,103,133,72,50,48
2026-06-06 18:26:42.612,75,119,121,128,74,26,81,109,154,72,57,56
2026-06-06 18:26:42.659,75,112,121,128,74,26,81,109,154,72,57,56
2026-06-06 18:26:42.660,75,112,113,128,74,26,81,109,154,72,57,56
2026-06-06 18:26:42.660,75,112,113,128,67,18,81,116,162,72,64,64
2026-06-06 18:26:42.706,75,106,113,128,67,18,81,116,162,72,64,64
2026-06-06 18:26:42.706,75,106,106,128,67,18,81,116,162,72,64,64
2026-06-06 18:26:42.707,75,106,106,128,59,21,81,124,159,72,70,71
2026-06-06 18:26:42.760,75,98,106,128,59,21,81,124,159,72,70,71
2026-06-06 18:26:42.761,75,98,97,128,59,21,81,124,159,72,70,71
2026-06-06 18:26:42.761,75,98,97,128,50,40,81,133,140,72,78,80
2026-06-06 18:26:42.808,75,103,97,128,50,40,81,133,140,72,78,80
2026-06-06 18:26:42.809,75,103,130,128,50,40,81,133,140,72,78,80
2026-06-06 18:26:42.809,75,103,130,128,57,48,81,126,132,72,73,48
2026-06-06 18:26:42.859,75,109,130,128,57,48,81,126,132,72,73,48
2026-06-06 18:26:42.859,75,109,151,128,57,48,81,126,132,72,73,48
2026-06-06 18:26:42.860,75,109,151,128,64,56,81,119,124,72,67,26
2026-06-06 18:26:42.907,75,116,151,128,64,56,81,119,124,72,67,26
2026-06-06 18:26:42.907,75,116,159,128,64,56,81,119,124,72,67,26
2026-06-06 18:26:42.908,75,116,159,128,70,63,81,112,117,72,60,18
2026-06-06 18:26:42.959,75,124,159,128,70,63,81,112,117,72,60,18
2026-06-06 18:26:42.960,75,124,155,128,70,63,81,112,117,72,60,18
2026-06-06 18:26:42.960,75,124,155,128,78,72,81,105,108,72,52,22
2026-06-06 18:26:43.007,75,132,155,128,78,72,81,105,108,72,52,22
2026-06-06 18:26:43.008,75,132,138,128,78,72,81,105,108,72,52,22
2026-06-06 18:26:43.009,75,132,138,128,85,80,81,98,100,72,44,39
2026-06-06 18:26:43.059,75,126,138,128,85,80,81,98,100,72,44,39
2026-06-06 18:26:43.060,75,126,129,128,85,80,81,98,100,72,44,39
2026-06-06 18:26:43.060,75,126,129,128,80,47,81,103,133,72,50,48
2026-06-06 18:26:43.110,75,119,129,128,80,47,81,103,133,72,50,48
2026-06-06 18:26:43.110,75,119,121,128,80,47,81,103,133,72,50,48
2026-06-06 18:26:43.111,75,119,121,128,74,26,81,109,154,72,57,56
2026-06-06 18:26:43.158,75,112,121,128,74,26,81,109,154,72,57,56
2026-06-06 18:26:43.159,75,112,113,128,74,26,81,109,154,72,57,56
2026-06-06 18:26:43.159,75,112,113,128,67,18,81,116,162,72,64,64
2026-06-06 18:26:43.209,75,105,113,128,67,18,81,116,162,72,64,64
2026-06-06 18:26:43.211,75,105,105,128,67,18,81,116,162,72,64,64
2026-06-06 18:26:43.211,75,105,105,128,59,22,81,124,158,72,71,72
2026-06-06 18:26:43.259,75,98,105,128,59,22,81,124,158,72,71,72
2026-06-06 18:26:43.260,75,98,97,128,59,22,81,124,158,72,71,72
2026-06-06 18:26:43.260,75,98,97,128,50,39,81,133,141,72,78,80
2026-06-06 18:26:43.310,75,103,97,128,50,39,81,133,141,72,78,80
2026-06-06 18:26:43.310,75,103,130,128,50,39,81,133,141,72,78,80
2026-06-06 18:26:43.311,75,103,130,128,57,48,81,126,132,72,73,47
2026-06-06 18:26:43.360,75,110,130,128,57,48,81,126,132,72,73,47
2026-06-06 18:26:43.361,75,110,151,128,57,48,81,126,132,72,73,47
2026-06-06 18:26:43.362,75,110,151,128,64,56,81,119,124,72,66,26
2026-06-06 18:26:43.410,75,116,151,128,64,56,81,119,124,72,66,26
2026-06-06 18:26:43.410,75,116,159,128,64,56,81,119,124,72,66,26
2026-06-06 18:26:43.410,75,116,159,128,71,64,81,112,116,72,60,18
2026-06-06 18:26:43.458,75,124,159,128,71,64,81,112,116,72,60,18
2026-06-06 18:26:43.459,75,124,155,128,71,64,81,112,116,72,60,18
2026-06-06 18:26:43.459,75,124,155,128,78,72,81,105,108,72,52,22
2026-06-06 18:26:43.510,75,133,155,128,78,72,81,105,108,72,52,22
2026-06-06 18:26:43.510,75,133,138,128,78,72,81,105,108,72,52,22
2026-06-06 18:26:43.511,75,133,138,128,85,80,81,98,100,72,43,40
2026-06-06 18:26:43.559,75,126,138,128,85,80,81,98,100,72,43,40
2026-06-06 18:26:43.561,75,126,129,128,85,80,81,98,100,72,43,40
2026-06-06 18:26:43.561,75,126,129,128,80,47,81,103,133,72,50,48
2026-06-06 18:26:43.610,75,119,129,128,80,47,81,103,133,72,50,48
2026-06-06 18:26:43.611,75,119,121,128,80,47,81,103,133,72,50,48
2026-06-06 18:26:43.611,75,119,121,128,74,26,81,109,154,72,57,56
2026-06-06 18:26:43.659,75,112,121,128,74,26,81,109,154,72,57,56
2026-06-06 18:26:43.659,75,112,113,128,74,26,81,109,154,72,57,56
2026-06-06 18:26:43.659,75,112,113,128,67,18,81,116,162,72,64,64
2026-06-06 18:26:43.709,75,105,113,128,67,18,81,116,162,72,64,64
2026-06-06 18:26:43.709,75,105,105,128,67,18,81,116,162,72,64,64
2026-06-06 18:26:43.710,75,105,105,128,59,22,81,124,158,72,71,72
2026-06-06 18:26:43.760,75,98,105,128,59,22,81,124,158,72,71,72
2026-06-06 18:26:43.761,75,98,97,128,59,22,81,124,158,72,71,72
2026-06-06 18:26:43.761,75,98,97,128,50,39,81,133,141,72,78,80
2026-06-06 18:26:43.807,75,103,97,128,50,39,81,133,141,72,78,80
2026-06-06 18:26:43.808,75,103,129,128,50,39,81,133,141,72,78,80
2026-06-06 18:26:43.809,75,103,129,128,56,48,81,126,132,72,73,48
2026-06-06 18:26:43.859,75,109,129,128,56,48,81,126,132,72,73,48
2026-06-06 18:26:43.860,75,109,151,128,56,48,81,126,132,72,73,48
2026-06-06 18:26:43.861,75,109,151,128,64,56,81,119,124,72,67,26
2026-06-06 18:26:43.909,75,116,151,128,64,56,81,119,124,72,67,26
2026-06-06 18:26:43.910,75,116,159,128,64,56,81,119,124,72,67,26
2026-06-06 18:26:43.910,75,116,159,128,71,64,81,112,116,72,60,18
2026-06-06 18:26:43.959,75,124,159,128,71,64,81,112,116,72,60,18
2026-06-06 18:26:43.959,75,124,155,128,71,64,81,112,116,72,60,18
2026-06-06 18:26:43.960,75,124,155,128,78,72,81,105,108,72,52,22
2026-06-06 18:26:44.010,75,133,155,128,78,72,81,105,108,72,52,22
2026-06-06 18:26:44.011,75,133,138,128,78,72,81,105,108,72,52,22
2026-06-06 18:26:44.011,75,133,138,128,85,80,81,98,100,72,43,40
2026-06-06 18:26:44.059,75,126,138,128,85,80,81,98,100,72,43,40
2026-06-06 18:26:44.061,75,126,129,128,85,80,81,98,100,72,43,40
2026-06-06 18:26:44.061,75,126,129,128,80,47,81,103,133,72,50,48
2026-06-06 18:26:44.109,75,119,129,128,80,47,81,103,133,72,50,48
2026-06-06 18:26:44.109,75,119,121,128,80,47,81,103,133,72,50,48
2026-06-06 18:26:44.110,75,119,121,128,74,26,81,109,154,72,57,56
2026-06-06 18:26:44.160,75,112,121,128,74,26,81,109,154,72,57,56
2026-06-06 18:26:44.161,75,112,113,128,74,26,81,109,154,72,57,56
2026-06-06 18:26:44.161,75,112,113,128,67,18,81,116,162,72,64,64
2026-06-06 18:26:44.209,75,105,113,128,67,18,81,116,162,72,64,64
2026-06-06 18:26:44.209,75,105,105,128,67,18,81,116,162,72,64,64
2026-06-06 18:26:44.210,75,105,105,128,59,22,81,124,158,72,71,72
2026-06-06 18:26:44.260,75,98,105,128,59,22,81,124,158,72,71,72
2026-06-06 18:26:44.261,75,98,97,128,59,22,81,124,158,72,71,72
2026-06-06 18:26:44.261,75,98,97,128,50,39,81,133,141,72,78,80
2026-06-06 18:26:44.308,75,103,97,128,50,39,81,133,141,72,78,80
2026-06-06 18:26:44.309,75,103,129,128,50,39,81,133,141,72,78,80
2026-06-06 18:26:44.310,75,103,129,128,57,48,81,126,132,72,73,48
2026-06-06 18:26:44.359,75,109,129,128,57,48,81,126,132,72,73,48
2026-06-06 18:26:44.359,75,109,151,128,57,48,81,126,132,72,73,48
2026-06-06 18:26:44.360,75,109,151,128,64,56,81,119,124,72,67,26
2026-06-06 18:26:44.408,75,116,151,128,64,56,81,119,124,72,67,26
2026-06-06 18:26:44.409,75,116,159,128,64,56,81,119,124,72,67,26
2026-06-06 18:26:44.410,75,116,159,128,71,64,81,112,116,72,60,18
2026-06-06 18:26:44.459,75,124,159,128,71,64,81,112,116,72,60,18
2026-06-06 18:26:44.460,75,124,155,128,71,64,81,112,116,72,60,18
2026-06-06 18:26:44.460,75,124,155,128,78,72,81,105,108,72,52,22
2026-06-06 18:26:44.508,75,132,155,128,78,72,81,105,108,72,52,22
2026-06-06 18:26:44.509,75,132,138,128,78,72,81,105,108,72,52,22
2026-06-06 18:26:44.509,75,132,138,128,85,80,81,98,100,72,44,39
2026-06-06 18:26:44.559,75,126,138,128,85,80,81,98,100,72,44,39
2026-06-06 18:26:44.560,75,126,129,128,85,80,81,98,100,72,44,39
2026-06-06 18:26:44.561,75,126,129,128,80,47,81,103,133,72,50,48
2026-06-06 18:26:44.608,75,119,129,128,80,47,81,103,133,72,50,48
2026-06-06 18:26:44.609,75,119,121,128,80,47,81,103,133,72,50,48
2026-06-06 18:26:44.609,75,119,121,128,74,26,81,109,154,72,57,56
2026-06-06 18:26:44.660,75,112,121,128,74,26,81,109,154,72,57,56
2026-06-06 18:26:44.661,75,112,113,128,74,26,81,109,154,72,57,56
2026-06-06 18:26:44.661,75,112,113,128,66,18,81,116,162,72,64,64
2026-06-06 18:26:44.709,75,105,113,128,66,18,81,116,162,72,64,64
2026-06-06 18:26:44.709,75,105,105,128,66,18,81,116,162,72,64,64
2026-06-06 18:26:44.710,75,105,105,128,59,22,81,124,158,72,71,72
2026-06-06 18:26:44.759,75,98,105,128,59,22,81,124,158,72,71,72
2026-06-06 18:26:44.759,75,98,97,128,59,22,81,124,158,72,71,72
2026-06-06 18:26:44.760,75,98,97,128,50,39,81,133,141,72,78,80
2026-06-06 18:26:44.809,75,103,97,128,50,39,81,133,141,72,78,80
2026-06-06 18:26:44.809,75,103,129,128,50,39,81,133,141,72,78,80
2026-06-06 18:26:44.810,75,103,129,128,57,48,81,126,132,72,73,48
2026-06-06 18:26:44.859,75,109,129,128,57,48,81,126,132,72,73,48
2026-06-06 18:26:44.861,75,109,151,128,57,48,81,126,132,72,73,48
2026-06-06 18:26:44.861,75,109,151,128,64,56,81,119,124,72,67,26
2026-06-06 18:26:44.909,75,116,151,128,64,56,81,119,124,72,67,26
2026-06-06 18:26:44.909,75,116,159,128,64,56,81,119,124,72,67,26
2026-06-06 18:26:44.909,75,116,159,128,71,64,81,112,116,72,60,18
2026-06-06 18:26:44.959,75,124,159,128,71,64,81,112,116,72,60,18
2026-06-06 18:26:44.959,75,124,155,128,71,64,81,112,116,72,60,18
2026-06-06 18:26:44.960,75,124,155,128,78,72,81,105,108,72,52,22
2026-06-06 18:26:45.009,75,133,155,128,78,72,81,105,108,72,52,22
2026-06-06 18:26:45.010,75,133,138,128,78,72,81,105,108,72,52,22
2026-06-06 18:26:45.011,75,133,138,128,85,80,81,98,100,72,43,39
2026-06-06 18:26:45.059,75,126,138,128,85,80,81,98,100,72,43,39
2026-06-06 18:26:45.060,75,126,129,128,85,80,81,98,100,72,43,39
2026-06-06 18:26:45.060,75,126,129,128,80,47,81,103,133,72,50,48
2026-06-06 18:26:45.109,75,119,129,128,80,47,81,103,133,72,50,48
2026-06-06 18:26:45.110,75,119,121,128,80,47,81,103,133,72,50,48
2026-06-06 18:26:45.111,75,119,121,128,74,26,81,109,154,72,57,56
2026-06-06 18:26:45.158,75,112,121,128,74,26,81,109,154,72,57,56
2026-06-06 18:26:45.158,75,112,114,128,74,26,81,109,154,72,57,56
2026-06-06 18:26:45.159,75,112,114,128,67,18,81,116,162,72,64,64
2026-06-06 18:26:45.210,75,105,114,128,67,18,81,116,162,72,64,64
2026-06-06 18:26:45.210,75,105,105,128,67,18,81,116,162,72,64,64
2026-06-06 18:26:45.211,75,105,105,128,59,22,81,124,158,72,71,72
2026-06-06 18:26:45.259,75,98,105,128,59,22,81,124,158,72,71,72
2026-06-06 18:26:45.260,75,98,97,128,59,22,81,124,158,72,71,72
2026-06-06 18:26:45.260,75,98,97,128,50,39,81,133,141,72,78,80
2026-06-06 18:26:45.307,75,103,97,128,50,39,81,133,141,72,78,80
2026-06-06 18:26:45.308,75,103,129,128,50,39,81,133,141,72,78,80
2026-06-06 18:26:45.308,75,103,129,128,56,48,81,126,132,72,73,48
2026-06-06 18:26:45.359,75,109,129,128,56,48,81,126,132,72,73,48
2026-06-06 18:26:45.360,75,109,151,128,56,48,81,126,132,72,73,48
2026-06-06 18:26:45.360,75,109,151,128,64,56,81,119,124,72,67,26
2026-06-06 18:26:45.405,75,116,151,128,64,56,81,119,124,72,67,26
2026-06-06 18:26:45.406,75,116,159,128,64,56,81,119,124,72,67,26
2026-06-06 18:26:45.406,75,116,159,128,70,63,81,113,117,72,60,18
2026-06-06 18:26:45.457,75,124,159,128,70,63,81,113,117,72,60,18
2026-06-06 18:26:45.457,75,124,156,128,70,63,81,113,117,72,60,18
2026-06-06 18:26:45.458,75,124,156,128,77,71,81,106,109,72,52,22
2026-06-06 18:26:45.507,75,132,156,128,77,71,81,106,109,72,52,22
2026-06-06 18:26:45.507,75,132,139,128,77,71,81,106,109,72,52,22
2026-06-06 18:26:45.508,75,132,139,128,84,79,81,98,101,72,44,38
2026-06-06 18:26:45.557,75,127,139,128,84,79,81,98,101,72,44,38
2026-06-06 18:26:45.557,75,127,130,128,84,79,81,98,101,72,44,38
2026-06-06 18:26:45.558,75,127,130,128,80,49,81,103,131,72,49,47
2026-06-06 18:26:45.609,75,119,130,128,80,49,81,103,131,72,49,47
2026-06-06 18:26:45.609,75,119,121,128,80,49,81,103,131,72,49,47
2026-06-06 18:26:45.610,75,119,121,128,74,26,81,109,154,72,57,56
2026-06-06 18:26:45.656,75,113,121,128,74,26,81,109,154,72,57,56
2026-06-06 18:26:45.657,75,113,114,128,74,26,81,109,154,72,57,56
2026-06-06 18:26:45.657,75,113,114,128,67,18,81,116,162,72,63,63
2026-06-06 18:26:45.706,75,106,114,128,67,18,81,116,162,72,63,63
2026-06-06 18:26:45.706,75,106,106,128,67,18,81,116,162,72,63,63
2026-06-06 18:26:45.707,75,106,106,128,59,21,81,124,159,72,70,71
2026-06-06 18:26:45.752,75,99,106,128,59,21,81,124,159,72,70,71
2026-06-06 18:26:45.752,75,99,98,128,59,21,81,124,159,72,70,71
2026-06-06 18:26:45.753,75,99,98,128,51,36,81,132,144,72,77,79
2026-06-06 18:26:45.793,75,101,98,128,51,36,81,132,144,72,77,79
2026-06-06 18:26:45.793,75,101,120,128,51,36,81,132,144,72,77,79
2026-06-06 18:26:45.794,75,101,120,128,55,45,81,128,135,72,75,57
2026-06-06 18:26:45.840,75,107,120,128,55,45,81,128,135,72,75,57
2026-06-06 18:26:45.841,75,107,144,128,55,45,81,128,135,72,75,57
2026-06-06 18:26:45.841,75,107,144,128,61,53,81,122,127,72,69,33
2026-06-06 18:26:45.886,75,113,144,128,61,53,81,122,127,72,69,33
2026-06-06 18:26:45.887,75,113,157,128,61,53,81,122,127,72,69,33
2026-06-06 18:26:45.888,75,113,157,128,68,60,81,115,120,72,63,20
2026-06-06 18:26:45.933,75,120,157,128,68,60,81,115,120,72,63,20
2026-06-06 18:26:45.933,75,120,159,128,68,60,81,115,120,72,63,20
2026-06-06 18:26:45.933,75,120,159,128,74,68,81,109,112,72,56,18
2026-06-06 18:26:45.977,75,127,159,128,74,68,81,109,112,72,56,18
2026-06-06 18:26:45.978,75,127,150,128,74,68,81,109,112,72,56,18
2026-06-06 18:26:45.979,75,127,150,128,80,75,81,103,105,72,49,27
2026-06-06 18:26:46.026,75,131,150,128,80,75,81,103,105,72,49,27
2026-06-06 18:26:46.026,75,131,135,128,80,75,81,103,105,72,49,27
2026-06-06 18:26:46.027,75,131,135,128,84,69,81,100,111,72,45,42
2026-06-06 18:26:46.076,75,124,135,128,84,69,81,100,111,72,45,42
2026-06-06 18:26:46.076,75,124,127,128,84,69,81,100,111,72,45,42
2026-06-06 18:26:46.077,75,124,127,128,78,39,81,105,141,72,52,50
2026-06-06 18:26:46.126,75,117,127,128,78,39,81,105,141,72,52,50
2026-06-06 18:26:46.127,75,117,119,128,78,39,81,105,141,72,52,50
2026-06-06 18:26:46.127,75,117,119,128,71,22,81,112,158,72,59,58
2026-06-06 18:26:46.174,75,110,119,128,71,22,81,112,158,72,59,58
2026-06-06 18:26:46.174,75,110,111,128,71,22,81,112,158,72,59,58
2026-06-06 18:26:46.175,75,110,111,128,64,18,81,119,162,72,66,66
2026-06-06 18:26:46.225,75,103,111,128,64,18,81,119,162,72,66,66
2026-06-06 18:26:46.226,75,103,103,128,64,18,81,119,162,72,66,66
2026-06-06 18:26:46.227,75,103,103,128,56,26,81,127,154,72,73,74
2026-06-06 18:26:46.275,75,100,103,128,56,26,81,127,154,72,73,74
2026-06-06 18:26:46.276,75,100,108,128,56,26,81,127,154,72,73,74
2026-06-06 18:26:46.278,75,100,108,128,52,42,81,131,138,72,76,68
2026-06-06 18:26:46.325,75,105,108,128,52,42,81,131,138,72,76,68
2026-06-06 18:26:46.326,75,105,138,128,52,42,81,131,138,72,76,68
2026-06-06 18:26:46.327,75,105,138,128,59,50,81,124,130,72,71,39
2026-06-06 18:26:46.375,75,112,138,128,59,50,81,124,130,72,71,39
2026-06-06 18:26:46.375,75,112,155,128,59,50,81,124,130,72,71,39
2026-06-06 18:26:46.376,75,112,155,128,66,58,81,117,122,72,64,22
2026-06-06 18:26:46.426,75,119,155,128,66,58,81,117,122,72,64,22
2026-06-06 18:26:46.426,75,119,159,128,66,58,81,117,122,72,64,22
2026-06-06 18:26:46.428,75,119,159,128,73,66,81,110,114,72,57,18
2026-06-06 18:26:46.476,75,127,159,128,73,66,81,110,114,72,57,18
2026-06-06 18:26:46.476,75,127,151,128,73,66,81,110,114,72,57,18
2026-06-06 18:26:46.477,75,127,151,128,80,74,81,103,106,72,49,26
2026-06-06 18:26:46.527,75,131,151,128,80,74,81,103,106,72,49,26
2026-06-06 18:26:46.527,75,131,134,128,80,74,81,103,106,72,49,26
2026-06-06 18:26:46.528,75,131,134,128,83,68,81,100,112,72,45,43
2026-06-06 18:26:46.576,75,124,134,128,83,68,81,100,112,72,45,43
2026-06-06 18:26:46.576,75,124,127,128,83,68,81,100,112,72,45,43
2026-06-06 18:26:46.577,75,124,127,128,78,39,81,105,141,72,52,50
2026-06-06 18:26:46.627,75,117,127,128,78,39,81,105,141,72,52,50
2026-06-06 18:26:46.627,75,117,118,128,78,39,81,105,141,72,52,50
2026-06-06 18:26:46.628,75,117,118,128,71,22,81,112,158,72,59,58
2026-06-06 18:26:46.676,75,110,118,128,71,22,81,112,158,72,59,58
2026-06-06 18:26:46.677,75,110,111,128,71,22,81,112,158,72,59,58
2026-06-06 18:26:46.678,75,110,111,128,64,18,81,119,162,72,66,66
2026-06-06 18:26:46.726,75,103,111,128,64,18,81,119,162,72,66,66
2026-06-06 18:26:46.727,75,103,103,128,64,18,81,119,162,72,66,66
2026-06-06 18:26:46.727,75,103,103,128,56,26,81,127,154,72,73,74
2026-06-06 18:26:46.775,75,100,103,128,56,26,81,127,154,72,73,74
2026-06-06 18:26:46.776,75,100,108,128,56,26,81,127,154,72,73,74
2026-06-06 18:26:46.777,75,100,108,128,52,42,81,131,138,72,76,68
2026-06-06 18:26:46.825,75,105,108,128,52,42,81,131,138,72,76,68
2026-06-06 18:26:46.826,75,105,138,128,52,42,81,131,138,72,76,68
2026-06-06 18:26:46.827,75,105,138,128,59,50,81,124,130,72,71,39
2026-06-06 18:26:46.874,75,112,138,128,59,50,81,124,130,72,71,39
2026-06-06 18:26:46.875,75,112,155,128,59,50,81,124,130,72,71,39
2026-06-06 18:26:46.876,75,112,155,128,66,58,81,117,122,72,64,22
2026-06-06 18:26:46.926,75,119,155,128,66,58,81,117,122,72,64,22
2026-06-06 18:26:46.927,75,119,159,128,66,58,81,117,122,72,64,22
2026-06-06 18:26:46.928,75,119,159,128,73,66,81,110,114,72,57,18
2026-06-06 18:26:46.976,75,127,159,128,73,66,81,110,114,72,57,18
2026-06-06 18:26:46.976,75,127,150,128,73,66,81,110,114,72,57,18
2026-06-06 18:26:46.977,75,127,150,128,80,74,81,103,106,72,49,26
2026-06-06 18:26:47.026,75,131,150,128,80,74,81,103,106,72,49,26
2026-06-06 18:26:47.027,75,131,134,128,80,74,81,103,106,72,49,26
2026-06-06 18:26:47.027,75,131,134,128,83,68,81,100,112,72,45,42
2026-06-06 18:26:47.077,75,124,134,128,83,68,81,100,112,72,45,42
2026-06-06 18:26:47.077,75,124,126,128,83,68,81,100,112,72,45,42
2026-06-06 18:26:47.078,75,124,126,128,78,38,81,105,142,72,52,50
2026-06-06 18:26:47.126,75,117,126,128,78,38,81,105,142,72,52,50
2026-06-06 18:26:47.127,75,117,118,128,78,38,81,105,142,72,52,50
2026-06-06 18:26:47.128,75,117,118,128,71,22,81,112,158,72,59,59
2026-06-06 18:26:47.175,75,110,118,128,71,22,81,112,158,72,59,59
2026-06-06 18:26:47.175,75,110,111,128,71,22,81,112,158,72,59,59
2026-06-06 18:26:47.177,75,110,111,128,64,18,81,119,162,72,66,66
2026-06-06 18:26:47.228,75,103,111,128,64,18,81,119,162,72,66,66
2026-06-06 18:26:47.228,75,103,102,128,64,18,81,119,162,72,66,66
2026-06-06 18:26:47.229,75,103,102,128,56,27,81,127,153,72,73,74
2026-06-06 18:26:47.276,75,100,102,128,56,27,81,127,153,72,73,74
2026-06-06 18:26:47.277,75,100,109,128,56,27,81,127,153,72,73,74
2026-06-06 18:26:47.277,75,100,109,128,52,43,81,131,137,72,76,68
2026-06-06 18:26:47.324,75,105,109,128,52,43,81,131,137,72,76,68
2026-06-06 18:26:47.325,75,105,138,128,52,43,81,131,137,72,76,68
2026-06-06 18:26:47.326,75,105,138,128,59,50,81,124,130,72,71,39
2026-06-06 18:26:47.376,75,112,138,128,59,50,81,124,130,72,71,39
2026-06-06 18:26:47.376,75,112,155,128,59,50,81,124,130,72,71,39
2026-06-06 18:26:47.377,75,112,155,128,66,58,81,117,122,72,64,22
2026-06-06 18:26:47.425,75,119,155,128,66,58,81,117,122,72,64,22
2026-06-06 18:26:47.425,75,119,159,128,66,58,81,117,122,72,64,22
2026-06-06 18:26:47.426,75,119,159,128,73,66,81,110,114,72,57,18
2026-06-06 18:26:47.476,75,127,159,128,73,66,81,110,114,72,57,18
2026-06-06 18:26:47.476,75,127,151,128,73,66,81,110,114,72,57,18
2026-06-06 18:26:47.477,75,127,151,128,80,74,81,103,106,72,49,26
2026-06-06 18:26:47.526,75,131,151,128,80,74,81,103,106,72,49,26
2026-06-06 18:26:47.526,75,131,135,128,80,74,81,103,106,72,49,26
2026-06-06 18:26:47.527,75,131,135,128,83,68,81,100,112,72,45,42
2026-06-06 18:26:47.576,75,124,135,128,83,68,81,100,112,72,45,42
2026-06-06 18:26:47.576,75,124,127,128,83,68,81,100,112,72,45,42
2026-06-06 18:26:47.577,75,124,127,128,78,39,81,105,141,72,52,50
2026-06-06 18:26:47.624,75,117,127,128,78,39,81,105,141,72,52,50
2026-06-06 18:26:47.625,75,117,119,128,78,39,81,105,141,72,52,50
2026-06-06 18:26:47.626,75,117,119,128,72,22,81,112,158,72,59,58
2026-06-06 18:26:47.677,75,110,119,128,72,22,81,112,158,72,59,58
2026-06-06 18:26:47.678,75,110,111,128,72,22,81,112,158,72,59,58
2026-06-06 18:26:47.678,75,110,111,128,64,18,81,119,162,72,66,66
2026-06-06 18:26:47.725,75,103,111,128,64,18,81,119,162,72,66,66
2026-06-06 18:26:47.726,75,103,103,128,64,18,81,119,162,72,66,66
2026-06-06 18:26:47.727,75,103,103,128,56,26,81,127,154,72,73,74
2026-06-06 18:26:47.776,75,100,103,128,56,26,81,127,154,72,73,74
2026-06-06 18:26:47.776,75,100,109,128,56,26,81,127,154,72,73,74
2026-06-06 18:26:47.778,75,100,109,128,52,42,81,131,138,72,76,68
2026-06-06 18:26:47.826,75,105,109,128,52,42,81,131,138,72,76,68
2026-06-06 18:26:47.827,75,105,139,128,52,42,81,131,138,72,76,68
2026-06-06 18:26:47.828,75,105,139,128,59,51,81,124,129,72,71,38
2026-06-06 18:26:47.876,75,112,139,128,59,51,81,124,129,72,71,38
2026-06-06 18:26:47.876,75,112,155,128,59,51,81,124,129,72,71,38
2026-06-06 18:26:47.877,75,112,155,128,66,58,81,117,122,72,64,22
2026-06-06 18:26:47.926,75,119,155,128,66,58,81,117,122,72,64,22
2026-06-06 18:26:47.926,75,119,159,128,66,58,81,117,122,72,64,22
2026-06-06 18:26:47.927,75,119,159,128,73,66,81,110,114,72,57,18
2026-06-06 18:26:47.974,75,127,159,128,73,66,81,110,114,72,57,18
2026-06-06 18:26:47.974,75,127,151,128,73,66,81,110,114,72,57,18
2026-06-06 18:26:47.976,75,127,151,128,80,74,81,103,106,72,49,26
2026-06-06 18:26:48.025,75,131,151,128,80,74,81,103,106,72,49,26
2026-06-06 18:26:48.025,75,131,135,128,80,74,81,103,106,72,49,26
2026-06-06 18:26:48.026,75,131,135,128,84,69,81,100,111,72,45,42
2026-06-06 18:26:48.077,75,124,135,128,84,69,81,100,111,72,45,42
2026-06-06 18:26:48.078,75,124,126,128,84,69,81,100,111,72,45,42
2026-06-06 18:26:48.078,75,124,126,128,78,38,81,105,142,72,52,51
2026-06-06 18:26:48.127,75,117,126,128,78,38,81,105,142,72,52,51
2026-06-06 18:26:48.127,75,117,119,128,78,38,81,105,142,72,52,51
2026-06-06 18:26:48.127,75,117,119,128,71,22,81,112,158,72,59,58
2026-06-06 18:26:48.175,75,110,119,128,71,22,81,112,158,72,59,58
2026-06-06 18:26:48.175,75,110,111,128,71,22,81,112,158,72,59,58
2026-06-06 18:26:48.176,75,110,111,128,64,18,81,119,162,72,66,66
2026-06-06 18:26:48.226,75,103,111,128,64,18,81,119,162,72,66,66
2026-06-06 18:26:48.226,75,103,103,128,64,18,81,119,162,72,66,66
2026-06-06 18:26:48.227,75,103,103,128,56,26,81,127,154,72,73,74
2026-06-06 18:26:48.274,75,100,103,128,56,26,81,127,154,72,73,74
2026-06-06 18:26:48.276,75,100,108,128,56,26,81,127,154,72,73,74
2026-06-06 18:26:48.276,75,100,108,128,52,42,81,131,138,72,76,69
2026-06-06 18:26:48.326,75,105,108,128,52,42,81,131,138,72,76,69
2026-06-06 18:26:48.327,75,105,138,128,52,42,81,131,138,72,76,69
2026-06-06 18:26:48.327,75,105,138,128,59,50,81,124,130,72,71,39
2026-06-06 18:26:48.375,75,112,138,128,59,50,81,124,130,72,71,39
2026-06-06 18:26:48.375,75,112,155,128,59,50,81,124,130,72,71,39
2026-06-06 18:26:48.377,75,112,155,128,66,58,81,117,122,72,64,22
2026-06-06 18:26:48.425,75,119,155,128,66,58,81,117,122,72,64,22
2026-06-06 18:26:48.426,75,119,159,128,66,58,81,117,122,72,64,22
2026-06-06 18:26:48.427,75,119,159,128,73,66,81,110,114,72,57,18
2026-06-06 18:26:48.475,75,127,159,128,73,66,81,110,114,72,57,18
2026-06-06 18:26:48.475,75,127,151,128,73,66,81,110,114,72,57,18
2026-06-06 18:26:48.477,75,127,151,128,80,74,81,103,106,72,49,26
2026-06-06 18:26:48.525,75,131,151,128,80,74,81,103,106,72,49,26
2026-06-06 18:26:48.525,75,131,135,128,80,74,81,103,106,72,49,26
2026-06-06 18:26:48.526,75,131,135,128,84,69,81,100,111,72,45,42
2026-06-06 18:26:48.576,75,124,135,128,84,69,81,100,111,72,45,42
2026-06-06 18:26:48.577,75,124,127,128,84,69,81,100,111,72,45,42
2026-06-06 18:26:48.577,75,124,127,128,78,39,81,105,141,72,52,50
2026-06-06 18:26:48.624,75,117,127,128,78,39,81,105,141,72,52,50
2026-06-06 18:26:48.625,75,117,119,128,78,39,81,105,141,72,52,50
2026-06-06 18:26:48.626,75,117,119,128,72,22,81,112,158,72,59,58
2026-06-06 18:26:48.674,75,110,119,128,72,22,81,112,158,72,59,58
2026-06-06 18:26:48.674,75,110,111,128,72,22,81,112,158,72,59,58
2026-06-06 18:26:48.675,75,110,111,128,64,18,81,118,162,72,66,66
2026-06-06 18:26:48.725,75,103,111,128,64,18,81,118,162,72,66,66
2026-06-06 18:26:48.725,75,103,103,128,64,18,81,118,162,72,66,66
2026-06-06 18:26:48.726,75,103,103,128,56,26,81,127,154,72,73,74
2026-06-06 18:26:48.776,75,100,103,128,56,26,81,127,154,72,73,74
2026-06-06 18:26:48.776,75,100,108,128,56,26,81,127,154,72,73,74
2026-06-06 18:26:48.777,75,100,108,128,52,42,81,131,138,72,76,68
2026-06-06 18:26:48.826,75,105,108,128,52,42,81,131,138,72,76,68
2026-06-06 18:26:48.827,75,105,139,128,52,42,81,131,138,72,76,68
2026-06-06 18:26:48.828,75,105,139,128,59,51,81,124,129,72,71,38
2026-06-06 18:26:48.876,75,112,139,128,59,51,81,124,129,72,71,38
2026-06-06 18:26:48.877,75,112,155,128,59,51,81,124,129,72,71,38
2026-06-06 18:26:48.878,75,112,155,128,66,59,81,117,121,72,64,22
2026-06-06 18:26:48.926,75,119,155,128,66,59,81,117,121,72,64,22
2026-06-06 18:26:48.927,75,119,159,128,66,59,81,117,121,72,64,22
2026-06-06 18:26:48.928,75,119,159,128,73,66,81,110,114,72,57,18
2026-06-06 18:26:48.975,75,127,159,128,73,66,81,110,114,72,57,18
2026-06-06 18:26:48.975,75,127,151,128,73,66,81,110,114,72,57,18
2026-06-06 18:26:48.977,75,127,151,128,80,74,81,103,106,72,49,26
2026-06-06 18:26:49.024,75,131,151,128,80,74,81,103,106,72,49,26
2026-06-06 18:26:49.024,75,131,135,128,80,74,81,103,106,72,49,26
2026-06-06 18:26:49.025,75,131,135,128,84,70,81,99,110,72,45,42
2026-06-06 18:26:49.074,75,124,135,128,84,70,81,99,110,72,45,42
2026-06-06 18:26:49.076,75,124,127,128,84,70,81,99,110,72,45,42
2026-06-06 18:26:49.077,75,124,127,128,78,39,81,105,141,72,52,50
2026-06-06 18:26:49.126,75,117,127,128,78,39,81,105,141,72,52,50
2026-06-06 18:26:49.127,75,117,119,128,78,39,81,105,141,72,52,50
2026-06-06 18:26:49.127,75,117,119,128,71,22,81,112,158,72,59,58
2026-06-06 18:26:49.175,75,110,119,128,71,22,81,112,158,72,59,58
2026-06-06 18:26:49.175,75,110,111,128,71,22,81,112,158,72,59,58
2026-06-06 18:26:49.175,75,110,111,128,64,18,81,119,162,72,66,66
2026-06-06 18:26:49.225,75,103,111,128,64,18,81,119,162,72,66,66
2026-06-06 18:26:49.227,75,103,103,128,64,18,81,119,162,72,66,66
2026-06-06 18:26:49.227,75,103,103,128,56,26,81,127,154,72,73,74
2026-06-06 18:26:49.277,75,100,103,128,56,26,81,127,154,72,73,74
2026-06-06 18:26:49.278,75,100,108,128,56,26,81,127,154,72,73,74
2026-06-06 18:26:49.278,75,100,108,128,52,42,81,131,138,72,76,69
2026-06-06 18:26:49.327,75,105,108,128,52,42,81,131,138,72,76,69
2026-06-06 18:26:49.327,75,105,138,128,52,42,81,131,138,72,76,69
2026-06-06 18:26:49.328,75,105,138,128,59,50,81,124,130,72,71,39
2026-06-06 18:26:49.376,75,112,138,128,59,50,81,124,130,72,71,39
2026-06-06 18:26:49.377,75,112,155,128,59,50,81,124,130,72,71,39
2026-06-06 18:26:49.377,75,112,155,128,66,59,81,117,121,72,64,22
2026-06-06 18:26:49.425,75,119,155,128,66,59,81,117,121,72,64,22
2026-06-06 18:26:49.427,75,119,159,128,66,59,81,117,121,72,64,22
2026-06-06 18:26:49.428,75,119,159,128,73,66,81,110,114,72,57,18
2026-06-06 18:26:49.476,75,127,159,128,73,66,81,110,114,72,57,18
2026-06-06 18:26:49.477,75,127,150,128,73,66,81,110,114,72,57,18
2026-06-06 18:26:49.479,75,127,150,128,80,75,81,103,105,72,49,27
2026-06-06 18:26:49.525,75,131,150,128,80,75,81,103,105,72,49,27
2026-06-06 18:26:49.526,75,131,135,128,80,75,81,103,105,72,49,27
2026-06-06 18:26:49.527,75,131,135,128,84,68,81,100,112,72,45,42
2026-06-06 18:26:49.576,75,124,135,128,84,68,81,100,112,72,45,42
2026-06-06 18:26:49.576,75,124,127,128,84,68,81,100,112,72,45,42
2026-06-06 18:26:49.577,75,124,127,128,78,39,81,105,141,72,52,50
2026-06-06 18:26:49.626,75,117,127,128,78,39,81,105,141,72,52,50
2026-06-06 18:26:49.627,75,117,118,128,78,39,81,105,141,72,52,50
2026-06-06 18:26:49.628,75,117,118,128,71,22,81,112,158,72,59,58
2026-06-06 18:26:49.674,75,110,118,128,71,22,81,112,158,72,59,58
2026-06-06 18:26:49.675,75,110,111,128,71,22,81,112,158,72,59,58
2026-06-06 18:26:49.676,75,110,111,128,64,18,81,119,162,72,66,66
2026-06-06 18:26:49.724,75,103,111,128,64,18,81,119,162,72,66,66
2026-06-06 18:26:49.726,75,103,103,128,64,18,81,119,162,72,66,66
2026-06-06 18:26:49.726,75,103,103,128,56,26,81,127,154,72,73,74
2026-06-06 18:26:49.777,75,100,103,128,56,26,81,127,154,72,73,74
2026-06-06 18:26:49.777,75,100,109,128,56,26,81,127,154,72,73,74
2026-06-06 18:26:49.778,75,100,109,128,52,42,81,131,138,72,76,68
2026-06-06 18:26:49.826,75,105,109,128,52,42,81,131,138,72,76,68
2026-06-06 18:26:49.827,75,105,139,128,52,42,81,131,138,72,76,68
2026-06-06 18:26:49.828,75,105,139,128,59,51,81,124,129,72,71,38
2026-06-06 18:26:49.874,75,112,139,128,59,51,81,124,129,72,71,38
2026-06-06 18:26:49.875,75,112,155,128,59,51,81,124,129,72,71,38
2026-06-06 18:26:49.876,75,112,155,128,66,58,81,117,122,72,64,22
2026-06-06 18:26:49.925,75,119,155,128,66,58,81,117,122,72,64,22
2026-06-06 18:26:49.926,75,119,159,128,66,58,81,117,122,72,64,22
2026-06-06 18:26:49.926,75,119,159,128,73,66,81,110,114,72,57,18
2026-06-06 18:26:49.975,75,127,159,128,73,66,81,110,114,72,57,18
2026-06-06 18:26:49.975,75,127,151,128,73,66,81,110,114,72,57,18
2026-06-06 18:26:49.976,75,127,151,128,80,74,81,103,106,72,49,26
2026-06-06 18:26:50.025,75,131,151,128,80,74,81,103,106,72,49,26
2026-06-06 18:26:50.025,75,131,135,128,80,74,81,103,106,72,49,26
2026-06-06 18:26:50.026,75,131,135,128,84,69,81,100,111,72,45,42
2026-06-06 18:26:50.075,75,124,135,128,84,69,81,100,111,72,45,42
2026-06-06 18:26:50.075,75,124,127,128,84,69,81,100,111,72,45,42
2026-06-06 18:26:50.076,75,124,127,128,78,39,81,105,141,72,52,50
2026-06-06 18:26:50.126,75,117,127,128,78,39,81,105,141,72,52,50
2026-06-06 18:26:50.127,75,117,118,128,78,39,81,105,141,72,52,50
2026-06-06 18:26:50.128,75,117,118,128,71,22,81,112,158,72,59,59
2026-06-06 18:26:50.175,75,110,118,128,71,22,81,112,158,72,59,59
2026-06-06 18:26:50.175,75,110,111,128,71,22,81,112,158,72,59,59
2026-06-06 18:26:50.177,75,110,111,128,64,18,81,119,162,72,66,66
2026-06-06 18:26:50.226,75,103,111,128,64,18,81,119,162,72,66,66
2026-06-06 18:26:50.226,75,103,103,128,64,18,81,119,162,72,66,66
2026-06-06 18:26:50.227,75,103,103,128,56,26,81,127,154,72,73,74
2026-06-06 18:26:50.275,75,100,103,128,56,26,81,127,154,72,73,74
2026-06-06 18:26:50.276,75,100,108,128,56,26,81,127,154,72,73,74
2026-06-06 18:26:50.276,75,100,108,128,52,42,81,131,138,72,76,69
2026-06-06 18:26:50.326,75,105,108,128,52,42,81,131,138,72,76,69
2026-06-06 18:26:50.327,75,105,138,128,52,42,81,131,138,72,76,69
2026-06-06 18:26:50.327,75,105,138,128,59,50,81,124,130,72,71,39
2026-06-06 18:26:50.375,75,112,138,128,59,50,81,124,130,72,71,39
2026-06-06 18:26:50.375,75,112,155,128,59,50,81,124,130,72,71,39
2026-06-06 18:26:50.376,75,112,155,128,66,58,81,117,122,72,64,22
2026-06-06 18:26:50.416,75,118,155,128,66,58,81,117,122,72,64,22
2026-06-06 18:26:50.416,75,118,160,128,66,58,81,117,122,72,64,22
2026-06-06 18:26:50.418,75,118,160,128,72,65,81,111,115,72,58,18
2026-06-06 18:26:50.456,75,124,160,128,72,65,81,111,115,72,58,18
2026-06-06 18:26:50.457,75,124,155,128,72,65,81,111,115,72,58,18
2026-06-06 18:26:50.458,75,124,155,128,78,72,81,105,108,72,52,22
2026-06-06 18:26:50.497,75,131,155,128,78,72,81,105,108,72,52,22
2026-06-06 18:26:50.497,75,131,143,128,78,72,81,105,108,72,52,22
2026-06-06 18:26:50.498,75,131,143,128,83,78,81,100,102,72,45,34
2026-06-06 18:26:50.538,75,129,143,128,83,78,81,100,102,72,45,34
2026-06-06 18:26:50.538,75,129,132,128,83,78,81,100,102,72,45,34
2026-06-06 18:26:50.539,75,129,132,128,82,60,81,101,120,72,47,44
2026-06-06 18:26:50.578,75,124,132,128,82,60,81,101,120,72,47,44
2026-06-06 18:26:50.578,75,124,126,128,82,60,81,101,120,72,47,44
2026-06-06 18:26:50.579,75,124,126,128,78,38,81,106,142,72,52,51
2026-06-06 18:26:50.618,75,118,126,128,78,38,81,106,142,72,52,51
2026-06-06 18:26:50.619,75,118,120,128,78,38,81,106,142,72,52,51
2026-06-06 18:26:50.619,75,118,120,128,72,24,81,111,156,72,58,57
2026-06-06 18:26:50.658,75,112,120,128,72,24,81,111,156,72,58,57
2026-06-06 18:26:50.659,75,112,113,128,72,24,81,111,156,72,58,57
2026-06-06 18:26:50.659,75,112,113,128,67,18,81,116,162,72,64,64
2026-06-06 18:26:50.698,75,107,113,128,67,18,81,116,162,72,64,64
2026-06-06 18:26:50.699,75,107,107,128,67,18,81,116,162,72,64,64
2026-06-06 18:26:50.699,75,107,107,128,61,20,81,122,160,72,69,70
2026-06-06 18:26:50.738,75,101,107,128,61,20,81,122,160,72,69,70
2026-06-06 18:26:50.738,75,101,100,128,61,20,81,122,160,72,69,70
2026-06-06 18:26:50.739,75,101,100,128,54,31,81,129,149,72,75,76
2026-06-06 18:26:50.779,75,100,100,128,54,31,81,129,149,72,75,76
2026-06-06 18:26:50.780,75,100,111,128,54,31,81,129,149,72,75,76
2026-06-06 18:26:50.781,75,100,111,128,53,43,81,130,137,72,76,66
2026-06-06 18:26:50.820,75,104,111,128,53,43,81,130,137,72,76,66
2026-06-06 18:26:50.821,75,104,136,128,53,43,81,130,137,72,76,66
2026-06-06 18:26:50.821,75,104,136,128,58,50,81,125,130,72,72,42
2026-06-06 18:26:50.872,75,111,136,128,58,50,81,125,130,72,72,42
2026-06-06 18:26:50.873,75,111,154,128,58,50,81,125,130,72,72,42
2026-06-06 18:26:50.875,75,111,154,128,66,58,81,117,122,72,65,22
2026-06-06 18:26:50.914,75,117,154,128,66,58,81,117,122,72,65,22
2026-06-06 18:26:50.914,75,117,160,128,66,58,81,117,122,72,65,22
2026-06-06 18:26:50.915,75,117,160,128,71,64,81,112,116,72,59,18
2026-06-06 18:26:50.954,75,123,160,128,71,64,81,112,116,72,59,18
2026-06-06 18:26:50.954,75,123,156,128,71,64,81,112,116,72,59,18
2026-06-06 18:26:50.955,75,123,156,128,77,71,81,106,109,72,53,21
2026-06-06 18:26:50.994,75,130,156,128,77,71,81,106,109,72,53,21
2026-06-06 18:26:50.994,75,130,144,128,77,71,81,106,109,72,53,21
2026-06-06 18:26:50.995,75,130,144,128,83,78,81,100,102,72,46,33
2026-06-06 18:26:51.036,75,129,144,128,83,78,81,100,102,72,46,33
2026-06-06 18:26:51.036,75,129,133,128,83,78,81,100,102,72,46,33
2026-06-06 18:26:51.037,75,129,133,128,82,61,81,101,119,72,47,44
2026-06-06 18:26:51.076,75,124,133,128,82,61,81,101,119,72,47,44
2026-06-06 18:26:51.077,75,124,126,128,82,61,81,101,119,72,47,44
2026-06-06 18:26:51.077,75,124,126,128,78,38,81,105,142,72,52,51
2026-06-06 18:26:51.125,75,117,126,128,78,38,81,105,142,72,52,51
2026-06-06 18:26:51.125,75,117,119,128,78,38,81,105,142,72,52,51
2026-06-06 18:26:51.127,75,117,119,128,72,22,81,112,158,72,59,58
2026-06-06 18:26:51.169,75,111,119,128,72,22,81,112,158,72,59,58
2026-06-06 18:26:51.170,75,111,112,128,72,22,81,112,158,72,59,58
2026-06-06 18:26:51.170,75,111,112,128,65,18,81,118,162,72,65,65
2026-06-06 18:26:51.209,75,105,112,128,65,18,81,118,162,72,65,65
2026-06-06 18:26:51.210,75,105,105,128,65,18,81,118,162,72,65,65
2026-06-06 18:26:51.210,75,105,105,128,59,22,81,124,158,72,71,72
2026-06-06 18:26:51.248,75,100,105,128,59,22,81,124,158,72,71,72
2026-06-06 18:26:51.250,75,100,99,128,59,22,81,124,158,72,71,72
2026-06-06 18:26:51.250,75,100,99,128,52,35,81,131,145,72,76,78
2026-06-06 18:26:51.288,75,101,99,128,52,35,81,131,145,72,76,78
2026-06-06 18:26:51.289,75,101,118,128,52,35,81,131,145,72,76,78
2026-06-06 18:26:51.290,75,101,118,128,54,45,81,129,135,72,75,59
2026-06-06 18:26:51.329,75,106,118,128,54,45,81,129,135,72,75,59
2026-06-06 18:26:51.329,75,106,140,128,54,45,81,129,135,72,75,59
2026-06-06 18:26:51.330,75,106,140,128,60,51,81,123,129,72,70,37
2026-06-06 18:26:51.375,75,112,140,128,60,51,81,123,129,72,70,37
2026-06-06 18:26:51.376,75,112,155,128,60,51,81,123,129,72,70,37
2026-06-06 18:26:51.376,75,112,155,128,66,58,81,117,122,72,64,22
2026-06-06 18:26:51.418,75,118,155,128,66,58,81,117,122,72,64,22
2026-06-06 18:26:51.418,75,118,160,128,66,58,81,117,122,72,64,22
2026-06-06 18:26:51.419,75,118,160,128,72,65,81,111,115,72,58,18
2026-06-06 18:26:51.459,75,124,160,128,72,65,81,111,115,72,58,18
2026-06-06 18:26:51.459,75,124,155,128,72,65,81,111,115,72,58,18
2026-06-06 18:26:51.459,75,124,155,128,78,72,81,105,108,72,52,22
2026-06-06 18:26:51.501,75,131,155,128,78,72,81,105,108,72,52,22
2026-06-06 18:26:51.502,75,131,141,128,78,72,81,105,108,72,52,22
2026-06-06 18:26:51.503,75,131,141,128,84,78,81,99,102,72,45,36
2026-06-06 18:26:51.542,75,129,141,128,84,78,81,99,102,72,45,36
2026-06-06 18:26:51.542,75,129,132,128,84,78,81,99,102,72,45,36
2026-06-06 18:26:51.542,75,129,132,128,82,58,81,101,122,72,47,45
2026-06-06 18:26:51.587,75,122,132,128,82,58,81,101,122,72,47,45
2026-06-06 18:26:51.588,75,122,124,128,82,58,81,101,122,72,47,45
2026-06-06 18:26:51.590,75,122,124,128,76,33,81,107,147,72,54,52
2026-06-06 18:26:51.628,75,116,124,128,76,33,81,107,147,72,54,52
2026-06-06 18:26:51.629,75,116,118,128,76,33,81,107,147,72,54,52
2026-06-06 18:26:51.629,75,116,118,128,71,21,81,112,159,72,60,59
2026-06-06 18:26:51.669,75,111,118,128,71,21,81,112,159,72,60,59
2026-06-06 18:26:51.669,75,111,112,128,71,21,81,112,159,72,60,59
2026-06-06 18:26:51.670,75,111,112,128,65,18,81,118,162,72,65,65
2026-06-06 18:26:51.709,75,105,112,128,65,18,81,118,162,72,65,65
2026-06-06 18:26:51.709,75,105,105,128,65,18,81,118,162,72,65,65
2026-06-06 18:26:51.711,75,105,105,128,59,22,81,124,158,72,71,72
2026-06-06 18:26:51.759,75,98,105,128,59,22,81,124,158,72,71,72
2026-06-06 18:26:51.759,75,98,97,128,59,22,81,124,158,72,71,72
2026-06-06 18:26:51.759,75,98,97,128,50,39,81,133,141,72,78,80
2026-06-06 18:26:51.809,75,103,97,128,50,39,81,133,141,72,78,80
2026-06-06 18:26:51.809,75,103,129,128,50,39,81,133,141,72,78,80
2026-06-06 18:26:51.809,75,103,129,128,57,48,81,126,132,72,73,48
2026-06-06 18:26:51.873,75,104,129,128,57,48,81,126,132,72,73,48
2026-06-06 18:26:51.873,75,104,129,128,57,48,81,126,132,72,72,48
2026-06-06 18:26:51.908,75,105,129,128,57,48,81,126,132,72,72,48
2026-06-06 18:26:51.908,75,105,129,128,57,48,81,126,132,72,71,48
2026-06-06 18:26:51.938,75,105,128,128,57,48,81,126,132,72,71,48
2026-06-06 18:26:51.939,75,105,128,128,56,48,81,127,132,72,71,49
2026-06-06 18:26:51.976,75,106,128,128,56,48,81,127,132,72,71,49
2026-06-06 18:26:51.976,75,106,128,128,56,48,81,127,132,72,70,49
2026-06-06 18:26:52.007,75,107,128,128,56,48,81,127,132,72,70,49
2026-06-06 18:26:52.007,75,107,128,128,56,49,81,127,131,72,69,49
2026-06-06 18:26:52.041,75,108,128,128,56,49,81,127,131,72,69,49
2026-06-06 18:26:52.042,75,108,128,128,56,49,81,127,131,72,68,49
2026-06-06 18:26:52.076,75,109,128,128,56,49,81,127,131,72,68,49
2026-06-06 18:26:52.076,75,109,127,128,56,49,81,127,131,72,68,49
2026-06-06 18:26:52.077,75,109,127,128,56,49,81,127,131,72,67,50
2026-06-06 18:26:52.110,75,110,127,128,56,49,81,127,131,72,67,50
2026-06-06 18:26:52.111,75,110,127,128,56,49,81,127,131,72,66,50
2026-06-06 18:26:52.143,75,110,127,128,56,50,81,127,130,72,66,50
2026-06-06 18:26:52.176,75,111,127,128,56,50,81,127,130,72,66,50
2026-06-06 18:26:52.177,75,111,127,128,56,50,81,127,130,72,65,50
2026-06-06 18:26:52.205,75,112,127,128,56,50,81,127,130,72,65,50
2026-06-06 18:26:52.206,75,112,126,128,56,50,81,127,130,72,65,50
2026-06-06 18:26:52.206,75,112,126,128,56,50,81,127,130,72,64,51
2026-06-06 18:26:52.243,75,113,126,128,56,50,81,127,130,72,64,51
2026-06-06 18:26:52.244,75,113,126,128,56,50,81,127,130,72,63,51
2026-06-06 18:26:52.273,75,114,126,128,56,50,81,127,130,72,63,51
2026-06-06 18:26:52.273,75,114,126,128,56,51,81,127,129,72,62,51
2026-06-06 18:26:52.309,75,115,126,128,56,51,81,127,129,72,62,51
2026-06-06 18:26:52.310,75,115,126,128,56,51,81,127,129,72,61,51
2026-06-06 18:26:52.375,75,116,126,128,56,51,81,127,129,72,61,51
2026-06-06 18:26:52.376,75,116,125,128,56,51,81,127,129,72,61,51
2026-06-06 18:26:52.377,75,116,125,128,56,51,81,127,129,72,60,52
2026-06-06 18:26:52.410,75,117,125,128,56,51,81,127,129,72,60,52
2026-06-06 18:26:52.411,75,117,125,128,56,52,81,127,128,72,59,52
2026-06-06 18:26:52.443,75,118,125,128,56,52,81,127,128,72,59,52
2026-06-06 18:26:52.443,75,118,125,128,56,52,81,127,128,72,58,52
2026-06-06 18:26:52.476,75,119,125,128,56,52,81,127,128,72,58,52
2026-06-06 18:26:52.476,75,119,125,128,56,52,81,127,128,72,57,52
2026-06-06 18:26:52.510,75,120,125,128,56,52,81,127,128,72,57,52
2026-06-06 18:26:52.511,75,120,124,128,56,52,81,127,128,72,57,52
2026-06-06 18:26:52.511,75,120,124,128,56,52,81,127,128,72,56,53
2026-06-06 18:26:52.542,75,120,124,128,55,53,81,128,127,72,56,53
2026-06-06 18:26:52.576,75,121,124,128,55,53,81,128,127,72,56,53
2026-06-06 18:26:52.576,75,121,124,128,55,53,81,128,127,72,55,53
2026-06-06 18:26:52.610,75,122,124,128,55,53,81,128,127,72,55,53
2026-06-06 18:26:52.610,75,122,124,128,55,53,81,128,127,72,54,53
2026-06-06 18:26:52.643,75,123,124,128,55,53,81,128,127,72,54,53
2026-06-06 18:26:52.644,75,123,123,128,55,53,81,128,127,72,54,53
2026-06-06 18:26:52.645,75,123,123,128,55,53,81,128,127,72,53,54
2026-06-06 18:26:52.676,75,124,123,128,55,53,81,128,127,72,53,54
2026-06-06 18:26:52.678,75,124,123,128,55,54,81,128,126,72,52,54
2026-06-06 18:26:52.742,75,125,123,128,55,54,81,128,126,72,52,54
2026-06-06 18:26:52.742,75,125,123,128,55,54,81,128,126,72,51,54
2026-06-06 18:26:52.776,75,126,123,128,55,54,81,128,126,72,51,54
2026-06-06 18:26:52.776,75,126,123,128,55,54,81,128,126,72,50,54
2026-06-06 18:26:52.808,75,127,123,128,55,54,81,128,126,72,50,54
2026-06-06 18:26:52.809,75,127,122,128,55,54,81,128,126,72,50,54
2026-06-06 18:26:52.810,75,127,122,128,55,55,81,128,125,72,49,55
2026-06-06 18:26:52.844,75,128,122,128,55,55,81,128,125,72,49,55
2026-06-06 18:26:52.844,75,128,122,128,55,55,81,128,125,72,48,55
2026-06-06 18:26:52.988,75,133,122,128,55,55,81,128,125,72,48,55
2026-06-06 18:26:52.989,75,133,137,128,55,55,81,128,125,72,48,55
2026-06-06 18:26:52.989,75,133,137,128,85,80,81,98,100,72,43,40
2026-06-06 18:26:53.040,75,126,137,128,85,80,81,98,100,72,43,40
2026-06-06 18:26:53.041,75,126,129,128,85,80,81,98,100,72,43,40
2026-06-06 18:26:53.041,75,126,129,128,79,45,81,104,135,72,50,48
2026-06-06 18:26:53.092,75,119,129,128,79,45,81,104,135,72,50,48
2026-06-06 18:26:53.092,75,119,120,128,79,45,81,104,135,72,50,48
2026-06-06 18:26:53.093,75,119,120,128,73,25,81,110,155,72,57,56
2026-06-06 18:26:53.142,75,111,120,128,73,25,81,110,155,72,57,56
2026-06-06 18:26:53.143,75,111,112,128,73,25,81,110,155,72,57,56
2026-06-06 18:26:53.144,75,111,112,128,66,18,81,117,162,72,65,65
2026-06-06 18:26:53.191,75,105,112,128,66,18,81,117,162,72,65,65
2026-06-06 18:26:53.191,75,105,105,128,66,18,81,117,162,72,65,65
2026-06-06 18:26:53.191,75,105,105,128,58,23,81,125,157,72,71,72
2026-06-06 18:26:53.241,75,98,105,128,58,23,81,125,157,72,71,72
2026-06-06 18:26:53.242,75,98,99,128,58,23,81,125,157,72,71,72
2026-06-06 18:26:53.243,75,98,99,128,50,40,81,133,140,72,78,78
2026-06-06 18:26:53.292,75,104,99,128,50,40,81,133,140,72,78,78
2026-06-06 18:26:53.292,75,104,133,128,50,40,81,133,140,72,78,78
2026-06-06 18:26:53.294,75,104,133,128,58,49,81,126,131,72,72,44
2026-06-06 18:26:53.342,75,110,133,128,58,49,81,126,131,72,72,44
2026-06-06 18:26:53.343,75,110,152,128,58,49,81,126,131,72,72,44
2026-06-06 18:26:53.344,75,110,152,128,64,56,81,118,124,72,66,25
2026-06-06 18:26:53.392,75,117,152,128,64,56,81,118,124,72,66,25
2026-06-06 18:26:53.393,75,117,160,128,64,56,81,118,124,72,66,25
2026-06-06 18:26:53.394,75,117,160,128,72,65,81,112,115,72,59,18
2026-06-06 18:26:53.441,75,125,160,128,72,65,81,112,115,72,59,18
2026-06-06 18:26:53.441,75,125,154,128,72,65,81,112,115,72,59,18
2026-06-06 18:26:53.442,75,125,154,128,78,72,81,105,108,72,51,23
2026-06-06 18:26:53.491,75,132,154,128,78,72,81,105,108,72,51,23
2026-06-06 18:26:53.492,75,132,136,128,78,72,81,105,108,72,51,23
2026-06-06 18:26:53.492,75,132,136,128,85,77,81,98,103,72,44,40
2026-06-06 18:26:53.543,75,125,136,128,85,77,81,98,103,72,44,40
2026-06-06 18:26:53.544,75,125,128,128,85,77,81,98,103,72,44,40
2026-06-06 18:26:53.545,75,125,128,128,79,44,81,104,136,72,51,49
2026-06-06 18:26:53.592,75,118,128,128,79,44,81,104,136,72,51,49
2026-06-06 18:26:53.593,75,118,120,128,79,44,81,104,136,72,51,49
2026-06-06 18:26:53.594,75,118,120,128,73,25,81,110,155,72,58,57
2026-06-06 18:26:53.642,75,112,120,128,73,25,81,110,155,72,58,57
2026-06-06 18:26:53.643,75,112,112,128,73,25,81,110,155,72,58,57
2026-06-06 18:26:53.644,75,112,112,128,66,18,81,117,162,72,64,65
2026-06-06 18:26:53.691,75,105,112,128,66,18,81,117,162,72,64,65
2026-06-06 18:26:53.692,75,105,104,128,66,18,81,117,162,72,64,65
2026-06-06 18:26:53.692,75,105,104,128,58,23,81,125,157,72,71,72
2026-06-06 18:26:53.740,75,98,104,128,58,23,81,125,157,72,71,72
2026-06-06 18:26:53.741,75,98,98,128,58,23,81,125,157,72,71,72
2026-06-06 18:26:53.742,75,98,98,128,50,40,81,133,140,72,78,79
2026-06-06 18:26:53.792,75,104,98,128,50,40,81,133,140,72,78,79
2026-06-06 18:26:53.792,75,104,133,128,50,40,81,133,140,72,78,79
2026-06-06 18:26:53.793,75,104,133,128,58,49,81,126,131,72,72,44
2026-06-06 18:26:53.841,75,110,133,128,58,49,81,126,131,72,72,44
2026-06-06 18:26:53.841,75,110,152,128,58,49,81,126,131,72,72,44
2026-06-06 18:26:53.843,75,110,152,128,64,56,81,119,124,72,66,25
2026-06-06 18:26:53.893,75,117,152,128,64,56,81,119,124,72,66,25
2026-06-06 18:26:53.894,75,117,160,128,64,56,81,119,124,72,66,25
2026-06-06 18:26:53.894,75,117,160,128,72,65,81,111,115,72,59,18
2026-06-06 18:26:53.942,75,125,160,128,72,65,81,111,115,72,59,18
2026-06-06 18:26:53.942,75,125,154,128,72,65,81,111,115,72,59,18
2026-06-06 18:26:53.943,75,125,154,128,78,72,81,105,108,72,51,23
2026-06-06 18:26:53.990,75,133,154,128,78,72,81,105,108,72,51,23
2026-06-06 18:26:53.990,75,133,137,128,78,72,81,105,108,72,51,23
2026-06-06 18:26:53.991,75,133,137,128,85,78,81,98,102,72,43,40
2026-06-06 18:26:54.041,75,126,137,128,85,78,81,98,102,72,43,40
2026-06-06 18:26:54.041,75,126,129,128,85,78,81,98,102,72,43,40
2026-06-06 18:26:54.043,75,126,129,128,79,45,81,104,135,72,50,48
2026-06-06 18:26:54.091,75,118,129,128,79,45,81,104,135,72,50,48
2026-06-06 18:26:54.092,75,118,120,128,79,45,81,104,135,72,50,48
2026-06-06 18:26:54.093,75,118,120,128,73,25,81,110,155,72,58,56
2026-06-06 18:26:54.142,75,112,120,128,73,25,81,110,155,72,58,56
2026-06-06 18:26:54.143,75,112,112,128,73,25,81,110,155,72,58,56
2026-06-06 18:26:54.144,75,112,112,128,66,18,81,117,162,72,64,64
2026-06-06 18:26:54.193,75,104,112,128,66,18,81,117,162,72,64,64
2026-06-06 18:26:54.194,75,104,104,128,66,18,81,117,162,72,64,64
2026-06-06 18:26:54.195,75,104,104,128,58,24,81,125,156,72,72,73
2026-06-06 18:26:54.242,75,98,104,128,58,24,81,125,156,72,72,73
2026-06-06 18:26:54.243,75,98,100,128,58,24,81,125,156,72,72,73
2026-06-06 18:26:54.244,75,98,100,128,50,41,81,132,139,72,78,77
2026-06-06 18:26:54.291,75,104,100,128,50,41,81,132,139,72,78,77
2026-06-06 18:26:54.291,75,104,132,128,50,41,81,132,139,72,78,77
2026-06-06 18:26:54.292,75,104,132,128,57,48,81,126,132,72,72,45
2026-06-06 18:26:54.341,75,110,132,128,57,48,81,126,132,72,72,45
2026-06-06 18:26:54.341,75,110,152,128,57,48,81,126,132,72,72,45
2026-06-06 18:26:54.343,75,110,152,128,64,56,81,119,124,72,66,25
2026-06-06 18:26:54.382,75,116,152,128,64,56,81,119,124,72,66,25
2026-06-06 18:26:54.382,75,116,159,128,64,56,81,119,124,72,66,25
2026-06-06 18:26:54.383,75,116,159,128,70,63,81,113,117,72,60,18
2026-06-06 18:26:54.421,75,122,159,128,70,63,81,113,117,72,60,18
2026-06-06 18:26:54.422,75,122,158,128,70,63,81,113,117,72,60,18
2026-06-06 18:26:54.422,75,122,158,128,76,69,81,107,111,72,54,19
2026-06-06 18:26:54.469,75,130,158,128,76,69,81,107,111,72,54,19
2026-06-06 18:26:54.469,75,130,145,128,76,69,81,107,111,72,54,19
2026-06-06 18:26:54.470,75,130,145,128,82,77,81,101,103,72,46,32
2026-06-06 18:26:54.509,75,130,134,128,82,77,81,101,103,72,46,32
2026-06-06 18:26:54.510,75,130,134,128,83,64,81,100,116,72,46,43
2026-06-06 18:26:54.548,75,124,134,128,83,64,81,100,116,72,46,43
2026-06-06 18:26:54.549,75,124,127,128,83,64,81,100,116,72,46,43
2026-06-06 18:26:54.549,75,124,127,128,78,41,81,105,139,72,52,50
2026-06-06 18:26:54.589,75,119,127,128,78,41,81,105,139,72,52,50
2026-06-06 18:26:54.590,75,119,121,128,78,41,81,105,139,72,52,50
2026-06-06 18:26:54.590,75,119,121,128,73,25,81,110,155,72,57,56
2026-06-06 18:26:54.629,75,113,121,128,73,25,81,110,155,72,57,56
2026-06-06 18:26:54.629,75,113,114,128,73,25,81,110,155,72,57,56
2026-06-06 18:26:54.630,75,113,114,128,68,18,81,115,162,72,63,62
2026-06-06 18:26:54.669,75,108,114,128,68,18,81,115,162,72,63,62
2026-06-06 18:26:54.669,75,108,108,128,68,18,81,115,162,72,63,62
2026-06-06 18:26:54.670,75,108,108,128,62,19,81,121,161,72,68,69
2026-06-06 18:26:54.710,75,102,108,128,62,19,81,121,161,72,68,69
2026-06-06 18:26:54.711,75,102,102,128,62,19,81,121,161,72,68,69
2026-06-06 18:26:54.711,75,102,102,128,55,29,81,128,151,72,74,76
2026-06-06 18:26:54.750,75,99,102,128,55,29,81,128,151,72,74,76
2026-06-06 18:26:54.750,75,99,106,128,55,29,81,128,151,72,74,76
2026-06-06 18:26:54.751,75,99,106,128,52,42,81,131,138,72,77,70
2026-06-06 18:26:54.792,75,104,106,128,52,42,81,131,138,72,77,70
2026-06-06 18:26:54.792,75,104,133,128,52,42,81,131,138,72,77,70
2026-06-06 18:26:54.794,75,104,133,128,58,49,81,125,131,72,72,44
2026-06-06 18:26:54.832,75,109,133,128,58,49,81,125,131,72,72,44
2026-06-06 18:26:54.833,75,109,150,128,58,49,81,125,131,72,72,44
2026-06-06 18:26:54.833,75,109,150,128,63,55,81,120,125,72,67,27
2026-06-06 18:26:54.874,75,115,150,128,63,55,81,120,125,72,67,27
2026-06-06 18:26:54.875,75,115,158,128,63,55,81,120,125,72,67,27
2026-06-06 18:26:54.876,75,115,158,128,69,62,81,114,118,72,61,18
2026-06-06 18:26:54.914,75,121,158,128,69,62,81,114,118,72,61,18
2026-06-06 18:26:54.915,75,121,158,128,75,68,81,108,112,72,55,18
2026-06-06 18:26:54.957,75,128,158,128,75,68,81,108,112,72,55,18
2026-06-06 18:26:54.958,75,128,149,128,75,68,81,108,112,72,55,18
2026-06-06 18:26:54.959,75,128,149,128,81,75,81,102,105,72,48,28
2026-06-06 18:26:55.003,75,131,149,128,81,75,81,102,105,72,48,28
2026-06-06 18:26:55.004,75,131,134,128,81,75,81,102,105,72,48,28
2026-06-06 18:26:55.004,75,131,134,128,83,68,81,100,112,72,45,42
2026-06-06 18:26:55.045,75,125,134,128,83,68,81,100,112,72,45,42
2026-06-06 18:26:55.047,75,125,128,128,83,68,81,100,112,72,45,42
2026-06-06 18:26:55.047,75,125,128,128,79,42,81,104,138,72,51,49
2026-06-06 18:26:55.088,75,119,128,128,79,42,81,104,138,72,51,49
2026-06-06 18:26:55.088,75,119,121,128,79,42,81,104,138,72,51,49
2026-06-06 18:26:55.089,75,119,121,128,73,26,81,110,154,72,57,56
2026-06-06 18:26:55.127,75,113,121,128,73,26,81,110,154,72,57,56
2026-06-06 18:26:55.128,75,113,114,128,73,26,81,110,154,72,57,56
2026-06-06 18:26:55.129,75,113,114,128,68,18,81,115,162,72,63,62
2026-06-06 18:26:55.171,75,107,114,128,68,18,81,115,162,72,63,62
2026-06-06 18:26:55.172,75,107,108,128,68,18,81,115,162,72,63,62
2026-06-06 18:26:55.172,75,107,108,128,61,20,81,122,160,72,69,69
2026-06-06 18:26:55.225,75,100,108,128,61,20,81,122,160,72,69,69
2026-06-06 18:26:55.225,75,100,99,128,61,20,81,122,160,72,69,69
2026-06-06 18:26:55.226,75,100,99,128,52,34,81,130,146,72,76,78
2026-06-06 18:26:55.276,75,102,99,128,52,34,81,130,146,72,76,78
2026-06-06 18:26:55.277,75,102,124,128,52,34,81,130,146,72,76,78
2026-06-06 18:26:55.278,75,102,124,128,55,46,81,128,134,72,74,54
2026-06-06 18:26:55.322,75,108,124,128,55,46,81,128,134,72,74,54
2026-06-06 18:26:55.322,75,108,146,128,55,46,81,128,134,72,74,54
2026-06-06 18:26:55.323,75,108,146,128,62,53,81,121,127,72,68,31
2026-06-06 18:26:55.362,75,113,146,128,62,53,81,121,127,72,68,31
2026-06-06 18:26:55.363,75,113,157,128,62,53,81,121,127,72,68,31
2026-06-06 18:26:55.364,75,113,157,128,67,60,81,116,120,72,63,20
2026-06-06 18:26:55.402,75,119,157,128,67,60,81,116,120,72,63,20
2026-06-06 18:26:55.402,75,119,159,128,67,60,81,116,120,72,63,20
2026-06-06 18:26:55.403,75,119,159,128,73,66,81,110,114,72,57,18
2026-06-06 18:26:55.443,75,125,159,128,73,66,81,110,114,72,57,18
2026-06-06 18:26:55.444,75,125,153,128,73,66,81,110,114,72,57,18
2026-06-06 18:26:55.445,75,125,153,128,79,73,81,104,107,72,51,24
2026-06-06 18:26:55.488,75,133,153,128,79,73,81,104,107,72,51,24
2026-06-06 18:26:55.489,75,133,137,128,79,73,81,104,107,72,51,24
2026-06-06 18:26:55.489,75,133,137,128,85,80,81,98,100,72,43,40
2026-06-06 18:26:55.539,75,126,137,128,85,80,81,98,100,72,43,40
2026-06-06 18:26:55.539,75,126,129,128,85,80,81,98,100,72,43,40
2026-06-06 18:26:55.540,75,126,129,128,79,46,81,104,134,72,50,48
2026-06-06 18:26:55.581,75,120,129,128,79,46,81,104,134,72,50,48
2026-06-06 18:26:55.581,75,120,122,128,79,46,81,104,134,72,50,48
2026-06-06 18:26:55.582,75,120,122,128,74,28,81,109,152,72,56,55
2026-06-06 18:26:55.621,75,114,122,128,74,28,81,109,152,72,56,55
2026-06-06 18:26:55.622,75,114,116,128,74,28,81,109,152,72,56,55
2026-06-06 18:26:55.622,75,114,116,128,69,19,81,114,161,72,62,61
2026-06-06 18:26:55.662,75,109,116,128,69,19,81,114,161,72,62,61
2026-06-06 18:26:55.662,75,109,109,128,69,19,81,114,161,72,62,61
2026-06-06 18:26:55.663,75,109,109,128,63,18,81,120,162,72,67,68
2026-06-06 18:26:55.704,75,103,109,128,63,18,81,120,162,72,67,68
2026-06-06 18:26:55.704,75,103,102,128,63,18,81,120,162,72,67,68
2026-06-06 18:26:55.705,75,103,102,128,56,26,81,127,154,72,73,74
2026-06-06 18:26:55.749,75,99,102,128,56,26,81,127,154,72,73,74
2026-06-06 18:26:55.750,75,99,106,128,56,26,81,127,154,72,73,74
2026-06-06 18:26:55.750,75,99,106,128,52,42,81,132,138,72,77,72
2026-06-06 18:26:55.792,75,104,106,128,52,42,81,132,138,72,77,72
2026-06-06 18:26:55.792,75,104,132,128,52,42,81,132,138,72,77,72
2026-06-06 18:26:55.792,75,104,132,128,57,48,81,126,132,72,72,45
2026-06-06 18:26:55.832,75,109,132,128,57,48,81,126,132,72,72,45
2026-06-06 18:26:55.832,75,109,150,128,57,48,81,126,132,72,72,45
2026-06-06 18:26:55.833,75,109,150,128,63,55,81,120,125,72,67,28
2026-06-06 18:26:55.874,75,115,150,128,63,55,81,120,125,72,67,28
2026-06-06 18:26:55.876,75,115,158,128,63,55,81,120,125,72,67,28
2026-06-06 18:26:55.876,75,115,158,128,69,62,81,114,118,72,61,18
2026-06-06 18:26:55.923,75,122,158,128,69,62,81,114,118,72,61,18
2026-06-06 18:26:55.924,75,122,157,128,69,62,81,114,118,72,61,18
2026-06-06 18:26:55.925,75,122,157,128,76,70,81,107,110,72,54,20
2026-06-06 18:26:55.969,75,130,157,128,76,70,81,107,110,72,54,20
2026-06-06 18:26:55.970,75,130,145,128,76,70,81,107,110,72,54,20
2026-06-06 18:26:55.970,75,130,145,128,82,77,81,101,103,72,46,32
2026-06-06 18:26:56.010,75,130,134,128,82,77,81,101,103,72,46,32
2026-06-06 18:26:56.010,75,130,134,128,83,64,81,100,116,72,46,44
2026-06-06 18:26:56.057,75,123,134,128,83,64,81,100,116,72,46,44
2026-06-06 18:26:56.057,75,123,126,128,83,64,81,100,116,72,46,44
2026-06-06 18:26:56.058,75,123,126,128,77,37,81,106,143,72,53,51
2026-06-06 18:26:56.108,75,116,126,128,77,37,81,106,143,72,53,51
2026-06-06 18:26:56.109,75,116,118,128,77,37,81,106,143,72,53,51
2026-06-06 18:26:56.109,75,116,118,128,71,21,81,112,159,72,60,59
2026-06-06 18:26:56.149,75,110,118,128,71,21,81,112,159,72,60,59
2026-06-06 18:26:56.149,75,110,111,128,71,21,81,112,159,72,60,59
2026-06-06 18:26:56.150,75,110,111,128,65,18,81,118,162,72,66,66
2026-06-06 18:26:56.190,75,105,111,128,65,18,81,118,162,72,66,66
2026-06-06 18:26:56.191,75,105,105,128,65,18,81,118,162,72,66,66
2026-06-06 18:26:56.191,75,105,105,128,58,23,81,125,157,72,71,72
2026-06-06 18:26:56.266,75,101,105,128,58,23,81,125,157,72,71,72
2026-06-06 18:26:56.267,75,101,118,128,58,23,81,125,157,72,71,72
2026-06-06 18:26:56.268,75,101,118,128,54,45,81,129,135,72,75,59
2026-06-06 18:26:56.376,75,115,118,128,54,45,81,129,135,72,75,59
2026-06-06 18:26:56.377,75,115,159,128,54,45,81,129,135,72,75,59
2026-06-06 18:26:56.377,75,115,159,128,69,62,81,114,118,72,61,18
2026-06-06 18:26:56.478,75,131,159,128,69,62,81,114,118,72,61,18
2026-06-06 18:26:56.479,75,131,141,128,69,62,81,114,118,72,61,18
2026-06-06 18:26:56.480,75,131,141,128,84,79,81,99,101,72,45,36
2026-06-06 18:26:56.588,75,119,141,128,84,79,81,99,101,72,45,36
2026-06-06 18:26:56.589,75,119,121,128,84,79,81,99,101,72,45,36
2026-06-06 18:26:56.590,75,119,121,128,73,25,81,110,155,72,57,56
2026-06-06 18:26:56.692,75,104,121,128,73,25,81,110,155,72,57,56
2026-06-06 18:26:56.694,75,104,104,128,73,25,81,110,155,72,57,56
2026-06-06 18:26:56.694,75,104,104,128,58,24,81,125,156,72,72,73
2026-06-06 18:26:56.795,75,104,134,128,58,24,81,125,156,72,72,73
2026-06-06 18:26:56.795,75,104,134,128,58,49,81,125,131,72,72,43
2026-06-06 18:26:56.902,75,119,134,128,58,49,81,125,131,72,72,43
2026-06-06 18:26:56.902,75,119,159,128,58,49,81,125,131,72,72,43
2026-06-06 18:26:56.903,75,119,159,128,73,66,81,110,114,72,57,18
2026-06-06 18:26:57.009,75,130,159,128,73,66,81,110,114,72,57,18
2026-06-06 18:26:57.009,75,130,134,128,73,66,81,110,114,72,57,18
2026-06-06 18:26:57.010,75,130,134,128,83,64,81,100,116,72,46,43
2026-06-06 18:26:57.114,75,115,134,128,83,64,81,100,116,72,46,43
2026-06-06 18:26:57.115,75,115,117,128,83,64,81,100,116,72,46,43
2026-06-06 18:26:57.115,75,115,117,128,70,20,81,113,160,72,61,60
2026-06-06 18:26:57.216,75,101,117,128,70,20,81,113,160,72,61,60
2026-06-06 18:26:57.216,75,101,100,128,70,20,81,113,160,72,61,60
2026-06-06 18:26:57.216,75,101,100,128,54,31,81,129,149,72,75,76
2026-06-06 18:26:57.323,75,108,100,128,54,31,81,129,149,72,75,76
2026-06-06 18:26:57.326,75,108,147,128,54,31,81,129,149,72,75,76
2026-06-06 18:26:57.327,75,108,147,128,62,54,81,121,126,72,68,30
2026-06-06 18:26:57.429,75,123,147,128,62,54,81,121,126,72,68,30
2026-06-06 18:26:57.430,75,123,156,128,62,54,81,121,126,72,68,30
2026-06-06 18:26:57.431,75,123,156,128,77,71,81,106,109,72,53,21
2026-06-06 18:26:57.543,75,125,156,128,77,71,81,106,109,72,53,21
2026-06-06 18:26:57.544,75,125,128,128,77,71,81,106,109,72,53,21
2026-06-06 18:26:57.545,75,125,128,128,79,44,81,104,136,72,51,49
2026-06-06 18:26:57.646,75,111,128,128,79,44,81,104,136,72,51,49
2026-06-06 18:26:57.647,75,111,112,128,79,44,81,104,136,72,51,49
2026-06-06 18:26:57.647,75,111,112,128,65,18,81,118,162,72,65,65
2026-06-06 18:26:57.759,75,100,112,128,65,18,81,118,162,72,65,65
2026-06-06 18:26:57.759,75,100,113,128,65,18,81,118,162,72,65,65
2026-06-06 18:26:57.761,75,100,113,128,53,43,81,130,137,72,76,64
2026-06-06 18:26:57.873,75,114,113,128,53,43,81,130,137,72,76,64
2026-06-06 18:26:57.873,75,114,158,128,53,43,81,130,137,72,76,64
2026-06-06 18:26:57.873,75,114,158,128,69,61,81,114,119,72,62,19
2026-06-06 18:26:57.975,75,131,158,128,69,61,81,114,119,72,62,19
2026-06-06 18:26:57.975,75,131,143,128,69,61,81,114,119,72,62,19
2026-06-06 18:26:57.976,75,131,143,128,83,78,81,100,102,72,45,34
2026-06-06 18:26:58.077,75,121,143,128,83,78,81,100,102,72,45,34
2026-06-06 18:26:58.078,75,121,123,128,83,78,81,100,102,72,45,34
2026-06-06 18:26:58.078,75,121,123,128,75,29,81,108,151,72,55,54
2026-06-06 18:26:58.181,75,106,123,128,75,29,81,108,151,72,55,54
2026-06-06 18:26:58.182,75,106,106,128,75,29,81,108,151,72,55,54
2026-06-06 18:26:58.182,75,106,106,128,60,21,81,123,159,72,70,71
2026-06-06 18:26:58.293,75,104,106,128,60,21,81,123,159,72,70,71
2026-06-06 18:26:58.294,75,104,133,128,60,21,81,123,159,72,70,71
2026-06-06 18:26:58.295,75,104,133,128,58,49,81,125,131,72,72,44
2026-06-06 18:26:58.399,75,118,133,128,58,49,81,125,131,72,72,44
2026-06-06 18:26:58.400,75,118,159,128,58,49,81,125,131,72,72,44
2026-06-06 18:26:58.400,75,118,159,128,73,66,81,110,114,72,58,18
2026-06-06 18:26:58.501,75,131,159,128,73,66,81,110,114,72,58,18
2026-06-06 18:26:58.502,75,131,135,128,73,66,81,110,114,72,58,18
2026-06-06 18:26:58.502,75,131,135,128,84,70,81,99,110,72,45,42
2026-06-06 18:26:58.608,75,116,135,128,84,70,81,99,110,72,45,42
2026-06-06 18:26:58.609,75,116,118,128,84,70,81,99,110,72,45,42
2026-06-06 18:26:58.609,75,116,118,128,71,21,81,112,159,72,60,59
2026-06-06 18:26:58.710,75,102,118,128,71,21,81,112,159,72,60,59
2026-06-06 18:26:58.711,75,102,101,128,71,21,81,112,159,72,60,59
2026-06-06 18:26:58.712,75,102,101,128,55,29,81,128,151,72,74,76
2026-06-06 18:26:58.823,75,108,101,128,55,29,81,128,151,72,74,76
2026-06-06 18:26:58.824,75,108,147,128,55,29,81,128,151,72,74,76
2026-06-06 18:26:58.825,75,108,147,128,62,54,81,121,126,72,68,30
2026-06-06 18:26:58.926,75,122,147,128,62,54,81,121,126,72,68,30
2026-06-06 18:26:58.927,75,122,157,128,62,54,81,121,126,72,68,30
2026-06-06 18:26:58.927,75,122,157,128,76,70,81,107,110,72,54,20
2026-06-06 18:26:59.044,75,125,157,128,76,70,81,107,110,72,54,20
2026-06-06 18:26:59.044,75,125,128,128,76,70,81,107,110,72,54,20
2026-06-06 18:26:59.044,75,125,128,128,79,44,81,104,136,72,51,49
2026-06-06 18:26:59.160,75,109,128,128,79,44,81,104,136,72,51,49
2026-06-06 18:26:59.160,75,109,110,128,79,44,81,104,136,72,51,49
2026-06-06 18:26:59.161,75,109,110,128,63,18,81,120,162,72,67,67
2026-06-06 18:26:59.276,75,102,110,128,63,18,81,120,162,72,67,67
2026-06-06 18:26:59.276,75,102,124,128,63,18,81,120,162,72,67,67
2026-06-06 18:26:59.277,75,102,124,128,55,46,81,128,134,72,74,53
2026-06-06 18:26:59.392,75,117,124,128,55,46,81,128,134,72,74,53
2026-06-06 18:26:59.393,75,117,160,128,55,46,81,128,134,72,74,53
2026-06-06 18:26:59.393,75,117,160,128,72,64,81,112,116,72,59,18
2026-06-06 18:26:59.494,75,132,160,128,72,64,81,112,116,72,59,18
2026-06-06 18:26:59.495,75,132,136,128,72,64,81,112,116,72,59,18
2026-06-06 18:26:59.496,75,132,136,128,84,75,81,99,105,72,44,41
2026-06-06 18:26:59.610,75,116,136,128,84,75,81,99,105,72,44,41
2026-06-06 18:26:59.611,75,116,118,128,84,75,81,99,105,72,44,41
2026-06-06 18:26:59.611,75,116,118,128,71,21,81,112,159,72,60,59
2026-06-06 18:26:59.724,75,100,118,128,71,21,81,112,159,72,60,59
2026-06-06 18:26:59.724,75,100,99,128,71,21,81,112,159,72,60,59
2026-06-06 18:26:59.726,75,100,99,128,53,34,81,130,146,72,76,78
2026-06-06 18:26:59.827,75,108,99,128,53,34,81,130,146,72,76,78
2026-06-06 18:26:59.827,75,108,148,128,53,34,81,130,146,72,76,78
2026-06-06 18:26:59.828,75,108,148,128,62,54,81,121,126,72,68,29
2026-06-06 18:26:59.941,75,125,148,128,62,54,81,121,126,72,68,29
2026-06-06 18:26:59.941,75,125,154,128,62,54,81,121,126,72,68,29
2026-06-06 18:26:59.942,75,125,154,128,78,72,81,105,108,72,51,23
2026-06-06 18:27:00.044,75,125,128,128,78,72,81,105,108,72,51,23
2026-06-06 18:27:00.045,75,125,128,128,79,43,81,104,137,72,51,49
2026-06-06 18:27:00.159,75,109,128,128,79,43,81,104,137,72,51,49
2026-06-06 18:27:00.160,75,109,110,128,79,43,81,104,137,72,51,49
2026-06-06 18:27:00.161,75,109,110,128,63,18,81,120,162,72,67,68
2026-06-06 18:27:00.274,75,102,110,128,63,18,81,120,162,72,67,68
2026-06-06 18:27:00.275,75,102,123,128,63,18,81,120,162,72,67,68
2026-06-06 18:27:00.276,75,102,123,128,55,46,81,128,134,72,74,54
2026-06-06 18:27:00.376,75,115,123,128,55,46,81,128,134,72,74,54
2026-06-06 18:27:00.376,75,115,159,128,55,46,81,128,134,72,74,54
2026-06-06 18:27:00.379,75,115,159,128,70,62,81,114,118,72,61,18
2026-06-06 18:27:00.479,75,131,159,128,70,62,81,114,118,72,61,18
2026-06-06 18:27:00.480,75,131,141,128,70,62,81,114,118,72,61,18
2026-06-06 18:27:00.480,75,131,141,128,84,79,81,99,101,72,45,36
2026-06-06 18:27:00.584,75,120,141,128,84,79,81,99,101,72,45,36
2026-06-06 18:27:00.584,75,120,122,128,84,79,81,99,101,72,45,36
2026-06-06 18:27:00.584,75,120,122,128,74,27,81,109,153,72,56,55
2026-06-06 18:27:00.687,75,105,122,128,74,27,81,109,153,72,56,55
2026-06-06 18:27:00.687,75,105,105,128,74,27,81,109,153,72,56,55
2026-06-06 18:27:00.689,75,105,105,128,59,22,81,124,158,72,71,72
2026-06-06 18:27:00.789,75,104,105,128,59,22,81,124,158,72,71,72
2026-06-06 18:27:00.790,75,104,132,128,59,22,81,124,158,72,71,72
2026-06-06 18:27:00.791,75,104,132,128,57,48,81,126,132,72,72,46
2026-06-06 18:27:00.891,75,117,132,128,57,48,81,126,132,72,72,46
2026-06-06 18:27:00.892,75,117,160,128,57,48,81,126,132,72,72,46
2026-06-06 18:27:00.893,75,117,160,128,72,64,81,112,116,72,59,18
2026-06-06 18:27:00.994,75,132,160,128,72,64,81,112,116,72,59,18
2026-06-06 18:27:00.994,75,132,136,128,72,64,81,112,116,72,59,18
2026-06-06 18:27:00.995,75,132,136,128,84,75,81,99,105,72,44,41
2026-06-06 18:27:01.096,75,118,136,128,84,75,81,99,105,72,44,41
2026-06-06 18:27:01.096,75,118,120,128,84,75,81,99,105,72,44,41
2026-06-06 18:27:01.097,75,118,120,128,72,24,81,111,156,72,58,57
2026-06-06 18:27:01.198,75,104,120,128,72,24,81,111,156,72,58,57
2026-06-06 18:27:01.198,75,104,103,128,72,24,81,111,156,72,58,57
2026-06-06 18:27:01.199,75,104,103,128,57,25,81,126,155,72,72,74
2026-06-06 18:27:01.303,75,105,103,128,57,25,81,126,155,72,72,74
2026-06-06 18:27:01.303,75,105,138,128,57,25,81,126,155,72,72,74
2026-06-06 18:27:01.305,75,105,138,128,59,50,81,124,130,72,71,39
2026-06-06 18:27:01.404,75,119,138,128,59,50,81,124,130,72,71,39
2026-06-06 18:27:01.405,75,119,159,128,59,50,81,124,130,72,71,39
2026-06-06 18:27:01.406,75,119,159,128,73,67,81,110,113,72,57,18
2026-06-06 18:27:01.509,75,130,159,128,73,67,81,110,113,72,57,18
2026-06-06 18:27:01.509,75,130,134,128,73,67,81,110,113,72,57,18
2026-06-06 18:27:01.510,75,130,134,128,83,64,81,100,116,72,46,43
2026-06-06 18:27:01.616,75,115,134,128,83,64,81,100,116,72,46,43
2026-06-06 18:27:01.618,75,115,116,128,83,64,81,100,116,72,46,43
2026-06-06 18:27:01.618,75,115,116,128,69,19,81,114,161,72,61,61
2026-06-06 18:27:01.720,75,101,116,128,69,19,81,114,161,72,61,61
2026-06-06 18:27:01.720,75,101,100,128,69,19,81,114,161,72,61,61
2026-06-06 18:27:01.721,75,101,100,128,53,32,81,130,148,72,75,77
2026-06-06 18:27:01.823,75,108,100,128,53,32,81,130,148,72,75,77
2026-06-06 18:27:01.823,75,108,146,128,53,32,81,130,148,72,75,77
2026-06-06 18:27:01.824,75,108,146,128,62,54,81,121,126,72,68,30
2026-06-06 18:27:01.926,75,122,146,128,62,54,81,121,126,72,68,30
2026-06-06 18:27:01.927,75,122,157,128,62,54,81,121,126,72,68,30
2026-06-06 18:27:01.927,75,122,157,128,76,70,81,107,110,72,54,20
2026-06-06 18:27:02.036,75,126,157,128,76,70,81,107,110,72,54,20
2026-06-06 18:27:02.037,75,126,129,128,76,70,81,107,110,72,54,20
2026-06-06 18:27:02.038,75,126,129,128,80,48,81,103,132,72,50,48
2026-06-06 18:27:02.138,75,112,129,128,80,48,81,103,132,72,50,48
2026-06-06 18:27:02.138,75,112,113,128,80,48,81,103,132,72,50,48
2026-06-06 18:27:02.139,75,112,113,128,66,18,81,117,162,72,64,64
2026-06-06 18:27:02.239,75,98,113,128,66,18,81,117,162,72,64,64
2026-06-06 18:27:02.240,75,98,98,128,66,18,81,117,162,72,64,64
2026-06-06 18:27:02.241,75,98,98,128,50,40,81,133,140,72,78,78
2026-06-06 18:27:02.342,75,110,98,128,50,40,81,133,140,72,78,78
2026-06-06 18:27:02.342,75,110,152,128,50,40,81,133,140,72,78,78
2026-06-06 18:27:02.343,75,110,152,128,65,57,81,118,123,72,66,24
2026-06-06 18:27:02.444,75,126,152,128,65,57,81,118,123,72,66,24
2026-06-06 18:27:02.444,75,126,153,128,65,57,81,118,123,72,66,24
2026-06-06 18:27:02.445,75,126,153,128,79,73,81,104,107,72,50,24
2026-06-06 18:27:02.549,75,124,153,128,79,73,81,104,107,72,50,24
2026-06-06 18:27:02.550,75,124,127,128,79,73,81,104,107,72,50,24
2026-06-06 18:27:02.551,75,124,127,128,78,40,81,105,140,72,52,50
2026-06-06 18:27:02.658,75,109,127,128,78,40,81,105,140,72,52,50
2026-06-06 18:27:02.659,75,109,110,128,78,40,81,105,140,72,52,50
2026-06-06 18:27:02.660,75,109,110,128,64,18,81,120,162,72,67,67
2026-06-06 18:27:02.761,75,100,110,128,64,18,81,120,162,72,67,67
2026-06-06 18:27:02.761,75,100,114,128,64,18,81,120,162,72,67,67
2026-06-06 18:27:02.762,75,100,114,128,53,44,81,130,136,72,76,63
2026-06-06 18:27:02.877,75,115,114,128,53,44,81,130,136,72,76,63
2026-06-06 18:27:02.877,75,115,159,128,53,44,81,130,136,72,76,63
2026-06-06 18:27:02.878,75,115,159,128,69,62,81,114,118,72,61,18
2026-06-06 18:27:02.991,75,133,159,128,69,62,81,114,118,72,61,18
2026-06-06 18:27:02.991,75,133,137,128,69,62,81,114,118,72,61,18
2026-06-06 18:27:02.992,75,133,137,128,85,78,81,98,102,72,43,40
2026-06-06 18:27:03.093,75,118,137,128,85,78,81,98,102,72,43,40
2026-06-06 18:27:03.093,75,118,120,128,85,78,81,98,102,72,43,40
2026-06-06 18:27:03.094,75,118,120,128,73,24,81,110,156,72,58,57
2026-06-06 18:27:03.195,75,104,120,128,73,24,81,110,156,72,58,57
2026-06-06 18:27:03.195,75,104,104,128,73,24,81,110,156,72,58,57
2026-06-06 18:27:03.196,75,104,104,128,57,24,81,126,156,72,72,73
2026-06-06 18:27:03.295,75,104,134,128,57,24,81,126,156,72,72,73
2026-06-06 18:27:03.296,75,104,134,128,58,49,81,125,131,72,72,43
2026-06-06 18:27:03.385,75,116,134,128,58,49,81,125,131,72,72,43
2026-06-06 18:27:03.385,75,116,159,128,58,49,81,125,131,72,72,43
2026-06-06 18:27:03.386,75,116,159,128,70,63,81,112,117,72,60,18
2026-06-06 18:27:03.466,75,129,159,128,70,63,81,112,117,72,60,18
2026-06-06 18:27:03.466,75,129,146,128,70,63,81,112,117,72,60,18
2026-06-06 18:27:03.468,75,129,146,128,82,77,81,101,103,72,47,31
2026-06-06 18:27:03.544,75,125,146,128,82,77,81,101,103,72,47,31
2026-06-06 18:27:03.545,75,125,128,128,82,77,81,101,103,72,47,31
2026-06-06 18:27:03.545,75,125,128,128,79,43,81,104,137,72,51,49
2026-06-06 18:27:03.617,75,115,128,128,79,43,81,104,137,72,51,49
2026-06-06 18:27:03.617,75,115,116,128,79,43,81,104,137,72,51,49
2026-06-06 18:27:03.618,75,115,116,128,69,19,81,114,161,72,61,61
2026-06-06 18:27:03.686,75,105,116,128,69,19,81,114,161,72,61,61
2026-06-06 18:27:03.686,75,105,105,128,69,19,81,114,161,72,61,61
2026-06-06 18:27:03.687,75,105,105,128,59,22,81,124,158,72,71,72
2026-06-06 18:27:03.759,75,100,105,128,59,22,81,124,158,72,71,72
2026-06-06 18:27:03.759,75,100,112,128,59,22,81,124,158,72,71,72
2026-06-06 18:27:03.759,75,100,112,128,53,43,81,130,137,72,76,65
2026-06-06 18:27:03.827,75,108,112,128,53,43,81,130,137,72,76,65
2026-06-06 18:27:03.827,75,108,147,128,53,43,81,130,137,72,76,65
2026-06-06 18:27:03.829,75,108,147,128,62,54,81,121,126,72,68,30
2026-06-06 18:27:03.892,75,117,147,128,62,54,81,121,126,72,68,30
2026-06-06 18:27:03.893,75,117,160,128,62,54,81,121,126,72,68,30
2026-06-06 18:27:03.894,75,117,160,128,72,65,81,112,115,72,59,18
2026-06-06 18:27:03.957,75,128,160,128,72,65,81,112,115,72,59,18
2026-06-06 18:27:03.958,75,128,149,128,72,65,81,112,115,72,59,18
2026-06-06 18:27:03.959,75,128,149,128,81,75,81,102,105,72,48,28
2026-06-06 18:27:04.025,75,128,131,128,81,75,81,102,105,72,48,28
2026-06-06 18:27:04.025,75,128,131,128,81,54,81,102,126,72,48,46
2026-06-06 18:27:04.092,75,118,131,128,81,54,81,102,126,72,48,46
2026-06-06 18:27:04.093,75,118,120,128,81,54,81,102,126,72,48,46
2026-06-06 18:27:04.093,75,118,120,128,73,24,81,110,156,72,58,57
2026-06-06 18:27:04.160,75,109,120,128,73,24,81,110,156,72,58,57
2026-06-06 18:27:04.161,75,109,110,128,73,24,81,110,156,72,58,57
2026-06-06 18:27:04.161,75,109,110,128,63,18,81,120,162,72,67,67
2026-06-06 18:27:04.226,75,100,110,128,63,18,81,120,162,72,67,67
2026-06-06 18:27:04.227,75,100,99,128,63,18,81,120,162,72,67,67
2026-06-06 18:27:04.227,75,100,99,128,52,34,81,131,146,72,76,78
2026-06-06 18:27:04.293,75,104,99,128,52,34,81,131,146,72,76,78
2026-06-06 18:27:04.294,75,104,133,128,52,34,81,131,146,72,76,78
2026-06-06 18:27:04.294,75,104,133,128,58,49,81,125,131,72,72,44
2026-06-06 18:27:04.359,75,112,133,128,58,49,81,125,131,72,72,44
2026-06-06 18:27:04.359,75,112,156,128,58,49,81,125,131,72,72,44
2026-06-06 18:27:04.360,75,112,156,128,67,59,81,116,121,72,64,21
2026-06-06 18:27:04.426,75,122,156,128,67,59,81,116,121,72,64,21
2026-06-06 18:27:04.426,75,122,157,128,67,59,81,116,121,72,64,21
2026-06-06 18:27:04.427,75,122,157,128,76,70,81,107,110,72,54,20
2026-06-06 18:27:04.493,75,132,157,128,76,70,81,107,110,72,54,20
2026-06-06 18:27:04.493,75,132,136,128,76,70,81,107,110,72,54,20
2026-06-06 18:27:04.494,75,132,136,128,85,77,81,98,103,72,44,41
2026-06-06 18:27:04.560,75,123,136,128,85,77,81,98,103,72,44,41
2026-06-06 18:27:04.561,75,123,126,128,85,77,81,98,103,72,44,41
2026-06-06 18:27:04.561,75,123,126,128,77,36,81,106,144,72,53,52
2026-06-06 18:27:04.626,75,114,126,128,77,36,81,106,144,72,53,52
2026-06-06 18:27:04.626,75,114,115,128,77,36,81,106,144,72,53,52
2026-06-06 18:27:04.627,75,114,115,128,68,18,81,115,162,72,62,62
2026-06-06 18:27:04.691,75,104,115,128,68,18,81,115,162,72,62,62
2026-06-06 18:27:04.693,75,104,104,128,68,18,81,115,162,72,62,62
2026-06-06 18:27:04.693,75,104,104,128,58,23,81,125,157,72,72,72
2026-06-06 18:27:04.758,75,100,104,128,58,23,81,125,157,72,72,72
2026-06-06 18:27:04.759,75,100,112,128,58,23,81,125,157,72,72,72
2026-06-06 18:27:04.760,75,100,112,128,53,43,81,130,137,72,76,65
2026-06-06 18:27:04.825,75,108,112,128,53,43,81,130,137,72,76,65
2026-06-06 18:27:04.826,75,108,147,128,53,43,81,130,137,72,76,65
2026-06-06 18:27:04.827,75,108,147,128,62,54,81,121,126,72,68,30
2026-06-06 18:27:04.891,75,117,147,128,62,54,81,121,126,72,68,30
2026-06-06 18:27:04.891,75,117,160,128,62,54,81,121,126,72,68,30
2026-06-06 18:27:04.893,75,117,160,128,71,64,81,112,116,72,59,18
2026-06-06 18:27:04.959,75,128,160,128,71,64,81,112,116,72,59,18
2026-06-06 18:27:04.959,75,128,149,128,71,64,81,112,116,72,59,18
2026-06-06 18:27:04.960,75,128,149,128,81,75,81,102,105,72,48,28
2026-06-06 18:27:05.025,75,128,131,128,81,75,81,102,105,72,48,28
2026-06-06 18:27:05.026,75,128,131,128,81,54,81,102,126,72,48,46
2026-06-06 18:27:05.092,75,118,131,128,81,54,81,102,126,72,48,46
2026-06-06 18:27:05.093,75,118,120,128,81,54,81,102,126,72,48,46
2026-06-06 18:27:05.094,75,118,120,128,73,25,81,110,155,72,58,57
2026-06-06 18:27:05.158,75,109,120,128,73,25,81,110,155,72,58,57
2026-06-06 18:27:05.159,75,109,110,128,73,25,81,110,155,72,58,57
2026-06-06 18:27:05.160,75,109,110,128,63,18,81,120,162,72,67,67
2026-06-06 18:27:05.226,75,100,110,128,63,18,81,120,162,72,67,67
2026-06-06 18:27:05.226,75,100,99,128,63,18,81,120,162,72,67,67
2026-06-06 18:27:05.227,75,100,99,128,52,34,81,131,146,72,76,78
2026-06-06 18:27:05.292,75,104,99,128,52,34,81,131,146,72,76,78
2026-06-06 18:27:05.293,75,104,133,128,52,34,81,131,146,72,76,78
2026-06-06 18:27:05.293,75,104,133,128,58,49,81,126,131,72,72,44
2026-06-06 18:27:05.360,75,112,133,128,58,49,81,126,131,72,72,44
2026-06-06 18:27:05.360,75,112,156,128,58,49,81,126,131,72,72,44
2026-06-06 18:27:05.360,75,112,156,128,67,59,81,116,121,72,64,21
2026-06-06 18:27:05.425,75,122,156,128,67,59,81,116,121,72,64,21
2026-06-06 18:27:05.427,75,122,157,128,67,59,81,116,121,72,64,21
2026-06-06 18:27:05.427,75,122,157,128,76,70,81,107,110,72,54,20
2026-06-06 18:27:05.490,75,133,157,128,76,70,81,107,110,72,54,20
2026-06-06 18:27:05.491,75,133,137,128,76,70,81,107,110,72,54,20
2026-06-06 18:27:05.491,75,133,137,128,85,78,81,98,102,72,43,40
2026-06-06 18:27:05.557,75,123,137,128,85,78,81,98,102,72,43,40
2026-06-06 18:27:05.558,75,123,126,128,85,78,81,98,102,72,43,40
2026-06-06 18:27:05.559,75,123,126,128,77,37,81,106,143,72,53,51
2026-06-06 18:27:05.626,75,114,126,128,77,37,81,106,143,72,53,51
2026-06-06 18:27:05.627,75,114,115,128,77,37,81,106,143,72,53,51
2026-06-06 18:27:05.628,75,114,115,128,68,18,81,115,162,72,62,62
2026-06-06 18:27:05.692,75,104,115,128,68,18,81,115,162,72,62,62
2026-06-06 18:27:05.693,75,104,104,128,68,18,81,115,162,72,62,62
2026-06-06 18:27:05.694,75,104,104,128,58,23,81,125,157,72,72,73
2026-06-06 18:27:05.760,75,100,104,128,58,23,81,125,157,72,72,73
2026-06-06 18:27:05.761,75,100,112,128,58,23,81,125,157,72,72,73
2026-06-06 18:27:05.761,75,100,112,128,53,43,81,130,137,72,76,64
2026-06-06 18:27:05.827,75,108,112,128,53,43,81,130,137,72,76,64
2026-06-06 18:27:05.828,75,108,148,128,53,43,81,130,137,72,76,64
2026-06-06 18:27:05.829,75,108,148,128,62,54,81,121,126,72,68,29
2026-06-06 18:27:05.892,75,117,148,128,62,54,81,121,126,72,68,29
2026-06-06 18:27:05.893,75,117,160,128,62,54,81,121,126,72,68,29
2026-06-06 18:27:05.894,75,117,160,128,72,65,81,112,115,72,59,18
2026-06-06 18:27:05.957,75,128,160,128,72,65,81,112,115,72,59,18
2026-06-06 18:27:05.957,75,128,150,128,72,65,81,112,115,72,59,18
2026-06-06 18:27:05.959,75,128,150,128,81,75,81,102,105,72,48,27
2026-06-06 18:27:06.025,75,128,131,128,81,75,81,102,105,72,48,27
2026-06-06 18:27:06.026,75,128,131,128,81,54,81,102,126,72,48,46
2026-06-06 18:27:06.092,75,118,131,128,81,54,81,102,126,72,48,46
2026-06-06 18:27:06.092,75,118,120,128,81,54,81,102,126,72,48,46
2026-06-06 18:27:06.094,75,118,120,128,73,25,81,110,155,72,58,57
2026-06-06 18:27:06.160,75,109,120,128,73,25,81,110,155,72,58,57
2026-06-06 18:27:06.160,75,109,110,128,73,25,81,110,155,72,58,57
2026-06-06 18:27:06.161,75,109,110,128,63,18,81,120,162,72,67,67
2026-06-06 18:27:06.226,75,100,110,128,63,18,81,120,162,72,67,67
2026-06-06 18:27:06.227,75,100,99,128,63,18,81,120,162,72,67,67
2026-06-06 18:27:06.227,75,100,99,128,52,34,81,131,146,72,76,78
2026-06-06 18:27:06.291,75,104,99,128,52,34,81,131,146,72,76,78
2026-06-06 18:27:06.292,75,104,132,128,52,34,81,131,146,72,76,78
2026-06-06 18:27:06.292,75,104,132,128,57,48,81,126,132,72,72,45
2026-06-06 18:27:06.360,75,112,132,128,57,48,81,126,132,72,72,45
2026-06-06 18:27:06.361,75,112,156,128,57,48,81,126,132,72,72,45
2026-06-06 18:27:06.362,75,112,156,128,67,59,81,116,121,72,64,21
2026-06-06 18:27:06.426,75,122,156,128,67,59,81,116,121,72,64,21
2026-06-06 18:27:06.427,75,122,157,128,67,59,81,116,121,72,64,21
2026-06-06 18:27:06.427,75,122,157,128,76,70,81,107,110,72,54,20
2026-06-06 18:27:06.491,75,133,157,128,76,70,81,107,110,72,54,20
2026-06-06 18:27:06.492,75,133,136,128,76,70,81,107,110,72,54,20
2026-06-06 18:27:06.493,75,133,136,128,85,78,81,98,102,72,43,40
2026-06-06 18:27:06.560,75,123,136,128,85,78,81,98,102,72,43,40
2026-06-06 18:27:06.561,75,123,126,128,85,78,81,98,102,72,43,40
2026-06-06 18:27:06.561,75,123,126,128,77,36,81,106,144,72,53,52
2026-06-06 18:27:06.626,75,114,126,128,77,36,81,106,144,72,53,52
2026-06-06 18:27:06.626,75,114,115,128,77,36,81,106,144,72,53,52
2026-06-06 18:27:06.627,75,114,115,128,68,18,81,115,162,72,62,62
2026-06-06 18:27:06.691,75,105,115,128,68,18,81,115,162,72,62,62
2026-06-06 18:27:06.691,75,105,105,128,68,18,81,115,162,72,62,62
2026-06-06 18:27:06.692,75,105,105,128,58,23,81,125,157,72,71,72
2026-06-06 18:27:06.760,75,100,105,128,58,23,81,125,157,72,71,72
2026-06-06 18:27:06.761,75,100,113,128,58,23,81,125,157,72,71,72
2026-06-06 18:27:06.761,75,100,113,128,53,44,81,130,136,72,76,64
2026-06-06 18:27:06.825,75,108,113,128,53,44,81,130,136,72,76,64
2026-06-06 18:27:06.827,75,108,148,128,53,44,81,130,136,72,76,64
2026-06-06 18:27:06.828,75,108,148,128,62,54,81,121,126,72,68,30
2026-06-06 18:27:06.893,75,117,148,128,62,54,81,121,126,72,68,30
2026-06-06 18:27:06.894,75,117,160,128,62,54,81,121,126,72,68,30
2026-06-06 18:27:06.894,75,117,160,128,72,65,81,111,115,72,59,18
2026-06-06 18:27:06.959,75,128,160,128,72,65,81,111,115,72,59,18
2026-06-06 18:27:06.959,75,128,149,128,72,65,81,111,115,72,59,18
2026-06-06 18:27:06.960,75,128,149,128,81,75,81,102,105,72,48,28
2026-06-06 18:27:07.025,75,128,131,128,81,75,81,102,105,72,48,28
2026-06-06 18:27:07.026,75,128,131,128,81,54,81,102,126,72,48,46
2026-06-06 18:27:07.093,75,118,131,128,81,54,81,102,126,72,48,46
2026-06-06 18:27:07.093,75,118,120,128,81,54,81,102,126,72,48,46
2026-06-06 18:27:07.094,75,118,120,128,73,24,81,110,156,72,58,57
2026-06-06 18:27:07.160,75,109,120,128,73,24,81,110,156,72,58,57
2026-06-06 18:27:07.161,75,109,110,128,73,24,81,110,156,72,58,57
2026-06-06 18:27:07.161,75,109,110,128,63,18,81,120,162,72,67,67
2026-06-06 18:27:07.225,75,100,110,128,63,18,81,120,162,72,67,67
2026-06-06 18:27:07.225,75,100,99,128,63,18,81,120,162,72,67,67
2026-06-06 18:27:07.226,75,100,99,128,52,34,81,131,146,72,76,78
2026-06-06 18:27:07.292,75,104,99,128,52,34,81,131,146,72,76,78
2026-06-06 18:27:07.293,75,104,133,128,52,34,81,131,146,72,76,78
2026-06-06 18:27:07.294,75,104,133,128,58,49,81,126,131,72,72,44
2026-06-06 18:27:07.359,75,112,133,128,58,49,81,126,131,72,72,44
2026-06-06 18:27:07.359,75,112,156,128,58,49,81,126,131,72,72,44
2026-06-06 18:27:07.360,75,112,156,128,67,59,81,116,121,72,64,21
2026-06-06 18:27:07.426,75,122,156,128,67,59,81,116,121,72,64,21
2026-06-06 18:27:07.426,75,122,157,128,67,59,81,116,121,72,64,21
2026-06-06 18:27:07.427,75,122,157,128,76,70,81,107,110,72,54,20
2026-06-06 18:27:07.492,75,132,157,128,76,70,81,107,110,72,54,20
2026-06-06 18:27:07.493,75,132,136,128,76,70,81,107,110,72,54,20
2026-06-06 18:27:07.493,75,132,136,128,85,77,81,98,103,72,44,41
2026-06-06 18:27:07.559,75,123,136,128,85,77,81,98,103,72,44,41
2026-06-06 18:27:07.560,75,123,126,128,85,77,81,98,103,72,44,41
2026-06-06 18:27:07.561,75,123,126,128,77,36,81,106,144,72,53,51
2026-06-06 18:27:07.625,75,114,126,128,77,36,81,106,144,72,53,51
2026-06-06 18:27:07.627,75,114,115,128,77,36,81,106,144,72,53,51
2026-06-06 18:27:07.627,75,114,115,128,68,18,81,115,162,72,62,62
2026-06-06 18:27:07.692,75,104,115,128,68,18,81,115,162,72,62,62
2026-06-06 18:27:07.693,75,104,104,128,68,18,81,115,162,72,62,62
2026-06-06 18:27:07.694,75,104,104,128,58,23,81,125,157,72,72,73
2026-06-06 18:27:07.760,75,100,104,128,58,23,81,125,157,72,72,73
2026-06-06 18:27:07.760,75,100,113,128,58,23,81,125,157,72,72,73
2026-06-06 18:27:07.761,75,100,113,128,53,43,81,130,137,72,76,64
2026-06-06 18:27:07.827,75,108,113,128,53,43,81,130,137,72,76,64
2026-06-06 18:27:07.827,75,108,148,128,53,43,81,130,137,72,76,64
2026-06-06 18:27:07.828,75,108,148,128,62,54,81,121,126,72,68,29
2026-06-06 18:27:07.893,75,117,148,128,62,54,81,121,126,72,68,29
2026-06-06 18:27:07.893,75,117,160,128,62,54,81,121,126,72,68,29
2026-06-06 18:27:07.894,75,117,160,128,72,65,81,111,115,72,59,18
2026-06-06 18:27:07.959,75,128,160,128,72,65,81,111,115,72,59,18
2026-06-06 18:27:07.960,75,128,149,128,72,65,81,111,115,72,59,18
2026-06-06 18:27:07.961,75,128,149,128,81,75,81,102,105,72,48,28
2026-06-06 18:27:08.026,75,128,131,128,81,75,81,102,105,72,48,28
2026-06-06 18:27:08.026,75,128,131,128,81,54,81,102,126,72,48,46
2026-06-06 18:27:08.094,75,118,131,128,81,54,81,102,126,72,48,46
2026-06-06 18:27:08.094,75,118,120,128,81,54,81,102,126,72,48,46
2026-06-06 18:27:08.095,75,118,120,128,73,24,81,110,156,72,58,57
2026-06-06 18:27:08.156,75,109,120,128,73,24,81,110,156,72,58,57
2026-06-06 18:27:08.157,75,109,110,128,73,24,81,110,156,72,58,57
2026-06-06 18:27:08.159,75,109,110,128,64,18,81,119,162,72,67,67
2026-06-06 18:27:08.222,75,100,110,128,64,18,81,119,162,72,67,67
2026-06-06 18:27:08.222,75,100,100,128,64,18,81,119,162,72,67,67
2026-06-06 18:27:08.223,75,100,100,128,53,33,81,130,147,72,76,77
2026-06-06 18:27:08.286,75,103,100,128,53,33,81,130,147,72,76,77
2026-06-06 18:27:08.286,75,103,129,128,53,33,81,130,147,72,76,77
2026-06-06 18:27:08.287,75,103,129,128,57,48,81,126,132,72,73,48
2026-06-06 18:27:08.350,75,111,129,128,57,48,81,126,132,72,73,48
2026-06-06 18:27:08.350,75,111,154,128,57,48,81,126,132,72,73,48
2026-06-06 18:27:08.350,75,111,154,128,66,58,81,117,122,72,65,23
2026-06-06 18:27:08.412,75,120,154,128,66,58,81,117,122,72,65,23
2026-06-06 18:27:08.413,75,120,159,128,66,58,81,117,122,72,65,23
2026-06-06 18:27:08.414,75,120,159,128,74,68,81,108,112,72,56,18
2026-06-06 18:27:08.476,75,131,159,128,74,68,81,108,112,72,56,18
2026-06-06 18:27:08.476,75,131,142,128,74,68,81,108,112,72,56,18
2026-06-06 18:27:08.477,75,131,142,128,83,78,81,100,102,72,45,35
2026-06-06 18:27:08.538,75,126,142,128,83,78,81,100,102,72,45,35
2026-06-06 18:27:08.539,75,126,129,128,83,78,81,100,102,72,45,35
2026-06-06 18:27:08.540,75,126,129,128,79,46,81,104,134,72,50,48
2026-06-06 18:27:08.603,75,117,129,128,79,46,81,104,134,72,50,48
2026-06-06 18:27:08.604,75,117,118,128,79,46,81,104,134,72,50,48
2026-06-06 18:27:08.605,75,117,118,128,71,22,81,112,158,72,59,58
2026-06-06 18:27:08.666,75,108,118,128,71,22,81,112,158,72,59,58
2026-06-06 18:27:08.667,75,108,108,128,71,22,81,112,158,72,59,58
2026-06-06 18:27:08.668,75,108,108,128,62,19,81,121,161,72,68,69
2026-06-06 18:27:08.730,75,99,108,128,62,19,81,121,161,72,68,69
2026-06-06 18:27:08.731,75,99,98,128,62,19,81,121,161,72,68,69
2026-06-06 18:27:08.731,75,99,98,128,51,36,81,132,144,72,77,79
2026-06-06 18:27:08.792,75,104,98,128,51,36,81,132,144,72,77,79
2026-06-06 18:27:08.793,75,104,133,128,51,36,81,132,144,72,77,79
2026-06-06 18:27:08.794,75,104,133,128,58,49,81,125,131,72,72,44
2026-06-06 18:27:08.858,75,112,133,128,58,49,81,125,131,72,72,44
2026-06-06 18:27:08.859,75,112,156,128,58,49,81,125,131,72,72,44
2026-06-06 18:27:08.860,75,112,156,128,67,59,81,116,121,72,64,21
2026-06-06 18:27:08.925,75,122,156,128,67,59,81,116,121,72,64,21
2026-06-06 18:27:08.926,75,122,157,128,67,59,81,116,121,72,64,21
2026-06-06 18:27:08.926,75,122,157,128,76,70,81,107,110,72,54,20
2026-06-06 18:27:08.989,75,133,157,128,76,70,81,107,110,72,54,20
2026-06-06 18:27:08.989,75,133,137,128,76,70,81,107,110,72,54,20
2026-06-06 18:27:08.989,75,133,137,128,85,80,81,98,100,72,43,40
2026-06-06 18:27:09.051,75,124,137,128,85,80,81,98,100,72,43,40
2026-06-06 18:27:09.052,75,124,127,128,85,80,81,98,100,72,43,40
2026-06-06 18:27:09.052,75,124,127,128,78,40,81,105,140,72,52,50
2026-06-06 18:27:09.125,75,114,127,128,78,40,81,105,140,72,52,50
2026-06-06 18:27:09.126,75,114,115,128,78,40,81,105,140,72,52,50
2026-06-06 18:27:09.127,75,114,115,128,68,18,81,115,162,72,62,62
2026-06-06 18:27:09.193,75,104,115,128,68,18,81,115,162,72,62,62
2026-06-06 18:27:09.194,75,104,104,128,68,18,81,115,162,72,62,62
2026-06-06 18:27:09.194,75,104,104,128,58,23,81,125,157,72,72,73
2026-06-06 18:27:09.259,75,100,104,128,58,23,81,125,157,72,72,73
2026-06-06 18:27:09.261,75,100,113,128,58,23,81,125,157,72,72,73
2026-06-06 18:27:09.261,75,100,113,128,53,43,81,130,137,72,76,64
2026-06-06 18:27:09.326,75,108,113,128,53,43,81,130,137,72,76,64
2026-06-06 18:27:09.327,75,108,147,128,53,43,81,130,137,72,76,64
2026-06-06 18:27:09.327,75,108,147,128,62,54,81,121,126,72,68,30
2026-06-06 18:27:09.389,75,117,147,128,62,54,81,121,126,72,68,30
2026-06-06 18:27:09.390,75,117,159,128,62,54,81,121,126,72,68,30
2026-06-06 18:27:09.390,75,117,159,128,71,64,81,112,116,72,59,18
2026-06-06 18:27:09.451,75,127,159,128,71,64,81,112,116,72,59,18
2026-06-06 18:27:09.452,75,127,151,128,71,64,81,112,116,72,59,18
2026-06-06 18:27:09.453,75,127,151,128,80,74,81,103,106,72,49,26
2026-06-06 18:27:09.523,75,128,151,128,80,74,81,103,106,72,49,26
2026-06-06 18:27:09.524,75,128,131,128,80,74,81,103,106,72,49,26
2026-06-06 18:27:09.525,75,128,131,128,81,55,81,102,125,72,48,46
2026-06-06 18:27:09.592,75,118,131,128,81,55,81,102,125,72,48,46
2026-06-06 18:27:09.592,75,118,120,128,81,55,81,102,125,72,48,46
2026-06-06 18:27:09.593,75,118,120,128,73,25,81,110,155,72,58,57
2026-06-06 18:27:09.658,75,109,120,128,73,25,81,110,155,72,58,57
2026-06-06 18:27:09.658,75,109,110,128,73,25,81,110,155,72,58,57
2026-06-06 18:27:09.659,75,109,110,128,64,18,81,120,162,72,67,67
2026-06-06 18:27:09.724,75,100,110,128,64,18,81,120,162,72,67,67
2026-06-06 18:27:09.724,75,100,99,128,64,18,81,120,162,72,67,67
2026-06-06 18:27:09.725,75,100,99,128,53,34,81,130,146,72,76,78
2026-06-06 18:27:09.789,75,104,99,128,53,34,81,130,146,72,76,78
2026-06-06 18:27:09.789,75,104,131,128,53,34,81,130,146,72,76,78
2026-06-06 18:27:09.790,75,104,131,128,57,48,81,126,132,72,72,46
2026-06-06 18:27:09.856,75,112,131,128,57,48,81,126,132,72,72,46
2026-06-06 18:27:09.856,75,112,156,128,57,48,81,126,132,72,72,46
2026-06-06 18:27:09.857,75,112,156,128,66,59,81,116,121,72,64,21
2026-06-06 18:27:09.919,75,121,156,128,66,59,81,116,121,72,64,21
2026-06-06 18:27:09.920,75,121,158,128,66,59,81,116,121,72,64,21
2026-06-06 18:27:09.920,75,121,158,128,75,69,81,108,111,72,55,19
2026-06-06 18:27:09.985,75,132,158,128,75,69,81,108,111,72,55,19
2026-06-06 18:27:09.985,75,132,139,128,75,69,81,108,111,72,55,19
2026-06-06 18:27:09.986,75,132,139,128,84,79,81,98,101,72,44,38
2026-06-06 18:27:10.059,75,123,139,128,84,79,81,98,101,72,44,38
2026-06-06 18:27:10.060,75,123,126,128,84,79,81,98,101,72,44,38
2026-06-06 18:27:10.060,75,123,126,128,77,36,81,106,144,72,53,51
2026-06-06 18:27:10.126,75,114,126,128,77,36,81,106,144,72,53,51
2026-06-06 18:27:10.126,75,114,115,128,77,36,81,106,144,72,53,51
2026-06-06 18:27:10.127,75,114,115,128,68,18,81,115,162,72,62,62
2026-06-06 18:27:10.192,75,104,115,128,68,18,81,115,162,72,62,62
2026-06-06 18:27:10.193,75,104,104,128,68,18,81,115,162,72,62,62
2026-06-06 18:27:10.194,75,104,104,128,58,23,81,125,157,72,72,73
2026-06-06 18:27:10.258,75,100,104,128,58,23,81,125,157,72,72,73
2026-06-06 18:27:10.259,75,100,112,128,58,23,81,125,157,72,72,73
2026-06-06 18:27:10.259,75,100,112,128,53,43,81,130,137,72,76,65
2026-06-06 18:27:10.326,75,108,112,128,53,43,81,130,137,72,76,65
2026-06-06 18:27:10.327,75,108,147,128,53,43,81,130,137,72,76,65
2026-06-06 18:27:10.327,75,108,147,128,62,54,81,121,126,72,68,30
2026-06-06 18:27:10.391,75,117,147,128,62,54,81,121,126,72,68,30
2026-06-06 18:27:10.392,75,117,160,128,62,54,81,121,126,72,68,30
2026-06-06 18:27:10.393,75,117,160,128,72,64,81,112,116,72,59,18
2026-06-06 18:27:10.456,75,127,160,128,72,64,81,112,116,72,59,18
2026-06-06 18:27:10.456,75,127,150,128,72,64,81,112,116,72,59,18
2026-06-06 18:27:10.457,75,127,150,128,80,75,81,103,105,72,49,27
2026-06-06 18:27:10.525,75,128,150,128,80,75,81,103,105,72,49,27
2026-06-06 18:27:10.526,75,128,131,128,80,75,81,103,105,72,49,27
2026-06-06 18:27:10.526,75,128,131,128,81,54,81,102,126,72,48,46
2026-06-06 18:27:10.592,75,118,131,128,81,54,81,102,126,72,48,46
2026-06-06 18:27:10.592,75,118,120,128,81,54,81,102,126,72,48,46
2026-06-06 18:27:10.593,75,118,120,128,73,25,81,110,155,72,58,57
2026-06-06 18:27:10.658,75,109,120,128,73,25,81,110,155,72,58,57
2026-06-06 18:27:10.658,75,109,110,128,73,25,81,110,155,72,58,57
2026-06-06 18:27:10.660,75,109,110,128,63,18,81,120,162,72,67,67
2026-06-06 18:27:10.724,75,100,110,128,63,18,81,120,162,72,67,67
2026-06-06 18:27:10.724,75,100,99,128,63,18,81,120,162,72,67,67
2026-06-06 18:27:10.725,75,100,99,128,53,34,81,130,146,72,76,78
2026-06-06 18:27:10.802,75,105,99,128,53,34,81,130,146,72,76,78
2026-06-06 18:27:10.803,75,105,137,128,53,34,81,130,146,72,76,78
2026-06-06 18:27:10.803,75,105,137,128,59,50,81,124,130,72,71,40
2026-06-06 18:27:10.872,75,114,137,128,59,50,81,124,130,72,71,40
2026-06-06 18:27:10.873,75,114,158,128,59,50,81,124,130,72,71,40
2026-06-06 18:27:10.873,75,114,158,128,69,61,81,114,119,72,62,19
2026-06-06 18:27:10.940,75,125,158,128,69,61,81,114,119,72,62,19
2026-06-06 18:27:10.940,75,125,154,128,69,61,81,114,119,72,62,19
2026-06-06 18:27:10.941,75,125,154,128,78,72,81,105,108,72,51,23
2026-06-06 18:27:11.016,75,129,154,128,78,72,81,105,108,72,51,23
2026-06-06 18:27:11.016,75,129,133,128,78,72,81,105,108,72,51,23
2026-06-06 18:27:11.017,75,129,133,128,82,60,81,101,120,72,47,44
2026-06-06 18:27:11.091,75,119,133,128,82,60,81,101,120,72,47,44
2026-06-06 18:27:11.092,75,119,121,128,82,60,81,101,120,72,47,44
2026-06-06 18:27:11.092,75,119,121,128,73,25,81,110,155,72,57,56
2026-06-06 18:27:11.155,75,110,121,128,73,25,81,110,155,72,57,56
2026-06-06 18:27:11.156,75,110,110,128,73,25,81,110,155,72,57,56
2026-06-06 18:27:11.156,75,110,110,128,64,18,81,119,162,72,66,67
2026-06-06 18:27:11.225,75,100,110,128,64,18,81,119,162,72,66,67
2026-06-06 18:27:11.226,75,100,99,128,64,18,81,119,162,72,66,67
2026-06-06 18:27:11.227,75,100,99,128,52,34,81,131,146,72,76,78
2026-06-06 18:27:11.293,75,104,99,128,52,34,81,131,146,72,76,78
2026-06-06 18:27:11.293,75,104,133,128,52,34,81,131,146,72,76,78
2026-06-06 18:27:11.294,75,104,133,128,58,49,81,125,131,72,72,44
2026-06-06 18:27:11.371,75,114,133,128,58,49,81,125,131,72,72,44
2026-06-06 18:27:11.371,75,114,158,128,58,49,81,125,131,72,72,44
2026-06-06 18:27:11.373,75,114,158,128,69,61,81,114,119,72,62,19
2026-06-06 18:27:11.440,75,125,158,128,69,61,81,114,119,72,62,19
2026-06-06 18:27:11.441,75,125,154,128,69,61,81,114,119,72,62,19
2026-06-06 18:27:11.442,75,125,154,128,78,72,81,105,108,72,51,23
2026-06-06 18:27:11.509,75,130,154,128,78,72,81,105,108,72,51,23
2026-06-06 18:27:11.509,75,130,134,128,78,72,81,105,108,72,51,23
2026-06-06 18:27:11.510,75,130,134,128,83,65,81,100,115,72,46,43
2026-06-06 18:27:11.575,75,121,134,128,83,65,81,100,115,72,46,43
2026-06-06 18:27:11.575,75,121,123,128,83,65,81,100,115,72,46,43
2026-06-06 18:27:11.575,75,121,123,128,75,30,81,108,150,72,55,54
2026-06-06 18:27:11.641,75,112,123,128,75,30,81,108,150,72,55,54
2026-06-06 18:27:11.641,75,112,113,128,75,30,81,108,150,72,55,54
2026-06-06 18:27:11.642,75,112,113,128,66,18,81,117,162,72,64,64
2026-06-06 18:27:11.710,75,102,113,128,66,18,81,117,162,72,64,64
2026-06-06 18:27:11.711,75,102,102,128,66,18,81,117,162,72,64,64
2026-06-06 18:27:11.711,75,102,102,128,55,28,81,128,152,72,74,75
2026-06-06 18:27:11.774,75,102,123,128,55,28,81,128,152,72,74,75
2026-06-06 18:27:11.775,75,102,123,128,55,46,81,128,134,72,74,54
2026-06-06 18:27:11.842,75,110,123,128,55,46,81,128,134,72,74,54
2026-06-06 18:27:11.843,75,110,152,128,55,46,81,128,134,72,74,54
2026-06-06 18:27:11.844,75,110,152,128,64,57,81,118,123,72,66,25
2026-06-06 18:27:11.910,75,120,152,128,64,57,81,118,123,72,66,25
2026-06-06 18:27:11.912,75,120,159,128,64,57,81,118,123,72,66,25
2026-06-06 18:27:11.912,75,120,159,128,74,68,81,109,112,72,56,18
2026-06-06 18:27:11.975,75,131,159,128,74,68,81,109,112,72,56,18
2026-06-06 18:27:11.975,75,131,143,128,74,68,81,109,112,72,56,18
2026-06-06 18:27:11.976,75,131,143,128,83,78,81,100,102,72,45,34
2026-06-06 18:27:12.041,75,126,143,128,83,78,81,100,102,72,45,34
2026-06-06 18:27:12.042,75,126,128,128,83,78,81,100,102,72,45,34
2026-06-06 18:27:12.043,75,126,128,128,79,45,81,104,135,72,50,48
2026-06-06 18:27:12.109,75,116,128,128,79,45,81,104,135,72,50,48
2026-06-06 18:27:12.110,75,116,118,128,79,45,81,104,135,72,50,48
2026-06-06 18:27:12.111,75,116,118,128,70,21,81,112,159,72,60,59
2026-06-06 18:27:12.175,75,107,118,128,70,21,81,112,159,72,60,59
2026-06-06 18:27:12.177,75,107,107,128,70,21,81,112,159,72,60,59
2026-06-06 18:27:12.177,75,107,107,128,61,20,81,122,160,72,69,70
2026-06-06 18:27:12.241,75,98,107,128,61,20,81,122,160,72,69,70
2026-06-06 18:27:12.243,75,98,100,128,61,20,81,122,160,72,69,70
2026-06-06 18:27:12.243,75,98,100,128,50,41,81,132,139,72,78,77
2026-06-06 18:27:12.308,75,106,100,128,50,41,81,132,139,72,78,77
2026-06-06 18:27:12.309,75,106,140,128,50,41,81,132,139,72,78,77
2026-06-06 18:27:12.309,75,106,140,128,60,51,81,123,129,72,70,36
2026-06-06 18:27:12.375,75,115,140,128,60,51,81,123,129,72,70,36
2026-06-06 18:27:12.376,75,115,159,128,60,51,81,123,129,72,70,36
2026-06-06 18:27:12.377,75,115,159,128,69,62,81,114,118,72,61,18
2026-06-06 18:27:12.443,75,125,159,128,69,62,81,114,118,72,61,18
2026-06-06 18:27:12.444,75,125,153,128,69,62,81,114,118,72,61,18
2026-06-06 18:27:12.444,75,125,153,128,79,73,81,104,107,72,51,24
2026-06-06 18:27:12.509,75,130,153,128,79,73,81,104,107,72,51,24
2026-06-06 18:27:12.509,75,130,134,128,79,73,81,104,107,72,51,24
2026-06-06 18:27:12.510,75,130,134,128,83,65,81,100,115,72,46,43
2026-06-06 18:27:12.575,75,121,134,128,83,65,81,100,115,72,46,43
2026-06-06 18:27:12.576,75,121,123,128,83,65,81,100,115,72,46,43
2026-06-06 18:27:12.577,75,121,123,128,75,30,81,108,150,72,55,54
2026-06-06 18:27:12.643,75,111,123,128,75,30,81,108,150,72,55,54
2026-06-06 18:27:12.644,75,111,112,128,75,30,81,108,150,72,55,54
2026-06-06 18:27:12.644,75,111,112,128,66,18,81,117,162,72,65,65
2026-06-06 18:27:12.709,75,102,112,128,66,18,81,117,162,72,65,65
2026-06-06 18:27:12.709,75,102,102,128,66,18,81,117,162,72,65,65
2026-06-06 18:27:12.710,75,102,102,128,55,28,81,128,152,72,74,75
2026-06-06 18:27:12.776,75,102,124,128,55,28,81,128,152,72,74,75
2026-06-06 18:27:12.777,75,102,124,128,55,46,81,128,134,72,74,53
2026-06-06 18:27:12.843,75,110,124,128,55,46,81,128,134,72,74,53
2026-06-06 18:27:12.843,75,110,152,128,55,46,81,128,134,72,74,53
2026-06-06 18:27:12.844,75,110,152,128,64,57,81,118,123,72,66,24
2026-06-06 18:27:12.908,75,120,152,128,64,57,81,118,123,72,66,24
2026-06-06 18:27:12.909,75,120,159,128,64,57,81,118,123,72,66,24
2026-06-06 18:27:12.910,75,120,159,128,74,67,81,109,113,72,56,18
2026-06-06 18:27:12.974,75,130,159,128,74,67,81,109,113,72,56,18
2026-06-06 18:27:12.974,75,130,143,128,74,67,81,109,113,72,56,18
2026-06-06 18:27:12.974,75,130,143,128,83,78,81,100,102,72,46,34
2026-06-06 18:27:13.042,75,126,143,128,83,78,81,100,102,72,46,34
2026-06-06 18:27:13.042,75,126,128,128,83,78,81,100,102,72,46,34
2026-06-06 18:27:13.043,75,126,128,128,79,44,81,104,136,72,50,49
2026-06-06 18:27:13.109,75,116,128,128,79,44,81,104,136,72,50,49
2026-06-06 18:27:13.110,75,116,118,128,79,44,81,104,136,72,50,49
2026-06-06 18:27:13.110,75,116,118,128,71,21,81,112,159,72,60,59
2026-06-06 18:27:13.175,75,107,118,128,71,21,81,112,159,72,60,59
2026-06-06 18:27:13.176,75,107,107,128,71,21,81,112,159,72,60,59
2026-06-06 18:27:13.176,75,107,107,128,61,20,81,122,160,72,69,70
2026-06-06 18:27:13.244,75,98,107,128,61,20,81,122,160,72,69,70
2026-06-06 18:27:13.244,75,98,101,128,61,20,81,122,160,72,69,70
2026-06-06 18:27:13.245,75,98,101,128,51,41,81,132,139,72,78,76
2026-06-06 18:27:13.309,75,106,101,128,51,41,81,132,139,72,78,76
2026-06-06 18:27:13.309,75,106,141,128,51,41,81,132,139,72,78,76
2026-06-06 18:27:13.310,75,106,141,128,60,51,81,123,129,72,70,36
2026-06-06 18:27:13.378,75,115,141,128,60,51,81,123,129,72,70,36
2026-06-06 18:27:13.378,75,115,159,128,60,51,81,123,129,72,70,36
2026-06-06 18:27:13.379,75,115,159,128,69,62,81,114,118,72,61,18
2026-06-06 18:27:13.443,75,125,159,128,69,62,81,114,118,72,61,18
2026-06-06 18:27:13.444,75,125,154,128,69,62,81,114,118,72,61,18
2026-06-06 18:27:13.445,75,125,154,128,79,73,81,104,107,72,51,24
2026-06-06 18:27:13.510,75,130,154,128,79,73,81,104,107,72,51,24
2026-06-06 18:27:13.510,75,130,134,128,79,73,81,104,107,72,51,24
2026-06-06 18:27:13.511,75,130,134,128,83,64,81,100,116,72,46,44
2026-06-06 18:27:13.576,75,121,134,128,83,64,81,100,116,72,46,44
2026-06-06 18:27:13.577,75,121,123,128,83,64,81,100,116,72,46,44
2026-06-06 18:27:13.577,75,121,123,128,75,30,81,108,150,72,55,54
2026-06-06 18:27:13.642,75,111,123,128,75,30,81,108,150,72,55,54
2026-06-06 18:27:13.643,75,111,112,128,75,30,81,108,150,72,55,54
2026-06-06 18:27:13.644,75,111,112,128,66,18,81,117,162,72,65,65
2026-06-06 18:27:13.708,75,102,112,128,66,18,81,117,162,72,65,65
2026-06-06 18:27:13.709,75,102,102,128,66,18,81,117,162,72,65,65
2026-06-06 18:27:13.710,75,102,102,128,55,28,81,128,152,72,74,75
2026-06-06 18:27:13.776,75,102,124,128,55,28,81,128,152,72,74,75
2026-06-06 18:27:13.777,75,102,124,128,55,46,81,128,134,72,74,54
2026-06-06 18:27:13.842,75,110,124,128,55,46,81,128,134,72,74,54
2026-06-06 18:27:13.843,75,110,152,128,55,46,81,128,134,72,74,54
2026-06-06 18:27:13.844,75,110,152,128,64,56,81,118,124,72,66,25
2026-06-06 18:27:13.910,75,120,152,128,64,56,81,118,124,72,66,25
2026-06-06 18:27:13.911,75,120,159,128,64,56,81,118,124,72,66,25
2026-06-06 18:27:13.912,75,120,159,128,74,67,81,109,113,72,56,18
2026-06-06 18:27:13.976,75,131,159,128,74,67,81,109,113,72,56,18
2026-06-06 18:27:13.976,75,131,143,128,74,67,81,109,113,72,56,18
2026-06-06 18:27:13.977,75,131,143,128,83,78,81,100,102,72,45,34
2026-06-06 18:27:14.042,75,126,143,128,83,78,81,100,102,72,45,34
2026-06-06 18:27:14.043,75,126,128,128,83,78,81,100,102,72,45,34
2026-06-06 18:27:14.044,75,126,128,128,79,44,81,104,136,72,50,49
2026-06-06 18:27:14.110,75,116,128,128,79,44,81,104,136,72,50,49
2026-06-06 18:27:14.110,75,116,118,128,79,44,81,104,136,72,50,49
2026-06-06 18:27:14.111,75,116,118,128,70,21,81,112,159,72,60,59
2026-06-06 18:27:14.175,75,107,118,128,70,21,81,112,159,72,60,59
2026-06-06 18:27:14.177,75,107,107,128,70,21,81,112,159,72,60,59
2026-06-06 18:27:14.178,75,107,107,128,60,20,81,122,160,72,69,70
2026-06-06 18:27:14.243,75,98,107,128,60,20,81,122,160,72,69,70
2026-06-06 18:27:14.244,75,98,101,128,60,20,81,122,160,72,69,70
2026-06-06 18:27:14.245,75,98,101,128,51,41,81,132,139,72,78,76
2026-06-06 18:27:14.309,75,106,101,128,51,41,81,132,139,72,78,76
2026-06-06 18:27:14.309,75,106,141,128,51,41,81,132,139,72,78,76
2026-06-06 18:27:14.310,75,106,141,128,60,51,81,123,129,72,70,36
2026-06-06 18:27:14.375,75,115,141,128,60,51,81,123,129,72,70,36
2026-06-06 18:27:14.377,75,115,159,128,60,51,81,123,129,72,70,36
2026-06-06 18:27:14.377,75,115,159,128,69,62,81,114,118,72,61,18
2026-06-06 18:27:14.444,75,125,159,128,69,62,81,114,118,72,61,18
2026-06-06 18:27:14.444,75,125,153,128,69,62,81,114,118,72,61,18
2026-06-06 18:27:14.445,75,125,153,128,79,73,81,104,107,72,51,24
2026-06-06 18:27:14.509,75,130,153,128,79,73,81,104,107,72,51,24
2026-06-06 18:27:14.509,75,130,134,128,79,73,81,104,107,72,51,24
2026-06-06 18:27:14.510,75,130,134,128,83,65,81,100,115,72,46,43
2026-06-06 18:27:14.576,75,121,134,128,83,65,81,100,115,72,46,43
2026-06-06 18:27:14.576,75,121,123,128,83,65,81,100,115,72,46,43
2026-06-06 18:27:14.577,75,121,123,128,75,30,81,108,150,72,55,54
2026-06-06 18:27:14.642,75,112,123,128,75,30,81,108,150,72,55,54
2026-06-06 18:27:14.644,75,112,112,128,75,30,81,108,150,72,55,54
2026-06-06 18:27:14.644,75,112,112,128,66,18,81,117,162,72,64,65
2026-06-06 18:27:14.710,75,102,112,128,66,18,81,117,162,72,64,65
2026-06-06 18:27:14.711,75,102,102,128,66,18,81,117,162,72,64,65
2026-06-06 18:27:14.711,75,102,102,128,55,28,81,128,152,72,74,75
2026-06-06 18:27:14.776,75,102,123,128,55,28,81,128,152,72,74,75
2026-06-06 18:27:14.777,75,102,123,128,55,46,81,128,134,72,74,54
2026-06-06 18:27:14.843,75,110,123,128,55,46,81,128,134,72,74,54
2026-06-06 18:27:14.844,75,110,153,128,55,46,81,128,134,72,74,54
2026-06-06 18:27:14.844,75,110,153,128,65,57,81,118,123,72,66,24
2026-06-06 18:27:14.910,75,120,153,128,65,57,81,118,123,72,66,24
2026-06-06 18:27:14.911,75,120,159,128,65,57,81,118,123,72,66,24
2026-06-06 18:27:14.912,75,120,159,128,74,67,81,109,113,72,56,18
2026-06-06 18:27:14.976,75,131,159,128,74,67,81,109,113,72,56,18
2026-06-06 18:27:14.977,75,131,142,128,74,67,81,109,113,72,56,18
2026-06-06 18:27:14.977,75,131,142,128,83,78,81,100,102,72,45,34
2026-06-06 18:27:15.042,75,126,142,128,83,78,81,100,102,72,45,34
2026-06-06 18:27:15.043,75,126,128,128,83,78,81,100,102,72,45,34
2026-06-06 18:27:15.044,75,126,128,128,79,44,81,104,136,72,50,49
2026-06-06 18:27:15.109,75,116,128,128,79,44,81,104,136,72,50,49
2026-06-06 18:27:15.110,75,116,118,128,79,44,81,104,136,72,50,49
2026-06-06 18:27:15.110,75,116,118,128,71,21,81,112,159,72,60,59
2026-06-06 18:27:15.175,75,107,118,128,71,21,81,112,159,72,60,59
2026-06-06 18:27:15.175,75,107,107,128,71,21,81,112,159,72,60,59
2026-06-06 18:27:15.176,75,107,107,128,61,20,81,122,160,72,69,70
2026-06-06 18:27:15.243,75,98,107,128,61,20,81,122,160,72,69,70
2026-06-06 18:27:15.244,75,98,101,128,61,20,81,122,160,72,69,70
2026-06-06 18:27:15.245,75,98,101,128,51,41,81,132,139,72,78,76
2026-06-06 18:27:15.309,75,106,101,128,51,41,81,132,139,72,78,76
2026-06-06 18:27:15.310,75,106,141,128,51,41,81,132,139,72,78,76
2026-06-06 18:27:15.311,75,106,141,128,60,51,81,123,129,72,70,36
2026-06-06 18:27:15.375,75,115,141,128,60,51,81,123,129,72,70,36
2026-06-06 18:27:15.377,75,115,159,128,60,51,81,123,129,72,70,36
2026-06-06 18:27:15.378,75,115,159,128,69,62,81,114,118,72,61,18
2026-06-06 18:27:15.443,75,125,159,128,69,62,81,114,118,72,61,18
2026-06-06 18:27:15.444,75,125,154,128,69,62,81,114,118,72,61,18
2026-06-06 18:27:15.444,75,125,154,128,79,73,81,104,107,72,51,23
2026-06-06 18:27:15.509,75,130,154,128,79,73,81,104,107,72,51,23
2026-06-06 18:27:15.510,75,130,134,128,79,73,81,104,107,72,51,23
2026-06-06 18:27:15.511,75,130,134,128,83,65,81,100,115,72,46,43
2026-06-06 18:27:15.576,75,121,134,128,83,65,81,100,115,72,46,43
2026-06-06 18:27:15.576,75,121,123,128,83,65,81,100,115,72,46,43
2026-06-06 18:27:15.577,75,121,123,128,75,30,81,108,150,72,55,54
2026-06-06 18:27:15.643,75,111,123,128,75,30,81,108,150,72,55,54
2026-06-06 18:27:15.644,75,111,112,128,75,30,81,108,150,72,55,54
2026-06-06 18:27:15.644,75,111,112,128,66,18,81,117,162,72,65,65
2026-06-06 18:27:15.709,75,102,112,128,66,18,81,117,162,72,65,65
2026-06-06 18:27:15.710,75,102,102,128,66,18,81,117,162,72,65,65
2026-06-06 18:27:15.710,75,102,102,128,55,28,81,128,152,72,74,75
2026-06-06 18:27:15.776,75,102,123,128,55,28,81,128,152,72,74,75
2026-06-06 18:27:15.776,75,102,123,128,55,46,81,128,134,72,74,54
2026-06-06 18:27:15.841,75,110,123,128,55,46,81,128,134,72,74,54
2026-06-06 18:27:15.842,75,110,152,128,55,46,81,128,134,72,74,54
2026-06-06 18:27:15.842,75,110,152,128,64,56,81,119,124,72,66,25
2026-06-06 18:27:15.907,75,119,152,128,64,56,81,119,124,72,66,25
2026-06-06 18:27:15.907,75,119,159,128,64,56,81,119,124,72,66,25
2026-06-06 18:27:15.908,75,119,159,128,74,67,81,109,113,72,57,18
2026-06-06 18:27:15.972,75,130,159,128,74,67,81,109,113,72,57,18
2026-06-06 18:27:15.973,75,130,144,128,74,67,81,109,113,72,57,18
2026-06-06 18:27:15.973,75,130,144,128,83,77,81,100,103,72,46,33
2026-06-06 18:27:16.040,75,126,144,128,83,77,81,100,103,72,46,33
2026-06-06 18:27:16.040,75,126,129,128,83,77,81,100,103,72,46,33
2026-06-06 18:27:16.041,75,126,129,128,79,46,81,104,134,72,50,48
2026-06-06 18:27:16.109,75,116,129,128,79,46,81,104,134,72,50,48
2026-06-06 18:27:16.110,75,116,118,128,79,46,81,104,134,72,50,48
2026-06-06 18:27:16.110,75,116,118,128,71,21,81,112,159,72,60,59
2026-06-06 18:27:16.175,75,107,118,128,71,21,81,112,159,72,60,59
2026-06-06 18:27:16.177,75,107,107,128,71,21,81,112,159,72,60,59
2026-06-06 18:27:16.177,75,107,107,128,61,20,81,122,160,72,69,70
2026-06-06 18:27:16.240,75,98,107,128,61,20,81,122,160,72,69,70
2026-06-06 18:27:16.241,75,98,99,128,61,20,81,122,160,72,69,70
2026-06-06 18:27:16.242,75,98,99,128,50,40,81,133,140,72,78,78
2026-06-06 18:27:16.310,75,106,99,128,50,40,81,133,140,72,78,78
2026-06-06 18:27:16.310,75,106,141,128,50,40,81,133,140,72,78,78
2026-06-06 18:27:16.310,75,106,141,128,60,52,81,123,128,72,70,36
2026-06-06 18:27:16.375,75,115,141,128,60,52,81,123,128,72,70,36
2026-06-06 18:27:16.376,75,115,159,128,60,52,81,123,128,72,70,36
2026-06-06 18:27:16.377,75,115,159,128,69,62,81,114,118,72,61,18
2026-06-06 18:27:16.444,75,125,159,128,69,62,81,114,118,72,61,18
2026-06-06 18:27:16.444,75,125,153,128,69,62,81,114,118,72,61,18
2026-06-06 18:27:16.445,75,125,153,128,79,73,81,104,107,72,51,24
2026-06-06 18:27:16.510,75,130,153,128,79,73,81,104,107,72,51,24
2026-06-06 18:27:16.510,75,130,134,128,79,73,81,104,107,72,51,24
2026-06-06 18:27:16.512,75,130,134,128,83,64,81,100,116,72,46,44
2026-06-06 18:27:16.576,75,121,134,128,83,64,81,100,116,72,46,44
2026-06-06 18:27:16.576,75,121,123,128,83,64,81,100,116,72,46,44
2026-06-06 18:27:16.577,75,121,123,128,75,30,81,108,150,72,55,54
2026-06-06 18:27:16.641,75,112,123,128,75,30,81,108,150,72,55,54
2026-06-06 18:27:16.642,75,112,112,128,75,30,81,108,150,72,55,54
2026-06-06 18:27:16.643,75,112,112,128,66,18,81,117,162,72,64,64
2026-06-06 18:27:16.707,75,102,112,128,66,18,81,117,162,72,64,64
2026-06-06 18:27:16.707,75,102,102,128,66,18,81,117,162,72,64,64
2026-06-06 18:27:16.708,75,102,102,128,56,27,81,127,153,72,74,75
2026-06-06 18:27:16.776,75,102,124,128,56,27,81,127,153,72,74,75
2026-06-06 18:27:16.777,75,102,124,128,55,46,81,128,134,72,74,53
2026-06-06 18:27:16.841,75,110,124,128,55,46,81,128,134,72,74,53
2026-06-06 18:27:16.843,75,110,152,128,55,46,81,128,134,72,74,53
2026-06-06 18:27:16.843,75,110,152,128,64,56,81,118,124,72,66,25
2026-06-06 18:27:16.910,75,120,152,128,64,56,81,118,124,72,66,25
2026-06-06 18:27:16.911,75,120,159,128,64,56,81,118,124,72,66,25
2026-06-06 18:27:16.912,75,120,159,128,74,67,81,109,113,72,56,18
2026-06-06 18:27:16.977,75,131,159,128,74,67,81,109,113,72,56,18
2026-06-06 18:27:16.977,75,131,142,128,74,67,81,109,113,72,56,18
2026-06-06 18:27:16.978,75,131,142,128,83,78,81,100,102,72,45,35
2026-06-06 18:27:17.041,75,126,142,128,83,78,81,100,102,72,45,35
2026-06-06 18:27:17.042,75,126,128,128,83,78,81,100,102,72,45,35
2026-06-06 18:27:17.042,75,126,128,128,79,45,81,104,135,72,50,48
2026-06-06 18:27:17.109,75,116,128,128,79,45,81,104,135,72,50,48
2026-06-06 18:27:17.109,75,116,118,128,79,45,81,104,135,72,50,48
2026-06-06 18:27:17.110,75,116,118,128,71,21,81,112,159,72,60,59
2026-06-06 18:27:17.175,75,107,118,128,71,21,81,112,159,72,60,59
2026-06-06 18:27:17.176,75,107,107,128,71,21,81,112,159,72,60,59
2026-06-06 18:27:17.177,75,107,107,128,61,20,81,122,160,72,69,70
2026-06-06 18:27:17.243,75,98,107,128,61,20,81,122,160,72,69,70
2026-06-06 18:27:17.244,75,98,100,128,61,20,81,122,160,72,69,70
2026-06-06 18:27:17.244,75,98,100,128,50,41,81,132,139,72,78,77
2026-06-06 18:27:17.308,75,106,100,128,50,41,81,132,139,72,78,77
2026-06-06 18:27:17.309,75,106,140,128,50,41,81,132,139,72,78,77
2026-06-06 18:27:17.310,75,106,140,128,60,51,81,123,129,72,70,36
2026-06-06 18:27:17.376,75,115,140,128,60,51,81,123,129,72,70,36
2026-06-06 18:27:17.377,75,115,159,128,60,51,81,123,129,72,70,36
2026-06-06 18:27:17.378,75,115,159,128,69,62,81,114,118,72,61,18
2026-06-06 18:27:17.443,75,125,159,128,69,62,81,114,118,72,61,18
2026-06-06 18:27:17.444,75,125,154,128,69,62,81,114,118,72,61,18
2026-06-06 18:27:17.445,75,125,154,128,79,73,81,104,107,72,51,23
2026-06-06 18:27:17.509,75,130,154,128,79,73,81,104,107,72,51,23
2026-06-06 18:27:17.510,75,130,134,128,79,73,81,104,107,72,51,23
2026-06-06 18:27:17.511,75,130,134,128,83,64,81,100,116,72,46,43
2026-06-06 18:27:17.574,75,121,134,128,83,64,81,100,116,72,46,43
2026-06-06 18:27:17.575,75,121,123,128,83,64,81,100,116,72,46,43
2026-06-06 18:27:17.576,75,121,123,128,75,30,81,108,150,72,55,54
2026-06-06 18:27:17.641,75,112,123,128,75,30,81,108,150,72,55,54
2026-06-06 18:27:17.642,75,112,112,128,75,30,81,108,150,72,55,54
2026-06-06 18:27:17.643,75,112,112,128,66,18,81,117,162,72,64,64
2026-06-06 18:27:17.710,75,102,112,128,66,18,81,117,162,72,64,64
2026-06-06 18:27:17.710,75,102,102,128,66,18,81,117,162,72,64,64
2026-06-06 18:27:17.711,75,102,102,128,55,28,81,128,152,72,74,75
2026-06-06 18:27:17.776,75,102,123,128,55,28,81,128,152,72,74,75
2026-06-06 18:27:17.776,75,102,123,128,55,46,81,128,134,72,74,54
2026-06-06 18:27:17.843,75,110,123,128,55,46,81,128,134,72,74,54
2026-06-06 18:27:17.844,75,110,153,128,55,46,81,128,134,72,74,54
2026-06-06 18:27:17.844,75,110,153,128,65,57,81,118,123,72,66,24
2026-06-06 18:27:17.909,75,120,153,128,65,57,81,118,123,72,66,24
2026-06-06 18:27:17.911,75,120,159,128,65,57,81,118,123,72,66,24
2026-06-06 18:27:17.911,75,120,159,128,74,67,81,109,113,72,56,18
2026-06-06 18:27:17.976,75,131,159,128,74,67,81,109,113,72,56,18
2026-06-06 18:27:17.977,75,131,142,128,74,67,81,109,113,72,56,18
2026-06-06 18:27:17.978,75,131,142,128,83,78,81,100,102,72,45,35
2026-06-06 18:27:18.043,75,125,142,128,83,78,81,100,102,72,45,35
2026-06-06 18:27:18.044,75,125,128,128,83,78,81,100,102,72,45,35
2026-06-06 18:27:18.044,75,125,128,128,79,44,81,104,136,72,51,49
2026-06-06 18:27:18.109,75,116,128,128,79,44,81,104,136,72,51,49
2026-06-06 18:27:18.109,75,116,118,128,79,44,81,104,136,72,51,49
2026-06-06 18:27:18.111,75,116,118,128,71,21,81,112,159,72,60,59
2026-06-06 18:27:18.175,75,107,118,128,71,21,81,112,159,72,60,59
2026-06-06 18:27:18.176,75,107,107,128,71,21,81,112,159,72,60,59
2026-06-06 18:27:18.176,75,107,107,128,61,20,81,122,160,72,69,70
2026-06-06 18:27:18.243,75,98,107,128,61,20,81,122,160,72,69,70
2026-06-06 18:27:18.244,75,98,100,128,61,20,81,122,160,72,69,70
2026-06-06 18:27:18.244,75,98,100,128,51,41,81,132,139,72,78,77
2026-06-06 18:27:18.309,75,106,100,128,51,41,81,132,139,72,78,77
2026-06-06 18:27:18.310,75,106,141,128,51,41,81,132,139,72,78,77
2026-06-06 18:27:18.310,75,106,141,128,60,51,81,123,129,72,70,36
2026-06-06 18:27:18.375,75,115,141,128,60,51,81,123,129,72,70,36
2026-06-06 18:27:18.375,75,115,158,128,60,51,81,123,129,72,70,36
2026-06-06 18:27:18.376,75,115,158,128,69,62,81,114,118,72,61,18
2026-06-06 18:27:18.443,75,125,158,128,69,62,81,114,118,72,61,18
2026-06-06 18:27:18.444,75,125,154,128,69,62,81,114,118,72,61,18
2026-06-06 18:27:18.445,75,125,154,128,79,73,81,104,107,72,51,23
2026-06-06 18:27:18.509,75,130,154,128,79,73,81,104,107,72,51,23
2026-06-06 18:27:18.510,75,130,134,128,79,73,81,104,107,72,51,23
2026-06-06 18:27:18.511,75,130,134,128,83,64,81,100,116,72,46,43
2026-06-06 18:27:18.575,75,121,134,128,83,64,81,100,116,72,46,43
2026-06-06 18:27:18.576,75,121,123,128,83,64,81,100,116,72,46,43
2026-06-06 18:27:18.576,75,121,123,128,75,30,81,108,150,72,55,54
2026-06-06 18:27:18.644,75,111,123,128,75,30,81,108,150,72,55,54
2026-06-06 18:27:18.644,75,111,112,128,75,30,81,108,150,72,55,54
2026-06-06 18:27:18.645,75,111,112,128,66,18,81,117,162,72,65,65
2026-06-06 18:27:18.710,75,102,112,128,66,18,81,117,162,72,65,65
2026-06-06 18:27:18.711,75,102,102,128,66,18,81,117,162,72,65,65
2026-06-06 18:27:18.712,75,102,102,128,55,28,81,128,152,72,74,75
2026-06-06 18:27:18.776,75,102,124,128,55,28,81,128,152,72,74,75
2026-06-06 18:27:18.777,75,102,124,128,55,46,81,128,134,72,74,53
2026-06-06 18:27:18.841,75,110,124,128,55,46,81,128,134,72,74,53
2026-06-06 18:27:18.842,75,110,152,128,55,46,81,128,134,72,74,53
2026-06-06 18:27:18.843,75,110,152,128,64,56,81,119,124,72,66,25
2026-06-06 18:27:18.909,75,120,152,128,64,56,81,119,124,72,66,25
2026-06-06 18:27:18.910,75,120,159,128,64,56,81,119,124,72,66,25
2026-06-06 18:27:18.911,75,120,159,128,74,67,81,109,113,72,56,18
2026-06-06 18:27:18.976,75,131,159,128,74,67,81,109,113,72,56,18
2026-06-06 18:27:18.977,75,131,143,128,74,67,81,109,113,72,56,18
2026-06-06 18:27:18.978,75,131,143,128,83,78,81,100,102,72,45,34
2026-06-06 18:27:19.042,75,126,143,128,83,78,81,100,102,72,45,34
2026-06-06 18:27:19.043,75,126,128,128,83,78,81,100,102,72,45,34
2026-06-06 18:27:19.044,75,126,128,128,79,44,81,104,136,72,50,49
2026-06-06 18:27:19.108,75,116,128,128,79,44,81,104,136,72,50,49
2026-06-06 18:27:19.109,75,116,118,128,79,44,81,104,136,72,50,49
2026-06-06 18:27:19.110,75,116,118,128,71,21,81,112,159,72,60,59
2026-06-06 18:27:19.175,75,107,118,128,71,21,81,112,159,72,60,59
2026-06-06 18:27:19.176,75,107,107,128,71,21,81,112,159,72,60,59
2026-06-06 18:27:19.176,75,107,107,128,61,20,81,122,160,72,69,70
2026-06-06 18:27:19.243,75,98,107,128,61,20,81,122,160,72,69,70
2026-06-06 18:27:19.243,75,98,100,128,61,20,81,122,160,72,69,70
2026-06-06 18:27:19.243,75,98,100,128,51,41,81,132,139,72,78,77
2026-06-06 18:27:19.310,75,106,100,128,51,41,81,132,139,72,78,77
2026-06-06 18:27:19.311,75,106,141,128,51,41,81,132,139,72,78,77
2026-06-06 18:27:19.311,75,106,141,128,60,52,81,123,128,72,70,36
2026-06-06 18:27:19.377,75,115,141,128,60,52,81,123,128,72,70,36
2026-06-06 18:27:19.378,75,115,159,128,60,52,81,123,128,72,70,36
2026-06-06 18:27:19.378,75,115,159,128,69,62,81,114,118,72,61,18
2026-06-06 18:27:19.442,75,125,159,128,69,62,81,114,118,72,61,18
2026-06-06 18:27:19.442,75,125,154,128,69,62,81,114,118,72,61,18
2026-06-06 18:27:19.443,75,125,154,128,78,72,81,104,108,72,51,23
2026-06-06 18:27:19.510,75,130,154,128,78,72,81,104,108,72,51,23
2026-06-06 18:27:19.511,75,130,134,128,78,72,81,104,108,72,51,23
2026-06-06 18:27:19.512,75,130,134,128,83,64,81,100,116,72,46,43
2026-06-06 18:27:19.575,75,121,134,128,83,64,81,100,116,72,46,43
2026-06-06 18:27:19.576,75,121,123,128,83,64,81,100,116,72,46,43
2026-06-06 18:27:19.576,75,121,123,128,75,30,81,108,150,72,55,54
2026-06-06 18:27:19.641,75,112,123,128,75,30,81,108,150,72,55,54
2026-06-06 18:27:19.641,75,112,112,128,75,30,81,108,150,72,55,54
2026-06-06 18:27:19.642,75,112,112,128,66,18,81,117,162,72,64,64
2026-06-06 18:27:19.708,75,102,112,128,66,18,81,117,162,72,64,64
2026-06-06 18:27:19.709,75,102,102,128,66,18,81,117,162,72,64,64
2026-06-06 18:27:19.710,75,102,102,128,55,28,81,128,152,72,74,75
2026-06-06 18:27:19.776,75,102,124,128,55,28,81,128,152,72,74,75
2026-06-06 18:27:19.777,75,102,124,128,55,46,81,128,134,72,74,53
2026-06-06 18:27:19.841,75,110,124,128,55,46,81,128,134,72,74,53
2026-06-06 18:27:19.841,75,110,152,128,55,46,81,128,134,72,74,53
2026-06-06 18:27:19.841,75,110,152,128,64,56,81,119,124,72,66,25
2026-06-06 18:27:19.910,75,120,152,128,64,56,81,119,124,72,66,25
2026-06-06 18:27:19.911,75,120,159,128,64,56,81,119,124,72,66,25
2026-06-06 18:27:19.912,75,120,159,128,74,67,81,109,113,72,56,18
2026-06-06 18:27:19.974,75,131,159,128,74,67,81,109,113,72,56,18
2026-06-06 18:27:19.975,75,131,143,128,74,67,81,109,113,72,56,18
2026-06-06 18:27:19.976,75,131,143,128,83,78,81,100,102,72,45,34
2026-06-06 18:27:20.040,75,126,143,128,83,78,81,100,102,72,45,34
2026-06-06 18:27:20.042,75,126,128,128,83,78,81,100,102,72,45,34
2026-06-06 18:27:20.043,75,126,128,128,79,45,81,104,135,72,50,48
2026-06-06 18:27:20.110,75,116,128,128,79,45,81,104,135,72,50,48
2026-06-06 18:27:20.110,75,116,118,128,79,45,81,104,135,72,50,48
2026-06-06 18:27:20.111,75,116,118,128,71,21,81,112,159,72,60,59
2026-06-06 18:27:20.177,75,107,118,128,71,21,81,112,159,72,60,59
2026-06-06 18:27:20.177,75,107,107,128,71,21,81,112,159,72,60,59
2026-06-06 18:27:20.178,75,107,107,128,60,20,81,123,160,72,69,70
2026-06-06 18:27:20.242,75,98,107,128,60,20,81,123,160,72,69,70
2026-06-06 18:27:20.242,75,98,100,128,60,20,81,123,160,72,69,70
2026-06-06 18:27:20.244,75,98,100,128,50,40,81,133,140,72,78,78
2026-06-06 18:27:20.309,75,106,100,128,50,40,81,133,140,72,78,78
2026-06-06 18:27:20.310,75,106,141,128,50,40,81,133,140,72,78,78
2026-06-06 18:27:20.310,75,106,141,128,60,51,81,123,129,72,70,36
2026-06-06 18:27:20.375,75,115,141,128,60,51,81,123,129,72,70,36
2026-06-06 18:27:20.377,75,115,159,128,60,51,81,123,129,72,70,36
2026-06-06 18:27:20.377,75,115,159,128,69,62,81,114,118,72,61,18
2026-06-06 18:27:20.441,75,125,159,128,69,62,81,114,118,72,61,18
2026-06-06 18:27:20.443,75,125,154,128,69,62,81,114,118,72,61,18
2026-06-06 18:27:20.443,75,125,154,128,78,72,81,105,108,72,51,23
2026-06-06 18:27:20.508,75,130,154,128,78,72,81,105,108,72,51,23
2026-06-06 18:27:20.509,75,130,134,128,78,72,81,105,108,72,51,23
2026-06-06 18:27:20.510,75,130,134,128,83,65,81,100,115,72,46,43
2026-06-06 18:27:20.575,75,121,134,128,83,65,81,100,115,72,46,43
2026-06-06 18:27:20.576,75,121,123,128,83,65,81,100,115,72,46,43
2026-06-06 18:27:20.576,75,121,123,128,75,30,81,108,150,72,55,54
2026-06-06 18:27:20.644,75,111,123,128,75,30,81,108,150,72,55,54
2026-06-06 18:27:20.645,75,111,112,128,75,30,81,108,150,72,55,54
2026-06-06 18:27:20.645,75,111,112,128,66,18,81,117,162,72,65,65
2026-06-06 18:27:20.710,75,102,112,128,66,18,81,117,162,72,65,65
2026-06-06 18:27:20.710,75,102,102,128,66,18,81,117,162,72,65,65
2026-06-06 18:27:20.711,75,102,102,128,55,28,81,128,152,72,74,75
2026-06-06 18:27:20.776,75,102,124,128,55,28,81,128,152,72,74,75
2026-06-06 18:27:20.777,75,102,124,128,55,46,81,128,134,72,74,54
2026-06-06 18:27:20.842,75,110,124,128,55,46,81,128,134,72,74,54
2026-06-06 18:27:20.843,75,110,152,128,55,46,81,128,134,72,74,54
2026-06-06 18:27:20.843,75,110,152,128,65,57,81,118,123,72,66,24
2026-06-06 18:27:20.906,75,119,152,128,65,57,81,118,123,72,66,24
2026-06-06 18:27:20.907,75,119,159,128,65,57,81,118,123,72,66,24
2026-06-06 18:27:20.908,75,119,159,128,74,67,81,109,113,72,57,18
2026-06-06 18:27:20.975,75,131,159,128,74,67,81,109,113,72,57,18
2026-06-06 18:27:20.975,75,131,143,128,74,67,81,109,113,72,57,18
2026-06-06 18:27:20.977,75,131,143,128,83,78,81,100,102,72,45,34
2026-06-06 18:27:21.042,75,126,143,128,83,78,81,100,102,72,45,34
2026-06-06 18:27:21.042,75,126,128,128,83,78,81,100,102,72,45,34
2026-06-06 18:27:21.044,75,126,128,128,79,44,81,104,136,72,50,49
2026-06-06 18:27:21.106,75,117,128,128,79,44,81,104,136,72,50,49
2026-06-06 18:27:21.107,75,117,118,128,79,44,81,104,136,72,50,49
2026-06-06 18:27:21.107,75,117,118,128,71,21,81,112,159,72,59,59
2026-06-06 18:27:21.173,75,107,118,128,71,21,81,112,159,72,59,59
2026-06-06 18:27:21.174,75,107,107,128,71,21,81,112,159,72,59,59
2026-06-06 18:27:21.174,75,107,107,128,61,20,81,122,160,72,69,70
2026-06-06 18:27:21.243,75,98,107,128,61,20,81,122,160,72,69,70
2026-06-06 18:27:21.243,75,98,100,128,61,20,81,122,160,72,69,70
2026-06-06 18:27:21.245,75,98,100,128,51,41,81,132,139,72,78,76
2026-06-06 18:27:21.320,75,107,100,128,51,41,81,132,139,72,78,76
2026-06-06 18:27:21.323,75,107,146,128,51,41,81,132,139,72,78,76
2026-06-06 18:27:21.323,75,107,146,128,62,53,81,122,127,72,69,32
2026-06-06 18:27:21.399,75,118,146,128,62,53,81,122,127,72,69,32
2026-06-06 18:27:21.399,75,118,160,128,62,53,81,122,127,72,69,32
2026-06-06 18:27:21.399,75,118,160,128,72,66,81,111,114,72,58,18
2026-06-06 18:27:21.474,75,131,160,128,72,66,81,111,114,72,58,18
2026-06-06 18:27:21.475,75,131,143,128,72,66,81,111,114,72,58,18
2026-06-06 18:27:21.476,75,131,143,128,83,78,81,100,102,72,45,34
2026-06-06 18:27:21.542,75,125,143,128,83,78,81,100,102,72,45,34
2026-06-06 18:27:21.544,75,125,128,128,83,78,81,100,102,72,45,34
2026-06-06 18:27:21.545,75,125,128,128,79,44,81,104,136,72,51,49
2026-06-06 18:27:21.608,75,116,128,128,79,44,81,104,136,72,51,49
2026-06-06 18:27:21.609,75,116,118,128,79,44,81,104,136,72,51,49
2026-06-06 18:27:21.610,75,116,118,128,71,21,81,112,159,72,60,59
2026-06-06 18:27:21.674,75,107,118,128,71,21,81,112,159,72,60,59
2026-06-06 18:27:21.675,75,107,107,128,71,21,81,112,159,72,60,59
2026-06-06 18:27:21.676,75,107,107,128,61,20,81,122,160,72,69,70
2026-06-06 18:27:21.741,75,98,107,128,61,20,81,122,160,72,69,70
2026-06-06 18:27:21.741,75,98,98,128,61,20,81,122,160,72,69,70
2026-06-06 18:27:21.742,75,98,98,128,50,40,81,133,140,72,78,78
2026-06-06 18:27:21.810,75,106,98,128,50,40,81,133,140,72,78,78
2026-06-06 18:27:21.811,75,106,141,128,50,40,81,133,140,72,78,78
2026-06-06 18:27:21.812,75,106,141,128,60,52,81,123,128,72,70,36
2026-06-06 18:27:21.874,75,114,141,128,60,52,81,123,128,72,70,36
2026-06-06 18:27:21.874,75,114,158,128,60,52,81,123,128,72,70,36
2026-06-06 18:27:21.875,75,114,158,128,69,62,81,114,118,72,62,19
2026-06-06 18:27:21.944,75,125,158,128,69,62,81,114,118,72,62,19
2026-06-06 18:27:21.944,75,125,153,128,69,62,81,114,118,72,62,19
2026-06-06 18:27:21.945,75,125,153,128,79,73,81,104,107,72,51,24
2026-06-06 18:27:22.010,75,130,153,128,79,73,81,104,107,72,51,24
2026-06-06 18:27:22.011,75,130,134,128,79,73,81,104,107,72,51,24
2026-06-06 18:27:22.012,75,130,134,128,83,64,81,100,116,72,46,44
2026-06-06 18:27:22.074,75,121,134,128,83,64,81,100,116,72,46,44
2026-06-06 18:27:22.074,75,121,123,128,83,64,81,100,116,72,46,44
2026-06-06 18:27:22.075,75,121,123,128,75,30,81,108,150,72,55,54
2026-06-06 18:27:22.141,75,112,123,128,75,30,81,108,150,72,55,54
2026-06-06 18:27:22.142,75,112,112,128,75,30,81,108,150,72,55,54
2026-06-06 18:27:22.143,75,112,112,128,66,18,81,117,162,72,64,64
2026-06-06 18:27:22.210,75,102,112,128,66,18,81,117,162,72,64,64
2026-06-06 18:27:22.211,75,102,102,128,66,18,81,117,162,72,64,64
2026-06-06 18:27:22.211,75,102,102,128,55,28,81,128,152,72,74,75
2026-06-06 18:27:22.275,75,102,123,128,55,28,81,128,152,72,74,75
2026-06-06 18:27:22.276,75,102,123,128,55,46,81,128,134,72,74,54
2026-06-06 18:27:22.342,75,110,123,128,55,46,81,128,134,72,74,54
2026-06-06 18:27:22.343,75,110,152,128,55,46,81,128,134,72,74,54
2026-06-06 18:27:22.343,75,110,152,128,64,56,81,119,124,72,66,25
2026-06-06 18:27:22.408,75,120,152,128,64,56,81,119,124,72,66,25
2026-06-06 18:27:22.409,75,120,159,128,64,56,81,119,124,72,66,25
2026-06-06 18:27:22.410,75,120,159,128,74,67,81,109,113,72,56,18
2026-06-06 18:27:22.475,75,131,159,128,74,67,81,109,113,72,56,18
2026-06-06 18:27:22.475,75,131,143,128,74,67,81,109,113,72,56,18
2026-06-06 18:27:22.476,75,131,143,128,83,78,81,100,102,72,45,34
2026-06-06 18:27:22.543,75,125,143,128,83,78,81,100,102,72,45,34
2026-06-06 18:27:22.544,75,125,128,128,83,78,81,100,102,72,45,34
2026-06-06 18:27:22.544,75,125,128,128,79,44,81,104,136,72,51,49
2026-06-06 18:27:22.610,75,116,128,128,79,44,81,104,136,72,51,49
2026-06-06 18:27:22.611,75,116,118,128,79,44,81,104,136,72,51,49
2026-06-06 18:27:22.611,75,116,118,128,70,21,81,112,159,72,60,59
2026-06-06 18:27:22.673,75,107,118,128,70,21,81,112,159,72,60,59
2026-06-06 18:27:22.674,75,107,107,128,70,21,81,112,159,72,60,59
2026-06-06 18:27:22.675,75,107,107,128,61,20,81,122,160,72,69,70
2026-06-06 18:27:22.743,75,98,107,128,61,20,81,122,160,72,69,70
2026-06-06 18:27:22.743,75,98,100,128,61,20,81,122,160,72,69,70
2026-06-06 18:27:22.744,75,98,100,128,50,41,81,132,139,72,78,77
2026-06-06 18:27:22.809,75,106,100,128,50,41,81,132,139,72,78,77
2026-06-06 18:27:22.809,75,106,141,128,50,41,81,132,139,72,78,77
2026-06-06 18:27:22.811,75,106,141,128,60,51,81,123,129,72,70,36
2026-06-06 18:27:22.876,75,115,141,128,60,51,81,123,129,72,70,36
2026-06-06 18:27:22.877,75,115,159,128,60,51,81,123,129,72,70,36
2026-06-06 18:27:22.877,75,115,159,128,69,62,81,114,118,72,61,18
2026-06-06 18:27:22.942,75,125,159,128,69,62,81,114,118,72,61,18
2026-06-06 18:27:22.943,75,125,154,128,69,62,81,114,118,72,61,18
2026-06-06 18:27:22.943,75,125,154,128,78,73,81,104,107,72,51,23
2026-06-06 18:27:23.009,75,130,154,128,78,73,81,104,107,72,51,23
2026-06-06 18:27:23.010,75,130,134,128,78,73,81,104,107,72,51,23
2026-06-06 18:27:23.010,75,130,134,128,83,64,81,100,116,72,46,43
2026-06-06 18:27:23.075,75,121,134,128,83,64,81,100,116,72,46,43
2026-06-06 18:27:23.075,75,121,123,128,83,64,81,100,116,72,46,43
2026-06-06 18:27:23.076,75,121,123,128,75,30,81,108,150,72,55,54
2026-06-06 18:27:23.143,75,111,123,128,75,30,81,108,150,72,55,54
2026-06-06 18:27:23.144,75,111,112,128,75,30,81,108,150,72,55,54
2026-06-06 18:27:23.144,75,111,112,128,66,18,81,117,162,72,65,65
2026-06-06 18:27:23.210,75,102,112,128,66,18,81,117,162,72,65,65
2026-06-06 18:27:23.211,75,102,102,128,66,18,81,117,162,72,65,65
2026-06-06 18:27:23.212,75,102,102,128,55,28,81,128,152,72,74,75
2026-06-06 18:27:23.277,75,102,124,128,55,28,81,128,152,72,74,75
2026-06-06 18:27:23.278,75,102,124,128,55,46,81,128,134,72,74,53
2026-06-06 18:27:23.343,75,110,124,128,55,46,81,128,134,72,74,53
2026-06-06 18:27:23.344,75,110,153,128,55,46,81,128,134,72,74,53
2026-06-06 18:27:23.344,75,110,153,128,65,57,81,118,123,72,66,24
2026-06-06 18:27:23.409,75,120,153,128,65,57,81,118,123,72,66,24
2026-06-06 18:27:23.410,75,120,159,128,65,57,81,118,123,72,66,24
2026-06-06 18:27:23.411,75,120,159,128,74,67,81,109,113,72,56,18
2026-06-06 18:27:23.477,75,131,159,128,74,67,81,109,113,72,56,18
2026-06-06 18:27:23.477,75,131,142,128,74,67,81,109,113,72,56,18
2026-06-06 18:27:23.478,75,131,142,128,83,78,81,100,102,72,45,35
2026-06-06 18:27:23.542,75,126,142,128,83,78,81,100,102,72,45,35
2026-06-06 18:27:23.544,75,126,128,128,83,78,81,100,102,72,45,35
2026-06-06 18:27:23.544,75,126,128,128,79,44,81,104,136,72,50,49
2026-06-06 18:27:23.609,75,116,128,128,79,44,81,104,136,72,50,49
2026-06-06 18:27:23.610,75,116,118,128,79,44,81,104,136,72,50,49
2026-06-06 18:27:23.610,75,116,118,128,71,21,81,112,159,72,60,59
2026-06-06 18:27:23.676,75,107,118,128,71,21,81,112,159,72,60,59
2026-06-06 18:27:23.677,75,107,107,128,71,21,81,112,159,72,60,59
2026-06-06 18:27:23.677,75,107,107,128,60,20,81,122,160,72,69,70
2026-06-06 18:27:23.743,75,98,107,128,60,20,81,122,160,72,69,70
2026-06-06 18:27:23.743,75,98,100,128,60,20,81,122,160,72,69,70
2026-06-06 18:27:23.744,75,98,100,128,50,41,81,132,139,72,78,77
2026-06-06 18:27:23.809,75,106,100,128,50,41,81,132,139,72,78,77
2026-06-06 18:27:23.810,75,106,141,128,50,41,81,132,139,72,78,77
2026-06-06 18:27:23.811,75,106,141,128,60,51,81,123,129,72,70,36
2026-06-06 18:27:23.876,75,115,141,128,60,51,81,123,129,72,70,36
2026-06-06 18:27:23.877,75,115,159,128,60,51,81,123,129,72,70,36
2026-06-06 18:27:23.877,75,115,159,128,69,62,81,114,118,72,61,18
2026-06-06 18:27:23.943,75,125,159,128,69,62,81,114,118,72,61,18
2026-06-06 18:27:23.943,75,125,154,128,69,62,81,114,118,72,61,18
2026-06-06 18:27:23.944,75,125,154,128,79,73,81,104,107,72,51,23
2026-06-06 18:27:24.011,75,130,154,128,79,73,81,104,107,72,51,23
2026-06-06 18:27:24.011,75,130,134,128,79,73,81,104,107,72,51,23
2026-06-06 18:27:24.012,75,130,134,128,83,64,81,100,116,72,46,44
2026-06-06 18:27:24.075,75,121,134,128,83,64,81,100,116,72,46,44
2026-06-06 18:27:24.076,75,121,123,128,83,64,81,100,116,72,46,44
2026-06-06 18:27:24.077,75,121,123,128,75,30,81,108,150,72,55,54
2026-06-06 18:27:24.143,75,111,123,128,75,30,81,108,150,72,55,54
2026-06-06 18:27:24.144,75,111,112,128,75,30,81,108,150,72,55,54
2026-06-06 18:27:24.144,75,111,112,128,66,18,81,117,162,72,65,65
2026-06-06 18:27:24.209,75,102,112,128,66,18,81,117,162,72,65,65
2026-06-06 18:27:24.210,75,102,102,128,66,18,81,117,162,72,65,65
2026-06-06 18:27:24.210,75,102,102,128,55,28,81,128,152,72,74,75
2026-06-06 18:27:24.277,75,102,124,128,55,28,81,128,152,72,74,75
2026-06-06 18:27:24.277,75,102,124,128,55,46,81,128,134,72,74,54
2026-06-06 18:27:24.342,75,110,124,128,55,46,81,128,134,72,74,54
2026-06-06 18:27:24.343,75,110,152,128,55,46,81,128,134,72,74,54
2026-06-06 18:27:24.343,75,110,152,128,64,57,81,118,123,72,66,25
2026-06-06 18:27:24.410,75,120,152,128,64,57,81,118,123,72,66,25
2026-06-06 18:27:24.410,75,120,159,128,64,57,81,118,123,72,66,25
2026-06-06 18:27:24.411,75,120,159,128,74,67,81,109,113,72,56,18
2026-06-06 18:27:24.476,75,131,159,128,74,67,81,109,113,72,56,18
2026-06-06 18:27:24.478,75,131,142,128,74,67,81,109,113,72,56,18
2026-06-06 18:27:24.479,75,131,142,128,83,78,81,100,102,72,45,35
2026-06-06 18:27:24.541,75,126,142,128,83,78,81,100,102,72,45,35
2026-06-06 18:27:24.542,75,126,128,128,83,78,81,100,102,72,45,35
2026-06-06 18:27:24.543,75,126,128,128,79,45,81,104,135,72,50,48
2026-06-06 18:27:24.610,75,116,128,128,79,45,81,104,135,72,50,48
2026-06-06 18:27:24.610,75,116,118,128,79,45,81,104,135,72,50,48
2026-06-06 18:27:24.611,75,116,118,128,71,21,81,112,159,72,60,59
2026-06-06 18:27:24.676,75,107,118,128,71,21,81,112,159,72,60,59
2026-06-06 18:27:24.677,75,107,107,128,71,21,81,112,159,72,60,59
2026-06-06 18:27:24.678,75,107,107,128,60,20,81,122,160,72,69,70
2026-06-06 18:27:24.743,75,98,107,128,60,20,81,122,160,72,69,70
2026-06-06 18:27:24.743,75,98,100,128,60,20,81,122,160,72,69,70
2026-06-06 18:27:24.744,75,98,100,128,51,41,81,132,139,72,78,77
2026-06-06 18:27:24.810,75,106,100,128,51,41,81,132,139,72,78,77
2026-06-06 18:27:24.810,75,106,141,128,51,41,81,132,139,72,78,77
2026-06-06 18:27:24.810,75,106,141,128,60,51,81,123,129,72,70,36
2026-06-06 18:27:24.876,75,115,141,128,60,51,81,123,129,72,70,36
2026-06-06 18:27:24.877,75,115,159,128,60,51,81,123,129,72,70,36
2026-06-06 18:27:24.877,75,115,159,128,69,62,81,114,118,72,61,18
2026-06-06 18:27:24.943,75,125,159,128,69,62,81,114,118,72,61,18
2026-06-06 18:27:24.944,75,125,154,128,69,62,81,114,118,72,61,18
2026-06-06 18:27:24.945,75,125,154,128,79,73,81,104,107,72,51,24
2026-06-06 18:27:25.009,75,130,154,128,79,73,81,104,107,72,51,24
2026-06-06 18:27:25.010,75,130,134,128,79,73,81,104,107,72,51,24
2026-06-06 18:27:25.010,75,130,134,128,83,65,81,100,115,72,46,43
2026-06-06 18:27:25.075,75,121,134,128,83,65,81,100,115,72,46,43
2026-06-06 18:27:25.075,75,121,123,128,83,65,81,100,115,72,46,43
2026-06-06 18:27:25.076,75,121,123,128,75,30,81,108,150,72,55,54
2026-06-06 18:27:25.141,75,112,123,128,75,30,81,108,150,72,55,54
2026-06-06 18:27:25.141,75,112,113,128,75,30,81,108,150,72,55,54
2026-06-06 18:27:25.142,75,112,113,128,66,18,81,117,162,72,64,64
2026-06-06 18:27:25.210,75,102,113,128,66,18,81,117,162,72,64,64
2026-06-06 18:27:25.211,75,102,102,128,66,18,81,117,162,72,64,64
2026-06-06 18:27:25.211,75,102,102,128,55,29,81,128,151,72,74,76
2026-06-06 18:27:25.276,75,102,124,128,55,29,81,128,151,72,74,76
2026-06-06 18:27:25.277,75,102,124,128,55,46,81,128,134,72,74,54
2026-06-06 18:27:25.342,75,110,124,128,55,46,81,128,134,72,74,54
2026-06-06 18:27:25.342,75,110,152,128,55,46,81,128,134,72,74,54
2026-06-06 18:27:25.342,75,110,152,128,64,57,81,118,123,72,66,24
2026-06-06 18:27:25.409,75,120,152,128,64,57,81,118,123,72,66,24
2026-06-06 18:27:25.410,75,120,159,128,64,57,81,118,123,72,66,24
2026-06-06 18:27:25.411,75,120,159,128,74,67,81,109,113,72,56,18
2026-06-06 18:27:25.474,75,131,159,128,74,67,81,109,113,72,56,18
2026-06-06 18:27:25.475,75,131,143,128,74,67,81,109,113,72,56,18
2026-06-06 18:27:25.476,75,131,143,128,83,78,81,100,102,72,45,34
2026-06-06 18:27:25.543,75,125,143,128,83,78,81,100,102,72,45,34
2026-06-06 18:27:25.544,75,125,128,128,83,78,81,100,102,72,45,34
2026-06-06 18:27:25.545,75,125,128,128,79,44,81,104,136,72,51,49
2026-06-06 18:27:25.610,75,116,128,128,79,44,81,104,136,72,51,49
2026-06-06 18:27:25.611,75,116,118,128,79,44,81,104,136,72,51,49
2026-06-06 18:27:25.612,75,116,118,128,70,21,81,112,159,72,60,60
2026-06-06 18:27:25.675,75,107,118,128,70,21,81,112,159,72,60,60
2026-06-06 18:27:25.676,75,107,107,128,70,21,81,112,159,72,60,60
2026-06-06 18:27:25.678,75,107,107,128,61,20,81,122,160,72,69,70
2026-06-06 18:27:25.742,75,98,107,128,61,20,81,122,160,72,69,70
2026-06-06 18:27:25.743,75,98,100,128,61,20,81,122,160,72,69,70
2026-06-06 18:27:25.743,75,98,100,128,51,41,81,132,139,72,78,77
2026-06-06 18:27:25.808,75,106,100,128,51,41,81,132,139,72,78,77
2026-06-06 18:27:25.809,75,106,140,128,51,41,81,132,139,72,78,77
2026-06-06 18:27:25.810,75,106,140,128,60,51,81,123,129,72,70,36
2026-06-06 18:27:25.875,75,115,140,128,60,51,81,123,129,72,70,36
2026-06-06 18:27:25.876,75,115,158,128,60,51,81,123,129,72,70,36
2026-06-06 18:27:25.877,75,115,158,128,69,62,81,114,118,72,61,18
2026-06-06 18:27:25.942,75,125,158,128,69,62,81,114,118,72,61,18
2026-06-06 18:27:25.944,75,125,154,128,69,62,81,114,118,72,61,18
2026-06-06 18:27:25.945,75,125,154,128,79,73,81,104,107,72,51,23
2026-06-06 18:27:26.008,75,130,154,128,79,73,81,104,107,72,51,23
2026-06-06 18:27:26.009,75,130,134,128,79,73,81,104,107,72,51,23
2026-06-06 18:27:26.009,75,130,134,128,83,65,81,100,115,72,46,43
2026-06-06 18:27:26.071,75,121,134,128,83,65,81,100,115,72,46,43
2026-06-06 18:27:26.072,75,121,124,128,83,65,81,100,115,72,46,43
2026-06-06 18:27:26.072,75,121,124,128,76,31,81,107,149,72,55,53
2026-06-06 18:27:26.148,75,110,124,128,76,31,81,107,149,72,55,53
2026-06-06 18:27:26.150,75,110,111,128,76,31,81,107,149,72,55,53
2026-06-06 18:27:26.150,75,110,111,128,65,18,81,118,162,72,66,66
2026-06-06 18:27:26.226,75,100,111,128,65,18,81,118,162,72,66,66
2026-06-06 18:27:26.227,75,100,99,128,65,18,81,118,162,72,66,66
2026-06-06 18:27:26.227,75,100,99,128,52,35,81,131,145,72,76,78
2026-06-06 18:27:26.294,75,104,99,128,52,35,81,131,145,72,76,78
2026-06-06 18:27:26.294,75,104,134,128,52,35,81,131,145,72,76,78
2026-06-06 18:27:26.295,75,104,134,128,58,49,81,125,131,72,72,43
2026-06-06 18:27:26.359,75,112,134,128,58,49,81,125,131,72,72,43
2026-06-06 18:27:26.359,75,112,156,128,58,49,81,125,131,72,72,43
2026-06-06 18:27:26.360,75,112,156,128,67,59,81,116,121,72,64,21
2026-06-06 18:27:26.424,75,122,156,128,67,59,81,116,121,72,64,21
2026-06-06 18:27:26.425,75,122,157,128,67,59,81,116,121,72,64,21
2026-06-06 18:27:26.426,75,122,157,128,76,70,81,107,110,72,54,20
2026-06-06 18:27:26.490,75,133,157,128,76,70,81,107,110,72,54,20
2026-06-06 18:27:26.490,75,133,137,128,76,70,81,107,110,72,54,20
2026-06-06 18:27:26.491,75,133,137,128,85,79,81,98,101,72,43,40
2026-06-06 18:27:26.560,75,123,137,128,85,79,81,98,101,72,43,40
2026-06-06 18:27:26.560,75,123,126,128,85,79,81,98,101,72,43,40
2026-06-06 18:27:26.561,75,123,126,128,77,36,81,106,144,72,53,51
2026-06-06 18:27:26.637,75,112,126,128,77,36,81,106,144,72,53,51
2026-06-06 18:27:26.637,75,112,113,128,77,36,81,106,144,72,53,51
2026-06-06 18:27:26.638,75,112,113,128,67,18,81,116,162,72,64,64
2026-06-06 18:27:26.711,75,102,113,128,67,18,81,116,162,72,64,64
2026-06-06 18:27:26.712,75,102,102,128,67,18,81,116,162,72,64,64
2026-06-06 18:27:26.712,75,102,102,128,55,29,81,128,151,72,74,76
2026-06-06 18:27:26.777,75,102,124,128,55,29,81,128,151,72,74,76
2026-06-06 18:27:26.777,75,102,124,128,55,46,81,128,134,72,74,54
2026-06-06 18:27:26.843,75,110,124,128,55,46,81,128,134,72,74,54
2026-06-06 18:27:26.844,75,110,153,128,55,46,81,128,134,72,74,54
2026-06-06 18:27:26.844,75,110,153,128,65,57,81,118,123,72,66,24
2026-06-06 18:27:26.910,75,120,153,128,65,57,81,118,123,72,66,24
2026-06-06 18:27:26.911,75,120,159,128,65,57,81,118,123,72,66,24
2026-06-06 18:27:26.911,75,120,159,128,74,67,81,109,113,72,56,18
2026-06-06 18:27:26.975,75,131,159,128,74,67,81,109,113,72,56,18
2026-06-06 18:27:26.975,75,131,143,128,74,67,81,109,113,72,56,18
2026-06-06 18:27:26.976,75,131,143,128,83,78,81,100,102,72,45,34
2026-06-06 18:27:27.043,75,126,143,128,83,78,81,100,102,72,45,34
2026-06-06 18:27:27.044,75,126,128,128,83,78,81,100,102,72,45,34
2026-06-06 18:27:27.044,75,126,128,128,79,44,81,104,136,72,50,49
2026-06-06 18:27:27.109,75,116,128,128,79,44,81,104,136,72,50,49
2026-06-06 18:27:27.110,75,116,118,128,79,44,81,104,136,72,50,49
2026-06-06 18:27:27.110,75,116,118,128,71,21,81,112,159,72,60,59
2026-06-06 18:27:27.176,75,107,118,128,71,21,81,112,159,72,60,59
2026-06-06 18:27:27.176,75,107,107,128,71,21,81,112,159,72,60,59
2026-06-06 18:27:27.177,75,107,107,128,61,20,81,122,160,72,69,70
2026-06-06 18:27:27.241,75,98,107,128,61,20,81,122,160,72,69,70
2026-06-06 18:27:27.242,75,98,99,128,61,20,81,122,160,72,69,70
2026-06-06 18:27:27.242,75,98,99,128,50,40,81,133,140,72,78,78
2026-06-06 18:27:27.310,75,106,99,128,50,40,81,133,140,72,78,78
2026-06-06 18:27:27.310,75,106,141,128,50,40,81,133,140,72,78,78
2026-06-06 18:27:27.310,75,106,141,128,60,51,81,123,129,72,70,36
2026-06-06 18:27:27.375,75,115,141,128,60,51,81,123,129,72,70,36
2026-06-06 18:27:27.376,75,115,159,128,60,51,81,123,129,72,70,36
2026-06-06 18:27:27.377,75,115,159,128,69,62,81,114,118,72,61,18
2026-06-06 18:27:27.443,75,125,159,128,69,62,81,114,118,72,61,18
2026-06-06 18:27:27.444,75,125,154,128,69,62,81,114,118,72,61,18
2026-06-06 18:27:27.444,75,125,154,128,79,73,81,104,107,72,51,23
2026-06-06 18:27:27.510,75,130,154,128,79,73,81,104,107,72,51,23
2026-06-06 18:27:27.510,75,130,134,128,79,73,81,104,107,72,51,23
2026-06-06 18:27:27.511,75,130,134,128,83,64,81,100,116,72,46,44
2026-06-06 18:27:27.576,75,121,134,128,83,64,81,100,116,72,46,44
2026-06-06 18:27:27.576,75,121,123,128,83,64,81,100,116,72,46,44
2026-06-06 18:27:27.577,75,121,123,128,75,30,81,108,150,72,55,54
2026-06-06 18:27:27.644,75,111,123,128,75,30,81,108,150,72,55,54
2026-06-06 18:27:27.644,75,111,112,128,75,30,81,108,150,72,55,54
2026-06-06 18:27:27.645,75,111,112,128,66,18,81,117,162,72,65,65
2026-06-06 18:27:27.709,75,102,112,128,66,18,81,117,162,72,65,65
2026-06-06 18:27:27.710,75,102,102,128,66,18,81,117,162,72,65,65
2026-06-06 18:27:27.710,75,102,102,128,55,28,81,128,152,72,74,75
2026-06-06 18:27:27.776,75,102,124,128,55,28,81,128,152,72,74,75
2026-06-06 18:27:27.777,75,102,124,128,55,46,81,128,134,72,74,53
2026-06-06 18:27:27.843,75,110,124,128,55,46,81,128,134,72,74,53
2026-06-06 18:27:27.844,75,110,153,128,55,46,81,128,134,72,74,53
2026-06-06 18:27:27.844,75,110,153,128,65,57,81,118,123,72,66,24
2026-06-06 18:27:27.910,75,120,153,128,65,57,81,118,123,72,66,24
2026-06-06 18:27:27.910,75,120,159,128,65,57,81,118,123,72,66,24
2026-06-06 18:27:27.911,75,120,159,128,74,67,81,109,113,72,56,18
2026-06-06 18:27:27.976,75,131,159,128,74,67,81,109,113,72,56,18
2026-06-06 18:27:27.977,75,131,143,128,74,67,81,109,113,72,56,18
2026-06-06 18:27:27.977,75,131,143,128,83,78,81,100,102,72,45,34
2026-06-06 18:27:28.042,75,125,143,128,83,78,81,100,102,72,45,34
2026-06-06 18:27:28.043,75,125,128,128,83,78,81,100,102,72,45,34
2026-06-06 18:27:28.043,75,125,128,128,79,44,81,104,136,72,51,49
2026-06-06 18:27:28.108,75,116,128,128,79,44,81,104,136,72,51,49
2026-06-06 18:27:28.109,75,116,118,128,79,44,81,104,136,72,51,49
2026-06-06 18:27:28.110,75,116,118,128,71,21,81,112,159,72,60,59
2026-06-06 18:27:28.176,75,107,118,128,71,21,81,112,159,72,60,59
2026-06-06 18:27:28.176,75,107,107,128,71,21,81,112,159,72,60,59
2026-06-06 18:27:28.177,75,107,107,128,61,20,81,122,160,72,69,70
2026-06-06 18:27:28.243,75,98,107,128,61,20,81,122,160,72,69,70
2026-06-06 18:27:28.244,75,98,100,128,61,20,81,122,160,72,69,70
2026-06-06 18:27:28.244,75,98,100,128,51,41,81,132,139,72,78,77
2026-06-06 18:27:28.309,75,106,100,128,51,41,81,132,139,72,78,77
2026-06-06 18:27:28.309,75,106,141,128,51,41,81,132,139,72,78,77
2026-06-06 18:27:28.311,75,106,141,128,60,51,81,123,129,72,70,36
2026-06-06 18:27:28.376,75,115,141,128,60,51,81,123,129,72,70,36
2026-06-06 18:27:28.377,75,115,159,128,60,51,81,123,129,72,70,36
2026-06-06 18:27:28.378,75,115,159,128,69,62,81,114,118,72,61,18
2026-06-06 18:27:28.442,75,125,159,128,69,62,81,114,118,72,61,18
2026-06-06 18:27:28.444,75,125,154,128,69,62,81,114,118,72,61,18
2026-06-06 18:27:28.445,75,125,154,128,79,73,81,104,107,72,51,23
2026-06-06 18:27:28.508,75,130,154,128,79,73,81,104,107,72,51,23
2026-06-06 18:27:28.509,75,130,134,128,79,73,81,104,107,72,51,23
2026-06-06 18:27:28.510,75,130,134,128,83,65,81,100,115,72,46,43
2026-06-06 18:27:28.574,75,121,134,128,83,65,81,100,115,72,46,43
2026-06-06 18:27:28.576,75,121,123,128,83,65,81,100,115,72,46,43
2026-06-06 18:27:28.576,75,121,123,128,75,30,81,108,150,72,55,54
2026-06-06 18:27:28.642,75,112,123,128,75,30,81,108,150,72,55,54
2026-06-06 18:27:28.643,75,112,112,128,75,30,81,108,150,72,55,54
2026-06-06 18:27:28.644,75,112,112,128,66,18,81,117,162,72,64,65
2026-06-06 18:27:28.710,75,102,112,128,66,18,81,117,162,72,64,65
2026-06-06 18:27:28.710,75,102,102,128,66,18,81,117,162,72,64,65
2026-06-06 18:27:28.710,75,102,102,128,55,28,81,128,152,72,74,75
2026-06-06 18:27:28.777,75,102,124,128,55,28,81,128,152,72,74,75
2026-06-06 18:27:28.777,75,102,124,128,55,46,81,128,134,72,74,53
2026-06-06 18:27:28.842,75,110,124,128,55,46,81,128,134,72,74,53
2026-06-06 18:27:28.843,75,110,152,128,55,46,81,128,134,72,74,53
2026-06-06 18:27:28.844,75,110,152,128,64,57,81,118,123,72,66,25
2026-06-06 18:27:28.909,75,120,152,128,64,57,81,118,123,72,66,25
2026-06-06 18:27:28.911,75,120,159,128,64,57,81,118,123,72,66,25
2026-06-06 18:27:28.912,75,120,159,128,74,67,81,109,113,72,56,18
2026-06-06 18:27:28.976,75,131,159,128,74,67,81,109,113,72,56,18
2026-06-06 18:27:28.977,75,131,143,128,74,67,81,109,113,72,56,18
2026-06-06 18:27:28.977,75,131,143,128,83,78,81,100,102,72,45,34
2026-06-06 18:27:29.042,75,125,143,128,83,78,81,100,102,72,45,34
2026-06-06 18:27:29.043,75,125,128,128,83,78,81,100,102,72,45,34
2026-06-06 18:27:29.044,75,125,128,128,79,44,81,104,136,72,51,49
2026-06-06 18:27:29.110,75,116,128,128,79,44,81,104,136,72,51,49
2026-06-06 18:27:29.111,75,116,118,128,79,44,81,104,136,72,51,49
2026-06-06 18:27:29.111,75,116,118,128,70,21,81,112,159,72,60,59
2026-06-06 18:27:29.176,75,107,118,128,70,21,81,112,159,72,60,59
2026-06-06 18:27:29.176,75,107,107,128,70,21,81,112,159,72,60,59
2026-06-06 18:27:29.176,75,107,107,128,61,20,81,122,160,72,69,70
2026-06-06 18:27:29.243,75,98,107,128,61,20,81,122,160,72,69,70
2026-06-06 18:27:29.244,75,98,100,128,61,20,81,122,160,72,69,70
2026-06-06 18:27:29.244,75,98,100,128,51,41,81,132,139,72,78,77
2026-06-06 18:27:29.310,75,106,100,128,51,41,81,132,139,72,78,77
2026-06-06 18:27:29.311,75,106,141,128,51,41,81,132,139,72,78,77
2026-06-06 18:27:29.312,75,106,141,128,60,51,81,123,129,72,70,36
2026-06-06 18:27:29.375,75,115,141,128,60,51,81,123,129,72,70,36
2026-06-06 18:27:29.375,75,115,158,128,60,51,81,123,129,72,70,36
2026-06-06 18:27:29.376,75,115,158,128,69,62,81,114,118,72,61,18
2026-06-06 18:27:29.442,75,125,158,128,69,62,81,114,118,72,61,18
2026-06-06 18:27:29.443,75,125,154,128,69,62,81,114,118,72,61,18
2026-06-06 18:27:29.445,75,125,154,128,79,73,81,104,107,72,51,24
2026-06-06 18:27:29.509,75,130,154,128,79,73,81,104,107,72,51,24
2026-06-06 18:27:29.510,75,130,134,128,79,73,81,104,107,72,51,24
2026-06-06 18:27:29.511,75,130,134,128,83,65,81,100,115,72,46,43
2026-06-06 18:27:29.577,75,121,134,128,83,65,81,100,115,72,46,43
2026-06-06 18:27:29.577,75,121,123,128,83,65,81,100,115,72,46,43
2026-06-06 18:27:29.578,75,121,123,128,75,30,81,108,150,72,55,54
2026-06-06 18:27:29.642,75,112,123,128,75,30,81,108,150,72,55,54
2026-06-06 18:27:29.643,75,112,112,128,75,30,81,108,150,72,55,54
2026-06-06 18:27:29.644,75,112,112,128,66,18,81,117,162,72,64,65
2026-06-06 18:27:29.710,75,102,112,128,66,18,81,117,162,72,64,65
2026-06-06 18:27:29.710,75,102,102,128,66,18,81,117,162,72,64,65
2026-06-06 18:27:29.711,75,102,102,128,55,28,81,128,152,72,74,76
2026-06-06 18:27:29.777,75,102,124,128,55,28,81,128,152,72,74,76
2026-06-06 18:27:29.777,75,102,124,128,55,46,81,128,134,72,74,53
2026-06-06 18:27:29.844,75,110,124,128,55,46,81,128,134,72,74,53
2026-06-06 18:27:29.844,75,110,153,128,55,46,81,128,134,72,74,53
2026-06-06 18:27:29.845,75,110,153,128,65,57,81,118,123,72,66,24
2026-06-06 18:27:29.910,75,120,153,128,65,57,81,118,123,72,66,24
2026-06-06 18:27:29.911,75,120,159,128,65,57,81,118,123,72,66,24
2026-06-06 18:27:29.911,75,120,159,128,74,67,81,109,113,72,56,18
2026-06-06 18:27:29.977,75,131,159,128,74,67,81,109,113,72,56,18
2026-06-06 18:27:29.977,75,131,142,128,74,67,81,109,113,72,56,18
2026-06-06 18:27:29.978,75,131,142,128,83,78,81,100,102,72,45,34
2026-06-06 18:27:30.043,75,125,142,128,83,78,81,100,102,72,45,34
2026-06-06 18:27:30.043,75,125,128,128,83,78,81,100,102,72,45,34
2026-06-06 18:27:30.045,75,125,128,128,79,44,81,104,136,72,51,49
2026-06-06 18:27:30.109,75,116,128,128,79,44,81,104,136,72,51,49
2026-06-06 18:27:30.110,75,116,118,128,79,44,81,104,136,72,51,49
2026-06-06 18:27:30.110,75,116,118,128,71,21,81,112,159,72,60,59
2026-06-06 18:27:30.176,75,107,118,128,71,21,81,112,159,72,60,59
2026-06-06 18:27:30.177,75,107,107,128,71,21,81,112,159,72,60,59
2026-06-06 18:27:30.177,75,107,107,128,61,20,81,122,160,72,69,70
2026-06-06 18:27:30.243,75,98,107,128,61,20,81,122,160,72,69,70
2026-06-06 18:27:30.244,75,98,100,128,61,20,81,122,160,72,69,70
2026-06-06 18:27:30.244,75,98,100,128,51,41,81,132,139,72,78,77
2026-06-06 18:27:30.308,75,106,100,128,51,41,81,132,139,72,78,77
2026-06-06 18:27:30.309,75,106,140,128,51,41,81,132,139,72,78,77
2026-06-06 18:27:30.310,75,106,140,128,60,51,81,123,129,72,70,37
2026-06-06 18:27:30.376,75,115,140,128,60,51,81,123,129,72,70,37
2026-06-06 18:27:30.376,75,115,159,128,60,51,81,123,129,72,70,37
2026-06-06 18:27:30.377,75,115,159,128,69,62,81,114,118,72,61,18
2026-06-06 18:27:30.443,75,125,159,128,69,62,81,114,118,72,61,18
2026-06-06 18:27:30.444,75,125,154,128,69,62,81,114,118,72,61,18
2026-06-06 18:27:30.444,75,125,154,128,78,73,81,104,107,72,51,23
2026-06-06 18:27:30.510,75,130,154,128,78,73,81,104,107,72,51,23
2026-06-06 18:27:30.511,75,130,134,128,78,73,81,104,107,72,51,23
2026-06-06 18:27:30.512,75,130,134,128,83,64,81,100,116,72,46,43
2026-06-06 18:27:30.576,75,121,134,128,83,64,81,100,116,72,46,43
2026-06-06 18:27:30.577,75,121,123,128,83,64,81,100,116,72,46,43
2026-06-06 18:27:30.578,75,121,123,128,75,30,81,108,150,72,55,54
2026-06-06 18:27:30.644,75,111,123,128,75,30,81,108,150,72,55,54
2026-06-06 18:27:30.644,75,111,112,128,75,30,81,108,150,72,55,54
2026-06-06 18:27:30.644,75,111,112,128,66,18,81,117,162,72,65,65
2026-06-06 18:27:30.709,75,102,112,128,66,18,81,117,162,72,65,65
2026-06-06 18:27:30.711,75,102,102,128,66,18,81,117,162,72,65,65
2026-06-06 18:27:30.711,75,102,102,128,55,28,81,128,152,72,74,75
2026-06-06 18:27:30.774,75,102,122,128,55,28,81,128,152,72,74,75
2026-06-06 18:27:30.775,75,102,122,128,55,46,81,128,134,72,74,55
2026-06-06 18:27:30.843,75,110,122,128,55,46,81,128,134,72,74,55
2026-06-06 18:27:30.844,75,110,153,128,55,46,81,128,134,72,74,55
2026-06-06 18:27:30.844,75,110,153,128,65,57,81,118,123,72,66,24
2026-06-06 18:27:30.910,75,120,153,128,65,57,81,118,123,72,66,24
2026-06-06 18:27:30.911,75,120,159,128,65,57,81,118,123,72,66,24
2026-06-06 18:27:30.912,75,120,159,128,74,67,81,109,113,72,56,18
2026-06-06 18:27:30.975,75,131,159,128,74,67,81,109,113,72,56,18
2026-06-06 18:27:30.976,75,131,143,128,74,67,81,109,113,72,56,18
2026-06-06 18:27:30.977,75,131,143,128,83,78,81,100,102,72,45,34
2026-06-06 18:27:31.042,75,126,143,128,83,78,81,100,102,72,45,34
2026-06-06 18:27:31.042,75,126,128,128,83,78,81,100,102,72,45,34
2026-06-06 18:27:31.043,75,126,128,128,79,45,81,104,135,72,50,48
2026-06-06 18:27:31.109,75,116,128,128,79,45,81,104,135,72,50,48
2026-06-06 18:27:31.109,75,116,118,128,79,45,81,104,135,72,50,48
2026-06-06 18:27:31.111,75,116,118,128,71,21,81,112,159,72,60,59
2026-06-06 18:27:31.174,75,107,118,128,71,21,81,112,159,72,60,59
2026-06-06 18:27:31.174,75,107,107,128,71,21,81,112,159,72,60,59
2026-06-06 18:27:31.175,75,107,107,128,61,20,81,122,160,72,69,70
2026-06-06 18:27:31.242,75,98,107,128,61,20,81,122,160,72,69,70
2026-06-06 18:27:31.243,75,98,100,128,61,20,81,122,160,72,69,70
2026-06-06 18:27:31.244,75,98,100,128,50,41,81,132,139,72,78,77
2026-06-06 18:27:31.307,75,106,100,128,50,41,81,132,139,72,78,77
2026-06-06 18:27:31.308,75,106,140,128,50,41,81,132,139,72,78,77
2026-06-06 18:27:31.309,75,106,140,128,60,51,81,123,129,72,70,37
2026-06-06 18:27:31.377,75,115,140,128,60,51,81,123,129,72,70,37
2026-06-06 18:27:31.378,75,115,159,128,60,51,81,123,129,72,70,37
2026-06-06 18:27:31.379,75,115,159,128,69,62,81,114,118,72,61,18
2026-06-06 18:27:31.456,75,127,159,128,69,62,81,114,118,72,61,18
2026-06-06 18:27:31.456,75,127,150,128,69,62,81,114,118,72,61,18
2026-06-06 18:27:31.456,75,127,150,128,80,75,81,103,105,72,49,27
2026-06-06 18:27:31.533,75,127,130,128,80,75,81,103,105,72,49,27
2026-06-06 18:27:31.534,75,127,130,128,80,49,81,103,131,72,49,47
2026-06-06 18:27:31.607,75,116,130,128,80,49,81,103,131,72,49,47
2026-06-06 18:27:31.608,75,116,118,128,80,49,81,103,131,72,49,47
2026-06-06 18:27:31.609,75,116,118,128,71,21,81,112,159,72,60,59
2026-06-06 18:27:31.671,75,107,118,128,71,21,81,112,159,72,60,59
2026-06-06 18:27:31.671,75,107,108,128,71,21,81,112,159,72,60,59
2026-06-06 18:27:31.672,75,107,108,128,61,19,81,122,161,72,69,69
2026-06-06 18:27:31.742,75,98,108,128,61,19,81,122,161,72,69,69
2026-06-06 18:27:31.743,75,98,100,128,61,19,81,122,161,72,69,69
2026-06-06 18:27:31.744,75,98,100,128,50,41,81,132,139,72,78,77
2026-06-06 18:27:31.808,75,106,100,128,50,41,81,132,139,72,78,77
2026-06-06 18:27:31.809,75,106,140,128,50,41,81,132,139,72,78,77
2026-06-06 18:27:31.810,75,106,140,128,60,51,81,123,129,72,70,37
2026-06-06 18:27:31.876,75,115,140,128,60,51,81,123,129,72,70,37
2026-06-06 18:27:31.876,75,115,159,128,60,51,81,123,129,72,70,37
2026-06-06 18:27:31.877,75,115,159,128,69,62,81,114,118,72,61,18
2026-06-06 18:27:31.944,75,125,159,128,69,62,81,114,118,72,61,18
2026-06-06 18:27:31.944,75,125,153,128,69,62,81,114,118,72,61,18
2026-06-06 18:27:31.945,75,125,153,128,79,73,81,104,107,72,51,24
2026-06-06 18:27:32.009,75,130,153,128,79,73,81,104,107,72,51,24
2026-06-06 18:27:32.009,75,130,134,128,79,73,81,104,107,72,51,24
2026-06-06 18:27:32.010,75,130,134,128,83,65,81,100,115,72,46,43
2026-06-06 18:27:32.075,75,121,134,128,83,65,81,100,115,72,46,43
2026-06-06 18:27:32.075,75,121,123,128,83,65,81,100,115,72,46,43
2026-06-06 18:27:32.076,75,121,123,128,75,30,81,108,150,72,55,54
2026-06-06 18:27:32.144,75,111,123,128,75,30,81,108,150,72,55,54
2026-06-06 18:27:32.145,75,111,112,128,75,30,81,108,150,72,55,54
2026-06-06 18:27:32.146,75,111,112,128,66,18,81,117,162,72,65,65
2026-06-06 18:27:32.209,75,102,112,128,66,18,81,117,162,72,65,65
2026-06-06 18:27:32.210,75,102,102,128,66,18,81,117,162,72,65,65
2026-06-06 18:27:32.211,75,102,102,128,55,28,81,128,152,72,74,75
2026-06-06 18:27:32.276,75,102,123,128,55,28,81,128,152,72,74,75
2026-06-06 18:27:32.277,75,102,123,128,55,46,81,128,134,72,74,54
2026-06-06 18:27:32.343,75,110,123,128,55,46,81,128,134,72,74,54
2026-06-06 18:27:32.343,75,110,153,128,55,46,81,128,134,72,74,54
2026-06-06 18:27:32.344,75,110,153,128,65,57,81,118,123,72,66,24
2026-06-06 18:27:32.409,75,120,153,128,65,57,81,118,123,72,66,24
2026-06-06 18:27:32.411,75,120,159,128,65,57,81,118,123,72,66,24
2026-06-06 18:27:32.411,75,120,159,128,74,67,81,109,113,72,56,18
2026-06-06 18:27:32.475,75,131,159,128,74,67,81,109,113,72,56,18
2026-06-06 18:27:32.476,75,131,143,128,74,67,81,109,113,72,56,18
2026-06-06 18:27:32.477,75,131,143,128,83,78,81,100,102,72,45,34
2026-06-06 18:27:32.542,75,125,143,128,83,78,81,100,102,72,45,34
2026-06-06 18:27:32.543,75,125,128,128,83,78,81,100,102,72,45,34
2026-06-06 18:27:32.544,75,125,128,128,79,44,81,104,136,72,51,49
2026-06-06 18:27:32.610,75,116,128,128,79,44,81,104,136,72,51,49
2026-06-06 18:27:32.610,75,116,118,128,79,44,81,104,136,72,51,49
2026-06-06 18:27:32.611,75,116,118,128,70,21,81,112,159,72,60,59
2026-06-06 18:27:32.676,75,107,118,128,70,21,81,112,159,72,60,59
2026-06-06 18:27:32.677,75,107,107,128,70,21,81,112,159,72,60,59
2026-06-06 18:27:32.678,75,107,107,128,60,20,81,122,160,72,69,70
2026-06-06 18:27:32.743,75,98,107,128,60,20,81,122,160,72,69,70
2026-06-06 18:27:32.744,75,98,100,128,60,20,81,122,160,72,69,70
2026-06-06 18:27:32.744,75,98,100,128,51,41,81,132,139,72,78,77
2026-06-06 18:27:32.810,75,106,100,128,51,41,81,132,139,72,78,77
2026-06-06 18:27:32.811,75,106,141,128,51,41,81,132,139,72,78,77
2026-06-06 18:27:32.811,75,106,141,128,60,52,81,123,128,72,70,36
2026-06-06 18:27:32.876,75,115,141,128,60,52,81,123,128,72,70,36
2026-06-06 18:27:32.877,75,115,159,128,60,52,81,123,128,72,70,36
2026-06-06 18:27:32.878,75,115,159,128,69,62,81,114,118,72,61,18
2026-06-06 18:27:32.942,75,125,159,128,69,62,81,114,118,72,61,18
2026-06-06 18:27:32.942,75,125,154,128,69,62,81,114,118,72,61,18
2026-06-06 18:27:32.944,75,125,154,128,78,73,81,104,107,72,51,23
2026-06-06 18:27:33.010,75,130,154,128,78,73,81,104,107,72,51,23
2026-06-06 18:27:33.011,75,130,134,128,78,73,81,104,107,72,51,23
2026-06-06 18:27:33.011,75,130,134,128,83,64,81,100,116,72,46,43
2026-06-06 18:27:33.076,75,121,134,128,83,64,81,100,116,72,46,43
2026-06-06 18:27:33.077,75,121,123,128,83,64,81,100,116,72,46,43
2026-06-06 18:27:33.077,75,121,123,128,75,29,81,108,151,72,55,54
2026-06-06 18:27:33.142,75,112,123,128,75,29,81,108,151,72,55,54
2026-06-06 18:27:33.143,75,112,112,128,75,29,81,108,151,72,55,54
2026-06-06 18:27:33.144,75,112,112,128,66,18,81,117,162,72,64,65
2026-06-06 18:27:33.210,75,102,112,128,66,18,81,117,162,72,64,65
2026-06-06 18:27:33.210,75,102,102,128,66,18,81,117,162,72,64,65
2026-06-06 18:27:33.211,75,102,102,128,55,28,81,128,152,72,74,75
2026-06-06 18:27:33.276,75,102,124,128,55,28,81,128,152,72,74,75
2026-06-06 18:27:33.277,75,102,124,128,55,46,81,128,134,72,74,54
2026-06-06 18:27:33.342,75,110,124,128,55,46,81,128,134,72,74,54
2026-06-06 18:27:33.343,75,110,152,128,55,46,81,128,134,72,74,54
2026-06-06 18:27:33.344,75,110,152,128,64,57,81,118,123,72,66,25
2026-06-06 18:27:33.408,75,120,152,128,64,57,81,118,123,72,66,25
2026-06-06 18:27:33.409,75,120,159,128,64,57,81,118,123,72,66,25
2026-06-06 18:27:33.409,75,120,159,128,74,67,81,109,113,72,56,18
2026-06-06 18:27:33.474,75,131,159,128,74,67,81,109,113,72,56,18
2026-06-06 18:27:33.476,75,131,143,128,74,67,81,109,113,72,56,18
2026-06-06 18:27:33.476,75,131,143,128,83,78,81,100,102,72,45,34
2026-06-06 18:27:33.542,75,125,143,128,83,78,81,100,102,72,45,34
2026-06-06 18:27:33.543,75,125,128,128,83,78,81,100,102,72,45,34
2026-06-06 18:27:33.544,75,125,128,128,79,44,81,104,136,72,51,49
2026-06-06 18:27:33.608,75,116,128,128,79,44,81,104,136,72,51,49
2026-06-06 18:27:33.609,75,116,118,128,79,44,81,104,136,72,51,49
2026-06-06 18:27:33.610,75,116,118,128,71,21,81,112,159,72,60,59
2026-06-06 18:27:33.676,75,107,118,128,71,21,81,112,159,72,60,59
2026-06-06 18:27:33.677,75,107,107,128,71,21,81,112,159,72,60,59
2026-06-06 18:27:33.678,75,107,107,128,61,20,81,122,160,72,69,70
2026-06-06 18:27:33.743,75,98,107,128,61,20,81,122,160,72,69,70
2026-06-06 18:27:33.743,75,98,100,128,61,20,81,122,160,72,69,70
2026-06-06 18:27:33.744,75,98,100,128,51,41,81,132,139,72,78,77
2026-06-06 18:27:33.808,75,106,100,128,51,41,81,132,139,72,78,77
2026-06-06 18:27:33.809,75,106,140,128,51,41,81,132,139,72,78,77
2026-06-06 18:27:33.810,75,106,140,128,60,51,81,123,129,72,70,37
2026-06-06 18:27:33.875,75,115,140,128,60,51,81,123,129,72,70,37
2026-06-06 18:27:33.876,75,115,158,128,60,51,81,123,129,72,70,37
2026-06-06 18:27:33.876,75,115,158,128,69,62,81,114,118,72,61,18
2026-06-06 18:27:33.944,75,125,158,128,69,62,81,114,118,72,61,18
2026-06-06 18:27:33.944,75,125,153,128,69,62,81,114,118,72,61,18
2026-06-06 18:27:33.944,75,125,153,128,79,73,81,104,107,72,51,24
2026-06-06 18:27:34.009,75,130,153,128,79,73,81,104,107,72,51,24
2026-06-06 18:27:34.011,75,130,134,128,79,73,81,104,107,72,51,24
2026-06-06 18:27:34.011,75,130,134,128,83,64,81,100,116,72,46,43
2026-06-06 18:27:34.075,75,121,134,128,83,64,81,100,116,72,46,43
2026-06-06 18:27:34.076,75,121,123,128,83,64,81,100,116,72,46,43
2026-06-06 18:27:34.077,75,121,123,128,75,30,81,108,150,72,55,54
2026-06-06 18:27:34.143,75,111,123,128,75,30,81,108,150,72,55,54
2026-06-06 18:27:34.144,75,111,112,128,75,30,81,108,150,72,55,54
2026-06-06 18:27:34.144,75,111,112,128,66,18,81,117,162,72,65,65
2026-06-06 18:27:34.210,75,102,112,128,66,18,81,117,162,72,65,65
2026-06-06 18:27:34.211,75,102,102,128,66,18,81,117,162,72,65,65
2026-06-06 18:27:34.212,75,102,102,128,55,28,81,128,152,72,74,76
2026-06-06 18:27:34.275,75,102,123,128,55,28,81,128,152,72,74,76
2026-06-06 18:27:34.276,75,102,123,128,55,46,81,128,134,72,74,54
2026-06-06 18:27:34.341,75,110,123,128,55,46,81,128,134,72,74,54
2026-06-06 18:27:34.341,75,110,152,128,55,46,81,128,134,72,74,54
2026-06-06 18:27:34.342,75,110,152,128,64,56,81,119,124,72,66,25
2026-06-06 18:27:34.410,75,120,152,128,64,56,81,119,124,72,66,25
2026-06-06 18:27:34.410,75,120,159,128,64,56,81,119,124,72,66,25
2026-06-06 18:27:34.410,75,120,159,128,74,67,81,109,113,72,56,18
2026-06-06 18:27:34.476,75,131,159,128,74,67,81,109,113,72,56,18
2026-06-06 18:27:34.477,75,131,142,128,74,67,81,109,113,72,56,18
2026-06-06 18:27:34.477,75,131,142,128,83,78,81,100,102,72,45,34
2026-06-06 18:27:34.542,75,125,142,128,83,78,81,100,102,72,45,34
2026-06-06 18:27:34.543,75,125,128,128,83,78,81,100,102,72,45,34
2026-06-06 18:27:34.543,75,125,128,128,79,44,81,104,136,72,51,49
2026-06-06 18:27:34.609,75,116,128,128,79,44,81,104,136,72,51,49
2026-06-06 18:27:34.610,75,116,118,128,79,44,81,104,136,72,51,49
2026-06-06 18:27:34.610,75,116,118,128,71,21,81,112,159,72,60,59
2026-06-06 18:27:34.676,75,107,118,128,71,21,81,112,159,72,60,59
2026-06-06 18:27:34.677,75,107,107,128,71,21,81,112,159,72,60,59
2026-06-06 18:27:34.677,75,107,107,128,61,20,81,122,160,72,69,70
2026-06-06 18:27:34.742,75,98,107,128,61,20,81,122,160,72,69,70
2026-06-06 18:27:34.743,75,98,100,128,61,20,81,122,160,72,69,70
2026-06-06 18:27:34.743,75,98,100,128,50,41,81,132,139,72,78,77
2026-06-06 18:27:34.808,75,106,100,128,50,41,81,132,139,72,78,77
2026-06-06 18:27:34.808,75,106,140,128,50,41,81,132,139,72,78,77
2026-06-06 18:27:34.809,75,106,140,128,60,51,81,123,129,72,70,37
2026-06-06 18:27:34.876,75,115,140,128,60,51,81,123,129,72,70,37
2026-06-06 18:27:34.877,75,115,159,128,60,51,81,123,129,72,70,37
2026-06-06 18:27:34.877,75,115,159,128,69,62,81,114,118,72,61,18
2026-06-06 18:27:34.942,75,125,159,128,69,62,81,114,118,72,61,18
2026-06-06 18:27:34.943,75,125,154,128,69,62,81,114,118,72,61,18
2026-06-06 18:27:34.944,75,125,154,128,78,73,81,104,107,72,51,23
2026-06-06 18:27:35.010,75,130,154,128,78,73,81,104,107,72,51,23
2026-06-06 18:27:35.011,75,130,134,128,78,73,81,104,107,72,51,23
2026-06-06 18:27:35.011,75,130,134,128,83,64,81,100,116,72,46,43
2026-06-06 18:27:35.075,75,121,134,128,83,64,81,100,116,72,46,43
2026-06-06 18:27:35.076,75,121,123,128,83,64,81,100,116,72,46,43
2026-06-06 18:27:35.077,75,121,123,128,75,30,81,108,150,72,55,54
2026-06-06 18:27:35.142,75,112,123,128,75,30,81,108,150,72,55,54
2026-06-06 18:27:35.143,75,112,112,128,75,30,81,108,150,72,55,54
2026-06-06 18:27:35.143,75,112,112,128,66,18,81,117,162,72,64,65
2026-06-06 18:27:35.210,75,102,112,128,66,18,81,117,162,72,64,65
2026-06-06 18:27:35.210,75,102,102,128,66,18,81,117,162,72,64,65
2026-06-06 18:27:35.210,75,102,102,128,55,28,81,128,152,72,74,75
2026-06-06 18:27:35.277,75,102,124,128,55,28,81,128,152,72,74,75
2026-06-06 18:27:35.277,75,102,124,128,55,46,81,128,134,72,74,54
2026-06-06 18:27:35.343,75,110,124,128,55,46,81,128,134,72,74,54
2026-06-06 18:27:35.344,75,110,152,128,55,46,81,128,134,72,74,54
2026-06-06 18:27:35.344,75,110,152,128,65,57,81,118,123,72,66,24
2026-06-06 18:27:35.408,75,120,152,128,65,57,81,118,123,72,66,24
2026-06-06 18:27:35.408,75,120,159,128,65,57,81,118,123,72,66,24
2026-06-06 18:27:35.409,75,120,159,128,74,67,81,109,113,72,56,18
2026-06-06 18:27:35.473,75,130,159,128,74,67,81,109,113,72,56,18
2026-06-06 18:27:35.474,75,130,144,128,74,67,81,109,113,72,56,18
2026-06-06 18:27:35.475,75,130,144,128,83,78,81,100,102,72,46,33
2026-06-06 18:27:35.541,75,126,144,128,83,78,81,100,102,72,46,33
2026-06-06 18:27:35.541,75,126,129,128,83,78,81,100,102,72,46,33
2026-06-06 18:27:35.542,75,126,129,128,79,45,81,104,135,72,50,48
2026-06-06 18:27:35.610,75,116,129,128,79,45,81,104,135,72,50,48
2026-06-06 18:27:35.611,75,116,117,128,79,45,81,104,135,72,50,48
2026-06-06 18:27:35.611,75,116,117,128,70,20,81,113,160,72,60,60
2026-06-06 18:27:35.677,75,107,117,128,70,20,81,113,160,72,60,60
2026-06-06 18:27:35.677,75,107,107,128,70,20,81,113,160,72,60,60
2026-06-06 18:27:35.679,75,107,107,128,60,20,81,123,160,72,69,70
2026-06-06 18:27:35.744,75,98,107,128,60,20,81,123,160,72,69,70
2026-06-06 18:27:35.744,75,98,101,128,60,20,81,123,160,72,69,70
2026-06-06 18:27:35.744,75,98,101,128,51,41,81,132,139,72,78,76
2026-06-06 18:27:35.807,75,106,101,128,51,41,81,132,139,72,78,76
2026-06-06 18:27:35.808,75,106,140,128,51,41,81,132,139,72,78,76
2026-06-06 18:27:35.809,75,106,140,128,60,51,81,123,129,72,70,37
2026-06-06 18:27:35.876,75,115,140,128,60,51,81,123,129,72,70,37
2026-06-06 18:27:35.877,75,115,159,128,60,51,81,123,129,72,70,37
2026-06-06 18:27:35.877,75,115,159,128,69,62,81,114,118,72,61,18
2026-06-06 18:27:35.943,75,125,159,128,69,62,81,114,118,72,61,18
2026-06-06 18:27:35.943,75,125,154,128,69,62,81,114,118,72,61,18
2026-06-06 18:27:35.944,75,125,154,128,79,73,81,104,107,72,51,23
2026-06-06 18:27:36.008,75,130,154,128,79,73,81,104,107,72,51,23
2026-06-06 18:27:36.009,75,130,134,128,79,73,81,104,107,72,51,23
2026-06-06 18:27:36.010,75,130,134,128,83,65,81,100,115,72,46,43
2026-06-06 18:27:36.075,75,121,134,128,83,65,81,100,115,72,46,43
2026-06-06 18:27:36.076,75,121,123,128,83,65,81,100,115,72,46,43
2026-06-06 18:27:36.077,75,121,123,128,75,30,81,108,150,72,55,54
2026-06-06 18:27:36.144,75,111,123,128,75,30,81,108,150,72,55,54
2026-06-06 18:27:36.144,75,111,112,128,75,30,81,108,150,72,55,54
2026-06-06 18:27:36.145,75,111,112,128,66,18,81,117,162,72,65,65
2026-06-06 18:27:36.209,75,102,112,128,66,18,81,117,162,72,65,65
2026-06-06 18:27:36.210,75,102,102,128,66,18,81,117,162,72,65,65
2026-06-06 18:27:36.211,75,102,102,128,55,28,81,128,152,72,74,75
2026-06-06 18:27:36.273,75,102,122,128,55,28,81,128,152,72,74,75
2026-06-06 18:27:36.274,75,102,122,128,55,46,81,128,134,72,74,55
2026-06-06 18:27:36.344,75,110,122,128,55,46,81,128,134,72,74,55
2026-06-06 18:27:36.345,75,110,153,128,55,46,81,128,134,72,74,55
2026-06-06 18:27:36.345,75,110,153,128,65,57,81,118,123,72,66,24
2026-06-06 18:27:36.410,75,120,153,128,65,57,81,118,123,72,66,24
2026-06-06 18:27:36.410,75,120,159,128,65,57,81,118,123,72,66,24
2026-06-06 18:27:36.411,75,120,159,128,74,68,81,109,112,72,56,18
2026-06-06 18:27:36.475,75,131,159,128,74,68,81,109,112,72,56,18
2026-06-06 18:27:36.476,75,131,143,128,74,68,81,109,112,72,56,18
2026-06-06 18:27:36.477,75,131,143,128,83,78,81,100,102,72,45,34
2026-06-06 18:27:36.542,75,126,143,128,83,78,81,100,102,72,45,34
2026-06-06 18:27:36.543,75,126,128,128,83,78,81,100,102,72,45,34
2026-06-06 18:27:36.544,75,126,128,128,79,44,81,104,136,72,50,49
2026-06-06 18:27:36.609,75,116,128,128,79,44,81,104,136,72,50,49
2026-06-06 18:27:36.609,75,116,118,128,79,44,81,104,136,72,50,49
2026-06-06 18:27:36.610,75,116,118,128,71,21,81,112,159,72,60,59
2026-06-06 18:27:36.677,75,107,118,128,71,21,81,112,159,72,60,59
2026-06-06 18:27:36.677,75,107,107,128,71,21,81,112,159,72,60,59
2026-06-06 18:27:36.678,75,107,107,128,61,20,81,122,160,72,69,70
2026-06-06 18:27:36.741,75,98,107,128,61,20,81,122,160,72,69,70
2026-06-06 18:27:36.742,75,98,99,128,61,20,81,122,160,72,69,70
2026-06-06 18:27:36.742,75,98,99,128,50,40,81,133,140,72,78,78
2026-06-06 18:27:36.809,75,106,99,128,50,40,81,133,140,72,78,78
2026-06-06 18:27:36.809,75,106,141,128,50,40,81,133,140,72,78,78
2026-06-06 18:27:36.810,75,106,141,128,60,51,81,123,129,72,70,36
2026-06-06 18:27:36.875,75,115,141,128,60,51,81,123,129,72,70,36
2026-06-06 18:27:36.876,75,115,159,128,60,51,81,123,129,72,70,36
2026-06-06 18:27:36.877,75,115,159,128,69,62,81,114,118,72,61,18
2026-06-06 18:27:36.942,75,125,159,128,69,62,81,114,118,72,61,18
2026-06-06 18:27:36.943,75,125,154,128,69,62,81,114,118,72,61,18
2026-06-06 18:27:36.944,75,125,154,128,78,73,81,104,107,72,51,23
2026-06-06 18:27:37.011,75,130,154,128,78,73,81,104,107,72,51,23
2026-06-06 18:27:37.011,75,130,134,128,78,73,81,104,107,72,51,23
2026-06-06 18:27:37.011,75,130,134,128,83,64,81,100,116,72,46,43
2026-06-06 18:27:37.076,75,121,134,128,83,64,81,100,116,72,46,43
2026-06-06 18:27:37.077,75,121,123,128,83,64,81,100,116,72,46,43
2026-06-06 18:27:37.077,75,121,123,128,75,30,81,108,150,72,55,54
2026-06-06 18:27:37.141,75,111,123,128,75,30,81,108,150,72,55,54
2026-06-06 18:27:37.142,75,111,112,128,75,30,81,108,150,72,55,54
2026-06-06 18:27:37.143,75,111,112,128,66,18,81,117,162,72,65,65
2026-06-06 18:27:37.211,75,102,112,128,66,18,81,117,162,72,65,65
2026-06-06 18:27:37.211,75,102,102,128,66,18,81,117,162,72,65,65
2026-06-06 18:27:37.211,75,102,102,128,55,28,81,128,152,72,74,76
2026-06-06 18:27:37.276,75,102,123,128,55,28,81,128,152,72,74,76
2026-06-06 18:27:37.276,75,102,123,128,55,46,81,128,134,72,74,54
2026-06-06 18:27:37.343,75,110,123,128,55,46,81,128,134,72,74,54
2026-06-06 18:27:37.344,75,110,152,128,55,46,81,128,134,72,74,54
2026-06-06 18:27:37.345,75,110,152,128,65,57,81,118,123,72,66,24
2026-06-06 18:27:37.408,75,120,152,128,65,57,81,118,123,72,66,24
2026-06-06 18:27:37.409,75,120,159,128,65,57,81,118,123,72,66,24
2026-06-06 18:27:37.411,75,120,159,128,74,67,81,109,113,72,56,18
2026-06-06 18:27:37.475,75,131,159,128,74,67,81,109,113,72,56,18
2026-06-06 18:27:37.475,75,131,143,128,74,67,81,109,113,72,56,18
2026-06-06 18:27:37.476,75,131,143,128,83,78,81,100,102,72,45,34
2026-06-06 18:27:37.543,75,125,143,128,83,78,81,100,102,72,45,34
2026-06-06 18:27:37.544,75,125,128,128,83,78,81,100,102,72,45,34
2026-06-06 18:27:37.544,75,125,128,128,79,44,81,104,136,72,51,49
2026-06-06 18:27:37.609,75,116,128,128,79,44,81,104,136,72,51,49
2026-06-06 18:27:37.611,75,116,118,128,79,44,81,104,136,72,51,49
2026-06-06 18:27:37.612,75,116,118,128,71,21,81,112,159,72,60,59
2026-06-06 18:27:37.678,75,107,118,128,71,21,81,112,159,72,60,59
2026-06-06 18:27:37.678,75,107,107,128,71,21,81,112,159,72,60,59
2026-06-06 18:27:37.679,75,107,107,128,60,20,81,122,160,72,69,70
2026-06-06 18:27:37.743,75,98,107,128,60,20,81,122,160,72,69,70
2026-06-06 18:27:37.744,75,98,101,128,60,20,81,122,160,72,69,70
2026-06-06 18:27:37.745,75,98,101,128,51,41,81,132,139,72,78,76
2026-06-06 18:27:37.810,75,106,101,128,51,41,81,132,139,72,78,76
2026-06-06 18:27:37.810,75,106,141,128,51,41,81,132,139,72,78,76
2026-06-06 18:27:37.811,75,106,141,128,60,51,81,123,129,72,70,36
2026-06-06 18:27:37.876,75,115,141,128,60,51,81,123,129,72,70,36
2026-06-06 18:27:37.876,75,115,159,128,60,51,81,123,129,72,70,36
2026-06-06 18:27:37.878,75,115,159,128,69,62,81,114,118,72,61,18
2026-06-06 18:27:37.943,75,125,159,128,69,62,81,114,118,72,61,18
2026-06-06 18:27:37.944,75,125,154,128,69,62,81,114,118,72,61,18
2026-06-06 18:27:37.945,75,125,154,128,79,73,81,104,107,72,51,23
2026-06-06 18:27:38.010,75,130,154,128,79,73,81,104,107,72,51,23
2026-06-06 18:27:38.010,75,130,134,128,79,73,81,104,107,72,51,23
2026-06-06 18:27:38.011,75,130,134,128,83,65,81,100,115,72,46,43
2026-06-06 18:27:38.074,75,121,134,128,83,65,81,100,115,72,46,43
2026-06-06 18:27:38.075,75,121,123,128,83,65,81,100,115,72,46,43
2026-06-06 18:27:38.076,75,121,123,128,75,30,81,108,150,72,55,54
2026-06-06 18:27:38.142,75,112,123,128,75,30,81,108,150,72,55,54
2026-06-06 18:27:38.142,75,112,112,128,75,30,81,108,150,72,55,54
2026-06-06 18:27:38.143,75,112,112,128,66,18,81,117,162,72,64,64
2026-06-06 18:27:38.210,75,102,112,128,66,18,81,117,162,72,64,64
2026-06-06 18:27:38.211,75,102,102,128,66,18,81,117,162,72,64,64
2026-06-06 18:27:38.211,75,102,102,128,55,28,81,128,152,72,74,75
2026-06-06 18:27:38.275,75,102,123,128,55,28,81,128,152,72,74,75
2026-06-06 18:27:38.277,75,102,123,128,55,46,81,128,134,72,74,54
2026-06-06 18:27:38.344,75,110,123,128,55,46,81,128,134,72,74,54
2026-06-06 18:27:38.344,75,110,153,128,55,46,81,128,134,72,74,54
2026-06-06 18:27:38.344,75,110,153,128,65,57,81,118,123,72,66,24
2026-06-06 18:27:38.409,75,120,153,128,65,57,81,118,123,72,66,24
2026-06-06 18:27:38.410,75,120,159,128,65,57,81,118,123,72,66,24
2026-06-06 18:27:38.411,75,120,159,128,74,68,81,109,112,72,56,18
2026-06-06 18:27:38.475,75,131,159,128,74,68,81,109,112,72,56,18
2026-06-06 18:27:38.475,75,131,143,128,74,68,81,109,112,72,56,18
2026-06-06 18:27:38.476,75,131,143,128,83,78,81,100,102,72,45,34
2026-06-06 18:27:38.541,75,126,143,128,83,78,81,100,102,72,45,34
2026-06-06 18:27:38.542,75,126,128,128,83,78,81,100,102,72,45,34
2026-06-06 18:27:38.543,75,126,128,128,79,45,81,104,135,72,50,48
2026-06-06 18:27:38.610,75,116,128,128,79,45,81,104,135,72,50,48
2026-06-06 18:27:38.611,75,116,118,128,79,45,81,104,135,72,50,48
2026-06-06 18:27:38.611,75,116,118,128,71,21,81,112,159,72,60,59
2026-06-06 18:27:38.676,75,107,118,128,71,21,81,112,159,72,60,59
2026-06-06 18:27:38.677,75,107,107,128,71,21,81,112,159,72,60,59
2026-06-06 18:27:38.677,75,107,107,128,61,20,81,122,160,72,69,70
2026-06-06 18:27:38.743,75,98,107,128,61,20,81,122,160,72,69,70
2026-06-06 18:27:38.744,75,98,100,128,61,20,81,122,160,72,69,70
2026-06-06 18:27:38.745,75,98,100,128,51,41,81,132,139,72,78,77
2026-06-06 18:27:38.810,75,106,100,128,51,41,81,132,139,72,78,77
2026-06-06 18:27:38.811,75,106,141,128,51,41,81,132,139,72,78,77
2026-06-06 18:27:38.812,75,106,141,128,60,51,81,123,129,72,70,36
2026-06-06 18:27:38.874,75,115,141,128,60,51,81,123,129,72,70,36
2026-06-06 18:27:38.875,75,115,158,128,60,51,81,123,129,72,70,36
2026-06-06 18:27:38.876,75,115,158,128,69,62,81,114,118,72,61,18
2026-06-06 18:27:38.943,75,125,158,128,69,62,81,114,118,72,61,18
2026-06-06 18:27:38.943,75,125,154,128,69,62,81,114,118,72,61,18
2026-06-06 18:27:38.944,75,125,154,128,79,73,81,104,107,72,51,23
2026-06-06 18:27:39.010,75,130,154,128,79,73,81,104,107,72,51,23
2026-06-06 18:27:39.011,75,130,134,128,79,73,81,104,107,72,51,23
2026-06-06 18:27:39.011,75,130,134,128,83,65,81,100,115,72,46,43
2026-06-06 18:27:39.076,75,121,134,128,83,65,81,100,115,72,46,43
2026-06-06 18:27:39.077,75,121,123,128,83,65,81,100,115,72,46,43
2026-06-06 18:27:39.078,75,121,123,128,75,29,81,108,151,72,55,54
2026-06-06 18:27:39.143,75,111,123,128,75,29,81,108,151,72,55,54
2026-06-06 18:27:39.144,75,111,112,128,75,29,81,108,151,72,55,54
2026-06-06 18:27:39.144,75,111,112,128,66,18,81,117,162,72,65,65
2026-06-06 18:27:39.209,75,102,112,128,66,18,81,117,162,72,65,65
2026-06-06 18:27:39.210,75,102,102,128,66,18,81,117,162,72,65,65
2026-06-06 18:27:39.210,75,102,102,128,55,28,81,128,152,72,74,75
2026-06-06 18:27:39.274,75,102,123,128,55,28,81,128,152,72,74,75
2026-06-06 18:27:39.276,75,102,123,128,55,46,81,128,134,72,74,54
2026-06-06 18:27:39.342,75,110,123,128,55,46,81,128,134,72,74,54
2026-06-06 18:27:39.343,75,110,152,128,55,46,81,128,134,72,74,54
2026-06-06 18:27:39.343,75,110,152,128,64,56,81,119,124,72,66,25
2026-06-06 18:27:39.409,75,120,152,128,64,56,81,119,124,72,66,25
2026-06-06 18:27:39.410,75,120,159,128,64,56,81,119,124,72,66,25
2026-06-06 18:27:39.412,75,120,159,128,74,67,81,109,113,72,56,18
2026-06-06 18:27:39.475,75,131,159,128,74,67,81,109,113,72,56,18
2026-06-06 18:27:39.476,75,131,143,128,74,67,81,109,113,72,56,18
2026-06-06 18:27:39.477,75,131,143,128,83,78,81,100,102,72,45,34
2026-06-06 18:27:39.542,75,125,143,128,83,78,81,100,102,72,45,34
2026-06-06 18:27:39.543,75,125,128,128,83,78,81,100,102,72,45,34
2026-06-06 18:27:39.544,75,125,128,128,79,44,81,104,136,72,51,49
2026-06-06 18:27:39.610,75,116,128,128,79,44,81,104,136,72,51,49
2026-06-06 18:27:39.611,75,116,118,128,79,44,81,104,136,72,51,49
2026-06-06 18:27:39.611,75,116,118,128,70,21,81,112,159,72,60,59
2026-06-06 18:27:39.674,75,107,118,128,70,21,81,112,159,72,60,59
2026-06-06 18:27:39.675,75,107,107,128,70,21,81,112,159,72,60,59
2026-06-06 18:27:39.676,75,107,107,128,61,20,81,122,160,72,69,70
2026-06-06 18:27:39.744,75,98,107,128,61,20,81,122,160,72,69,70
2026-06-06 18:27:39.744,75,98,101,128,61,20,81,122,160,72,69,70
2026-06-06 18:27:39.744,75,98,101,128,51,41,81,132,139,72,78,76
2026-06-06 18:27:39.808,75,106,101,128,51,41,81,132,139,72,78,76
2026-06-06 18:27:39.809,75,106,141,128,51,41,81,132,139,72,78,76
2026-06-06 18:27:39.810,75,106,141,128,60,51,81,123,129,72,70,36
2026-06-06 18:27:39.876,75,115,141,128,60,51,81,123,129,72,70,36
2026-06-06 18:27:39.876,75,115,159,128,60,51,81,123,129,72,70,36
2026-06-06 18:27:39.877,75,115,159,128,69,62,81,114,118,72,61,18
2026-06-06 18:27:39.941,75,125,159,128,69,62,81,114,118,72,61,18
2026-06-06 18:27:39.941,75,125,154,128,69,62,81,114,118,72,61,18
2026-06-06 18:27:39.942,75,125,154,128,78,72,81,105,108,72,51,23
2026-06-06 18:27:40.010,75,130,154,128,78,72,81,105,108,72,51,23
2026-06-06 18:27:40.011,75,130,134,128,78,72,81,105,108,72,51,23
2026-06-06 18:27:40.011,75,130,134,128,83,64,81,100,116,72,46,43
2026-06-06 18:27:40.075,75,121,134,128,83,64,81,100,116,72,46,43
2026-06-06 18:27:40.076,75,121,123,128,83,64,81,100,116,72,46,43
2026-06-06 18:27:40.077,75,121,123,128,75,30,81,108,150,72,55,54
2026-06-06 18:27:40.143,75,111,123,128,75,30,81,108,150,72,55,54
2026-06-06 18:27:40.144,75,111,112,128,75,30,81,108,150,72,55,54
2026-06-06 18:27:40.144,75,111,112,128,66,18,81,117,162,72,65,65
2026-06-06 18:27:40.210,75,102,112,128,66,18,81,117,162,72,65,65
2026-06-06 18:27:40.211,75,102,102,128,66,18,81,117,162,72,65,65
2026-06-06 18:27:40.212,75,102,102,128,55,28,81,128,152,72,74,76
2026-06-06 18:27:40.276,75,102,124,128,55,28,81,128,152,72,74,76
2026-06-06 18:27:40.277,75,102,124,128,55,46,81,128,134,72,74,53
2026-06-06 18:27:40.341,75,110,124,128,55,46,81,128,134,72,74,53
2026-06-06 18:27:40.342,75,110,152,128,55,46,81,128,134,72,74,53
2026-06-06 18:27:40.343,75,110,152,128,64,56,81,119,124,72,66,25
2026-06-06 18:27:40.409,75,120,152,128,64,56,81,119,124,72,66,25
2026-06-06 18:27:40.409,75,120,159,128,64,56,81,119,124,72,66,25
2026-06-06 18:27:40.409,75,120,159,128,74,67,81,109,113,72,56,18
2026-06-06 18:27:40.476,75,131,159,128,74,67,81,109,113,72,56,18
2026-06-06 18:27:40.476,75,131,143,128,74,67,81,109,113,72,56,18
2026-06-06 18:27:40.477,75,131,143,128,83,78,81,100,102,72,45,34
2026-06-06 18:27:40.542,75,126,143,128,83,78,81,100,102,72,45,34
2026-06-06 18:27:40.543,75,126,128,128,83,78,81,100,102,72,45,34
2026-06-06 18:27:40.544,75,126,128,128,79,44,81,104,136,72,50,49
2026-06-06 18:27:40.610,75,116,128,128,79,44,81,104,136,72,50,49
2026-06-06 18:27:40.610,75,116,118,128,79,44,81,104,136,72,50,49
2026-06-06 18:27:40.611,75,116,118,128,71,21,81,112,159,72,60,59
2026-06-06 18:27:40.674,75,107,118,128,71,21,81,112,159,72,60,59
2026-06-06 18:27:40.676,75,107,107,128,71,21,81,112,159,72,60,59
2026-06-06 18:27:40.676,75,107,107,128,61,20,81,122,160,72,69,70
2026-06-06 18:27:40.741,75,98,107,128,61,20,81,122,160,72,69,70
2026-06-06 18:27:40.742,75,98,100,128,61,20,81,122,160,72,69,70
2026-06-06 18:27:40.743,75,98,100,128,50,40,81,133,140,72,78,78
2026-06-06 18:27:40.810,75,106,100,128,50,40,81,133,140,72,78,78
2026-06-06 18:27:40.810,75,106,141,128,50,40,81,133,140,72,78,78
2026-06-06 18:27:40.811,75,106,141,128,60,51,81,123,129,72,70,36
2026-06-06 18:27:40.876,75,115,141,128,60,51,81,123,129,72,70,36
2026-06-06 18:27:40.877,75,115,159,128,60,51,81,123,129,72,70,36
2026-06-06 18:27:40.877,75,115,159,128,69,62,81,114,118,72,61,18
2026-06-06 18:27:40.942,75,125,159,128,69,62,81,114,118,72,61,18
2026-06-06 18:27:40.942,75,125,154,128,69,62,81,114,118,72,61,18
2026-06-06 18:27:40.942,75,125,154,128,78,73,81,104,107,72,51,23
2026-06-06 18:27:41.007,75,130,154,128,78,73,81,104,107,72,51,23
2026-06-06 18:27:41.009,75,130,134,128,78,73,81,104,107,72,51,23
2026-06-06 18:27:41.009,75,130,134,128,83,65,81,100,115,72,46,43
2026-06-06 18:27:41.074,75,121,134,128,83,65,81,100,115,72,46,43
2026-06-06 18:27:41.075,75,121,123,128,83,65,81,100,115,72,46,43
2026-06-06 18:27:41.076,75,121,123,128,75,30,81,108,150,72,55,54
2026-06-06 18:27:41.142,75,111,123,128,75,30,81,108,150,72,55,54
2026-06-06 18:27:41.143,75,111,112,128,75,30,81,108,150,72,55,54
2026-06-06 18:27:41.144,75,111,112,128,66,18,81,117,162,72,65,65
2026-06-06 18:27:41.209,75,102,112,128,66,18,81,117,162,72,65,65
2026-06-06 18:27:41.209,75,102,102,128,66,18,81,117,162,72,65,65
2026-06-06 18:27:41.210,75,102,102,128,55,28,81,128,152,72,74,75
2026-06-06 18:27:41.272,75,102,121,128,55,28,81,128,152,72,74,75
2026-06-06 18:27:41.272,75,102,121,128,55,45,81,128,135,72,74,56
2026-06-06 18:27:41.342,75,110,121,128,55,45,81,128,135,72,74,56
2026-06-06 18:27:41.342,75,110,152,128,55,45,81,128,135,72,74,56
2026-06-06 18:27:41.343,75,110,152,128,64,56,81,119,124,72,66,25
2026-06-06 18:27:41.407,75,120,152,128,64,56,81,119,124,72,66,25
2026-06-06 18:27:41.408,75,120,159,128,64,56,81,119,124,72,66,25
2026-06-06 18:27:41.409,75,120,159,128,74,67,81,109,113,72,56,18
2026-06-06 18:27:41.485,75,132,159,128,74,67,81,109,113,72,56,18
2026-06-06 18:27:41.486,75,132,138,128,74,67,81,109,113,72,56,18
2026-06-06 18:27:41.486,75,132,138,128,85,80,81,98,100,72,44,38
2026-06-06 18:27:41.558,75,123,138,128,85,80,81,98,100,72,44,38
2026-06-06 18:27:41.560,75,123,126,128,85,80,81,98,100,72,44,38
2026-06-06 18:27:41.561,75,123,126,128,77,36,81,106,144,72,53,51
2026-06-06 18:27:41.626,75,114,126,128,77,36,81,106,144,72,53,51
2026-06-06 18:27:41.626,75,114,115,128,77,36,81,106,144,72,53,51
2026-06-06 18:27:41.628,75,114,115,128,68,18,81,115,162,72,62,62
2026-06-06 18:27:41.693,75,104,115,128,68,18,81,115,162,72,62,62
2026-06-06 18:27:41.694,75,104,104,128,68,18,81,115,162,72,62,62
2026-06-06 18:27:41.694,75,104,104,128,58,24,81,125,156,72,72,73
2026-06-06 18:27:41.760,75,100,104,128,58,24,81,125,156,72,72,73
2026-06-06 18:27:41.761,75,100,112,128,58,24,81,125,156,72,72,73
2026-06-06 18:27:41.762,75,100,112,128,53,43,81,130,137,72,76,65
2026-06-06 18:27:41.824,75,108,112,128,53,43,81,130,137,72,76,65
2026-06-06 18:27:41.826,75,108,147,128,53,43,81,130,137,72,76,65
2026-06-06 18:27:41.826,75,108,147,128,62,54,81,121,126,72,68,30
2026-06-06 18:27:41.894,75,117,147,128,62,54,81,121,126,72,68,30
2026-06-06 18:27:41.894,75,117,160,128,62,54,81,121,126,72,68,30
2026-06-06 18:27:41.894,75,117,160,128,72,65,81,111,115,72,59,18
2026-06-06 18:27:41.960,75,128,160,128,72,65,81,111,115,72,59,18
2026-06-06 18:27:41.961,75,128,149,128,72,65,81,111,115,72,59,18
2026-06-06 18:27:41.961,75,128,149,128,81,75,81,102,105,72,48,28
2026-06-06 18:27:42.024,75,128,131,128,81,75,81,102,105,72,48,28
2026-06-06 18:27:42.026,75,128,131,128,81,54,81,102,126,72,48,46
2026-06-06 18:27:42.094,75,118,131,128,81,54,81,102,126,72,48,46
2026-06-06 18:27:42.094,75,118,120,128,81,54,81,102,126,72,48,46
2026-06-06 18:27:42.095,75,118,120,128,73,24,81,110,156,72,58,57
2026-06-06 18:27:42.159,75,109,120,128,73,24,81,110,156,72,58,57
2026-06-06 18:27:42.159,75,109,110,128,73,24,81,110,156,72,58,57
2026-06-06 18:27:42.159,75,109,110,128,63,18,81,120,162,72,67,67
2026-06-06 18:27:42.226,75,100,110,128,63,18,81,120,162,72,67,67
2026-06-06 18:27:42.227,75,100,99,128,63,18,81,120,162,72,67,67
2026-06-06 18:27:42.227,75,100,99,128,52,34,81,131,146,72,76,78
2026-06-06 18:27:42.293,75,104,99,128,52,34,81,131,146,72,76,78
2026-06-06 18:27:42.294,75,104,133,128,52,34,81,131,146,72,76,78
2026-06-06 18:27:42.294,75,104,133,128,58,49,81,125,131,72,72,44
2026-06-06 18:27:42.359,75,112,133,128,58,49,81,125,131,72,72,44
2026-06-06 18:27:42.360,75,112,156,128,58,49,81,125,131,72,72,44
2026-06-06 18:27:42.360,75,112,156,128,67,59,81,116,121,72,64,21
2026-06-06 18:27:42.427,75,122,156,128,67,59,81,116,121,72,64,21
2026-06-06 18:27:42.427,75,122,157,128,67,59,81,116,121,72,64,21
2026-06-06 18:27:42.428,75,122,157,128,76,70,81,107,110,72,54,20
2026-06-06 18:27:42.492,75,132,157,128,76,70,81,107,110,72,54,20
2026-06-06 18:27:42.492,75,132,136,128,76,70,81,107,110,72,54,20
2026-06-06 18:27:42.493,75,132,136,128,85,77,81,98,103,72,44,41
2026-06-06 18:27:42.560,75,123,136,128,85,77,81,98,103,72,44,41
2026-06-06 18:27:42.560,75,123,126,128,85,77,81,98,103,72,44,41
2026-06-06 18:27:42.561,75,123,126,128,77,36,81,106,144,72,53,52
2026-06-06 18:27:42.626,75,114,126,128,77,36,81,106,144,72,53,52
2026-06-06 18:27:42.626,75,114,115,128,77,36,81,106,144,72,53,52
2026-06-06 18:27:42.627,75,114,115,128,68,18,81,115,162,72,62,62
2026-06-06 18:27:42.691,75,104,115,128,68,18,81,115,162,72,62,62
2026-06-06 18:27:42.693,75,104,104,128,68,18,81,115,162,72,62,62
2026-06-06 18:27:42.693,75,104,104,128,58,23,81,125,157,72,72,72
2026-06-06 18:27:42.760,75,100,104,128,58,23,81,125,157,72,72,72
2026-06-06 18:27:42.761,75,100,113,128,58,23,81,125,157,72,72,72
2026-06-06 18:27:42.762,75,100,113,128,53,43,81,130,137,72,76,64
2026-06-06 18:27:42.826,75,108,113,128,53,43,81,130,137,72,76,64
2026-06-06 18:27:42.827,75,108,148,128,53,43,81,130,137,72,76,64
2026-06-06 18:27:42.828,75,108,148,128,62,54,81,121,126,72,68,29
2026-06-06 18:27:42.891,75,117,148,128,62,54,81,121,126,72,68,29
2026-06-06 18:27:42.892,75,117,160,128,62,54,81,121,126,72,68,29
2026-06-06 18:27:42.893,75,117,160,128,71,64,81,112,116,72,59,18
2026-06-06 18:27:42.959,75,128,160,128,71,64,81,112,116,72,59,18
2026-06-06 18:27:42.959,75,128,149,128,71,64,81,112,116,72,59,18
2026-06-06 18:27:42.960,75,128,149,128,81,75,81,102,105,72,48,28
2026-06-06 18:27:43.024,75,128,131,128,81,75,81,102,105,72,48,28
2026-06-06 18:27:43.025,75,128,131,128,81,54,81,102,126,72,48,46
2026-06-06 18:27:43.092,75,118,131,128,81,54,81,102,126,72,48,46
2026-06-06 18:27:43.093,75,118,120,128,81,54,81,102,126,72,48,46
2026-06-06 18:27:43.094,75,118,120,128,73,25,81,110,155,72,58,57
2026-06-06 18:27:43.159,75,109,120,128,73,25,81,110,155,72,58,57
2026-06-06 18:27:43.161,75,109,110,128,73,25,81,110,155,72,58,57
2026-06-06 18:27:43.162,75,109,110,128,63,18,81,120,162,72,67,67
2026-06-06 18:27:43.226,75,100,110,128,63,18,81,120,162,72,67,67
2026-06-06 18:27:43.227,75,100,99,128,63,18,81,120,162,72,67,67
2026-06-06 18:27:43.228,75,100,99,128,52,35,81,131,145,72,76,78
2026-06-06 18:27:43.293,75,104,99,128,52,35,81,131,145,72,76,78
2026-06-06 18:27:43.294,75,104,133,128,52,35,81,131,145,72,76,78
2026-06-06 18:27:43.295,75,104,133,128,58,49,81,125,131,72,72,44
2026-06-06 18:27:43.359,75,112,133,128,58,49,81,125,131,72,72,44
2026-06-06 18:27:43.359,75,112,156,128,58,49,81,125,131,72,72,44
2026-06-06 18:27:43.360,75,112,156,128,67,59,81,116,121,72,64,21
2026-06-06 18:27:43.425,75,122,156,128,67,59,81,116,121,72,64,21
2026-06-06 18:27:43.425,75,122,157,128,67,59,81,116,121,72,64,21
2026-06-06 18:27:43.426,75,122,157,128,76,70,81,107,110,72,54,20
2026-06-06 18:27:43.492,75,132,157,128,76,70,81,107,110,72,54,20
2026-06-06 18:27:43.493,75,132,136,128,76,70,81,107,110,72,54,20
2026-06-06 18:27:43.494,75,132,136,128,85,77,81,98,103,72,44,41
2026-06-06 18:27:43.557,75,123,136,128,85,77,81,98,103,72,44,41
2026-06-06 18:27:43.558,75,123,126,128,85,77,81,98,103,72,44,41
2026-06-06 18:27:43.559,75,123,126,128,77,37,81,106,143,72,53,51
2026-06-06 18:27:43.625,75,114,126,128,77,37,81,106,143,72,53,51
2026-06-06 18:27:43.626,75,114,115,128,77,37,81,106,143,72,53,51
2026-06-06 18:27:43.626,75,114,115,128,68,18,81,115,162,72,62,62
2026-06-06 18:27:43.694,75,104,115,128,68,18,81,115,162,72,62,62
2026-06-06 18:27:43.694,75,104,104,128,68,18,81,115,162,72,62,62
2026-06-06 18:27:43.695,75,104,104,128,58,24,81,125,156,72,72,73
2026-06-06 18:27:43.760,75,100,104,128,58,24,81,125,156,72,72,73
2026-06-06 18:27:43.761,75,100,113,128,58,24,81,125,156,72,72,73
2026-06-06 18:27:43.761,75,100,113,128,53,44,81,130,136,72,76,64
2026-06-06 18:27:43.827,75,108,113,128,53,44,81,130,136,72,76,64
2026-06-06 18:27:43.827,75,108,147,128,53,44,81,130,136,72,76,64
2026-06-06 18:27:43.828,75,108,147,128,62,54,81,121,126,72,68,30
2026-06-06 18:27:43.893,75,117,147,128,62,54,81,121,126,72,68,30
2026-06-06 18:27:43.893,75,117,160,128,62,54,81,121,126,72,68,30
2026-06-06 18:27:43.894,75,117,160,128,72,65,81,111,115,72,59,18
2026-06-06 18:27:43.959,75,128,160,128,72,65,81,111,115,72,59,18
2026-06-06 18:27:43.961,75,128,149,128,72,65,81,111,115,72,59,18
2026-06-06 18:27:43.962,75,128,149,128,81,75,81,102,105,72,48,28
2026-06-06 18:27:44.026,75,128,131,128,81,75,81,102,105,72,48,28
2026-06-06 18:27:44.027,75,128,131,128,81,53,81,102,127,72,48,46
2026-06-06 18:27:44.092,75,118,131,128,81,53,81,102,127,72,48,46
2026-06-06 18:27:44.092,75,118,120,128,81,53,81,102,127,72,48,46
2026-06-06 18:27:44.093,75,118,120,128,73,25,81,110,155,72,58,57
2026-06-06 18:27:44.159,75,109,120,128,73,25,81,110,155,72,58,57
2026-06-06 18:27:44.160,75,109,110,128,73,25,81,110,155,72,58,57
2026-06-06 18:27:44.160,75,109,110,128,63,18,81,120,162,72,67,67
2026-06-06 18:27:44.224,75,100,110,128,63,18,81,120,162,72,67,67
2026-06-06 18:27:44.224,75,100,99,128,63,18,81,120,162,72,67,67
2026-06-06 18:27:44.226,75,100,99,128,52,34,81,130,146,72,76,78
2026-06-06 18:27:44.293,75,104,99,128,52,34,81,130,146,72,76,78
2026-06-06 18:27:44.294,75,104,133,128,52,34,81,130,146,72,76,78
2026-06-06 18:27:44.294,75,104,133,128,58,49,81,125,131,72,72,44
2026-06-06 18:27:44.360,75,112,133,128,58,49,81,125,131,72,72,44
2026-06-06 18:27:44.360,75,112,156,128,58,49,81,125,131,72,72,44
2026-06-06 18:27:44.360,75,112,156,128,67,59,81,116,121,72,64,21
2026-06-06 18:27:44.424,75,122,156,128,67,59,81,116,121,72,64,21
2026-06-06 18:27:44.425,75,122,157,128,67,59,81,116,121,72,64,21
2026-06-06 18:27:44.426,75,122,157,128,76,70,81,107,110,72,54,20
2026-06-06 18:27:44.492,75,132,157,128,76,70,81,107,110,72,54,20
2026-06-06 18:27:44.493,75,132,136,128,76,70,81,107,110,72,54,20
2026-06-06 18:27:44.494,75,132,136,128,85,77,81,98,103,72,44,41
2026-06-06 18:27:44.558,75,123,136,128,85,77,81,98,103,72,44,41
2026-06-06 18:27:44.558,75,123,126,128,85,77,81,98,103,72,44,41
2026-06-06 18:27:44.559,75,123,126,128,77,37,81,106,143,72,53,51
2026-06-06 18:27:44.627,75,114,126,128,77,37,81,106,143,72,53,51
2026-06-06 18:27:44.627,75,114,115,128,77,37,81,106,143,72,53,51
2026-06-06 18:27:44.628,75,114,115,128,68,18,81,115,162,72,62,62
2026-06-06 18:27:44.693,75,104,115,128,68,18,81,115,162,72,62,62
2026-06-06 18:27:44.693,75,104,104,128,68,18,81,115,162,72,62,62
2026-06-06 18:27:44.694,75,104,104,128,58,23,81,125,157,72,72,73
2026-06-06 18:27:44.759,75,100,104,128,58,23,81,125,157,72,72,73
2026-06-06 18:27:44.759,75,100,112,128,58,23,81,125,157,72,72,73
2026-06-06 18:27:44.760,75,100,112,128,53,43,81,130,137,72,76,65
2026-06-06 18:27:44.826,75,108,112,128,53,43,81,130,137,72,76,65
2026-06-06 18:27:44.826,75,108,148,128,53,43,81,130,137,72,76,65
2026-06-06 18:27:44.827,75,108,148,128,62,54,81,121,126,72,68,30
2026-06-06 18:27:44.891,75,117,148,128,62,54,81,121,126,72,68,30
2026-06-06 18:27:44.892,75,117,160,128,62,54,81,121,126,72,68,30
2026-06-06 18:27:44.893,75,117,160,128,72,64,81,112,116,72,59,18
2026-06-06 18:27:44.959,75,128,160,128,72,64,81,112,116,72,59,18
2026-06-06 18:27:44.961,75,128,149,128,72,64,81,112,116,72,59,18
2026-06-06 18:27:44.961,75,128,149,128,81,75,81,102,105,72,48,28
2026-06-06 18:27:45.026,75,128,131,128,81,75,81,102,105,72,48,28
2026-06-06 18:27:45.027,75,128,131,128,81,53,81,102,127,72,48,46
2026-06-06 18:27:45.092,75,118,131,128,81,53,81,102,127,72,48,46
2026-06-06 18:27:45.092,75,118,120,128,81,53,81,102,127,72,48,46
2026-06-06 18:27:45.094,75,118,120,128,73,25,81,110,155,72,58,57
2026-06-06 18:27:45.159,75,109,120,128,73,25,81,110,155,72,58,57
2026-06-06 18:27:45.160,75,109,110,128,73,25,81,110,155,72,58,57
2026-06-06 18:27:45.161,75,109,110,128,63,18,81,120,162,72,67,67
2026-06-06 18:27:45.224,75,100,110,128,63,18,81,120,162,72,67,67
2026-06-06 18:27:45.225,75,100,99,128,63,18,81,120,162,72,67,67
2026-06-06 18:27:45.226,75,100,99,128,52,34,81,131,146,72,76,78
2026-06-06 18:27:45.293,75,104,99,128,52,34,81,131,146,72,76,78
2026-06-06 18:27:45.293,75,104,132,128,52,34,81,131,146,72,76,78
2026-06-06 18:27:45.293,75,104,132,128,58,48,81,126,132,72,72,45
2026-06-06 18:27:45.360,75,112,132,128,58,48,81,126,132,72,72,45
2026-06-06 18:27:45.360,75,112,156,128,58,48,81,126,132,72,72,45
2026-06-06 18:27:45.360,75,112,156,128,67,59,81,116,121,72,64,21
2026-06-06 18:27:45.426,75,122,156,128,67,59,81,116,121,72,64,21
2026-06-06 18:27:45.426,75,122,157,128,67,59,81,116,121,72,64,21
2026-06-06 18:27:45.427,75,122,157,128,76,70,81,107,110,72,54,20
2026-06-06 18:27:45.493,75,132,157,128,76,70,81,107,110,72,54,20
2026-06-06 18:27:45.494,75,132,136,128,76,70,81,107,110,72,54,20
2026-06-06 18:27:45.495,75,132,136,128,84,76,81,98,104,72,44,41
2026-06-06 18:27:45.558,75,123,136,128,84,76,81,98,104,72,44,41
2026-06-06 18:27:45.559,75,123,126,128,84,76,81,98,104,72,44,41
2026-06-06 18:27:45.560,75,123,126,128,77,37,81,106,143,72,53,51
2026-06-06 18:27:45.627,75,114,126,128,77,37,81,106,143,72,53,51
2026-06-06 18:27:45.627,75,114,115,128,77,37,81,106,143,72,53,51
2026-06-06 18:27:45.628,75,114,115,128,68,18,81,115,162,72,62,62
2026-06-06 18:27:45.691,75,105,115,128,68,18,81,115,162,72,62,62
2026-06-06 18:27:45.692,75,105,105,128,68,18,81,115,162,72,62,62
2026-06-06 18:27:45.692,75,105,105,128,58,23,81,125,157,72,71,72
2026-06-06 18:27:45.761,75,100,105,128,58,23,81,125,157,72,71,72
2026-06-06 18:27:45.762,75,100,113,128,58,23,81,125,157,72,71,72
2026-06-06 18:27:45.762,75,100,113,128,53,44,81,130,136,72,76,64
2026-06-06 18:27:45.827,75,108,113,128,53,44,81,130,136,72,76,64
2026-06-06 18:27:45.827,75,108,148,128,53,44,81,130,136,72,76,64
2026-06-06 18:27:45.828,75,108,148,128,62,54,81,121,126,72,68,29
2026-06-06 18:27:45.905,75,119,148,128,62,54,81,121,126,72,68,29
2026-06-06 18:27:45.905,75,119,159,128,62,54,81,121,126,72,68,29
2026-06-06 18:27:45.906,75,119,159,128,73,67,81,110,113,72,57,18
2026-06-06 18:27:45.975,75,131,159,128,73,67,81,110,113,72,57,18
2026-06-06 18:27:45.976,75,131,143,128,73,67,81,110,113,72,57,18
2026-06-06 18:27:45.977,75,131,143,128,83,78,81,100,102,72,45,34
2026-06-06 18:27:46.042,75,126,143,128,83,78,81,100,102,72,45,34
2026-06-06 18:27:46.043,75,126,128,128,83,78,81,100,102,72,45,34
2026-06-06 18:27:46.044,75,126,128,128,79,44,81,104,136,72,50,49
2026-06-06 18:27:46.109,75,116,128,128,79,44,81,104,136,72,50,49
2026-06-06 18:27:46.110,75,116,118,128,79,44,81,104,136,72,50,49
2026-06-06 18:27:46.110,75,116,118,128,70,21,81,112,159,72,60,59
2026-06-06 18:27:46.175,75,107,118,128,70,21,81,112,159,72,60,59
2026-06-06 18:27:46.176,75,107,107,128,70,21,81,112,159,72,60,59
2026-06-06 18:27:46.177,75,107,107,128,61,20,81,122,160,72,69,70
2026-06-06 18:27:46.242,75,98,107,128,61,20,81,122,160,72,69,70
2026-06-06 18:27:46.244,75,98,101,128,61,20,81,122,160,72,69,70
2026-06-06 18:27:46.245,75,98,101,128,51,41,81,132,139,72,78,76
2026-06-06 18:27:46.307,75,106,101,128,51,41,81,132,139,72,78,76
2026-06-06 18:27:46.307,75,106,140,128,51,41,81,132,139,72,78,76
2026-06-06 18:27:46.307,75,106,140,128,60,51,81,123,129,72,70,37
2026-06-06 18:27:46.385,75,116,140,128,60,51,81,123,129,72,70,37
2026-06-06 18:27:46.385,75,116,159,128,60,51,81,123,129,72,70,37
2026-06-06 18:27:46.385,75,116,159,128,70,63,81,113,117,72,60,18
2026-06-06 18:27:46.456,75,127,159,128,70,63,81,113,117,72,60,18
2026-06-06 18:27:46.457,75,127,150,128,70,63,81,113,117,72,60,18
2026-06-06 18:27:46.457,75,127,150,128,80,75,81,103,105,72,49,27
2026-06-06 18:27:46.524,75,128,150,128,80,75,81,103,105,72,49,27
2026-06-06 18:27:46.525,75,128,131,128,80,75,81,103,105,72,49,27
2026-06-06 18:27:46.525,75,128,131,128,81,54,81,102,126,72,48,46
2026-06-06 18:27:46.592,75,118,131,128,81,54,81,102,126,72,48,46
2026-06-06 18:27:46.592,75,118,120,128,81,54,81,102,126,72,48,46
2026-06-06 18:27:46.594,75,118,120,128,73,25,81,110,155,72,58,57
2026-06-06 18:27:46.660,75,109,120,128,73,25,81,110,155,72,58,57
2026-06-06 18:27:46.661,75,109,110,128,73,25,81,110,155,72,58,57
2026-06-06 18:27:46.662,75,109,110,128,63,18,81,120,162,72,67,68
2026-06-06 18:27:46.737,75,98,110,128,63,18,81,120,162,72,67,68
2026-06-06 18:27:46.739,75,98,97,128,63,18,81,120,162,72,67,68
2026-06-06 18:27:46.739,75,98,97,128,50,40,81,133,140,72,78,80
2026-06-06 18:27:46.809,75,106,97,128,50,40,81,133,140,72,78,80
2026-06-06 18:27:46.810,75,106,140,128,50,40,81,133,140,72,78,80
2026-06-06 18:27:46.810,75,106,140,128,60,51,81,123,129,72,70,37
2026-06-06 18:27:46.876,75,115,140,128,60,51,81,123,129,72,70,37
2026-06-06 18:27:46.876,75,115,158,128,60,51,81,123,129,72,70,37
2026-06-06 18:27:46.876,75,115,158,128,69,62,81,114,118,72,61,18
2026-06-06 18:27:46.941,75,125,158,128,69,62,81,114,118,72,61,18
2026-06-06 18:27:46.941,75,125,154,128,69,62,81,114,118,72,61,18
2026-06-06 18:27:46.943,75,125,154,128,78,72,81,105,108,72,51,23
2026-06-06 18:27:47.009,75,130,154,128,78,72,81,105,108,72,51,23
2026-06-06 18:27:47.009,75,130,134,128,78,72,81,105,108,72,51,23
2026-06-06 18:27:47.010,75,130,134,128,83,65,81,100,115,72,46,43
2026-06-06 18:27:47.076,75,121,134,128,83,65,81,100,115,72,46,43
2026-06-06 18:27:47.077,75,121,123,128,83,65,81,100,115,72,46,43
2026-06-06 18:27:47.077,75,121,123,128,75,29,81,108,151,72,55,54
2026-06-06 18:27:47.142,75,111,123,128,75,29,81,108,151,72,55,54
2026-06-06 18:27:47.143,75,111,112,128,75,29,81,108,151,72,55,54
2026-06-06 18:27:47.144,75,111,112,128,66,18,81,117,162,72,65,65
2026-06-06 18:27:47.210,75,102,112,128,66,18,81,117,162,72,65,65
2026-06-06 18:27:47.211,75,102,102,128,66,18,81,117,162,72,65,65
2026-06-06 18:27:47.211,75,102,102,128,55,28,81,128,152,72,74,75
2026-06-06 18:27:47.278,75,102,124,128,55,28,81,128,152,72,74,75
2026-06-06 18:27:47.278,75,102,124,128,55,46,81,128,134,72,74,53
2026-06-06 18:27:47.342,75,110,124,128,55,46,81,128,134,72,74,53
2026-06-06 18:27:47.343,75,110,152,128,55,46,81,128,134,72,74,53
2026-06-06 18:27:47.344,75,110,152,128,64,57,81,118,123,72,66,25
2026-06-06 18:27:47.409,75,120,152,128,64,57,81,118,123,72,66,25
2026-06-06 18:27:47.411,75,120,159,128,64,57,81,118,123,72,66,25
2026-06-06 18:27:47.411,75,120,159,128,74,67,81,109,113,72,56,18
2026-06-06 18:27:47.475,75,131,159,128,74,67,81,109,113,72,56,18
2026-06-06 18:27:47.476,75,131,143,128,74,67,81,109,113,72,56,18
2026-06-06 18:27:47.477,75,131,143,128,83,78,81,100,102,72,45,34
2026-06-06 18:27:47.539,75,126,143,128,83,78,81,100,102,72,45,34
2026-06-06 18:27:47.539,75,126,129,128,83,78,81,100,102,72,45,34
2026-06-06 18:27:47.540,75,126,129,128,80,46,81,104,134,72,50,48
2026-06-06 18:27:47.610,75,116,129,128,80,46,81,104,134,72,50,48
2026-06-06 18:27:47.610,75,116,118,128,80,46,81,104,134,72,50,48
2026-06-06 18:27:47.611,75,116,118,128,71,21,81,112,159,72,60,59
2026-06-06 18:27:47.675,75,107,118,128,71,21,81,112,159,72,60,59
2026-06-06 18:27:47.675,75,107,107,128,71,21,81,112,159,72,60,59
2026-06-06 18:27:47.676,75,107,107,128,61,20,81,122,160,72,69,70
2026-06-06 18:27:47.743,75,98,107,128,61,20,81,122,160,72,69,70
2026-06-06 18:27:47.743,75,98,100,128,61,20,81,122,160,72,69,70
2026-06-06 18:27:47.744,75,98,100,128,51,41,81,132,139,72,78,77
2026-06-06 18:27:47.807,75,106,100,128,51,41,81,132,139,72,78,77
2026-06-06 18:27:47.808,75,106,140,128,51,41,81,132,139,72,78,77
2026-06-06 18:27:47.809,75,106,140,128,60,51,81,123,129,72,70,37
2026-06-06 18:27:47.876,75,115,140,128,60,51,81,123,129,72,70,37
2026-06-06 18:27:47.877,75,115,159,128,60,51,81,123,129,72,70,37
2026-06-06 18:27:47.878,75,115,159,128,69,62,81,114,118,72,61,18
2026-06-06 18:27:47.943,75,125,159,128,69,62,81,114,118,72,61,18
2026-06-06 18:27:47.944,75,125,154,128,69,62,81,114,118,72,61,18
2026-06-06 18:27:47.944,75,125,154,128,79,73,81,104,107,72,51,24
2026-06-06 18:27:48.009,75,130,154,128,79,73,81,104,107,72,51,24
2026-06-06 18:27:48.009,75,130,134,128,79,73,81,104,107,72,51,24
2026-06-06 18:27:48.010,75,130,134,128,83,65,81,100,115,72,46,43
2026-06-06 18:27:48.074,75,121,134,128,83,65,81,100,115,72,46,43
2026-06-06 18:27:48.075,75,121,123,128,83,65,81,100,115,72,46,43
2026-06-06 18:27:48.076,75,121,123,128,75,30,81,108,150,72,55,54
2026-06-06 18:27:48.143,75,111,123,128,75,30,81,108,150,72,55,54
2026-06-06 18:27:48.143,75,111,112,128,75,30,81,108,150,72,55,54
2026-06-06 18:27:48.144,75,111,112,128,66,18,81,117,162,72,65,65
2026-06-06 18:27:48.210,75,102,112,128,66,18,81,117,162,72,65,65
2026-06-06 18:27:48.211,75,102,102,128,66,18,81,117,162,72,65,65
2026-06-06 18:27:48.211,75,102,102,128,55,28,81,128,152,72,74,75
2026-06-06 18:27:48.277,75,102,124,128,55,28,81,128,152,72,74,75
2026-06-06 18:27:48.278,75,102,124,128,55,46,81,128,134,72,74,53
2026-06-06 18:27:48.343,75,110,124,128,55,46,81,128,134,72,74,53
2026-06-06 18:27:48.344,75,110,153,128,55,46,81,128,134,72,74,53
2026-06-06 18:27:48.344,75,110,153,128,65,57,81,118,123,72,66,24
2026-06-06 18:27:48.409,75,120,153,128,65,57,81,118,123,72,66,24
2026-06-06 18:27:48.409,75,120,159,128,65,57,81,118,123,72,66,24
2026-06-06 18:27:48.410,75,120,159,128,74,67,81,109,113,72,56,18
2026-06-06 18:27:48.476,75,131,159,128,74,67,81,109,113,72,56,18
2026-06-06 18:27:48.477,75,131,142,128,74,67,81,109,113,72,56,18
2026-06-06 18:27:48.477,75,131,142,128,83,78,81,100,102,72,45,34
2026-06-06 18:27:48.542,75,126,142,128,83,78,81,100,102,72,45,34
2026-06-06 18:27:48.543,75,126,128,128,83,78,81,100,102,72,45,34
2026-06-06 18:27:48.544,75,126,128,128,79,44,81,104,136,72,50,49
2026-06-06 18:27:48.610,75,116,128,128,79,44,81,104,136,72,50,49
2026-06-06 18:27:48.611,75,116,118,128,79,44,81,104,136,72,50,49
2026-06-06 18:27:48.611,75,116,118,128,70,20,81,113,160,72,60,60
2026-06-06 18:27:48.676,75,107,118,128,70,20,81,113,160,72,60,60
2026-06-06 18:27:48.677,75,107,107,128,70,20,81,113,160,72,60,60
2026-06-06 18:27:48.677,75,107,107,128,61,20,81,122,160,72,69,70
2026-06-06 18:27:48.744,75,98,107,128,61,20,81,122,160,72,69,70
2026-06-06 18:27:48.744,75,98,101,128,61,20,81,122,160,72,69,70
2026-06-06 18:27:48.746,75,98,101,128,51,41,81,132,139,72,78,76
2026-06-06 18:27:48.808,75,106,101,128,51,41,81,132,139,72,78,76
2026-06-06 18:27:48.809,75,106,140,128,51,41,81,132,139,72,78,76
2026-06-06 18:27:48.810,75,106,140,128,60,51,81,123,129,72,70,37
2026-06-06 18:27:48.873,75,114,140,128,60,51,81,123,129,72,70,37
2026-06-06 18:27:48.873,75,114,158,128,60,51,81,123,129,72,70,37
2026-06-06 18:27:48.874,75,114,158,128,69,62,81,114,118,72,62,19
2026-06-06 18:27:48.943,75,125,158,128,69,62,81,114,118,72,62,19
2026-06-06 18:27:48.944,75,125,153,128,69,62,81,114,118,72,62,19
2026-06-06 18:27:48.944,75,125,153,128,79,73,81,104,107,72,51,24
2026-06-06 18:27:49.009,75,130,153,128,79,73,81,104,107,72,51,24
2026-06-06 18:27:49.010,75,130,134,128,79,73,81,104,107,72,51,24
2026-06-06 18:27:49.011,75,130,134,128,83,65,81,100,115,72,46,43
2026-06-06 18:27:49.075,75,121,134,128,83,65,81,100,115,72,46,43
2026-06-06 18:27:49.077,75,121,123,128,83,65,81,100,115,72,46,43
2026-06-06 18:27:49.077,75,121,123,128,75,30,81,108,150,72,55,54
2026-06-06 18:27:49.142,75,111,123,128,75,30,81,108,150,72,55,54
2026-06-06 18:27:49.143,75,111,112,128,75,30,81,108,150,72,55,54
2026-06-06 18:27:49.144,75,111,112,128,66,18,81,117,162,72,65,65
2026-06-06 18:27:49.209,75,102,112,128,66,18,81,117,162,72,65,65
2026-06-06 18:27:49.209,75,102,102,128,66,18,81,117,162,72,65,65
2026-06-06 18:27:49.210,75,102,102,128,55,28,81,128,152,72,74,75
2026-06-06 18:27:49.276,75,102,123,128,55,28,81,128,152,72,74,75
2026-06-06 18:27:49.277,75,102,123,128,55,46,81,128,134,72,74,54
2026-06-06 18:27:49.343,75,110,123,128,55,46,81,128,134,72,74,54
2026-06-06 18:27:49.344,75,110,152,128,55,46,81,128,134,72,74,54
2026-06-06 18:27:49.344,75,110,152,128,64,57,81,118,123,72,66,24
2026-06-06 18:27:49.409,75,120,152,128,64,57,81,118,123,72,66,24
2026-06-06 18:27:49.410,75,120,159,128,64,57,81,118,123,72,66,24
2026-06-06 18:27:49.410,75,120,159,128,74,67,81,109,113,72,56,18
2026-06-06 18:27:49.475,75,131,159,128,74,67,81,109,113,72,56,18
2026-06-06 18:27:49.476,75,131,143,128,74,67,81,109,113,72,56,18
2026-06-06 18:27:49.476,75,131,143,128,83,78,81,100,102,72,45,34
2026-06-06 18:27:49.542,75,126,143,128,83,78,81,100,102,72,45,34
2026-06-06 18:27:49.542,75,126,128,128,83,78,81,100,102,72,45,34
2026-06-06 18:27:49.544,75,126,128,128,79,44,81,104,136,72,50,49
2026-06-06 18:27:49.609,75,116,128,128,79,44,81,104,136,72,50,49
2026-06-06 18:27:49.609,75,116,118,128,79,44,81,104,136,72,50,49
2026-06-06 18:27:49.610,75,116,118,128,71,21,81,112,159,72,60,59
2026-06-06 18:27:49.675,75,107,118,128,71,21,81,112,159,72,60,59
2026-06-06 18:27:49.677,75,107,107,128,71,21,81,112,159,72,60,59
2026-06-06 18:27:49.677,75,107,107,128,61,20,81,122,160,72,69,70
2026-06-06 18:27:49.742,75,98,107,128,61,20,81,122,160,72,69,70
2026-06-06 18:27:49.743,75,98,100,128,61,20,81,122,160,72,69,70
2026-06-06 18:27:49.744,75,98,100,128,50,41,81,132,139,72,78,77
2026-06-06 18:27:49.811,75,106,100,128,50,41,81,132,139,72,78,77
2026-06-06 18:27:49.811,75,106,141,128,50,41,81,132,139,72,78,77
2026-06-06 18:27:49.812,75,106,141,128,60,52,81,123,128,72,70,36
2026-06-06 18:27:49.876,75,115,141,128,60,52,81,123,128,72,70,36
2026-06-06 18:27:49.876,75,115,159,128,60,52,81,123,128,72,70,36
2026-06-06 18:27:49.877,75,115,159,128,69,62,81,114,118,72,61,18
2026-06-06 18:27:49.941,75,125,159,128,69,62,81,114,118,72,61,18
2026-06-06 18:27:49.942,75,125,154,128,69,62,81,114,118,72,61,18
2026-06-06 18:27:49.942,75,125,154,128,78,72,81,105,108,72,51,23
2026-06-06 18:27:50.007,75,130,154,128,78,72,81,105,108,72,51,23
2026-06-06 18:27:50.008,75,130,134,128,78,72,81,105,108,72,51,23
2026-06-06 18:27:50.009,75,130,134,128,83,66,81,100,114,72,46,43
2026-06-06 18:27:50.076,75,121,134,128,83,66,81,100,114,72,46,43
2026-06-06 18:27:50.076,75,121,123,128,83,66,81,100,114,72,46,43
2026-06-06 18:27:50.077,75,121,123,128,75,30,81,108,150,72,55,54
2026-06-06 18:27:50.143,75,112,123,128,75,30,81,108,150,72,55,54
2026-06-06 18:27:50.144,75,112,112,128,75,30,81,108,150,72,55,54
2026-06-06 18:27:50.144,75,112,112,128,66,18,81,117,162,72,64,65
2026-06-06 18:27:50.209,75,102,112,128,66,18,81,117,162,72,64,65
2026-06-06 18:27:50.209,75,102,102,128,66,18,81,117,162,72,64,65
2026-06-06 18:27:50.210,75,102,102,128,55,28,81,128,152,72,74,75
2026-06-06 18:27:50.276,75,102,123,128,55,28,81,128,152,72,74,75
2026-06-06 18:27:50.276,75,102,123,128,55,46,81,128,134,72,74,54
2026-06-06 18:27:50.341,75,110,123,128,55,46,81,128,134,72,74,54
2026-06-06 18:27:50.343,75,110,152,128,55,46,81,128,134,72,74,54
2026-06-06 18:27:50.344,75,110,152,128,64,56,81,119,124,72,66,25
2026-06-06 18:27:50.411,75,120,152,128,64,56,81,119,124,72,66,25
2026-06-06 18:27:50.411,75,120,159,128,64,56,81,119,124,72,66,25
2026-06-06 18:27:50.411,75,120,159,128,74,68,81,109,112,72,56,18
2026-06-06 18:27:50.476,75,131,159,128,74,68,81,109,112,72,56,18
2026-06-06 18:27:50.476,75,131,143,128,74,68,81,109,112,72,56,18
2026-06-06 18:27:50.478,75,131,143,128,83,78,81,100,102,72,45,34
2026-06-06 18:27:50.541,75,126,143,128,83,78,81,100,102,72,45,34
2026-06-06 18:27:50.543,75,126,128,128,83,78,81,100,102,72,45,34
2026-06-06 18:27:50.543,75,126,128,128,79,45,81,104,135,72,50,48
2026-06-06 18:27:50.608,75,116,128,128,79,45,81,104,135,72,50,48
2026-06-06 18:27:50.609,75,116,118,128,79,45,81,104,135,72,50,48
2026-06-06 18:27:50.610,75,116,118,128,71,21,81,112,159,72,60,59
2026-06-06 18:27:50.676,75,107,118,128,71,21,81,112,159,72,60,59
2026-06-06 18:27:50.676,75,107,107,128,71,21,81,112,159,72,60,59
2026-06-06 18:27:50.676,75,107,107,128,61,20,81,122,160,72,69,70
2026-06-06 18:27:50.741,75,98,107,128,61,20,81,122,160,72,69,70
2026-06-06 18:27:50.742,75,98,100,128,61,20,81,122,160,72,69,70
2026-06-06 18:27:50.743,75,98,100,128,50,40,81,132,140,72,78,77
2026-06-06 18:27:50.808,75,106,100,128,50,40,81,132,140,72,78,77
2026-06-06 18:27:50.809,75,106,140,128,50,40,81,132,140,72,78,77
2026-06-06 18:27:50.810,75,106,140,128,60,51,81,123,129,72,70,37
2026-06-06 18:27:50.876,75,115,140,128,60,51,81,123,129,72,70,37
2026-06-06 18:27:50.876,75,115,159,128,60,51,81,123,129,72,70,37
2026-06-06 18:27:50.877,75,115,159,128,69,62,81,114,118,72,61,18
2026-06-06 18:27:50.942,75,125,159,128,69,62,81,114,118,72,61,18
2026-06-06 18:27:50.944,75,125,154,128,69,62,81,114,118,72,61,18
2026-06-06 18:27:50.944,75,125,154,128,79,73,81,104,107,72,51,24
2026-06-06 18:27:51.009,75,130,154,128,79,73,81,104,107,72,51,24
2026-06-06 18:27:51.011,75,130,134,128,79,73,81,104,107,72,51,24
2026-06-06 18:27:51.012,75,130,134,128,83,64,81,100,116,72,46,43
2026-06-06 18:27:51.076,75,121,134,128,83,64,81,100,116,72,46,43
2026-06-06 18:27:51.076,75,121,123,128,83,64,81,100,116,72,46,43
2026-06-06 18:27:51.077,75,121,123,128,75,30,81,108,150,72,55,54
2026-06-06 18:27:51.144,75,111,123,128,75,30,81,108,150,72,55,54
2026-06-06 18:27:51.144,75,111,112,128,75,30,81,108,150,72,55,54
2026-06-06 18:27:51.145,75,111,112,128,66,18,81,117,162,72,65,65
2026-06-06 18:27:51.209,75,102,112,128,66,18,81,117,162,72,65,65
2026-06-06 18:27:51.210,75,102,102,128,66,18,81,117,162,72,65,65
2026-06-06 18:27:51.210,75,102,102,128,55,28,81,128,152,72,74,75
2026-06-06 18:27:51.276,75,102,123,128,55,28,81,128,152,72,74,75
2026-06-06 18:27:51.277,75,102,123,128,55,46,81,128,134,72,74,54
2026-06-06 18:27:51.342,75,110,123,128,55,46,81,128,134,72,74,54
2026-06-06 18:27:51.344,75,110,153,128,55,46,81,128,134,72,74,54
2026-06-06 18:27:51.345,75,110,153,128,65,57,81,118,123,72,66,24
2026-06-06 18:27:51.421,75,122,153,128,65,57,81,118,123,72,66,24
2026-06-06 18:27:51.421,75,122,158,128,65,57,81,118,123,72,66,24
2026-06-06 18:27:51.421,75,122,158,128,76,69,81,108,111,72,54,19
2026-06-06 18:27:51.488,75,133,158,128,76,69,81,108,111,72,54,19
2026-06-06 18:27:51.489,75,133,137,128,76,69,81,108,111,72,54,19
2026-06-06 18:27:51.489,75,133,137,128,85,80,81,98,100,72,43,40
2026-06-06 18:27:51.555,75,124,137,128,85,80,81,98,100,72,43,40
2026-06-06 18:27:51.555,75,124,126,128,85,80,81,98,100,72,43,40
2026-06-06 18:27:51.556,75,124,126,128,78,38,81,105,142,72,52,51
2026-06-06 18:27:51.620,75,114,126,128,78,38,81,105,142,72,52,51
2026-06-06 18:27:51.621,75,114,116,128,78,38,81,105,142,72,52,51
2026-06-06 18:27:51.621,75,114,116,128,69,19,81,114,161,72,62,61
2026-06-06 18:27:51.693,75,104,116,128,69,19,81,114,161,72,62,61
2026-06-06 18:27:51.694,75,104,104,128,69,19,81,114,161,72,62,61
2026-06-06 18:27:51.694,75,104,104,128,58,23,81,125,157,72,72,73
2026-06-06 18:27:51.770,75,101,104,128,58,23,81,125,157,72,72,73
2026-06-06 18:27:51.771,75,101,120,128,58,23,81,125,157,72,72,73
2026-06-06 18:27:51.771,75,101,120,128,54,45,81,128,135,72,75,57
2026-06-06 18:27:51.842,75,110,120,128,54,45,81,128,135,72,75,57
2026-06-06 18:27:51.843,75,110,152,128,54,45,81,128,135,72,75,57
2026-06-06 18:27:51.843,75,110,152,128,64,57,81,118,123,72,66,24
2026-06-06 18:27:51.906,75,119,152,128,64,57,81,118,123,72,66,24
2026-06-06 18:27:51.907,75,119,159,128,64,57,81,118,123,72,66,24
2026-06-06 18:27:51.908,75,119,159,128,74,67,81,110,113,72,57,18
2026-06-06 18:27:51.974,75,130,159,128,74,67,81,110,113,72,57,18
2026-06-06 18:27:51.974,75,130,143,128,74,67,81,110,113,72,57,18
2026-06-06 18:27:51.975,75,130,143,128,83,78,81,100,102,72,46,34
2026-06-06 18:27:52.043,75,125,143,128,83,78,81,100,102,72,46,34
2026-06-06 18:27:52.044,75,125,128,128,83,78,81,100,102,72,46,34
2026-06-06 18:27:52.044,75,125,128,128,79,44,81,104,136,72,51,49
2026-06-06 18:27:52.110,75,116,128,128,79,44,81,104,136,72,51,49
2026-06-06 18:27:52.110,75,116,118,128,79,44,81,104,136,72,51,49
2026-06-06 18:27:52.111,75,116,118,128,70,21,81,112,159,72,60,59
2026-06-06 18:27:52.177,75,107,118,128,70,21,81,112,159,72,60,59
2026-06-06 18:27:52.177,75,107,107,128,70,21,81,112,159,72,60,59
2026-06-06 18:27:52.177,75,107,107,128,60,20,81,123,160,72,69,70
2026-06-06 18:27:52.243,75,98,107,128,60,20,81,123,160,72,69,70
2026-06-06 18:27:52.243,75,98,100,128,60,20,81,123,160,72,69,70
2026-06-06 18:27:52.244,75,98,100,128,51,41,81,132,139,72,78,77
2026-06-06 18:27:52.310,75,106,100,128,51,41,81,132,139,72,78,77
2026-06-06 18:27:52.311,75,106,141,128,51,41,81,132,139,72,78,77
2026-06-06 18:27:52.311,75,106,141,128,60,52,81,123,128,72,70,36
2026-06-06 18:27:52.375,75,115,141,128,60,52,81,123,128,72,70,36
2026-06-06 18:27:52.375,75,115,158,128,60,52,81,123,128,72,70,36
2026-06-06 18:27:52.376,75,115,158,128,69,62,81,114,118,72,61,18
2026-06-06 18:27:52.444,75,125,158,128,69,62,81,114,118,72,61,18
2026-06-06 18:27:52.445,75,125,153,128,69,62,81,114,118,72,61,18
2026-06-06 18:27:52.445,75,125,153,128,79,73,81,104,107,72,51,24
2026-06-06 18:27:52.510,75,130,153,128,79,73,81,104,107,72,51,24
2026-06-06 18:27:52.511,75,130,134,128,79,73,81,104,107,72,51,24
2026-06-06 18:27:52.511,75,130,134,128,83,64,81,100,116,72,46,43
2026-06-06 18:27:52.575,75,121,134,128,83,64,81,100,116,72,46,43
2026-06-06 18:27:52.577,75,121,123,128,83,64,81,100,116,72,46,43
2026-06-06 18:27:52.577,75,121,123,128,75,30,81,108,150,72,55,54
2026-06-06 18:27:52.642,75,112,123,128,75,30,81,108,150,72,55,54
2026-06-06 18:27:52.643,75,112,112,128,75,30,81,108,150,72,55,54
2026-06-06 18:27:52.644,75,112,112,128,66,18,81,117,162,72,64,65
2026-06-06 18:27:52.709,75,102,112,128,66,18,81,117,162,72,64,65
2026-06-06 18:27:52.710,75,102,102,128,66,18,81,117,162,72,64,65
2026-06-06 18:27:52.711,75,102,102,128,55,28,81,128,152,72,74,75
2026-06-06 18:27:52.775,75,102,123,128,55,28,81,128,152,72,74,75
2026-06-06 18:27:52.776,75,102,123,128,55,46,81,128,134,72,74,54
2026-06-06 18:27:52.843,75,110,123,128,55,46,81,128,134,72,74,54
2026-06-06 18:27:52.844,75,110,153,128,55,46,81,128,134,72,74,54
2026-06-06 18:27:52.844,75,110,153,128,65,57,81,118,123,72,66,24
2026-06-06 18:27:52.910,75,120,153,128,65,57,81,118,123,72,66,24
2026-06-06 18:27:52.911,75,120,159,128,65,57,81,118,123,72,66,24
2026-06-06 18:27:52.911,75,120,159,128,74,67,81,109,113,72,56,18
2026-06-06 18:27:52.976,75,131,159,128,74,67,81,109,113,72,56,18
2026-06-06 18:27:52.976,75,131,143,128,74,67,81,109,113,72,56,18
2026-06-06 18:27:52.977,75,131,143,128,83,78,81,100,102,72,45,34
2026-06-06 18:27:53.042,75,125,143,128,83,78,81,100,102,72,45,34
2026-06-06 18:27:53.043,75,125,128,128,83,78,81,100,102,72,45,34
2026-06-06 18:27:53.043,75,125,128,128,79,44,81,104,136,72,51,49
2026-06-06 18:27:53.109,75,116,128,128,79,44,81,104,136,72,51,49
2026-06-06 18:27:53.110,75,116,118,128,79,44,81,104,136,72,51,49
2026-06-06 18:27:53.111,75,116,118,128,71,21,81,112,159,72,60,59
2026-06-06 18:27:53.177,75,107,118,128,71,21,81,112,159,72,60,59
2026-06-06 18:27:53.177,75,107,107,128,71,21,81,112,159,72,60,59
2026-06-06 18:27:53.178,75,107,107,128,60,20,81,122,160,72,69,70
2026-06-06 18:27:53.244,75,98,107,128,60,20,81,122,160,72,69,70
2026-06-06 18:27:53.244,75,98,100,128,60,20,81,122,160,72,69,70
2026-06-06 18:27:53.245,75,98,100,128,51,41,81,132,139,72,78,77
2026-06-06 18:27:53.309,75,106,100,128,51,41,81,132,139,72,78,77
2026-06-06 18:27:53.309,75,106,141,128,51,41,81,132,139,72,78,77
2026-06-06 18:27:53.310,75,106,141,128,60,51,81,123,129,72,70,36
2026-06-06 18:27:53.377,75,115,141,128,60,51,81,123,129,72,70,36
2026-06-06 18:27:53.377,75,115,159,128,60,51,81,123,129,72,70,36
2026-06-06 18:27:53.378,75,115,159,128,69,62,81,114,118,72,61,18
2026-06-06 18:27:53.443,75,125,159,128,69,62,81,114,118,72,61,18
2026-06-06 18:27:53.443,75,125,154,128,69,62,81,114,118,72,61,18
2026-06-06 18:27:53.443,75,125,154,128,78,73,81,104,107,72,51,23
2026-06-06 18:27:53.509,75,130,154,128,78,73,81,104,107,72,51,23
2026-06-06 18:27:53.510,75,130,134,128,78,73,81,104,107,72,51,23
2026-06-06 18:27:53.510,75,130,134,128,83,65,81,100,115,72,46,43
2026-06-06 18:27:53.575,75,121,134,128,83,65,81,100,115,72,46,43
2026-06-06 18:27:53.576,75,121,123,128,83,65,81,100,115,72,46,43
2026-06-06 18:27:53.577,75,121,123,128,75,30,81,108,150,72,55,54
2026-06-06 18:27:53.641,75,112,123,128,75,30,81,108,150,72,55,54
2026-06-06 18:27:53.643,75,112,112,128,75,30,81,108,150,72,55,54
2026-06-06 18:27:53.643,75,112,112,128,66,18,81,117,162,72,64,65
2026-06-06 18:27:53.710,75,102,112,128,66,18,81,117,162,72,64,65
2026-06-06 18:27:53.710,75,102,102,128,66,18,81,117,162,72,64,65
2026-06-06 18:27:53.710,75,102,102,128,55,28,81,128,152,72,74,75
2026-06-06 18:27:53.776,75,102,123,128,55,28,81,128,152,72,74,75
2026-06-06 18:27:53.776,75,102,123,128,55,46,81,128,134,72,74,54
2026-06-06 18:27:53.842,75,110,123,128,55,46,81,128,134,72,74,54
2026-06-06 18:27:53.843,75,110,152,128,55,46,81,128,134,72,74,54
2026-06-06 18:27:53.843,75,110,152,128,64,57,81,118,123,72,66,25
2026-06-06 18:27:53.909,75,120,152,128,64,57,81,118,123,72,66,25
2026-06-06 18:27:53.910,75,120,159,128,64,57,81,118,123,72,66,25
2026-06-06 18:27:53.911,75,120,159,128,74,67,81,109,113,72,56,18
2026-06-06 18:27:53.976,75,131,159,128,74,67,81,109,113,72,56,18
2026-06-06 18:27:53.977,75,131,142,128,74,67,81,109,113,72,56,18
2026-06-06 18:27:53.977,75,131,142,128,83,78,81,100,102,72,45,35
2026-06-06 18:27:54.042,75,125,142,128,83,78,81,100,102,72,45,35
2026-06-06 18:27:54.043,75,125,128,128,83,78,81,100,102,72,45,35
2026-06-06 18:27:54.044,75,125,128,128,79,44,81,104,136,72,51,49
2026-06-06 18:27:54.109,75,116,128,128,79,44,81,104,136,72,51,49
2026-06-06 18:27:54.109,75,116,118,128,79,44,81,104,136,72,51,49
2026-06-06 18:27:54.110,75,116,118,128,71,21,81,112,159,72,60,59
2026-06-06 18:27:54.176,75,107,118,128,71,21,81,112,159,72,60,59
2026-06-06 18:27:54.177,75,107,107,128,71,21,81,112,159,72,60,59
2026-06-06 18:27:54.177,75,107,107,128,60,20,81,122,160,72,69,70
2026-06-06 18:27:54.242,75,98,107,128,60,20,81,122,160,72,69,70
2026-06-06 18:27:54.243,75,98,101,128,60,20,81,122,160,72,69,70
2026-06-06 18:27:54.244,75,98,101,128,51,41,81,132,139,72,78,76
2026-06-06 18:27:54.309,75,106,101,128,51,41,81,132,139,72,78,76
2026-06-06 18:27:54.310,75,106,140,128,51,41,81,132,139,72,78,76
2026-06-06 18:27:54.310,75,106,140,128,60,51,81,123,129,72,70,36
2026-06-06 18:27:54.376,75,115,140,128,60,51,81,123,129,72,70,36
2026-06-06 18:27:54.377,75,115,159,128,60,51,81,123,129,72,70,36
2026-06-06 18:27:54.377,75,115,159,128,69,62,81,114,118,72,61,18
2026-06-06 18:27:54.443,75,125,159,128,69,62,81,114,118,72,61,18
2026-06-06 18:27:54.444,75,125,154,128,69,62,81,114,118,72,61,18
2026-06-06 18:27:54.444,75,125,154,128,79,73,81,104,107,72,51,23
2026-06-06 18:27:54.509,75,130,154,128,79,73,81,104,107,72,51,23
2026-06-06 18:27:54.510,75,130,134,128,79,73,81,104,107,72,51,23
2026-06-06 18:27:54.511,75,130,134,128,83,64,81,100,116,72,46,43
2026-06-06 18:27:54.573,75,121,134,128,83,64,81,100,116,72,46,43
2026-06-06 18:27:54.574,75,121,123,128,83,64,81,100,116,72,46,43
2026-06-06 18:27:54.574,75,121,123,128,75,30,81,108,150,72,55,54
2026-06-06 18:27:54.640,75,112,123,128,75,30,81,108,150,72,55,54
2026-06-06 18:27:54.641,75,112,113,128,75,30,81,108,150,72,55,54
2026-06-06 18:27:54.641,75,112,113,128,66,18,81,117,162,72,64,64
2026-06-06 18:27:54.710,75,102,113,128,66,18,81,117,162,72,64,64
2026-06-06 18:27:54.710,75,102,102,128,66,18,81,117,162,72,64,64
2026-06-06 18:27:54.711,75,102,102,128,55,28,81,128,152,72,74,75
2026-06-06 18:27:54.776,75,102,124,128,55,28,81,128,152,72,74,75
2026-06-06 18:27:54.777,75,102,124,128,55,46,81,128,134,72,74,54
2026-06-06 18:27:54.841,75,110,124,128,55,46,81,128,134,72,74,54
2026-06-06 18:27:54.841,75,110,152,128,55,46,81,128,134,72,74,54
2026-06-06 18:27:54.842,75,110,152,128,64,56,81,119,124,72,66,25
2026-06-06 18:27:54.910,75,120,152,128,64,56,81,119,124,72,66,25
2026-06-06 18:27:54.911,75,120,159,128,64,56,81,119,124,72,66,25
2026-06-06 18:27:54.911,75,120,159,128,74,68,81,109,112,72,56,18
2026-06-06 18:27:54.976,75,131,159,128,74,68,81,109,112,72,56,18
2026-06-06 18:27:54.976,75,131,143,128,74,68,81,109,112,72,56,18
2026-06-06 18:27:54.977,75,131,143,128,83,78,81,100,102,72,45,34
2026-06-06 18:27:55.042,75,126,143,128,83,78,81,100,102,72,45,34
2026-06-06 18:27:55.043,75,126,128,128,83,78,81,100,102,72,45,34
2026-06-06 18:27:55.043,75,126,128,128,79,45,81,104,135,72,50,49
2026-06-06 18:27:55.110,75,116,128,128,79,45,81,104,135,72,50,49
2026-06-06 18:27:55.110,75,116,118,128,79,45,81,104,135,72,50,49
2026-06-06 18:27:55.112,75,116,118,128,70,21,81,112,159,72,60,59
2026-06-06 18:27:55.176,75,107,118,128,70,21,81,112,159,72,60,59
2026-06-06 18:27:55.177,75,107,107,128,70,21,81,112,159,72,60,59
2026-06-06 18:27:55.178,75,107,107,128,60,20,81,122,160,72,69,70
2026-06-06 18:27:55.244,75,98,107,128,60,20,81,122,160,72,69,70
2026-06-06 18:27:55.244,75,98,101,128,60,20,81,122,160,72,69,70
2026-06-06 18:27:55.244,75,98,101,128,51,41,81,132,139,72,78,76
2026-06-06 18:27:55.309,75,106,101,128,51,41,81,132,139,72,78,76
2026-06-06 18:27:55.310,75,106,140,128,51,41,81,132,139,72,78,76
2026-06-06 18:27:55.310,75,106,140,128,60,51,81,123,129,72,70,36
2026-06-06 18:27:55.374,75,115,140,128,60,51,81,123,129,72,70,36
2026-06-06 18:27:55.375,75,115,158,128,60,51,81,123,129,72,70,36
2026-06-06 18:27:55.376,75,115,158,128,69,62,81,114,118,72,61,18
2026-06-06 18:27:55.443,75,125,158,128,69,62,81,114,118,72,61,18
2026-06-06 18:27:55.444,75,125,154,128,69,62,81,114,118,72,61,18
2026-06-06 18:27:55.444,75,125,154,128,79,73,81,104,107,72,51,24
2026-06-06 18:27:55.510,75,130,154,128,79,73,81,104,107,72,51,24
2026-06-06 18:27:55.511,75,130,134,128,79,73,81,104,107,72,51,24
2026-06-06 18:27:55.511,75,130,134,128,83,64,81,100,116,72,46,44
2026-06-06 18:27:55.576,75,121,134,128,83,64,81,100,116,72,46,44
2026-06-06 18:27:55.576,75,121,123,128,83,64,81,100,116,72,46,44
2026-06-06 18:27:55.577,75,121,123,128,75,30,81,108,150,72,55,54
2026-06-06 18:27:55.644,75,111,123,128,75,30,81,108,150,72,55,54
2026-06-06 18:27:55.644,75,111,112,128,75,30,81,108,150,72,55,54
2026-06-06 18:27:55.644,75,111,112,128,66,18,81,117,162,72,65,65
2026-06-06 18:27:55.707,75,102,112,128,66,18,81,117,162,72,65,65
2026-06-06 18:27:55.707,75,102,102,128,66,18,81,117,162,72,65,65
2026-06-06 18:27:55.708,75,102,102,128,56,27,81,128,153,72,74,75
2026-06-06 18:27:55.778,75,102,124,128,56,27,81,128,153,72,74,75
2026-06-06 18:27:55.778,75,102,124,128,55,46,81,128,134,72,74,53
2026-06-06 18:27:55.842,75,110,124,128,55,46,81,128,134,72,74,53
2026-06-06 18:27:55.843,75,110,152,128,55,46,81,128,134,72,74,53
2026-06-06 18:27:55.844,75,110,152,128,64,57,81,118,123,72,66,25
2026-06-06 18:27:55.911,75,120,152,128,64,57,81,118,123,72,66,25
2026-06-06 18:27:55.911,75,120,159,128,64,57,81,118,123,72,66,25
2026-06-06 18:27:55.911,75,120,159,128,74,68,81,109,112,72,56,18
2026-06-06 18:27:55.976,75,131,159,128,74,68,81,109,112,72,56,18
2026-06-06 18:27:55.977,75,131,143,128,74,68,81,109,112,72,56,18
2026-06-06 18:27:55.977,75,131,143,128,83,78,81,100,102,72,45,34
2026-06-06 18:27:56.042,75,125,143,128,83,78,81,100,102,72,45,34
2026-06-06 18:27:56.042,75,125,128,128,83,78,81,100,102,72,45,34
2026-06-06 18:27:56.043,75,125,128,128,79,44,81,104,136,72,51,49
2026-06-06 18:27:56.110,75,116,128,128,79,44,81,104,136,72,51,49
2026-06-06 18:27:56.110,75,116,118,128,79,44,81,104,136,72,51,49
2026-06-06 18:27:56.110,75,116,118,128,71,21,81,112,159,72,60,59
2026-06-06 18:27:56.175,75,107,118,128,71,21,81,112,159,72,60,59
2026-06-06 18:27:56.175,75,107,107,128,71,21,81,112,159,72,60,59
2026-06-06 18:27:56.176,75,107,107,128,61,20,81,122,160,72,69,70
2026-06-06 18:27:56.242,75,98,107,128,61,20,81,122,160,72,69,70
2026-06-06 18:27:56.242,75,98,100,128,61,20,81,122,160,72,69,70
2026-06-06 18:27:56.244,75,98,100,128,51,41,81,132,139,72,78,77
2026-06-06 18:27:56.309,75,106,100,128,51,41,81,132,139,72,78,77
2026-06-06 18:27:56.310,75,106,140,128,51,41,81,132,139,72,78,77
2026-06-06 18:27:56.310,75,106,140,128,60,51,81,123,129,72,70,36
2026-06-06 18:27:56.374,75,115,140,128,60,51,81,123,129,72,70,36
2026-06-06 18:27:56.375,75,115,158,128,60,51,81,123,129,72,70,36
2026-06-06 18:27:56.376,75,115,158,128,69,62,81,114,118,72,61,18
2026-06-06 18:27:56.453,75,127,158,128,69,62,81,114,118,72,61,18
2026-06-06 18:27:56.453,75,127,151,128,69,62,81,114,118,72,61,18
2026-06-06 18:27:56.454,75,127,151,128,80,74,81,103,106,72,49,26
2026-06-06 18:27:56.522,75,128,151,128,80,74,81,103,106,72,49,26
2026-06-06 18:27:56.523,75,128,132,128,80,74,81,103,106,72,49,26
2026-06-06 18:27:56.523,75,128,132,128,81,56,81,102,124,72,48,45
2026-06-06 18:27:56.593,75,118,132,128,81,56,81,102,124,72,48,45
2026-06-06 18:27:56.594,75,118,120,128,81,56,81,102,124,72,48,45
2026-06-06 18:27:56.595,75,118,120,128,73,24,81,110,156,72,58,57
2026-06-06 18:27:56.671,75,107,120,128,73,24,81,110,156,72,58,57
2026-06-06 18:27:56.671,75,107,108,128,73,24,81,110,156,72,58,57
2026-06-06 18:27:56.672,75,107,108,128,61,19,81,122,161,72,69,69
2026-06-06 18:27:56.740,75,98,108,128,61,19,81,122,161,72,69,69
2026-06-06 18:27:56.740,75,98,98,128,61,19,81,122,161,72,69,69
2026-06-06 18:27:56.741,75,98,98,128,50,40,81,133,140,72,78,79
2026-06-06 18:27:56.809,75,106,98,128,50,40,81,133,140,72,78,79
2026-06-06 18:27:56.810,75,106,141,128,50,40,81,133,140,72,78,79
2026-06-06 18:27:56.811,75,106,141,128,60,51,81,123,129,72,70,36
2026-06-06 18:27:56.876,75,115,141,128,60,51,81,123,129,72,70,36
2026-06-06 18:27:56.877,75,115,159,128,60,51,81,123,129,72,70,36
2026-06-06 18:27:56.878,75,115,159,128,69,62,81,114,118,72,61,18
2026-06-06 18:27:56.941,75,125,159,128,69,62,81,114,118,72,61,18
2026-06-06 18:27:56.942,75,125,154,128,69,62,81,114,118,72,61,18
2026-06-06 18:27:56.944,75,125,154,128,78,72,81,104,108,72,51,23
2026-06-06 18:27:57.006,75,131,154,128,78,72,81,104,108,72,51,23
2026-06-06 18:27:57.006,75,131,134,128,78,72,81,104,108,72,51,23
2026-06-06 18:27:57.007,75,131,134,128,83,67,81,100,113,72,45,43
2026-06-06 18:27:57.075,75,121,134,128,83,67,81,100,113,72,45,43
2026-06-06 18:27:57.076,75,121,123,128,83,67,81,100,113,72,45,43
2026-06-06 18:27:57.077,75,121,123,128,75,30,81,108,150,72,55,54
2026-06-06 18:27:57.142,75,112,123,128,75,30,81,108,150,72,55,54
2026-06-06 18:27:57.143,75,112,112,128,75,30,81,108,150,72,55,54
2026-06-06 18:27:57.144,75,112,112,128,66,18,81,117,162,72,64,65
2026-06-06 18:27:57.209,75,102,112,128,66,18,81,117,162,72,64,65
2026-06-06 18:27:57.210,75,102,102,128,66,18,81,117,162,72,64,65
2026-06-06 18:27:57.211,75,102,102,128,55,28,81,128,152,72,74,75
2026-06-06 18:27:57.276,75,102,123,128,55,28,81,128,152,72,74,75
2026-06-06 18:27:57.277,75,102,123,128,55,46,81,128,134,72,74,54
2026-06-06 18:27:57.344,75,110,123,128,55,46,81,128,134,72,74,54
2026-06-06 18:27:57.345,75,110,153,128,55,46,81,128,134,72,74,54
2026-06-06 18:27:57.345,75,110,153,128,65,57,81,118,123,72,66,24
2026-06-06 18:27:57.409,75,120,153,128,65,57,81,118,123,72,66,24
2026-06-06 18:27:57.410,75,120,159,128,65,57,81,118,123,72,66,24
2026-06-06 18:27:57.411,75,120,159,128,74,67,81,109,113,72,56,18
2026-06-06 18:27:57.477,75,131,159,128,74,67,81,109,113,72,56,18
2026-06-06 18:27:57.477,75,131,142,128,74,67,81,109,113,72,56,18
2026-06-06 18:27:57.478,75,131,142,128,83,78,81,100,102,72,45,35
2026-06-06 18:27:57.543,75,125,142,128,83,78,81,100,102,72,45,35
2026-06-06 18:27:57.543,75,125,128,128,83,78,81,100,102,72,45,35
2026-06-06 18:27:57.544,75,125,128,128,79,44,81,104,136,72,51,49
2026-06-06 18:27:57.609,75,116,128,128,79,44,81,104,136,72,51,49
2026-06-06 18:27:57.610,75,116,118,128,79,44,81,104,136,72,51,49
2026-06-06 18:27:57.610,75,116,118,128,71,21,81,112,159,72,60,59
2026-06-06 18:27:57.677,75,107,118,128,71,21,81,112,159,72,60,59
2026-06-06 18:27:57.677,75,107,107,128,71,21,81,112,159,72,60,59
2026-06-06 18:27:57.678,75,107,107,128,60,20,81,123,160,72,69,70
2026-06-06 18:27:57.743,75,98,107,128,60,20,81,123,160,72,69,70
2026-06-06 18:27:57.744,75,98,101,128,60,20,81,123,160,72,69,70
2026-06-06 18:27:57.744,75,98,101,128,51,41,81,132,139,72,78,76
2026-06-06 18:27:57.809,75,106,101,128,51,41,81,132,139,72,78,76
2026-06-06 18:27:57.809,75,106,141,128,51,41,81,132,139,72,78,76
2026-06-06 18:27:57.810,75,106,141,128,60,51,81,123,129,72,70,36
2026-06-06 18:27:57.876,75,115,141,128,60,51,81,123,129,72,70,36
2026-06-06 18:27:57.877,75,115,159,128,60,51,81,123,129,72,70,36
2026-06-06 18:27:57.878,75,115,159,128,69,62,81,114,118,72,61,18
2026-06-06 18:27:57.943,75,125,159,128,69,62,81,114,118,72,61,18
2026-06-06 18:27:57.944,75,125,154,128,69,62,81,114,118,72,61,18
2026-06-06 18:27:57.945,75,125,154,128,79,73,81,104,107,72,51,23
2026-06-06 18:27:58.009,75,130,154,128,79,73,81,104,107,72,51,23
2026-06-06 18:27:58.010,75,130,134,128,79,73,81,104,107,72,51,23
2026-06-06 18:27:58.010,75,130,134,128,83,65,81,100,115,72,46,43
2026-06-06 18:27:58.076,75,121,134,128,83,65,81,100,115,72,46,43
2026-06-06 18:27:58.077,75,121,123,128,83,65,81,100,115,72,46,43
2026-06-06 18:27:58.078,75,121,123,128,75,30,81,108,150,72,55,54
2026-06-06 18:27:58.142,75,112,123,128,75,30,81,108,150,72,55,54
2026-06-06 18:27:58.143,75,112,112,128,75,30,81,108,150,72,55,54
2026-06-06 18:27:58.143,75,112,112,128,66,18,81,117,162,72,64,65
2026-06-06 18:27:58.210,75,102,112,128,66,18,81,117,162,72,64,65
2026-06-06 18:27:58.210,75,102,102,128,66,18,81,117,162,72,64,65
2026-06-06 18:27:58.211,75,102,102,128,55,28,81,128,152,72,74,75
2026-06-06 18:27:58.275,75,102,123,128,55,28,81,128,152,72,74,75
2026-06-06 18:27:58.276,75,102,123,128,55,46,81,128,134,72,74,54
2026-06-06 18:27:58.343,75,110,123,128,55,46,81,128,134,72,74,54
2026-06-06 18:27:58.344,75,110,153,128,55,46,81,128,134,72,74,54
2026-06-06 18:27:58.345,75,110,153,128,65,57,81,118,123,72,66,24
2026-06-06 18:27:58.409,75,120,153,128,65,57,81,118,123,72,66,24
2026-06-06 18:27:58.410,75,120,159,128,65,57,81,118,123,72,66,24
2026-06-06 18:27:58.411,75,120,159,128,74,67,81,109,113,72,56,18
2026-06-06 18:27:58.475,75,131,159,128,74,67,81,109,113,72,56,18
2026-06-06 18:27:58.476,75,131,143,128,74,67,81,109,113,72,56,18
2026-06-06 18:27:58.477,75,131,143,128,83,78,81,100,102,72,45,34
2026-06-06 18:27:58.542,75,126,143,128,83,78,81,100,102,72,45,34
2026-06-06 18:27:58.542,75,126,128,128,83,78,81,100,102,72,45,34
2026-06-06 18:27:58.543,75,126,128,128,79,44,81,104,136,72,50,49
2026-06-06 18:27:58.609,75,116,128,128,79,44,81,104,136,72,50,49
2026-06-06 18:27:58.609,75,116,118,128,79,44,81,104,136,72,50,49
2026-06-06 18:27:58.611,75,116,118,128,71,21,81,112,159,72,60,59
2026-06-06 18:27:58.675,75,107,118,128,71,21,81,112,159,72,60,59
2026-06-06 18:27:58.677,75,107,107,128,71,21,81,112,159,72,60,59
2026-06-06 18:27:58.677,75,107,107,128,61,20,81,122,160,72,69,70
2026-06-06 18:27:58.742,75,98,107,128,61,20,81,122,160,72,69,70
2026-06-06 18:27:58.742,75,98,100,128,61,20,81,122,160,72,69,70
2026-06-06 18:27:58.743,75,98,100,128,50,41,81,132,139,72,78,77
2026-06-06 18:27:58.809,75,106,100,128,50,41,81,132,139,72,78,77
2026-06-06 18:27:58.809,75,106,140,128,50,41,81,132,139,72,78,77
2026-06-06 18:27:58.810,75,106,140,128,60,51,81,123,129,72,70,36
2026-06-06 18:27:58.874,75,115,140,128,60,51,81,123,129,72,70,36
2026-06-06 18:27:58.875,75,115,158,128,60,51,81,123,129,72,70,36
2026-06-06 18:27:58.876,75,115,158,128,69,62,81,114,118,72,61,18
2026-06-06 18:27:58.943,75,125,158,128,69,62,81,114,118,72,61,18
2026-06-06 18:27:58.943,75,125,154,128,69,62,81,114,118,72,61,18
2026-06-06 18:27:58.944,75,125,154,128,79,73,81,104,107,72,51,23
2026-06-06 18:27:59.010,75,130,154,128,79,73,81,104,107,72,51,23
2026-06-06 18:27:59.011,75,130,134,128,79,73,81,104,107,72,51,23
2026-06-06 18:27:59.011,75,130,134,128,83,64,81,100,116,72,46,43
2026-06-06 18:27:59.077,75,121,134,128,83,64,81,100,116,72,46,43
2026-06-06 18:27:59.078,75,121,123,128,83,64,81,100,116,72,46,43
2026-06-06 18:27:59.078,75,121,123,128,75,29,81,108,151,72,55,54
2026-06-06 18:27:59.143,75,111,123,128,75,29,81,108,151,72,55,54
2026-06-06 18:27:59.144,75,111,112,128,75,29,81,108,151,72,55,54
2026-06-06 18:27:59.144,75,111,112,128,66,18,81,117,162,72,65,65
2026-06-06 18:27:59.210,75,102,112,128,66,18,81,117,162,72,65,65
2026-06-06 18:27:59.211,75,102,102,128,66,18,81,117,162,72,65,65
2026-06-06 18:27:59.211,75,102,102,128,55,28,81,128,152,72,74,75
2026-06-06 18:27:59.277,75,102,123,128,55,28,81,128,152,72,74,75
2026-06-06 18:27:59.278,75,102,123,128,55,46,81,128,134,72,74,54
2026-06-06 18:27:59.344,75,110,123,128,55,46,81,128,134,72,74,54
2026-06-06 18:27:59.344,75,110,153,128,55,46,81,128,134,72,74,54
2026-06-06 18:27:59.346,75,110,153,128,65,57,81,118,123,72,66,24
2026-06-06 18:27:59.410,75,120,153,128,65,57,81,118,123,72,66,24
2026-06-06 18:27:59.411,75,120,159,128,65,57,81,118,123,72,66,24
2026-06-06 18:27:59.411,75,120,159,128,74,68,81,109,112,72,56,18
2026-06-06 18:27:59.475,75,131,159,128,74,68,81,109,112,72,56,18
2026-06-06 18:27:59.475,75,131,143,128,74,68,81,109,112,72,56,18
2026-06-06 18:27:59.476,75,131,143,128,83,78,81,100,102,72,45,34
2026-06-06 18:27:59.541,75,126,143,128,83,78,81,100,102,72,45,34
2026-06-06 18:27:59.541,75,126,128,128,83,78,81,100,102,72,45,34
2026-06-06 18:27:59.542,75,126,128,128,79,45,81,104,135,72,50,48
2026-06-06 18:27:59.610,75,116,128,128,79,45,81,104,135,72,50,48
2026-06-06 18:27:59.611,75,116,118,128,79,45,81,104,135,72,50,48
2026-06-06 18:27:59.611,75,116,118,128,70,21,81,112,159,72,60,60
2026-06-06 18:27:59.676,75,107,118,128,70,21,81,112,159,72,60,60
2026-06-06 18:27:59.677,75,107,107,128,70,21,81,112,159,72,60,60
2026-06-06 18:27:59.677,75,107,107,128,61,20,81,122,160,72,69,70
2026-06-06 18:27:59.742,75,98,107,128,61,20,81,122,160,72,69,70
2026-06-06 18:27:59.743,75,98,100,128,61,20,81,122,160,72,69,70
2026-06-06 18:27:59.744,75,98,100,128,50,41,81,132,139,72,78,77
2026-06-06 18:27:59.809,75,106,100,128,50,41,81,132,139,72,78,77
2026-06-06 18:27:59.810,75,106,141,128,50,41,81,132,139,72,78,77
2026-06-06 18:27:59.810,75,106,141,128,60,51,81,123,129,72,70,36
2026-06-06 18:27:59.875,75,115,141,128,60,51,81,123,129,72,70,36
2026-06-06 18:27:59.876,75,115,158,128,60,51,81,123,129,72,70,36
2026-06-06 18:27:59.877,75,115,158,128,69,62,81,114,118,72,61,18
2026-06-06 18:27:59.942,75,125,158,128,69,62,81,114,118,72,61,18
2026-06-06 18:27:59.943,75,125,154,128,69,62,81,114,118,72,61,18
2026-06-06 18:27:59.944,75,125,154,128,79,73,81,104,107,72,51,23
2026-06-06 18:28:00.010,75,130,154,128,79,73,81,104,107,72,51,23
2026-06-06 18:28:00.011,75,130,134,128,79,73,81,104,107,72,51,23
2026-06-06 18:28:00.012,75,130,134,128,83,64,81,100,116,72,46,44
2026-06-06 18:28:00.074,75,121,134,128,83,64,81,100,116,72,46,44
2026-06-06 18:28:00.075,75,121,123,128,83,64,81,100,116,72,46,44
2026-06-06 18:28:00.076,75,121,123,128,75,30,81,108,150,72,55,54
2026-06-06 18:28:00.141,75,112,123,128,75,30,81,108,150,72,55,54
2026-06-06 18:28:00.142,75,112,112,128,75,30,81,108,150,72,55,54
2026-06-06 18:28:00.142,75,112,112,128,66,18,81,117,162,72,64,64
2026-06-06 18:28:00.210,75,102,112,128,66,18,81,117,162,72,64,64
2026-06-06 18:28:00.211,75,102,102,128,66,18,81,117,162,72,64,64
2026-06-06 18:28:00.212,75,102,102,128,55,28,81,128,152,72,74,76
2026-06-06 18:28:00.276,75,102,124,128,55,28,81,128,152,72,74,76
2026-06-06 18:28:00.277,75,102,124,128,55,46,81,128,134,72,74,53
2026-06-06 18:28:00.342,75,110,124,128,55,46,81,128,134,72,74,53
2026-06-06 18:28:00.343,75,110,152,128,55,46,81,128,134,72,74,53
2026-06-06 18:28:00.344,75,110,152,128,64,57,81,118,123,72,66,25
2026-06-06 18:28:00.410,75,120,152,128,64,57,81,118,123,72,66,25
2026-06-06 18:28:00.411,75,120,159,128,64,57,81,118,123,72,66,25
2026-06-06 18:28:00.411,75,120,159,128,74,68,81,109,112,72,56,18
2026-06-06 18:28:00.476,75,131,159,128,74,68,81,109,112,72,56,18
2026-06-06 18:28:00.477,75,131,142,128,74,68,81,109,112,72,56,18
2026-06-06 18:28:00.478,75,131,142,128,83,78,81,100,102,72,45,34
2026-06-06 18:28:00.542,75,126,142,128,83,78,81,100,102,72,45,34
2026-06-06 18:28:00.542,75,126,128,128,83,78,81,100,102,72,45,34
2026-06-06 18:28:00.543,75,126,128,128,79,44,81,104,136,72,50,49
2026-06-06 18:28:00.607,75,116,128,128,79,44,81,104,136,72,50,49
2026-06-06 18:28:00.608,75,116,118,128,79,44,81,104,136,72,50,49
2026-06-06 18:28:00.609,75,116,118,128,71,21,81,112,159,72,60,59
2026-06-06 18:28:00.676,75,107,118,128,71,21,81,112,159,72,60,59
2026-06-06 18:28:00.677,75,107,107,128,71,21,81,112,159,72,60,59
2026-06-06 18:28:00.677,75,107,107,128,61,20,81,122,160,72,69,70
2026-06-06 18:28:00.741,75,98,107,128,61,20,81,122,160,72,69,70
2026-06-06 18:28:00.742,75,98,99,128,61,20,81,122,160,72,69,70
2026-06-06 18:28:00.742,75,98,99,128,50,40,81,133,140,72,78,78
2026-06-06 18:28:00.808,75,106,99,128,50,40,81,133,140,72,78,78
2026-06-06 18:28:00.809,75,106,140,128,50,40,81,133,140,72,78,78
2026-06-06 18:28:00.810,75,106,140,128,60,51,81,123,129,72,70,36
2026-06-06 18:28:00.876,75,115,140,128,60,51,81,123,129,72,70,36
2026-06-06 18:28:00.876,75,115,159,128,60,51,81,123,129,72,70,36
2026-06-06 18:28:00.877,75,115,159,128,69,62,81,114,118,72,61,18
2026-06-06 18:28:00.940,75,125,159,128,69,62,81,114,118,72,61,18
2026-06-06 18:28:00.941,75,125,154,128,69,62,81,114,118,72,61,18
2026-06-06 18:28:00.943,75,125,154,128,78,72,81,105,108,72,51,23
2026-06-06 18:28:01.011,75,130,154,128,78,72,81,105,108,72,51,23
2026-06-06 18:28:01.011,75,130,134,128,78,72,81,105,108,72,51,23
2026-06-06 18:28:01.011,75,130,134,128,83,64,81,100,116,72,46,43
2026-06-06 18:28:01.076,75,121,134,128,83,64,81,100,116,72,46,43
2026-06-06 18:28:01.076,75,121,123,128,83,64,81,100,116,72,46,43
2026-06-06 18:28:01.077,75,121,123,128,75,30,81,108,150,72,55,54
2026-06-06 18:28:01.142,75,112,123,128,75,30,81,108,150,72,55,54
2026-06-06 18:28:01.142,75,112,112,128,75,30,81,108,150,72,55,54
2026-06-06 18:28:01.144,75,112,112,128,66,18,81,117,162,72,64,65
2026-06-06 18:28:01.208,75,102,112,128,66,18,81,117,162,72,64,65
2026-06-06 18:28:01.209,75,102,102,128,66,18,81,117,162,72,64,65
2026-06-06 18:28:01.210,75,102,102,128,55,28,81,128,152,72,74,75
2026-06-06 18:28:01.278,75,102,124,128,55,28,81,128,152,72,74,75
2026-06-06 18:28:01.278,75,102,124,128,55,46,81,128,134,72,74,53
2026-06-06 18:28:01.342,75,110,124,128,55,46,81,128,134,72,74,53
2026-06-06 18:28:01.343,75,110,152,128,55,46,81,128,134,72,74,53
2026-06-06 18:28:01.344,75,110,152,128,64,56,81,118,124,72,66,25
2026-06-06 18:28:01.410,75,120,152,128,64,56,81,118,124,72,66,25
2026-06-06 18:28:01.411,75,120,159,128,64,56,81,118,124,72,66,25
2026-06-06 18:28:01.411,75,120,159,128,74,67,81,109,113,72,56,18
2026-06-06 18:28:01.475,75,131,159,128,74,67,81,109,113,72,56,18
2026-06-06 18:28:01.475,75,131,143,128,74,67,81,109,113,72,56,18
2026-06-06 18:28:01.476,75,131,143,128,83,78,81,100,102,72,45,34
2026-06-06 18:28:01.542,75,125,143,128,83,78,81,100,102,72,45,34
2026-06-06 18:28:01.543,75,125,128,128,83,78,81,100,102,72,45,34
2026-06-06 18:28:01.543,75,125,128,128,79,44,81,104,136,72,51,49
2026-06-06 18:28:01.607,75,116,128,128,79,44,81,104,136,72,51,49
2026-06-06 18:28:01.607,75,116,118,128,79,44,81,104,136,72,51,49
2026-06-06 18:28:01.608,75,116,118,128,71,21,81,112,159,72,60,59
2026-06-06 18:28:01.675,75,107,118,128,71,21,81,112,159,72,60,59
2026-06-06 18:28:01.676,75,107,107,128,71,21,81,112,159,72,60,59
2026-06-06 18:28:01.677,75,107,107,128,61,20,81,122,160,72,69,70
2026-06-06 18:28:01.741,75,98,107,128,61,20,81,122,160,72,69,70
2026-06-06 18:28:01.741,75,98,99,128,61,20,81,122,160,72,69,70
2026-06-06 18:28:01.742,75,98,99,128,50,40,81,133,140,72,78,78
2026-06-06 18:28:01.819,75,107,99,128,50,40,81,133,140,72,78,78
2026-06-06 18:28:01.819,75,107,144,128,50,40,81,133,140,72,78,78
2026-06-06 18:28:01.819,75,107,144,128,61,53,81,122,127,72,69,33
2026-06-06 18:28:01.894,75,117,144,128,61,53,81,122,127,72,69,33
2026-06-06 18:28:01.894,75,117,160,128,61,53,81,122,127,72,69,33
2026-06-06 18:28:01.895,75,117,160,128,72,65,81,111,115,72,59,18
2026-06-06 18:28:01.970,75,130,160,128,72,65,81,111,115,72,59,18
2026-06-06 18:28:01.971,75,130,144,128,72,65,81,111,115,72,59,18
2026-06-06 18:28:01.973,75,130,144,128,83,77,81,100,103,72,46,32
2026-06-06 18:28:02.042,75,126,144,128,83,77,81,100,103,72,46,32
2026-06-06 18:28:02.042,75,126,128,128,83,77,81,100,103,72,46,32
2026-06-06 18:28:02.043,75,126,128,128,79,45,81,104,135,72,50,48
2026-06-06 18:28:02.107,75,116,128,128,79,45,81,104,135,72,50,48
2026-06-06 18:28:02.108,75,116,118,128,79,45,81,104,135,72,50,48
2026-06-06 18:28:02.108,75,116,118,128,71,21,81,112,159,72,60,59
2026-06-06 18:28:02.174,75,107,118,128,71,21,81,112,159,72,60,59
2026-06-06 18:28:02.175,75,107,107,128,71,21,81,112,159,72,60,59
2026-06-06 18:28:02.176,75,107,107,128,61,20,81,122,160,72,69,70
2026-06-06 18:28:02.244,75,98,107,128,61,20,81,122,160,72,69,70
2026-06-06 18:28:02.244,75,98,101,128,61,20,81,122,160,72,69,70
2026-06-06 18:28:02.245,75,98,101,128,51,41,81,132,139,72,78,76
2026-06-06 18:28:02.309,75,106,101,128,51,41,81,132,139,72,78,76
2026-06-06 18:28:02.310,75,106,141,128,51,41,81,132,139,72,78,76
2026-06-06 18:28:02.310,75,106,141,128,60,51,81,123,129,72,70,36
2026-06-06 18:28:02.375,75,115,141,128,60,51,81,123,129,72,70,36
2026-06-06 18:28:02.376,75,115,159,128,60,51,81,123,129,72,70,36
2026-06-06 18:28:02.377,75,115,159,128,69,62,81,114,118,72,61,18
2026-06-06 18:28:02.442,75,125,159,128,69,62,81,114,118,72,61,18
2026-06-06 18:28:02.443,75,125,154,128,69,62,81,114,118,72,61,18
2026-06-06 18:28:02.444,75,125,154,128,78,73,81,104,107,72,51,23
2026-06-06 18:28:02.510,75,130,154,128,78,73,81,104,107,72,51,23
2026-06-06 18:28:02.511,75,130,134,128,78,73,81,104,107,72,51,23
2026-06-06 18:28:02.511,75,130,134,128,83,64,81,100,116,72,46,43
2026-06-06 18:28:02.575,75,121,134,128,83,64,81,100,116,72,46,43
2026-06-06 18:28:02.576,75,121,123,128,83,64,81,100,116,72,46,43
2026-06-06 18:28:02.577,75,121,123,128,75,30,81,108,150,72,55,54
2026-06-06 18:28:02.643,75,111,123,128,75,30,81,108,150,72,55,54
2026-06-06 18:28:02.644,75,111,112,128,75,30,81,108,150,72,55,54
2026-06-06 18:28:02.644,75,111,112,128,66,18,81,117,162,72,65,65
2026-06-06 18:28:02.709,75,102,112,128,66,18,81,117,162,72,65,65
2026-06-06 18:28:02.710,75,102,102,128,66,18,81,117,162,72,65,65
2026-06-06 18:28:02.711,75,102,102,128,55,28,81,128,152,72,74,75
2026-06-06 18:28:02.775,75,102,123,128,55,28,81,128,152,72,74,75
2026-06-06 18:28:02.776,75,102,123,128,55,46,81,128,134,72,74,54
2026-06-06 18:28:02.842,75,110,123,128,55,46,81,128,134,72,74,54
2026-06-06 18:28:02.842,75,110,152,128,55,46,81,128,134,72,74,54
2026-06-06 18:28:02.843,75,110,152,128,64,56,81,119,124,72,66,25
2026-06-06 18:28:02.910,75,120,152,128,64,56,81,119,124,72,66,25
2026-06-06 18:28:02.911,75,120,159,128,64,56,81,119,124,72,66,25
2026-06-06 18:28:02.912,75,120,159,128,74,68,81,109,112,72,56,18
2026-06-06 18:28:02.975,75,131,159,128,74,68,81,109,112,72,56,18
2026-06-06 18:28:02.976,75,131,142,128,74,68,81,109,112,72,56,18
2026-06-06 18:28:02.977,75,131,142,128,83,78,81,100,102,72,45,34
2026-06-06 18:28:03.042,75,125,142,128,83,78,81,100,102,72,45,34
2026-06-06 18:28:03.043,75,125,128,128,83,78,81,100,102,72,45,34
2026-06-06 18:28:03.044,75,125,128,128,79,44,81,104,136,72,51,49
2026-06-06 18:28:03.108,75,116,128,128,79,44,81,104,136,72,51,49
2026-06-06 18:28:03.109,75,116,118,128,79,44,81,104,136,72,51,49
2026-06-06 18:28:03.110,75,116,118,128,71,21,81,112,159,72,60,59
2026-06-06 18:28:03.174,75,107,118,128,71,21,81,112,159,72,60,59
2026-06-06 18:28:03.175,75,107,107,128,71,21,81,112,159,72,60,59
2026-06-06 18:28:03.177,75,107,107,128,61,20,81,122,160,72,69,70
2026-06-06 18:28:03.241,75,98,107,128,61,20,81,122,160,72,69,70
2026-06-06 18:28:03.241,75,98,99,128,61,20,81,122,160,72,69,70
2026-06-06 18:28:03.242,75,98,99,128,50,40,81,133,140,72,78,78
2026-06-06 18:28:03.309,75,106,99,128,50,40,81,133,140,72,78,78
2026-06-06 18:28:03.310,75,106,141,128,50,40,81,133,140,72,78,78
2026-06-06 18:28:03.310,75,106,141,128,60,51,81,123,129,72,70,36
2026-06-06 18:28:03.374,75,115,141,128,60,51,81,123,129,72,70,36
2026-06-06 18:28:03.375,75,115,158,128,60,51,81,123,129,72,70,36
2026-06-06 18:28:03.376,75,115,158,128,69,62,81,114,118,72,61,18
2026-06-06 18:28:03.443,75,125,158,128,69,62,81,114,118,72,61,18
2026-06-06 18:28:03.444,75,125,154,128,69,62,81,114,118,72,61,18
2026-06-06 18:28:03.444,75,125,154,128,79,73,81,104,107,72,51,23
2026-06-06 18:28:03.508,75,130,154,128,79,73,81,104,107,72,51,23
2026-06-06 18:28:03.509,75,130,134,128,79,73,81,104,107,72,51,23
2026-06-06 18:28:03.510,75,130,134,128,83,65,81,100,115,72,46,43
2026-06-06 18:28:03.576,75,121,134,128,83,65,81,100,115,72,46,43
2026-06-06 18:28:03.577,75,121,123,128,83,65,81,100,115,72,46,43
2026-06-06 18:28:03.578,75,121,123,128,75,30,81,108,150,72,55,54
2026-06-06 18:28:03.642,75,112,123,128,75,30,81,108,150,72,55,54
2026-06-06 18:28:03.643,75,112,112,128,75,30,81,108,150,72,55,54
2026-06-06 18:28:03.644,75,112,112,128,66,18,81,117,162,72,64,65
2026-06-06 18:28:03.707,75,102,112,128,66,18,81,117,162,72,64,65
2026-06-06 18:28:03.708,75,102,102,128,66,18,81,117,162,72,64,65
2026-06-06 18:28:03.708,75,102,102,128,56,27,81,127,153,72,74,75
2026-06-06 18:28:03.776,75,102,124,128,56,27,81,127,153,72,74,75
2026-06-06 18:28:03.778,75,102,124,128,55,46,81,128,134,72,74,53
2026-06-06 18:28:03.841,75,110,124,128,55,46,81,128,134,72,74,53
2026-06-06 18:28:03.842,75,110,152,128,55,46,81,128,134,72,74,53
2026-06-06 18:28:03.843,75,110,152,128,64,56,81,119,124,72,66,25
2026-06-06 18:28:03.910,75,120,152,128,64,56,81,119,124,72,66,25
2026-06-06 18:28:03.911,75,120,159,128,64,56,81,119,124,72,66,25
2026-06-06 18:28:03.911,75,120,159,128,74,67,81,109,113,72,56,18
2026-06-06 18:28:03.975,75,131,159,128,74,67,81,109,113,72,56,18
2026-06-06 18:28:03.977,75,131,143,128,74,67,81,109,113,72,56,18
2026-06-06 18:28:03.977,75,131,143,128,83,78,81,100,102,72,45,34
2026-06-06 18:28:04.042,75,126,143,128,83,78,81,100,102,72,45,34
2026-06-06 18:28:04.042,75,126,128,128,83,78,81,100,102,72,45,34
2026-06-06 18:28:04.043,75,126,128,128,79,44,81,104,136,72,50,49
2026-06-06 18:28:04.110,75,116,128,128,79,44,81,104,136,72,50,49
2026-06-06 18:28:04.110,75,116,118,128,79,44,81,104,136,72,50,49
2026-06-06 18:28:04.110,75,116,118,128,71,21,81,112,159,72,60,59
2026-06-06 18:28:04.176,75,107,118,128,71,21,81,112,159,72,60,59
2026-06-06 18:28:04.177,75,107,107,128,71,21,81,112,159,72,60,59
2026-06-06 18:28:04.177,75,107,107,128,61,20,81,122,160,72,69,70
2026-06-06 18:28:04.242,75,98,107,128,61,20,81,122,160,72,69,70
2026-06-06 18:28:04.243,75,98,100,128,61,20,81,122,160,72,69,70
2026-06-06 18:28:04.243,75,98,100,128,50,40,81,133,140,72,78,78
2026-06-06 18:28:04.308,75,106,100,128,50,40,81,133,140,72,78,78
2026-06-06 18:28:04.309,75,106,140,128,50,40,81,133,140,72,78,78
2026-06-06 18:28:04.310,75,106,140,128,60,51,81,123,129,72,70,36
2026-06-06 18:28:04.374,75,115,140,128,60,51,81,123,129,72,70,36
2026-06-06 18:28:04.375,75,115,158,128,60,51,81,123,129,72,70,36
2026-06-06 18:28:04.377,75,115,158,128,69,62,81,114,118,72,61,18
2026-06-06 18:28:04.443,75,125,158,128,69,62,81,114,118,72,61,18
2026-06-06 18:28:04.444,75,125,153,128,69,62,81,114,118,72,61,18
2026-06-06 18:28:04.444,75,125,153,128,79,73,81,104,107,72,51,24
2026-06-06 18:28:04.508,75,130,153,128,79,73,81,104,107,72,51,24
2026-06-06 18:28:04.508,75,130,134,128,79,73,81,104,107,72,51,24
2026-06-06 18:28:04.509,75,130,134,128,83,66,81,100,114,72,46,43
2026-06-06 18:28:04.575,75,121,134,128,83,66,81,100,114,72,46,43
2026-06-06 18:28:04.576,75,121,123,128,83,66,81,100,114,72,46,43
2026-06-06 18:28:04.577,75,121,123,128,75,30,81,108,150,72,55,54
2026-06-06 18:28:04.644,75,111,123,128,75,30,81,108,150,72,55,54
2026-06-06 18:28:04.645,75,111,112,128,75,30,81,108,150,72,55,54
2026-06-06 18:28:04.645,75,111,112,128,66,18,81,117,162,72,65,65
2026-06-06 18:28:04.710,75,102,112,128,66,18,81,117,162,72,65,65
2026-06-06 18:28:04.711,75,102,102,128,66,18,81,117,162,72,65,65
2026-06-06 18:28:04.711,75,102,102,128,55,28,81,128,152,72,74,76
2026-06-06 18:28:04.776,75,102,124,128,55,28,81,128,152,72,74,76
2026-06-06 18:28:04.777,75,102,124,128,55,46,81,128,134,72,74,54
2026-06-06 18:28:04.843,75,110,124,128,55,46,81,128,134,72,74,54
2026-06-06 18:28:04.844,75,110,152,128,55,46,81,128,134,72,74,54
2026-06-06 18:28:04.844,75,110,152,128,65,57,81,118,123,72,66,24
2026-06-06 18:28:04.909,75,120,152,128,65,57,81,118,123,72,66,24
2026-06-06 18:28:04.909,75,120,159,128,65,57,81,118,123,72,66,24
2026-06-06 18:28:04.910,75,120,159,128,74,67,81,109,113,72,56,18
2026-06-06 18:28:04.975,75,131,159,128,74,67,81,109,113,72,56,18
2026-06-06 18:28:04.977,75,131,142,128,74,67,81,109,113,72,56,18
2026-06-06 18:28:04.977,75,131,142,128,83,78,81,100,102,72,45,35
2026-06-06 18:28:05.043,75,125,142,128,83,78,81,100,102,72,45,35
2026-06-06 18:28:05.044,75,125,128,128,83,78,81,100,102,72,45,35
2026-06-06 18:28:05.044,75,125,128,128,79,44,81,104,136,72,51,49
2026-06-06 18:28:05.109,75,116,128,128,79,44,81,104,136,72,51,49
2026-06-06 18:28:05.110,75,116,118,128,79,44,81,104,136,72,51,49
2026-06-06 18:28:05.111,75,116,118,128,71,21,81,112,159,72,60,59
2026-06-06 18:28:05.175,75,107,118,128,71,21,81,112,159,72,60,59
2026-06-06 18:28:05.175,75,107,107,128,71,21,81,112,159,72,60,59
2026-06-06 18:28:05.177,75,107,107,128,61,20,81,122,160,72,69,70
2026-06-06 18:28:05.241,75,98,107,128,61,20,81,122,160,72,69,70
2026-06-06 18:28:05.241,75,98,99,128,61,20,81,122,160,72,69,70
2026-06-06 18:28:05.243,75,98,99,128,50,40,81,133,140,72,78,78
2026-06-06 18:28:05.309,75,106,99,128,50,40,81,133,140,72,78,78
2026-06-06 18:28:05.310,75,106,140,128,50,40,81,133,140,72,78,78
2026-06-06 18:28:05.310,75,106,140,128,60,51,81,123,129,72,70,36
2026-06-06 18:28:05.376,75,115,140,128,60,51,81,123,129,72,70,36
2026-06-06 18:28:05.377,75,115,159,128,60,51,81,123,129,72,70,36
2026-06-06 18:28:05.378,75,115,159,128,69,62,81,114,118,72,61,18
2026-06-06 18:28:05.443,75,125,159,128,69,62,81,114,118,72,61,18
2026-06-06 18:28:05.444,75,125,154,128,69,62,81,114,118,72,61,18
2026-06-06 18:28:05.444,75,125,154,128,79,73,81,104,107,72,51,23
2026-06-06 18:28:05.510,75,130,154,128,79,73,81,104,107,72,51,23
2026-06-06 18:28:05.511,75,130,134,128,79,73,81,104,107,72,51,23
2026-06-06 18:28:05.511,75,130,134,128,83,64,81,100,116,72,46,44
2026-06-06 18:28:05.576,75,121,134,128,83,64,81,100,116,72,46,44
2026-06-06 18:28:05.577,75,121,123,128,83,64,81,100,116,72,46,44
2026-06-06 18:28:05.577,75,121,123,128,75,30,81,108,150,72,55,54
2026-06-06 18:28:05.643,75,111,123,128,75,30,81,108,150,72,55,54
2026-06-06 18:28:05.644,75,111,112,128,75,30,81,108,150,72,55,54
2026-06-06 18:28:05.645,75,111,112,128,66,18,81,117,162,72,65,65
2026-06-06 18:28:05.709,75,102,112,128,66,18,81,117,162,72,65,65
2026-06-06 18:28:05.710,75,102,102,128,66,18,81,117,162,72,65,65
2026-06-06 18:28:05.710,75,102,102,128,55,28,81,128,152,72,74,75
2026-06-06 18:28:05.775,75,102,123,128,55,28,81,128,152,72,74,75
2026-06-06 18:28:05.776,75,102,123,128,55,46,81,128,134,72,74,54
2026-06-06 18:28:05.843,75,110,123,128,55,46,81,128,134,72,74,54
2026-06-06 18:28:05.843,75,110,153,128,55,46,81,128,134,72,74,54
2026-06-06 18:28:05.844,75,110,153,128,65,57,81,118,123,72,66,24
2026-06-06 18:28:05.910,75,120,153,128,65,57,81,118,123,72,66,24
2026-06-06 18:28:05.911,75,120,159,128,65,57,81,118,123,72,66,24
2026-06-06 18:28:05.912,75,120,159,128,74,67,81,109,113,72,56,18
2026-06-06 18:28:05.975,75,131,159,128,74,67,81,109,113,72,56,18
2026-06-06 18:28:05.976,75,131,143,128,74,67,81,109,113,72,56,18
2026-06-06 18:28:05.976,75,131,143,128,83,78,81,100,102,72,45,34
2026-06-06 18:28:06.042,75,126,143,128,83,78,81,100,102,72,45,34
2026-06-06 18:28:06.042,75,126,128,128,83,78,81,100,102,72,45,34
2026-06-06 18:28:06.043,75,126,128,128,79,45,81,104,135,72,50,48
2026-06-06 18:28:06.110,75,116,128,128,79,45,81,104,135,72,50,48
2026-06-06 18:28:06.111,75,116,118,128,79,45,81,104,135,72,50,48
2026-06-06 18:28:06.111,75,116,118,128,70,21,81,112,159,72,60,59
2026-06-06 18:28:06.174,75,107,118,128,70,21,81,112,159,72,60,59
2026-06-06 18:28:06.175,75,107,107,128,70,21,81,112,159,72,60,59
2026-06-06 18:28:06.176,75,107,107,128,61,20,81,122,160,72,69,70
2026-06-06 18:28:06.243,75,98,107,128,61,20,81,122,160,72,69,70
2026-06-06 18:28:06.244,75,98,100,128,61,20,81,122,160,72,69,70
2026-06-06 18:28:06.245,75,98,100,128,51,41,81,132,139,72,78,77
2026-06-06 18:28:06.310,75,106,100,128,51,41,81,132,139,72,78,77
2026-06-06 18:28:06.311,75,106,141,128,51,41,81,132,139,72,78,77
2026-06-06 18:28:06.312,75,106,141,128,60,52,81,123,128,72,70,36
2026-06-06 18:28:06.376,75,115,141,128,60,52,81,123,128,72,70,36
2026-06-06 18:28:06.377,75,115,159,128,60,52,81,123,128,72,70,36
2026-06-06 18:28:06.378,75,115,159,128,69,62,81,114,118,72,61,18
2026-06-06 18:28:06.442,75,125,159,128,69,62,81,114,118,72,61,18
2026-06-06 18:28:06.442,75,125,154,128,69,62,81,114,118,72,61,18
2026-06-06 18:28:06.443,75,125,154,128,78,73,81,104,107,72,51,23
2026-06-06 18:28:06.507,75,130,154,128,78,73,81,104,107,72,51,23
2026-06-06 18:28:06.507,75,130,134,128,78,73,81,104,107,72,51,23
2026-06-06 18:28:06.507,75,130,134,128,83,66,81,100,114,72,46,43
2026-06-06 18:28:06.574,75,121,134,128,83,66,81,100,114,72,46,43
2026-06-06 18:28:06.574,75,121,123,128,83,66,81,100,114,72,46,43
2026-06-06 18:28:06.575,75,121,123,128,75,30,81,108,150,72,55,54
2026-06-06 18:28:06.651,75,110,123,128,75,30,81,108,150,72,55,54
2026-06-06 18:28:06.652,75,110,111,128,75,30,81,108,150,72,55,54
2026-06-06 18:28:06.652,75,110,111,128,64,18,81,118,162,72,66,66
2026-06-06 18:28:06.725,75,100,111,128,64,18,81,118,162,72,66,66
2026-06-06 18:28:06.726,75,100,99,128,64,18,81,118,162,72,66,66
2026-06-06 18:28:06.726,75,100,99,128,52,34,81,131,146,72,76,78
2026-06-06 18:28:06.791,75,104,99,128,52,34,81,131,146,72,76,78
2026-06-06 18:28:06.792,75,104,132,128,52,34,81,131,146,72,76,78
2026-06-06 18:28:06.792,75,104,132,128,57,48,81,126,132,72,72,45
2026-06-06 18:28:06.869,75,114,132,128,57,48,81,126,132,72,72,45
2026-06-06 18:28:06.870,75,114,158,128,57,48,81,126,132,72,72,45
2026-06-06 18:28:06.870,75,114,158,128,68,61,81,115,119,72,62,19
2026-06-06 18:28:06.941,75,125,158,128,68,61,81,115,119,72,62,19
2026-06-06 18:28:06.941,75,125,154,128,68,61,81,115,119,72,62,19
2026-06-06 18:28:06.942,75,125,154,128,78,72,81,105,108,72,51,23
2026-06-06 18:28:07.010,75,130,154,128,78,72,81,105,108,72,51,23
2026-06-06 18:28:07.010,75,130,134,128,78,72,81,105,108,72,51,23
2026-06-06 18:28:07.010,75,130,134,128,83,65,81,100,115,72,46,43
2026-06-06 18:28:07.075,75,121,134,128,83,65,81,100,115,72,46,43
2026-06-06 18:28:07.075,75,121,123,128,83,65,81,100,115,72,46,43
2026-06-06 18:28:07.077,75,121,123,128,75,30,81,108,150,72,55,54
2026-06-06 18:28:07.139,75,112,123,128,75,30,81,108,150,72,55,54
2026-06-06 18:28:07.141,75,112,113,128,75,30,81,108,150,72,55,54
2026-06-06 18:28:07.141,75,112,113,128,66,18,81,117,162,72,64,64
2026-06-06 18:28:07.218,75,101,113,128,66,18,81,117,162,72,64,64
2026-06-06 18:28:07.218,75,101,100,128,66,18,81,117,162,72,64,64
2026-06-06 18:28:07.219,75,101,100,128,54,31,81,129,149,72,75,77
2026-06-06 18:28:07.292,75,104,100,128,54,31,81,129,149,72,75,77
2026-06-06 18:28:07.293,75,104,132,128,54,31,81,129,149,72,75,77
2026-06-06 18:28:07.294,75,104,132,128,58,49,81,126,131,72,72,44
2026-06-06 18:28:07.361,75,112,132,128,58,49,81,126,131,72,72,44
2026-06-06 18:28:07.361,75,112,156,128,58,49,81,126,131,72,72,44
2026-06-06 18:28:07.362,75,112,156,128,67,59,81,116,121,72,64,21
2026-06-06 18:28:07.426,75,123,156,128,67,59,81,116,121,72,64,21
2026-06-06 18:28:07.427,75,123,157,128,67,59,81,116,121,72,64,21
2026-06-06 18:28:07.428,75,123,157,128,76,70,81,107,110,72,53,20
2026-06-06 18:28:07.494,75,132,157,128,76,70,81,107,110,72,53,20
2026-06-06 18:28:07.494,75,132,136,128,76,70,81,107,110,72,53,20
2026-06-06 18:28:07.494,75,132,136,128,84,76,81,98,104,72,44,41
2026-06-06 18:28:07.560,75,123,136,128,84,76,81,98,104,72,44,41
2026-06-06 18:28:07.561,75,123,126,128,84,76,81,98,104,72,44,41
2026-06-06 18:28:07.562,75,123,126,128,77,36,81,106,144,72,53,52
2026-06-06 18:28:07.626,75,114,126,128,77,36,81,106,144,72,53,52
2026-06-06 18:28:07.626,75,114,115,128,77,36,81,106,144,72,53,52
2026-06-06 18:28:07.627,75,114,115,128,68,18,81,115,162,72,62,62
2026-06-06 18:28:07.693,75,104,115,128,68,18,81,115,162,72,62,62
2026-06-06 18:28:07.694,75,104,104,128,68,18,81,115,162,72,62,62
2026-06-06 18:28:07.694,75,104,104,128,58,23,81,125,157,72,72,73
2026-06-06 18:28:07.761,75,100,104,128,58,23,81,125,157,72,72,73
2026-06-06 18:28:07.761,75,100,114,128,58,23,81,125,157,72,72,73
2026-06-06 18:28:07.762,75,100,114,128,53,44,81,130,136,72,76,63
2026-06-06 18:28:07.826,75,108,114,128,53,44,81,130,136,72,76,63
2026-06-06 18:28:07.827,75,108,148,128,53,44,81,130,136,72,76,63
2026-06-06 18:28:07.827,75,108,148,128,62,54,81,121,126,72,68,29
2026-06-06 18:28:07.894,75,117,148,128,62,54,81,121,126,72,68,29
2026-06-06 18:28:07.894,75,117,160,128,62,54,81,121,126,72,68,29
2026-06-06 18:28:07.895,75,117,160,128,72,65,81,111,115,72,59,18
2026-06-06 18:28:07.959,75,128,160,128,72,65,81,111,115,72,59,18
2026-06-06 18:28:07.960,75,128,149,128,72,65,81,111,115,72,59,18
2026-06-06 18:28:07.960,75,128,149,128,81,75,81,102,105,72,48,28
2026-06-06 18:28:08.027,75,128,131,128,81,75,81,102,105,72,48,28
2026-06-06 18:28:08.028,75,128,131,128,81,54,81,102,126,72,48,46
2026-06-06 18:28:08.093,75,118,131,128,81,54,81,102,126,72,48,46
2026-06-06 18:28:08.093,75,118,120,128,81,54,81,102,126,72,48,46
2026-06-06 18:28:08.094,75,118,120,128,73,24,81,110,156,72,58,57
2026-06-06 18:28:08.159,75,109,120,128,73,24,81,110,156,72,58,57
2026-06-06 18:28:08.160,75,109,110,128,73,24,81,110,156,72,58,57
2026-06-06 18:28:08.161,75,109,110,128,63,18,81,120,162,72,67,67
2026-06-06 18:28:08.226,75,100,110,128,63,18,81,120,162,72,67,67
2026-06-06 18:28:08.228,75,100,99,128,63,18,81,120,162,72,67,67
2026-06-06 18:28:08.228,75,100,99,128,52,35,81,131,145,72,76,78
2026-06-06 18:28:08.293,75,104,99,128,52,35,81,131,145,72,76,78
2026-06-06 18:28:08.294,75,104,133,128,52,35,81,131,145,72,76,78
2026-06-06 18:28:08.295,75,104,133,128,58,49,81,125,131,72,72,44
2026-06-06 18:28:08.358,75,112,133,128,58,49,81,125,131,72,72,44
2026-06-06 18:28:08.359,75,112,156,128,58,49,81,125,131,72,72,44
2026-06-06 18:28:08.360,75,112,156,128,67,59,81,116,121,72,64,21
2026-06-06 18:28:08.424,75,122,156,128,67,59,81,116,121,72,64,21
2026-06-06 18:28:08.425,75,122,157,128,67,59,81,116,121,72,64,21
2026-06-06 18:28:08.426,75,122,157,128,76,70,81,107,110,72,54,20
2026-06-06 18:28:08.494,75,132,157,128,76,70,81,107,110,72,54,20
2026-06-06 18:28:08.494,75,132,136,128,76,70,81,107,110,72,54,20
2026-06-06 18:28:08.494,75,132,136,128,84,76,81,98,104,72,44,41
2026-06-06 18:28:08.560,75,123,136,128,84,76,81,98,104,72,44,41
2026-06-06 18:28:08.560,75,123,126,128,84,76,81,98,104,72,44,41
2026-06-06 18:28:08.561,75,123,126,128,77,36,81,106,144,72,53,52
2026-06-06 18:28:08.623,75,114,126,128,77,36,81,106,144,72,53,52
2026-06-06 18:28:08.624,75,114,115,128,77,36,81,106,144,72,53,52
2026-06-06 18:28:08.625,75,114,115,128,69,19,81,114,161,72,62,62
2026-06-06 18:28:08.693,75,104,115,128,69,19,81,114,161,72,62,62
2026-06-06 18:28:08.694,75,104,104,128,69,19,81,114,161,72,62,62
2026-06-06 18:28:08.694,75,104,104,128,58,24,81,125,156,72,72,73
2026-06-06 18:28:08.760,75,100,104,128,58,24,81,125,156,72,72,73
2026-06-06 18:28:08.761,75,100,113,128,58,24,81,125,156,72,72,73
2026-06-06 18:28:08.761,75,100,113,128,53,43,81,130,137,72,76,64
2026-06-06 18:28:08.825,75,108,113,128,53,43,81,130,137,72,76,64
2026-06-06 18:28:08.826,75,108,147,128,53,43,81,130,137,72,76,64
2026-06-06 18:28:08.827,75,108,147,128,62,54,81,121,126,72,68,30
2026-06-06 18:28:08.894,75,117,147,128,62,54,81,121,126,72,68,30
2026-06-06 18:28:08.895,75,117,160,128,62,54,81,121,126,72,68,30
2026-06-06 18:28:08.896,75,117,160,128,72,65,81,111,115,72,59,18
2026-06-06 18:28:08.959,75,128,160,128,72,65,81,111,115,72,59,18
2026-06-06 18:28:08.960,75,128,149,128,72,65,81,111,115,72,59,18
2026-06-06 18:28:08.960,75,128,149,128,81,75,81,102,105,72,48,28
2026-06-06 18:28:09.026,75,128,131,128,81,75,81,102,105,72,48,28
2026-06-06 18:28:09.027,75,128,131,128,81,53,81,102,127,72,48,46
2026-06-06 18:28:09.093,75,118,131,128,81,53,81,102,127,72,48,46
2026-06-06 18:28:09.093,75,118,120,128,81,53,81,102,127,72,48,46
2026-06-06 18:28:09.094,75,118,120,128,73,24,81,110,156,72,58,57
2026-06-06 18:28:09.159,75,109,120,128,73,24,81,110,156,72,58,57
2026-06-06 18:28:09.159,75,109,110,128,73,24,81,110,156,72,58,57
2026-06-06 18:28:09.160,75,109,110,128,63,18,81,120,162,72,67,67
2026-06-06 18:28:09.226,75,100,110,128,63,18,81,120,162,72,67,67
2026-06-06 18:28:09.226,75,100,99,128,63,18,81,120,162,72,67,67
2026-06-06 18:28:09.226,75,100,99,128,52,34,81,131,146,72,76,78
2026-06-06 18:28:09.293,75,104,99,128,52,34,81,131,146,72,76,78
2026-06-06 18:28:09.294,75,104,133,128,52,34,81,131,146,72,76,78
2026-06-06 18:28:09.294,75,104,133,128,58,49,81,125,131,72,72,44
2026-06-06 18:28:09.359,75,112,133,128,58,49,81,125,131,72,72,44
2026-06-06 18:28:09.360,75,112,156,128,58,49,81,125,131,72,72,44
2026-06-06 18:28:09.360,75,112,156,128,67,59,81,116,121,72,64,21
2026-06-06 18:28:09.425,75,122,156,128,67,59,81,116,121,72,64,21
2026-06-06 18:28:09.425,75,122,157,128,67,59,81,116,121,72,64,21
2026-06-06 18:28:09.426,75,122,157,128,76,70,81,107,110,72,54,20
2026-06-06 18:28:09.491,75,133,157,128,76,70,81,107,110,72,54,20
2026-06-06 18:28:09.492,75,133,137,128,76,70,81,107,110,72,54,20
2026-06-06 18:28:09.493,75,133,137,128,85,78,81,98,102,72,43,40
2026-06-06 18:28:09.559,75,123,137,128,85,78,81,98,102,72,43,40
2026-06-06 18:28:09.560,75,123,126,128,85,78,81,98,102,72,43,40
2026-06-06 18:28:09.561,75,123,126,128,77,36,81,106,144,72,53,51
2026-06-06 18:28:09.626,75,114,126,128,77,36,81,106,144,72,53,51
2026-06-06 18:28:09.626,75,114,115,128,77,36,81,106,144,72,53,51
2026-06-06 18:28:09.628,75,114,115,128,68,18,81,115,162,72,62,62
2026-06-06 18:28:09.692,75,104,115,128,68,18,81,115,162,72,62,62
2026-06-06 18:28:09.693,75,104,104,128,68,18,81,115,162,72,62,62
2026-06-06 18:28:09.694,75,104,104,128,58,23,81,125,157,72,72,73
2026-06-06 18:28:09.760,75,100,104,128,58,23,81,125,157,72,72,73
2026-06-06 18:28:09.760,75,100,113,128,58,23,81,125,157,72,72,73
2026-06-06 18:28:09.761,75,100,113,128,53,44,81,130,136,72,76,64
2026-06-06 18:28:09.826,75,108,113,128,53,44,81,130,136,72,76,64
2026-06-06 18:28:09.827,75,108,147,128,53,44,81,130,136,72,76,64
2026-06-06 18:28:09.827,75,108,147,128,62,54,81,121,126,72,68,30
2026-06-06 18:28:09.894,75,117,147,128,62,54,81,121,126,72,68,30
2026-06-06 18:28:09.895,75,117,160,128,62,54,81,121,126,72,68,30
2026-06-06 18:28:09.895,75,117,160,128,72,65,81,111,115,72,59,18
2026-06-06 18:28:09.959,75,128,160,128,72,65,81,111,115,72,59,18
2026-06-06 18:28:09.960,75,128,149,128,72,65,81,111,115,72,59,18
2026-06-06 18:28:09.961,75,128,149,128,81,75,81,102,105,72,48,28
2026-06-06 18:28:10.025,75,128,131,128,81,75,81,102,105,72,48,28
2026-06-06 18:28:10.026,75,128,131,128,81,54,81,102,126,72,48,46
2026-06-06 18:28:10.092,75,118,131,128,81,54,81,102,126,72,48,46
2026-06-06 18:28:10.093,75,118,120,128,81,54,81,102,126,72,48,46
2026-06-06 18:28:10.095,75,118,120,128,73,24,81,110,156,72,58,57
2026-06-06 18:28:10.159,75,109,120,128,73,24,81,110,156,72,58,57
2026-06-06 18:28:10.159,75,109,110,128,73,24,81,110,156,72,58,57
2026-06-06 18:28:10.160,75,109,110,128,63,18,81,120,162,72,67,67
2026-06-06 18:28:10.226,75,100,110,128,63,18,81,120,162,72,67,67
2026-06-06 18:28:10.226,75,100,99,128,63,18,81,120,162,72,67,67
2026-06-06 18:28:10.227,75,100,99,128,52,34,81,131,146,72,76,78
2026-06-06 18:28:10.291,75,104,99,128,52,34,81,131,146,72,76,78
2026-06-06 18:28:10.291,75,104,132,128,52,34,81,131,146,72,76,78
2026-06-06 18:28:10.292,75,104,132,128,57,48,81,126,132,72,72,45
2026-06-06 18:28:10.360,75,112,132,128,57,48,81,126,132,72,72,45
2026-06-06 18:28:10.360,75,112,156,128,57,48,81,126,132,72,72,45
2026-06-06 18:28:10.362,75,112,156,128,67,59,81,116,121,72,64,21
2026-06-06 18:28:10.425,75,122,156,128,67,59,81,116,121,72,64,21
2026-06-06 18:28:10.426,75,122,157,128,67,59,81,116,121,72,64,21
2026-06-06 18:28:10.426,75,122,157,128,76,70,81,107,110,72,54,20
2026-06-06 18:28:10.490,75,133,157,128,76,70,81,107,110,72,54,20
2026-06-06 18:28:10.490,75,133,137,128,76,70,81,107,110,72,54,20
2026-06-06 18:28:10.491,75,133,137,128,85,79,81,98,101,72,43,40
2026-06-06 18:28:10.559,75,123,137,128,85,79,81,98,101,72,43,40
2026-06-06 18:28:10.560,75,123,126,128,85,79,81,98,101,72,43,40
2026-06-06 18:28:10.561,75,123,126,128,77,36,81,106,144,72,53,51
2026-06-06 18:28:10.626,75,114,126,128,77,36,81,106,144,72,53,51
2026-06-06 18:28:10.627,75,114,115,128,77,36,81,106,144,72,53,51
2026-06-06 18:28:10.627,75,114,115,128,68,18,81,115,162,72,62,62
2026-06-06 18:28:10.693,75,104,115,128,68,18,81,115,162,72,62,62
2026-06-06 18:28:10.694,75,104,104,128,68,18,81,115,162,72,62,62
2026-06-06 18:28:10.695,75,104,104,128,58,24,81,125,156,72,72,73
2026-06-06 18:28:10.760,75,100,104,128,58,24,81,125,156,72,72,73
2026-06-06 18:28:10.760,75,100,113,128,58,24,81,125,156,72,72,73
2026-06-06 18:28:10.760,75,100,113,128,53,43,81,130,137,72,76,64
2026-06-06 18:28:10.826,75,108,113,128,53,43,81,130,137,72,76,64
2026-06-06 18:28:10.827,75,108,148,128,53,43,81,130,137,72,76,64
2026-06-06 18:28:10.827,75,108,148,128,62,54,81,121,126,72,68,30
2026-06-06 18:28:10.893,75,117,148,128,62,54,81,121,126,72,68,30
2026-06-06 18:28:10.893,75,117,160,128,62,54,81,121,126,72,68,30
2026-06-06 18:28:10.893,75,117,160,128,72,65,81,111,115,72,59,18
2026-06-06 18:28:10.959,75,128,160,128,72,65,81,111,115,72,59,18
2026-06-06 18:28:10.960,75,128,149,128,72,65,81,111,115,72,59,18
2026-06-06 18:28:10.960,75,128,149,128,81,75,81,102,105,72,48,28
2026-06-06 18:28:11.026,75,128,131,128,81,75,81,102,105,72,48,28
2026-06-06 18:28:11.027,75,128,131,128,81,53,81,102,127,72,48,46
2026-06-06 18:28:11.094,75,118,131,128,81,53,81,102,127,72,48,46
2026-06-06 18:28:11.094,75,118,120,128,81,53,81,102,127,72,48,46
2026-06-06 18:28:11.095,75,118,120,128,73,24,81,110,156,72,58,57
2026-06-06 18:28:11.158,75,109,120,128,73,24,81,110,156,72,58,57
2026-06-06 18:28:11.159,75,109,110,128,73,24,81,110,156,72,58,57
2026-06-06 18:28:11.160,75,109,110,128,63,18,81,120,162,72,67,67
2026-06-06 18:28:11.224,75,100,110,128,63,18,81,120,162,72,67,67
2026-06-06 18:28:11.226,75,100,99,128,63,18,81,120,162,72,67,67
2026-06-06 18:28:11.227,75,100,99,128,52,34,81,131,146,72,76,78
2026-06-06 18:28:11.293,75,104,99,128,52,34,81,131,146,72,76,78
2026-06-06 18:28:11.294,75,104,133,128,52,34,81,131,146,72,76,78
2026-06-06 18:28:11.294,75,104,133,128,58,49,81,125,131,72,72,44
2026-06-06 18:28:11.359,75,112,133,128,58,49,81,125,131,72,72,44
2026-06-06 18:28:11.360,75,112,156,128,58,49,81,125,131,72,72,44
2026-06-06 18:28:11.361,75,112,156,128,67,59,81,116,121,72,64,21
2026-06-06 18:28:11.427,75,122,156,128,67,59,81,116,121,72,64,21
2026-06-06 18:28:11.427,75,122,157,128,67,59,81,116,121,72,64,21
2026-06-06 18:28:11.428,75,122,157,128,76,70,81,107,110,72,54,20
2026-06-06 18:28:11.491,75,133,157,128,76,70,81,107,110,72,54,20
2026-06-06 18:28:11.491,75,133,136,128,76,70,81,107,110,72,54,20
2026-06-06 18:28:11.493,75,133,136,128,85,78,81,98,102,72,43,40
2026-06-06 18:28:11.557,75,123,136,128,85,78,81,98,102,72,43,40
2026-06-06 18:28:11.558,75,123,126,128,85,78,81,98,102,72,43,40
2026-06-06 18:28:11.559,75,123,126,128,77,37,81,106,143,72,53,51
2026-06-06 18:28:11.627,75,114,126,128,77,37,81,106,143,72,53,51
2026-06-06 18:28:11.627,75,114,115,128,77,37,81,106,143,72,53,51
2026-06-06 18:28:11.628,75,114,115,128,68,18,81,115,162,72,62,62
2026-06-06 18:28:11.705,75,103,115,128,68,18,81,115,162,72,62,62
2026-06-06 18:28:11.705,75,103,102,128,68,18,81,115,162,72,62,62
2026-06-06 18:28:11.705,75,103,102,128,56,27,81,127,153,72,73,75
2026-06-06 18:28:11.774,75,102,102,128,56,27,81,127,153,72,73,75
2026-06-06 18:28:11.774,75,102,122,128,56,27,81,127,153,72,73,75
2026-06-06 18:28:11.775,75,102,122,128,55,46,81,128,134,72,74,55
2026-06-06 18:28:11.851,75,111,122,128,55,46,81,128,134,72,74,55
2026-06-06 18:28:11.852,75,111,155,128,55,46,81,128,134,72,74,55
2026-06-06 18:28:11.852,75,111,155,128,66,58,81,117,122,72,65,22
2026-06-06 18:28:11.915,75,121,155,128,66,58,81,117,122,72,65,22
2026-06-06 18:28:11.915,75,121,158,128,66,58,81,117,122,72,65,22
2026-06-06 18:28:11.916,75,121,158,128,75,68,81,108,112,72,55,18
2026-06-06 18:28:11.991,75,133,158,128,75,68,81,108,112,72,55,18
2026-06-06 18:28:11.991,75,133,136,128,75,68,81,108,112,72,55,18
2026-06-06 18:28:11.992,75,133,136,128,85,78,81,98,102,72,43,40
2026-06-06 18:28:12.059,75,123,136,128,85,78,81,98,102,72,43,40
2026-06-06 18:28:12.060,75,123,126,128,85,78,81,98,102,72,43,40
2026-06-06 18:28:12.061,75,123,126,128,77,36,81,106,144,72,53,51
2026-06-06 18:28:12.127,75,114,126,128,77,36,81,106,144,72,53,51
2026-06-06 18:28:12.127,75,114,115,128,77,36,81,106,144,72,53,51
2026-06-06 18:28:12.128,75,114,115,128,68,18,81,115,162,72,62,62
2026-06-06 18:28:12.192,75,104,115,128,68,18,81,115,162,72,62,62
2026-06-06 18:28:12.192,75,104,104,128,68,18,81,115,162,72,62,62
2026-06-06 18:28:12.193,75,104,104,128,58,23,81,125,157,72,72,73
2026-06-06 18:28:12.258,75,100,104,128,58,23,81,125,157,72,72,73
2026-06-06 18:28:12.259,75,100,112,128,58,23,81,125,157,72,72,73
2026-06-06 18:28:12.259,75,100,112,128,53,43,81,130,137,72,76,65
2026-06-06 18:28:12.326,75,108,112,128,53,43,81,130,137,72,76,65
2026-06-06 18:28:12.328,75,108,148,128,53,43,81,130,137,72,76,65
2026-06-06 18:28:12.328,75,108,148,128,62,54,81,121,126,72,68,29
2026-06-06 18:28:12.394,75,117,148,128,62,54,81,121,126,72,68,29
2026-06-06 18:28:12.394,75,117,160,128,62,54,81,121,126,72,68,29
2026-06-06 18:28:12.394,75,117,160,128,72,65,81,111,115,72,59,18
2026-06-06 18:28:12.459,75,128,160,128,72,65,81,111,115,72,59,18
2026-06-06 18:28:12.459,75,128,149,128,72,65,81,111,115,72,59,18
2026-06-06 18:28:12.461,75,128,149,128,81,75,81,102,105,72,48,28
2026-06-06 18:28:12.526,75,128,131,128,81,75,81,102,105,72,48,28
2026-06-06 18:28:12.526,75,128,131,128,81,54,81,102,126,72,48,46
2026-06-06 18:28:12.593,75,118,131,128,81,54,81,102,126,72,48,46
2026-06-06 18:28:12.594,75,118,120,128,81,54,81,102,126,72,48,46
2026-06-06 18:28:12.595,75,118,120,128,73,24,81,110,156,72,58,57
2026-06-06 18:28:12.659,75,109,120,128,73,24,81,110,156,72,58,57
2026-06-06 18:28:12.659,75,109,110,128,73,24,81,110,156,72,58,57
2026-06-06 18:28:12.660,75,109,110,128,63,18,81,120,162,72,67,67
2026-06-06 18:28:12.727,75,100,110,128,63,18,81,120,162,72,67,67
2026-06-06 18:28:12.727,75,100,99,128,63,18,81,120,162,72,67,67
2026-06-06 18:28:12.728,75,100,99,128,52,34,81,131,146,72,76,78
2026-06-06 18:28:12.792,75,104,99,128,52,34,81,131,146,72,76,78
2026-06-06 18:28:12.793,75,104,133,128,52,34,81,131,146,72,76,78
2026-06-06 18:28:12.793,75,104,133,128,58,49,81,125,131,72,72,44
2026-06-06 18:28:12.859,75,112,133,128,58,49,81,125,131,72,72,44
2026-06-06 18:28:12.860,75,112,156,128,58,49,81,125,131,72,72,44
2026-06-06 18:28:12.860,75,112,156,128,67,59,81,116,121,72,64,21
2026-06-06 18:28:12.925,75,122,156,128,67,59,81,116,121,72,64,21
2026-06-06 18:28:12.926,75,122,157,128,67,59,81,116,121,72,64,21
2026-06-06 18:28:12.927,75,122,157,128,76,70,81,107,110,72,54,20
2026-06-06 18:28:12.991,75,133,157,128,76,70,81,107,110,72,54,20
2026-06-06 18:28:12.991,75,133,137,128,76,70,81,107,110,72,54,20
2026-06-06 18:28:12.992,75,133,137,128,85,78,81,98,102,72,43,40
2026-06-06 18:28:13.058,75,123,137,128,85,78,81,98,102,72,43,40
2026-06-06 18:28:13.059,75,123,126,128,85,78,81,98,102,72,43,40
2026-06-06 18:28:13.060,75,123,126,128,77,37,81,106,143,72,53,51
2026-06-06 18:28:13.126,75,114,126,128,77,37,81,106,143,72,53,51
2026-06-06 18:28:13.126,75,114,115,128,77,37,81,106,143,72,53,51
2026-06-06 18:28:13.127,75,114,115,128,68,18,81,115,162,72,62,62
2026-06-06 18:28:13.192,75,104,115,128,68,18,81,115,162,72,62,62
2026-06-06 18:28:13.193,75,104,104,128,68,18,81,115,162,72,62,62
2026-06-06 18:28:13.193,75,104,104,128,58,23,81,125,157,72,72,73
2026-06-06 18:28:13.260,75,100,104,128,58,23,81,125,157,72,72,73
2026-06-06 18:28:13.261,75,100,113,128,58,23,81,125,157,72,72,73
2026-06-06 18:28:13.261,75,100,113,128,53,43,81,130,137,72,76,64
2026-06-06 18:28:13.326,75,108,113,128,53,43,81,130,137,72,76,64
2026-06-06 18:28:13.326,75,108,147,128,53,43,81,130,137,72,76,64
2026-06-06 18:28:13.327,75,108,147,128,62,54,81,121,126,72,68,30
2026-06-06 18:28:13.394,75,117,147,128,62,54,81,121,126,72,68,30
2026-06-06 18:28:13.394,75,117,160,128,62,54,81,121,126,72,68,30
2026-06-06 18:28:13.394,75,117,160,128,72,65,81,111,115,72,59,18
2026-06-06 18:28:13.459,75,128,160,128,72,65,81,111,115,72,59,18
2026-06-06 18:28:13.461,75,128,149,128,72,65,81,111,115,72,59,18
2026-06-06 18:28:13.461,75,128,149,128,81,75,81,102,105,72,48,28
2026-06-06 18:28:13.525,75,128,131,128,81,75,81,102,105,72,48,28
2026-06-06 18:28:13.526,75,128,131,128,81,54,81,102,126,72,48,46
2026-06-06 18:28:13.593,75,118,131,128,81,54,81,102,126,72,48,46
2026-06-06 18:28:13.594,75,118,120,128,81,54,81,102,126,72,48,46
2026-06-06 18:28:13.594,75,118,120,128,73,24,81,110,156,72,58,57
2026-06-06 18:28:13.660,75,109,120,128,73,24,81,110,156,72,58,57
2026-06-06 18:28:13.661,75,109,110,128,73,24,81,110,156,72,58,57
2026-06-06 18:28:13.662,75,109,110,128,63,18,81,120,162,72,67,67
2026-06-06 18:28:13.726,75,100,110,128,63,18,81,120,162,72,67,67
2026-06-06 18:28:13.726,75,100,99,128,63,18,81,120,162,72,67,67
2026-06-06 18:28:13.727,75,100,99,128,52,34,81,131,146,72,76,78
2026-06-06 18:28:13.793,75,104,99,128,52,34,81,131,146,72,76,78
2026-06-06 18:28:13.794,75,104,133,128,52,34,81,131,146,72,76,78
2026-06-06 18:28:13.795,75,104,133,128,58,49,81,125,131,72,72,44
2026-06-06 18:28:13.860,75,112,133,128,58,49,81,125,131,72,72,44
2026-06-06 18:28:13.860,75,112,156,128,58,49,81,125,131,72,72,44
2026-06-06 18:28:13.860,75,112,156,128,67,60,81,116,120,72,64,20
2026-06-06 18:28:13.926,75,123,156,128,67,60,81,116,120,72,64,20
2026-06-06 18:28:13.927,75,123,157,128,67,60,81,116,120,72,64,20
2026-06-06 18:28:13.928,75,123,157,128,76,70,81,107,110,72,53,20
2026-06-06 18:28:13.993,75,132,157,128,76,70,81,107,110,72,53,20
2026-06-06 18:28:13.994,75,132,136,128,76,70,81,107,110,72,53,20
2026-06-06 18:28:13.994,75,132,136,128,85,77,81,98,103,72,44,41
2026-06-06 18:28:14.060,75,123,136,128,85,77,81,98,103,72,44,41
2026-06-06 18:28:14.060,75,123,126,128,85,77,81,98,103,72,44,41
2026-06-06 18:28:14.060,75,123,126,128,77,36,81,106,144,72,53,51
2026-06-06 18:28:14.125,75,114,126,128,77,36,81,106,144,72,53,51
2026-06-06 18:28:14.126,75,114,115,128,77,36,81,106,144,72,53,51
2026-06-06 18:28:14.127,75,114,115,128,68,18,81,115,162,72,62,62
2026-06-06 18:28:14.191,75,105,115,128,68,18,81,115,162,72,62,62
2026-06-06 18:28:14.192,75,105,104,128,68,18,81,115,162,72,62,62
2026-06-06 18:28:14.193,75,105,104,128,58,23,81,125,157,72,71,72
2026-06-06 18:28:14.259,75,100,104,128,58,23,81,125,157,72,71,72
2026-06-06 18:28:14.260,75,100,112,128,58,23,81,125,157,72,71,72
2026-06-06 18:28:14.261,75,100,112,128,53,43,81,130,137,72,76,65
2026-06-06 18:28:14.327,75,108,112,128,53,43,81,130,137,72,76,65
2026-06-06 18:28:14.327,75,108,148,128,53,43,81,130,137,72,76,65
2026-06-06 18:28:14.327,75,108,148,128,62,54,81,121,126,72,68,29
2026-06-06 18:28:14.393,75,117,148,128,62,54,81,121,126,72,68,29
2026-06-06 18:28:14.394,75,117,160,128,62,54,81,121,126,72,68,29
2026-06-06 18:28:14.395,75,117,160,128,72,65,81,111,115,72,59,18
2026-06-06 18:28:14.459,75,128,160,128,72,65,81,111,115,72,59,18
2026-06-06 18:28:14.460,75,128,149,128,72,65,81,111,115,72,59,18
2026-06-06 18:28:14.460,75,128,149,128,81,75,81,102,105,72,48,28
2026-06-06 18:28:14.524,75,128,131,128,81,75,81,102,105,72,48,28
2026-06-06 18:28:14.525,75,128,131,128,81,54,81,102,126,72,48,46
2026-06-06 18:28:14.593,75,118,131,128,81,54,81,102,126,72,48,46
2026-06-06 18:28:14.594,75,118,120,128,81,54,81,102,126,72,48,46
2026-06-06 18:28:14.595,75,118,120,128,73,24,81,110,156,72,58,57
2026-06-06 18:28:14.659,75,109,120,128,73,24,81,110,156,72,58,57
2026-06-06 18:28:14.660,75,109,110,128,73,24,81,110,156,72,58,57
2026-06-06 18:28:14.661,75,109,110,128,63,18,81,120,162,72,67,67
2026-06-06 18:28:14.726,75,100,110,128,63,18,81,120,162,72,67,67
2026-06-06 18:28:14.726,75,100,99,128,63,18,81,120,162,72,67,67
2026-06-06 18:28:14.727,75,100,99,128,52,34,81,131,146,72,76,78
2026-06-06 18:28:14.790,75,104,99,128,52,34,81,131,146,72,76,78
2026-06-06 18:28:14.791,75,104,132,128,52,34,81,131,146,72,76,78
2026-06-06 18:28:14.792,75,104,132,128,57,48,81,126,132,72,72,45
2026-06-06 18:28:14.859,75,112,132,128,57,48,81,126,132,72,72,45
2026-06-06 18:28:14.860,75,112,156,128,57,48,81,126,132,72,72,45
2026-06-06 18:28:14.861,75,112,156,128,67,59,81,116,121,72,64,21
2026-06-06 18:28:14.926,75,122,156,128,67,59,81,116,121,72,64,21
2026-06-06 18:28:14.927,75,122,157,128,67,59,81,116,121,72,64,21
2026-06-06 18:28:14.927,75,122,157,128,76,70,81,107,110,72,54,20
2026-06-06 18:28:14.992,75,132,157,128,76,70,81,107,110,72,54,20
2026-06-06 18:28:14.994,75,132,136,128,76,70,81,107,110,72,54,20
2026-06-06 18:28:14.994,75,132,136,128,84,76,81,98,104,72,44,41
2026-06-06 18:28:15.059,75,123,136,128,84,76,81,98,104,72,44,41
2026-06-06 18:28:15.060,75,123,126,128,84,76,81,98,104,72,44,41
2026-06-06 18:28:15.060,75,123,126,128,77,36,81,106,144,72,53,51
2026-06-06 18:28:15.124,75,114,126,128,77,36,81,106,144,72,53,51
2026-06-06 18:28:15.125,75,114,115,128,77,36,81,106,144,72,53,51
2026-06-06 18:28:15.126,75,114,115,128,68,18,81,115,162,72,62,62
2026-06-06 18:28:15.192,75,104,115,128,68,18,81,115,162,72,62,62
2026-06-06 18:28:15.193,75,104,104,128,68,18,81,115,162,72,62,62
2026-06-06 18:28:15.194,75,104,104,128,58,23,81,125,157,72,72,73
2026-06-06 18:28:15.260,75,100,104,128,58,23,81,125,157,72,72,73
2026-06-06 18:28:15.260,75,100,113,128,58,23,81,125,157,72,72,73
2026-06-06 18:28:15.262,75,100,113,128,53,43,81,130,137,72,76,64
2026-06-06 18:28:15.325,75,108,113,128,53,43,81,130,137,72,76,64
2026-06-06 18:28:15.327,75,108,147,128,53,43,81,130,137,72,76,64
2026-06-06 18:28:15.327,75,108,147,128,62,54,81,121,126,72,68,30
2026-06-06 18:28:15.394,75,117,147,128,62,54,81,121,126,72,68,30
2026-06-06 18:28:15.395,75,117,160,128,62,54,81,121,126,72,68,30
2026-06-06 18:28:15.395,75,117,160,128,72,65,81,111,115,72,59,18
2026-06-06 18:28:15.459,75,128,160,128,72,65,81,111,115,72,59,18
2026-06-06 18:28:15.460,75,128,149,128,72,65,81,111,115,72,59,18
2026-06-06 18:28:15.460,75,128,149,128,81,75,81,102,105,72,48,28
2026-06-06 18:28:15.524,75,128,131,128,81,75,81,102,105,72,48,28
2026-06-06 18:28:15.524,75,128,131,128,81,55,81,102,125,72,48,46
2026-06-06 18:28:15.591,75,119,131,128,81,55,81,102,125,72,48,46
2026-06-06 18:28:15.591,75,119,121,128,81,55,81,102,125,72,48,46
2026-06-06 18:28:15.593,75,119,121,128,73,25,81,110,155,72,57,56
2026-06-06 18:28:15.659,75,109,121,128,73,25,81,110,155,72,57,56
2026-06-06 18:28:15.660,75,109,110,128,73,25,81,110,155,72,57,56
2026-06-06 18:28:15.660,75,109,110,128,63,18,81,120,162,72,67,67
2026-06-06 18:28:15.724,75,100,110,128,63,18,81,120,162,72,67,67
2026-06-06 18:28:15.724,75,100,99,128,63,18,81,120,162,72,67,67
2026-06-06 18:28:15.725,75,100,99,128,53,33,81,130,147,72,76,78
2026-06-06 18:28:15.791,75,104,99,128,53,33,81,130,147,72,76,78
2026-06-06 18:28:15.791,75,104,132,128,53,33,81,130,147,72,76,78
2026-06-06 18:28:15.792,75,104,132,128,57,48,81,126,132,72,72,45
2026-06-06 18:28:15.859,75,112,132,128,57,48,81,126,132,72,72,45
2026-06-06 18:28:15.859,75,112,156,128,57,48,81,126,132,72,72,45
2026-06-06 18:28:15.860,75,112,156,128,67,59,81,116,121,72,64,21
2026-06-06 18:28:15.926,75,122,156,128,67,59,81,116,121,72,64,21
2026-06-06 18:28:15.926,75,122,157,128,67,59,81,116,121,72,64,21
2026-06-06 18:28:15.927,75,122,157,128,76,70,81,107,110,72,54,20
2026-06-06 18:28:15.993,75,132,157,128,76,70,81,107,110,72,54,20
2026-06-06 18:28:15.994,75,132,136,128,76,70,81,107,110,72,54,20
2026-06-06 18:28:15.995,75,132,136,128,84,76,81,98,104,72,44,41
2026-06-06 18:28:16.059,75,123,136,128,84,76,81,98,104,72,44,41
2026-06-06 18:28:16.059,75,123,126,128,84,76,81,98,104,72,44,41
2026-06-06 18:28:16.060,75,123,126,128,77,36,81,106,144,72,53,51
2026-06-06 18:28:16.126,75,114,126,128,77,36,81,106,144,72,53,51
2026-06-06 18:28:16.127,75,114,115,128,77,36,81,106,144,72,53,51
2026-06-06 18:28:16.128,75,114,115,128,68,18,81,115,162,72,62,62
2026-06-06 18:28:16.190,75,105,115,128,68,18,81,115,162,72,62,62
2026-06-06 18:28:16.190,75,105,105,128,68,18,81,115,162,72,62,62
2026-06-06 18:28:16.191,75,105,105,128,58,23,81,125,157,72,71,72
2026-06-06 18:28:16.257,75,100,105,128,58,23,81,125,157,72,71,72
2026-06-06 18:28:16.259,75,100,111,128,58,23,81,125,157,72,71,72
2026-06-06 18:28:16.259,75,100,111,128,53,43,81,130,137,72,76,66
2026-06-06 18:28:16.324,75,108,111,128,53,43,81,130,137,72,76,66
2026-06-06 18:28:16.325,75,108,147,128,53,43,81,130,137,72,76,66
2026-06-06 18:28:16.326,75,108,147,128,62,54,81,121,126,72,68,30
2026-06-06 18:28:16.394,75,117,147,128,62,54,81,121,126,72,68,30
2026-06-06 18:28:16.395,75,117,160,128,62,54,81,121,126,72,68,30
2026-06-06 18:28:16.395,75,117,160,128,72,65,81,111,115,72,59,18
2026-06-06 18:28:16.461,75,128,160,128,72,65,81,111,115,72,59,18
2026-06-06 18:28:16.462,75,128,148,128,72,65,81,111,115,72,59,18
2026-06-06 18:28:16.462,75,128,148,128,81,76,81,102,104,72,48,29
2026-06-06 18:28:16.526,75,128,131,128,81,76,81,102,104,72,48,29
2026-06-06 18:28:16.527,75,128,131,128,81,53,81,102,127,72,48,46
2026-06-06 18:28:16.591,75,118,131,128,81,53,81,102,127,72,48,46
2026-06-06 18:28:16.592,75,118,120,128,81,53,81,102,127,72,48,46
2026-06-06 18:28:16.593,75,118,120,128,73,25,81,110,155,72,58,56
2026-06-06 18:28:16.655,75,110,120,128,73,25,81,110,155,72,58,56
2026-06-06 18:28:16.656,75,110,110,128,73,25,81,110,155,72,58,56
2026-06-06 18:28:16.656,75,110,110,128,64,18,81,119,162,72,66,67
2026-06-06 18:28:16.725,75,100,110,128,64,18,81,119,162,72,66,67
2026-06-06 18:28:16.726,75,100,99,128,64,18,81,119,162,72,66,67
2026-06-06 18:28:16.726,75,100,99,128,52,34,81,131,146,72,76,78
2026-06-06 18:28:16.803,75,105,99,128,52,34,81,131,146,72,76,78
2026-06-06 18:28:16.803,75,105,138,128,52,34,81,131,146,72,76,78
2026-06-06 18:28:16.804,75,105,138,128,59,50,81,124,130,72,71,39
2026-06-06 18:28:16.875,75,115,138,128,59,50,81,124,130,72,71,39
2026-06-06 18:28:16.876,75,115,158,128,59,50,81,124,130,72,71,39
2026-06-06 18:28:16.876,75,115,158,128,69,62,81,114,118,72,61,18
2026-06-06 18:28:16.939,75,125,158,128,69,62,81,114,118,72,61,18
2026-06-06 18:28:16.940,75,125,154,128,69,62,81,114,118,72,61,18
2026-06-06 18:28:16.941,75,125,154,128,78,72,81,105,108,72,51,23
2026-06-06 18:28:17.009,75,130,154,128,78,72,81,105,108,72,51,23
2026-06-06 18:28:17.011,75,130,134,128,78,72,81,105,108,72,51,23
2026-06-06 18:28:17.011,75,130,134,128,83,64,81,100,116,72,46,44
2026-06-06 18:28:17.074,75,121,134,128,83,64,81,100,116,72,46,44
2026-06-06 18:28:17.075,75,121,123,128,83,64,81,100,116,72,46,44
2026-06-06 18:28:17.075,75,121,123,128,75,30,81,108,150,72,55,54
2026-06-06 18:28:17.139,75,112,123,128,75,30,81,108,150,72,55,54
2026-06-06 18:28:17.140,75,112,113,128,75,30,81,108,150,72,55,54
2026-06-06 18:28:17.141,75,112,113,128,66,18,81,117,162,72,64,64
2026-06-06 18:28:17.210,75,102,113,128,66,18,81,117,162,72,64,64
2026-06-06 18:28:17.211,75,102,102,128,66,18,81,117,162,72,64,64
2026-06-06 18:28:17.212,75,102,102,128,55,29,81,128,151,72,74,76
2026-06-06 18:28:17.276,75,102,123,128,55,29,81,128,151,72,74,76
2026-06-06 18:28:17.276,75,102,123,128,55,46,81,128,134,72,74,54
2026-06-06 18:28:17.342,75,110,123,128,55,46,81,128,134,72,74,54
2026-06-06 18:28:17.343,75,110,152,128,55,46,81,128,134,72,74,54
2026-06-06 18:28:17.344,75,110,152,128,64,57,81,118,123,72,66,25
2026-06-06 18:28:17.407,75,120,152,128,64,57,81,118,123,72,66,25
2026-06-06 18:28:17.408,75,120,159,128,64,57,81,118,123,72,66,25
2026-06-06 18:28:17.409,75,120,159,128,74,67,81,109,113,72,56,18
2026-06-06 18:28:17.477,75,131,159,128,74,67,81,109,113,72,56,18
2026-06-06 18:28:17.477,75,131,143,128,74,67,81,109,113,72,56,18
2026-06-06 18:28:17.478,75,131,143,128,83,78,81,100,102,72,45,34
2026-06-06 18:28:17.541,75,126,143,128,83,78,81,100,102,72,45,34
2026-06-06 18:28:17.542,75,126,128,128,83,78,81,100,102,72,45,34
2026-06-06 18:28:17.543,75,126,128,128,79,45,81,104,135,72,50,48
2026-06-06 18:28:17.608,75,116,128,128,79,45,81,104,135,72,50,48
2026-06-06 18:28:17.609,75,116,118,128,79,45,81,104,135,72,50,48
2026-06-06 18:28:17.610,75,116,118,128,71,21,81,112,159,72,60,59
2026-06-06 18:28:17.676,75,107,118,128,71,21,81,112,159,72,60,59
2026-06-06 18:28:17.677,75,107,107,128,71,21,81,112,159,72,60,59
2026-06-06 18:28:17.678,75,107,107,128,61,20,81,122,160,72,69,70
2026-06-06 18:28:17.743,75,98,107,128,61,20,81,122,160,72,69,70
2026-06-06 18:28:17.743,75,98,100,128,61,20,81,122,160,72,69,70
2026-06-06 18:28:17.744,75,98,100,128,51,41,81,132,139,72,78,77
2026-06-06 18:28:17.809,75,106,100,128,51,41,81,132,139,72,78,77
2026-06-06 18:28:17.811,75,106,141,128,51,41,81,132,139,72,78,77
2026-06-06 18:28:17.811,75,106,141,128,60,51,81,123,129,72,70,36
2026-06-06 18:28:17.875,75,115,141,128,60,51,81,123,129,72,70,36
2026-06-06 18:28:17.876,75,115,158,128,60,51,81,123,129,72,70,36
2026-06-06 18:28:17.876,75,115,158,128,69,62,81,114,118,72,61,18
2026-06-06 18:28:17.943,75,125,158,128,69,62,81,114,118,72,61,18
2026-06-06 18:28:17.943,75,125,154,128,69,62,81,114,118,72,61,18
2026-06-06 18:28:17.943,75,125,154,128,79,73,81,104,107,72,51,23
2026-06-06 18:28:18.009,75,130,154,128,79,73,81,104,107,72,51,23
2026-06-06 18:28:18.011,75,130,134,128,79,73,81,104,107,72,51,23
2026-06-06 18:28:18.011,75,130,134,128,83,64,81,100,116,72,46,43
2026-06-06 18:28:18.076,75,121,134,128,83,64,81,100,116,72,46,43
2026-06-06 18:28:18.076,75,121,123,128,83,64,81,100,116,72,46,43
2026-06-06 18:28:18.077,75,121,123,128,75,30,81,108,150,72,55,54
2026-06-06 18:28:18.142,75,112,123,128,75,30,81,108,150,72,55,54
2026-06-06 18:28:18.143,75,112,112,128,75,30,81,108,150,72,55,54
2026-06-06 18:28:18.143,75,112,112,128,66,18,81,117,162,72,64,64
2026-06-06 18:28:18.209,75,102,112,128,66,18,81,117,162,72,64,64
2026-06-06 18:28:18.210,75,102,102,128,66,18,81,117,162,72,64,64
2026-06-06 18:28:18.211,75,102,102,128,55,28,81,128,152,72,74,75
2026-06-06 18:28:18.277,75,102,124,128,55,28,81,128,152,72,74,75
2026-06-06 18:28:18.278,75,102,124,128,55,46,81,128,134,72,74,53
2026-06-06 18:28:18.343,75,110,124,128,55,46,81,128,134,72,74,53
2026-06-06 18:28:18.343,75,110,152,128,55,46,81,128,134,72,74,53
2026-06-06 18:28:18.344,75,110,152,128,64,57,81,118,123,72,66,25
2026-06-06 18:28:18.409,75,120,152,128,64,57,81,118,123,72,66,25
2026-06-06 18:28:18.410,75,120,159,128,64,57,81,118,123,72,66,25
2026-06-06 18:28:18.410,75,120,159,128,74,67,81,109,113,72,56,18
2026-06-06 18:28:18.477,75,131,159,128,74,67,81,109,113,72,56,18
2026-06-06 18:28:18.477,75,131,142,128,74,67,81,109,113,72,56,18
2026-06-06 18:28:18.478,75,131,142,128,83,78,81,100,102,72,45,35
2026-06-06 18:28:18.543,75,125,142,128,83,78,81,100,102,72,45,35
2026-06-06 18:28:18.543,75,125,128,128,83,78,81,100,102,72,45,35
2026-06-06 18:28:18.543,75,125,128,128,79,44,81,104,136,72,51,49
2026-06-06 18:28:18.610,75,116,128,128,79,44,81,104,136,72,51,49
2026-06-06 18:28:18.611,75,116,118,128,79,44,81,104,136,72,51,49
2026-06-06 18:28:18.612,75,116,118,128,70,21,81,112,159,72,60,59
2026-06-06 18:28:18.677,75,107,118,128,70,21,81,112,159,72,60,59
2026-06-06 18:28:18.677,75,107,107,128,70,21,81,112,159,72,60,59
2026-06-06 18:28:18.678,75,107,107,128,61,20,81,122,160,72,69,70
2026-06-06 18:28:18.742,75,98,107,128,61,20,81,122,160,72,69,70
2026-06-06 18:28:18.742,75,98,100,128,61,20,81,122,160,72,69,70
2026-06-06 18:28:18.743,75,98,100,128,50,41,81,132,139,72,78,77
2026-06-06 18:28:18.809,75,106,100,128,50,41,81,132,139,72,78,77
2026-06-06 18:28:18.810,75,106,141,128,50,41,81,132,139,72,78,77
2026-06-06 18:28:18.811,75,106,141,128,60,51,81,123,129,72,70,36
2026-06-06 18:28:18.875,75,115,141,128,60,51,81,123,129,72,70,36
2026-06-06 18:28:18.876,75,115,159,128,60,51,81,123,129,72,70,36
2026-06-06 18:28:18.876,75,115,159,128,69,62,81,114,118,72,61,18
2026-06-06 18:28:18.942,75,125,159,128,69,62,81,114,118,72,61,18
2026-06-06 18:28:18.943,75,125,154,128,69,62,81,114,118,72,61,18
2026-06-06 18:28:18.944,75,125,154,128,78,73,81,104,107,72,51,23
2026-06-06 18:28:19.008,75,130,154,128,78,73,81,104,107,72,51,23
2026-06-06 18:28:19.009,75,130,134,128,78,73,81,104,107,72,51,23
2026-06-06 18:28:19.010,75,130,134,128,83,65,81,100,115,72,46,43
2026-06-06 18:28:19.076,75,121,134,128,83,65,81,100,115,72,46,43
2026-06-06 18:28:19.076,75,121,123,128,83,65,81,100,115,72,46,43
2026-06-06 18:28:19.077,75,121,123,128,75,30,81,108,150,72,55,54
2026-06-06 18:28:19.143,75,111,123,128,75,30,81,108,150,72,55,54
2026-06-06 18:28:19.144,75,111,112,128,75,30,81,108,150,72,55,54
2026-06-06 18:28:19.144,75,111,112,128,66,18,81,117,162,72,65,65
2026-06-06 18:28:19.210,75,102,112,128,66,18,81,117,162,72,65,65
2026-06-06 18:28:19.210,75,102,102,128,66,18,81,117,162,72,65,65
2026-06-06 18:28:19.211,75,102,102,128,55,28,81,128,152,72,74,75
2026-06-06 18:28:19.276,75,102,124,128,55,28,81,128,152,72,74,75
2026-06-06 18:28:19.276,75,102,124,128,55,46,81,128,134,72,74,54
2026-06-06 18:28:19.343,75,110,124,128,55,46,81,128,134,72,74,54
2026-06-06 18:28:19.344,75,110,152,128,55,46,81,128,134,72,74,54
2026-06-06 18:28:19.344,75,110,152,128,64,57,81,118,123,72,66,25
2026-06-06 18:28:19.409,75,120,152,128,64,57,81,118,123,72,66,25
2026-06-06 18:28:19.409,75,120,159,128,64,57,81,118,123,72,66,25
2026-06-06 18:28:19.410,75,120,159,128,74,67,81,109,113,72,56,18
2026-06-06 18:28:19.476,75,131,159,128,74,67,81,109,113,72,56,18
2026-06-06 18:28:19.477,75,131,143,128,74,67,81,109,113,72,56,18
2026-06-06 18:28:19.478,75,131,143,128,83,78,81,100,102,72,45,34
2026-06-06 18:28:19.543,75,125,143,128,83,78,81,100,102,72,45,34
2026-06-06 18:28:19.544,75,125,128,128,83,78,81,100,102,72,45,34
2026-06-06 18:28:19.545,75,125,128,128,79,44,81,104,136,72,51,49
2026-06-06 18:28:19.610,75,116,128,128,79,44,81,104,136,72,51,49
2026-06-06 18:28:19.610,75,116,118,128,79,44,81,104,136,72,51,49
2026-06-06 18:28:19.610,75,116,118,128,71,21,81,112,159,72,60,59
2026-06-06 18:28:19.674,75,107,118,128,71,21,81,112,159,72,60,59
2026-06-06 18:28:19.675,75,107,107,128,71,21,81,112,159,72,60,59
2026-06-06 18:28:19.676,75,107,107,128,61,20,81,122,160,72,69,70
2026-06-06 18:28:19.742,75,98,107,128,61,20,81,122,160,72,69,70
2026-06-06 18:28:19.743,75,98,100,128,61,20,81,122,160,72,69,70
2026-06-06 18:28:19.744,75,98,100,128,51,41,81,132,139,72,78,77
2026-06-06 18:28:19.810,75,106,100,128,51,41,81,132,139,72,78,77
2026-06-06 18:28:19.811,75,106,141,128,51,41,81,132,139,72,78,77
2026-06-06 18:28:19.811,75,106,141,128,60,51,81,123,129,72,70,36
2026-06-06 18:28:19.877,75,115,141,128,60,51,81,123,129,72,70,36
2026-06-06 18:28:19.877,75,115,159,128,60,51,81,123,129,72,70,36
2026-06-06 18:28:19.878,75,115,159,128,69,62,81,114,118,72,61,18
2026-06-06 18:28:19.941,75,125,159,128,69,62,81,114,118,72,61,18
2026-06-06 18:28:19.941,75,125,154,128,69,62,81,114,118,72,61,18
2026-06-06 18:28:19.942,75,125,154,128,78,72,81,105,108,72,51,23
2026-06-06 18:28:20.008,75,130,154,128,78,72,81,105,108,72,51,23
2026-06-06 18:28:20.009,75,130,134,128,78,72,81,105,108,72,51,23
2026-06-06 18:28:20.010,75,130,134,128,83,65,81,100,115,72,46,43
2026-06-06 18:28:20.076,75,121,134,128,83,65,81,100,115,72,46,43
2026-06-06 18:28:20.076,75,121,123,128,83,65,81,100,115,72,46,43
2026-06-06 18:28:20.076,75,121,123,128,75,30,81,108,150,72,55,54
2026-06-06 18:28:20.142,75,111,123,128,75,30,81,108,150,72,55,54
2026-06-06 18:28:20.144,75,111,112,128,75,30,81,108,150,72,55,54
2026-06-06 18:28:20.144,75,111,112,128,66,18,81,117,162,72,65,65
2026-06-06 18:28:20.208,75,102,112,128,66,18,81,117,162,72,65,65
2026-06-06 18:28:20.210,75,102,102,128,66,18,81,117,162,72,65,65
2026-06-06 18:28:20.211,75,102,102,128,55,28,81,128,152,72,74,75
2026-06-06 18:28:20.277,75,102,124,128,55,28,81,128,152,72,74,75
2026-06-06 18:28:20.278,75,102,124,128,55,46,81,128,134,72,74,53
2026-06-06 18:28:20.343,75,110,124,128,55,46,81,128,134,72,74,53
2026-06-06 18:28:20.343,75,110,152,128,55,46,81,128,134,72,74,53
2026-06-06 18:28:20.343,75,110,152,128,64,57,81,118,123,72,66,25
2026-06-06 18:28:20.410,75,120,152,128,64,57,81,118,123,72,66,25
2026-06-06 18:28:20.411,75,120,159,128,64,57,81,118,123,72,66,25
2026-06-06 18:28:20.411,75,120,159,128,74,67,81,109,113,72,56,18
2026-06-06 18:28:20.476,75,131,159,128,74,67,81,109,113,72,56,18
2026-06-06 18:28:20.477,75,131,142,128,74,67,81,109,113,72,56,18
2026-06-06 18:28:20.478,75,131,142,128,83,78,81,100,102,72,45,35
2026-06-06 18:28:20.544,75,125,142,128,83,78,81,100,102,72,45,35
2026-06-06 18:28:20.545,75,125,128,128,83,78,81,100,102,72,45,35
2026-06-06 18:28:20.545,75,125,128,128,79,44,81,104,136,72,51,49
2026-06-06 18:28:20.611,75,116,128,128,79,44,81,104,136,72,51,49
2026-06-06 18:28:20.612,75,116,118,128,79,44,81,104,136,72,51,49
2026-06-06 18:28:20.612,75,116,118,128,70,20,81,113,160,72,60,60
2026-06-06 18:28:20.676,75,107,118,128,70,20,81,113,160,72,60,60
2026-06-06 18:28:20.677,75,107,107,128,70,20,81,113,160,72,60,60
2026-06-06 18:28:20.677,75,107,107,128,61,20,81,122,160,72,69,70
2026-06-06 18:28:20.742,75,98,107,128,61,20,81,122,160,72,69,70
2026-06-06 18:28:20.743,75,98,100,128,61,20,81,122,160,72,69,70
2026-06-06 18:28:20.744,75,98,100,128,51,41,81,132,139,72,78,77
2026-06-06 18:28:20.809,75,106,100,128,51,41,81,132,139,72,78,77
2026-06-06 18:28:20.810,75,106,141,128,51,41,81,132,139,72,78,77
2026-06-06 18:28:20.811,75,106,141,128,60,51,81,123,129,72,70,36
2026-06-06 18:28:20.876,75,115,141,128,60,51,81,123,129,72,70,36
2026-06-06 18:28:20.877,75,115,159,128,60,51,81,123,129,72,70,36
2026-06-06 18:28:20.877,75,115,159,128,69,62,81,114,118,72,61,18
2026-06-06 18:28:20.943,75,125,159,128,69,62,81,114,118,72,61,18
2026-06-06 18:28:20.943,75,125,154,128,69,62,81,114,118,72,61,18
2026-06-06 18:28:20.944,75,125,154,128,79,73,81,104,107,72,51,24
2026-06-06 18:28:21.009,75,130,154,128,79,73,81,104,107,72,51,24
2026-06-06 18:28:21.010,75,130,134,128,79,73,81,104,107,72,51,24
2026-06-06 18:28:21.011,75,130,134,128,83,64,81,100,116,72,46,43
2026-06-06 18:28:21.074,75,121,134,128,83,64,81,100,116,72,46,43
2026-06-06 18:28:21.075,75,121,123,128,83,64,81,100,116,72,46,43
2026-06-06 18:28:21.076,75,121,123,128,75,30,81,108,150,72,55,54
2026-06-06 18:28:21.142,75,112,123,128,75,30,81,108,150,72,55,54
2026-06-06 18:28:21.143,75,112,112,128,75,30,81,108,150,72,55,54
2026-06-06 18:28:21.144,75,112,112,128,66,18,81,117,162,72,64,65
2026-06-06 18:28:21.210,75,102,112,128,66,18,81,117,162,72,64,65
2026-06-06 18:28:21.211,75,102,102,128,66,18,81,117,162,72,64,65
2026-06-06 18:28:21.211,75,102,102,128,55,28,81,128,152,72,74,76
2026-06-06 18:28:21.277,75,102,124,128,55,28,81,128,152,72,74,76
2026-06-06 18:28:21.278,75,102,124,128,55,46,81,128,134,72,74,53
2026-06-06 18:28:21.341,75,110,124,128,55,46,81,128,134,72,74,53
2026-06-06 18:28:21.341,75,110,152,128,55,46,81,128,134,72,74,53
2026-06-06 18:28:21.342,75,110,152,128,64,56,81,119,124,72,66,25
2026-06-06 18:28:21.410,75,120,152,128,64,56,81,119,124,72,66,25
2026-06-06 18:28:21.411,75,120,159,128,64,56,81,119,124,72,66,25
2026-06-06 18:28:21.411,75,120,159,128,74,67,81,109,113,72,56,18
2026-06-06 18:28:21.474,75,131,159,128,74,67,81,109,113,72,56,18
2026-06-06 18:28:21.475,75,131,143,128,74,67,81,109,113,72,56,18
2026-06-06 18:28:21.477,75,131,143,128,83,78,81,100,102,72,45,34
2026-06-06 18:28:21.543,75,125,143,128,83,78,81,100,102,72,45,34
2026-06-06 18:28:21.543,75,125,128,128,83,78,81,100,102,72,45,34
2026-06-06 18:28:21.543,75,125,128,128,79,44,81,104,136,72,51,49
2026-06-06 18:28:21.610,75,116,128,128,79,44,81,104,136,72,51,49
2026-06-06 18:28:21.611,75,116,118,128,79,44,81,104,136,72,51,49
2026-06-06 18:28:21.611,75,116,118,128,70,21,81,112,159,72,60,59
2026-06-06 18:28:21.674,75,107,118,128,70,21,81,112,159,72,60,59
2026-06-06 18:28:21.675,75,107,107,128,70,21,81,112,159,72,60,59
2026-06-06 18:28:21.676,75,107,107,128,61,20,81,122,160,72,69,70
2026-06-06 18:28:21.743,75,98,107,128,61,20,81,122,160,72,69,70
2026-06-06 18:28:21.744,75,98,100,128,61,20,81,122,160,72,69,70
2026-06-06 18:28:21.744,75,98,100,128,50,41,81,132,139,72,78,77
2026-06-06 18:28:21.809,75,106,100,128,50,41,81,132,139,72,78,77
2026-06-06 18:28:21.809,75,106,141,128,50,41,81,132,139,72,78,77
2026-06-06 18:28:21.810,75,106,141,128,60,51,81,123,129,72,70,36
2026-06-06 18:28:21.876,75,115,141,128,60,51,81,123,129,72,70,36
2026-06-06 18:28:21.876,75,115,159,128,60,51,81,123,129,72,70,36
2026-06-06 18:28:21.877,75,115,159,128,69,62,81,114,118,72,61,18
2026-06-06 18:28:21.944,75,125,159,128,69,62,81,114,118,72,61,18
2026-06-06 18:28:21.944,75,125,153,128,69,62,81,114,118,72,61,18
2026-06-06 18:28:21.944,75,125,153,128,79,73,81,104,107,72,51,24
2026-06-06 18:28:22.010,75,130,153,128,79,73,81,104,107,72,51,24
2026-06-06 18:28:22.011,75,130,134,128,79,73,81,104,107,72,51,24
2026-06-06 18:28:22.011,75,130,134,128,83,64,81,100,116,72,46,44
2026-06-06 18:28:22.076,75,121,134,128,83,64,81,100,116,72,46,44
2026-06-06 18:28:22.077,75,121,123,128,83,64,81,100,116,72,46,44
2026-06-06 18:28:22.077,75,121,123,128,75,30,81,108,150,72,55,54
2026-06-06 18:28:22.141,75,112,123,128,75,30,81,108,150,72,55,54
2026-06-06 18:28:22.142,75,112,113,128,75,30,81,108,150,72,55,54
2026-06-06 18:28:22.143,75,112,113,128,66,18,81,117,162,72,64,64
2026-06-06 18:28:22.208,75,102,113,128,66,18,81,117,162,72,64,64
2026-06-06 18:28:22.209,75,102,102,128,66,18,81,117,162,72,64,64
2026-06-06 18:28:22.209,75,102,102,128,55,28,81,128,152,72,74,75
2026-06-06 18:28:22.274,75,102,123,128,55,28,81,128,152,72,74,75
2026-06-06 18:28:22.276,75,102,123,128,55,46,81,128,134,72,74,54
2026-06-06 18:28:22.344,75,110,123,128,55,46,81,128,134,72,74,54
2026-06-06 18:28:22.344,75,110,153,128,55,46,81,128,134,72,74,54
2026-06-06 18:28:22.345,75,110,153,128,65,57,81,118,123,72,66,24
2026-06-06 18:28:22.411,75,120,153,128,65,57,81,118,123,72,66,24
2026-06-06 18:28:22.411,75,120,159,128,65,57,81,118,123,72,66,24
2026-06-06 18:28:22.412,75,120,159,128,74,67,81,109,113,72,56,18
2026-06-06 18:28:22.476,75,131,159,128,74,67,81,109,113,72,56,18
2026-06-06 18:28:22.476,75,131,143,128,74,67,81,109,113,72,56,18
2026-06-06 18:28:22.476,75,131,143,128,83,78,81,100,102,72,45,34
2026-06-06 18:28:22.543,75,125,143,128,83,78,81,100,102,72,45,34
2026-06-06 18:28:22.544,75,125,128,128,83,78,81,100,102,72,45,34
2026-06-06 18:28:22.544,75,125,128,128,79,44,81,104,136,72,51,49
2026-06-06 18:28:22.608,75,116,128,128,79,44,81,104,136,72,51,49
2026-06-06 18:28:22.608,75,116,118,128,79,44,81,104,136,72,51,49
2026-06-06 18:28:22.609,75,116,118,128,71,21,81,112,159,72,60,59
2026-06-06 18:28:22.676,75,107,118,128,71,21,81,112,159,72,60,59
2026-06-06 18:28:22.676,75,107,107,128,71,21,81,112,159,72,60,59
2026-06-06 18:28:22.676,75,107,107,128,61,20,81,122,160,72,69,70
2026-06-06 18:28:22.743,75,98,107,128,61,20,81,122,160,72,69,70
2026-06-06 18:28:22.743,75,98,101,128,61,20,81,122,160,72,69,70
2026-06-06 18:28:22.745,75,98,101,128,51,41,81,132,139,72,78,76
2026-06-06 18:28:22.809,75,106,101,128,51,41,81,132,139,72,78,76
2026-06-06 18:28:22.810,75,106,141,128,51,41,81,132,139,72,78,76
2026-06-06 18:28:22.811,75,106,141,128,60,51,81,123,129,72,70,36
2026-06-06 18:28:22.876,75,115,141,128,60,51,81,123,129,72,70,36
2026-06-06 18:28:22.877,75,115,159,128,60,51,81,123,129,72,70,36
2026-06-06 18:28:22.877,75,115,159,128,69,62,81,114,118,72,61,18
2026-06-06 18:28:22.942,75,125,159,128,69,62,81,114,118,72,61,18
2026-06-06 18:28:22.942,75,125,154,128,69,62,81,114,118,72,61,18
2026-06-06 18:28:22.943,75,125,154,128,78,72,81,104,108,72,51,23
2026-06-06 18:28:23.010,75,130,154,128,78,72,81,104,108,72,51,23
2026-06-06 18:28:23.011,75,130,134,128,78,72,81,104,108,72,51,23
2026-06-06 18:28:23.011,75,130,134,128,83,64,81,100,116,72,46,43
2026-06-06 18:28:23.076,75,121,134,128,83,64,81,100,116,72,46,43
2026-06-06 18:28:23.076,75,121,123,128,83,64,81,100,116,72,46,43
2026-06-06 18:28:23.077,75,121,123,128,75,30,81,108,150,72,55,54
2026-06-06 18:28:23.142,75,111,123,128,75,30,81,108,150,72,55,54
2026-06-06 18:28:23.143,75,111,112,128,75,30,81,108,150,72,55,54
2026-06-06 18:28:23.144,75,111,112,128,66,18,81,117,162,72,65,65
2026-06-06 18:28:23.209,75,102,112,128,66,18,81,117,162,72,65,65
2026-06-06 18:28:23.209,75,102,102,128,66,18,81,117,162,72,65,65
2026-06-06 18:28:23.211,75,102,102,128,55,28,81,128,152,72,74,75
2026-06-06 18:28:23.276,75,102,123,128,55,28,81,128,152,72,74,75
2026-06-06 18:28:23.276,75,102,123,128,55,46,81,128,134,72,74,54
2026-06-06 18:28:23.342,75,110,123,128,55,46,81,128,134,72,74,54
2026-06-06 18:28:23.343,75,110,152,128,55,46,81,128,134,72,74,54
2026-06-06 18:28:23.344,75,110,152,128,64,57,81,118,123,72,66,25
2026-06-06 18:28:23.410,75,120,152,128,64,57,81,118,123,72,66,25
2026-06-06 18:28:23.411,75,120,159,128,64,57,81,118,123,72,66,25
2026-06-06 18:28:23.412,75,120,159,128,74,67,81,109,113,72,56,18
2026-06-06 18:28:23.476,75,131,159,128,74,67,81,109,113,72,56,18
2026-06-06 18:28:23.477,75,131,143,128,74,67,81,109,113,72,56,18
2026-06-06 18:28:23.477,75,131,143,128,83,78,81,100,102,72,45,34
2026-06-06 18:28:23.543,75,125,143,128,83,78,81,100,102,72,45,34
2026-06-06 18:28:23.543,75,125,128,128,83,78,81,100,102,72,45,34
2026-06-06 18:28:23.544,75,125,128,128,79,44,81,104,136,72,51,49
2026-06-06 18:28:23.608,75,116,128,128,79,44,81,104,136,72,51,49
2026-06-06 18:28:23.608,75,116,118,128,79,44,81,104,136,72,51,49
2026-06-06 18:28:23.609,75,116,118,128,71,21,81,112,159,72,60,59
2026-06-06 18:28:23.676,75,107,118,128,71,21,81,112,159,72,60,59
2026-06-06 18:28:23.676,75,107,107,128,71,21,81,112,159,72,60,59
2026-06-06 18:28:23.677,75,107,107,128,61,20,81,122,160,72,69,70
2026-06-06 18:28:23.743,75,98,107,128,61,20,81,122,160,72,69,70
2026-06-06 18:28:23.743,75,98,100,128,61,20,81,122,160,72,69,70
2026-06-06 18:28:23.744,75,98,100,128,51,41,81,132,139,72,78,77
2026-06-06 18:28:23.808,75,106,100,128,51,41,81,132,139,72,78,77
2026-06-06 18:28:23.809,75,106,140,128,51,41,81,132,139,72,78,77
2026-06-06 18:28:23.810,75,106,140,128,60,51,81,123,129,72,70,36
2026-06-06 18:28:23.876,75,115,140,128,60,51,81,123,129,72,70,36
2026-06-06 18:28:23.877,75,115,159,128,60,51,81,123,129,72,70,36
2026-06-06 18:28:23.878,75,115,159,128,69,62,81,114,118,72,61,18
2026-06-06 18:28:23.943,75,125,159,128,69,62,81,114,118,72,61,18
2026-06-06 18:28:23.944,75,125,153,128,69,62,81,114,118,72,61,18
2026-06-06 18:28:23.944,75,125,153,128,79,73,81,104,107,72,51,24
2026-06-06 18:28:24.009,75,130,153,128,79,73,81,104,107,72,51,24
2026-06-06 18:28:24.010,75,130,134,128,79,73,81,104,107,72,51,24
2026-06-06 18:28:24.010,75,130,134,128,83,65,81,100,115,72,46,43
2026-06-06 18:28:24.077,75,121,134,128,83,65,81,100,115,72,46,43
2026-06-06 18:28:24.077,75,121,123,128,83,65,81,100,115,72,46,43
2026-06-06 18:28:24.078,75,121,123,128,75,30,81,108,150,72,55,54
2026-06-06 18:28:24.144,75,111,123,128,75,30,81,108,150,72,55,54
2026-06-06 18:28:24.144,75,111,112,128,75,30,81,108,150,72,55,54
2026-06-06 18:28:24.144,75,111,112,128,66,18,81,117,162,72,65,65
2026-06-06 18:28:24.208,75,102,112,128,66,18,81,117,162,72,65,65
2026-06-06 18:28:24.209,75,102,102,128,66,18,81,117,162,72,65,65
2026-06-06 18:28:24.209,75,102,102,128,55,28,81,128,152,72,74,75
2026-06-06 18:28:24.275,75,102,123,128,55,28,81,128,152,72,74,75
2026-06-06 18:28:24.276,75,102,123,128,55,46,81,128,134,72,74,54
2026-06-06 18:28:24.343,75,110,123,128,55,46,81,128,134,72,74,54
2026-06-06 18:28:24.344,75,110,153,128,55,46,81,128,134,72,74,54
2026-06-06 18:28:24.344,75,110,153,128,65,57,81,118,123,72,66,24
2026-06-06 18:28:24.410,75,120,153,128,65,57,81,118,123,72,66,24
2026-06-06 18:28:24.411,75,120,159,128,65,57,81,118,123,72,66,24
2026-06-06 18:28:24.411,75,120,159,128,74,67,81,109,113,72,56,18
2026-06-06 18:28:24.475,75,131,159,128,74,67,81,109,113,72,56,18
2026-06-06 18:28:24.475,75,131,143,128,74,67,81,109,113,72,56,18
2026-06-06 18:28:24.476,75,131,143,128,83,78,81,100,102,72,45,34
2026-06-06 18:28:24.543,75,125,143,128,83,78,81,100,102,72,45,34
2026-06-06 18:28:24.544,75,125,128,128,83,78,81,100,102,72,45,34
2026-06-06 18:28:24.544,75,125,128,128,79,44,81,104,136,72,51,49
2026-06-06 18:28:24.609,75,116,128,128,79,44,81,104,136,72,51,49
2026-06-06 18:28:24.610,75,116,118,128,79,44,81,104,136,72,51,49
2026-06-06 18:28:24.611,75,116,118,128,71,21,81,112,159,72,60,59
2026-06-06 18:28:24.676,75,107,118,128,71,21,81,112,159,72,60,59
2026-06-06 18:28:24.676,75,107,107,128,71,21,81,112,159,72,60,59
2026-06-06 18:28:24.677,75,107,107,128,61,20,81,122,160,72,69,70
2026-06-06 18:28:24.743,75,98,107,128,61,20,81,122,160,72,69,70
2026-06-06 18:28:24.743,75,98,100,128,61,20,81,122,160,72,69,70
2026-06-06 18:28:24.743,75,98,100,128,50,41,81,132,139,72,78,77
2026-06-06 18:28:24.809,75,106,100,128,50,41,81,132,139,72,78,77
2026-06-06 18:28:24.810,75,106,141,128,50,41,81,132,139,72,78,77
2026-06-06 18:28:24.811,75,106,141,128,60,51,81,123,129,72,70,36
2026-06-06 18:28:24.876,75,115,141,128,60,51,81,123,129,72,70,36
2026-06-06 18:28:24.877,75,115,159,128,60,51,81,123,129,72,70,36
2026-06-06 18:28:24.877,75,115,159,128,69,62,81,114,118,72,61,18
2026-06-06 18:28:24.941,75,125,159,128,69,62,81,114,118,72,61,18
2026-06-06 18:28:24.941,75,125,154,128,69,62,81,114,118,72,61,18
2026-06-06 18:28:24.942,75,125,154,128,78,72,81,105,108,72,51,23
2026-06-06 18:28:25.010,75,130,154,128,78,72,81,105,108,72,51,23
2026-06-06 18:28:25.010,75,130,134,128,78,72,81,105,108,72,51,23
2026-06-06 18:28:25.010,75,130,134,128,83,64,81,100,116,72,46,43
2026-06-06 18:28:25.077,75,121,134,128,83,64,81,100,116,72,46,43
2026-06-06 18:28:25.077,75,121,123,128,83,64,81,100,116,72,46,43
2026-06-06 18:28:25.078,75,121,123,128,75,30,81,108,150,72,55,54
2026-06-06 18:28:25.141,75,112,123,128,75,30,81,108,150,72,55,54
2026-06-06 18:28:25.141,75,112,113,128,75,30,81,108,150,72,55,54
2026-06-06 18:28:25.142,75,112,113,128,66,18,81,117,162,72,64,64
2026-06-06 18:28:25.209,75,102,113,128,66,18,81,117,162,72,64,64
2026-06-06 18:28:25.210,75,102,102,128,66,18,81,117,162,72,64,64
2026-06-06 18:28:25.210,75,102,102,128,55,28,81,128,152,72,74,75
2026-06-06 18:28:25.276,75,102,124,128,55,28,81,128,152,72,74,75
2026-06-06 18:28:25.278,75,102,124,128,55,46,81,128,134,72,74,53
2026-06-06 18:28:25.343,75,110,124,128,55,46,81,128,134,72,74,53
2026-06-06 18:28:25.344,75,110,152,128,55,46,81,128,134,72,74,53
2026-06-06 18:28:25.344,75,110,152,128,64,57,81,118,123,72,66,24
2026-06-06 18:28:25.410,75,120,152,128,64,57,81,118,123,72,66,24
2026-06-06 18:28:25.411,75,120,159,128,64,57,81,118,123,72,66,24
2026-06-06 18:28:25.411,75,120,159,128,74,67,81,109,113,72,56,18
2026-06-06 18:28:25.474,75,131,159,128,74,67,81,109,113,72,56,18
2026-06-06 18:28:25.475,75,131,143,128,74,67,81,109,113,72,56,18
2026-06-06 18:28:25.477,75,131,143,128,83,78,81,100,102,72,45,34
2026-06-06 18:28:25.542,75,126,143,128,83,78,81,100,102,72,45,34
2026-06-06 18:28:25.543,75,126,128,128,83,78,81,100,102,72,45,34
2026-06-06 18:28:25.544,75,126,128,128,79,44,81,104,136,72,50,49
2026-06-06 18:28:25.610,75,116,128,128,79,44,81,104,136,72,50,49
2026-06-06 18:28:25.610,75,116,118,128,79,44,81,104,136,72,50,49
2026-06-06 18:28:25.611,75,116,118,128,70,21,81,112,159,72,60,59
2026-06-06 18:28:25.674,75,107,118,128,70,21,81,112,159,72,60,59
2026-06-06 18:28:25.676,75,107,107,128,70,21,81,112,159,72,60,59
2026-06-06 18:28:25.676,75,107,107,128,61,20,81,122,160,72,69,70
2026-06-06 18:28:25.741,75,98,107,128,61,20,81,122,160,72,69,70
2026-06-06 18:28:25.741,75,98,99,128,61,20,81,122,160,72,69,70
2026-06-06 18:28:25.742,75,98,99,128,50,40,81,133,140,72,78,78
2026-06-06 18:28:25.810,75,106,99,128,50,40,81,133,140,72,78,78
2026-06-06 18:28:25.810,75,106,141,128,50,40,81,133,140,72,78,78
2026-06-06 18:28:25.811,75,106,141,128,60,52,81,123,128,72,70,36
2026-06-06 18:28:25.876,75,115,141,128,60,52,81,123,128,72,70,36
2026-06-06 18:28:25.878,75,115,159,128,60,52,81,123,128,72,70,36
2026-06-06 18:28:25.878,75,115,159,128,69,62,81,114,118,72,61,18
2026-06-06 18:28:25.942,75,125,159,128,69,62,81,114,118,72,61,18
2026-06-06 18:28:25.942,75,125,154,128,69,62,81,114,118,72,61,18
2026-06-06 18:28:25.944,75,125,154,128,78,72,81,105,108,72,51,23
2026-06-06 18:28:26.006,75,130,154,128,78,72,81,105,108,72,51,23
2026-06-06 18:28:26.008,75,130,134,128,78,72,81,105,108,72,51,23
2026-06-06 18:28:26.008,75,130,134,128,83,66,81,100,114,72,46,43
2026-06-06 18:28:26.076,75,121,134,128,83,66,81,100,114,72,46,43
2026-06-06 18:28:26.077,75,121,123,128,83,66,81,100,114,72,46,43
2026-06-06 18:28:26.077,75,121,123,128,75,30,81,108,150,72,55,54
2026-06-06 18:28:26.141,75,112,123,128,75,30,81,108,150,72,55,54
2026-06-06 18:28:26.142,75,112,112,128,75,30,81,108,150,72,55,54
2026-06-06 18:28:26.143,75,112,112,128,66,18,81,117,162,72,64,64
2026-06-06 18:28:26.209,75,102,112,128,66,18,81,117,162,72,64,64
2026-06-06 18:28:26.210,75,102,102,128,66,18,81,117,162,72,64,64
2026-06-06 18:28:26.211,75,102,102,128,55,28,81,128,152,72,74,75
2026-06-06 18:28:26.276,75,102,124,128,55,28,81,128,152,72,74,75
2026-06-06 18:28:26.277,75,102,124,128,55,46,81,128,134,72,74,54
2026-06-06 18:28:26.343,75,110,124,128,55,46,81,128,134,72,74,54
2026-06-06 18:28:26.343,75,110,152,128,55,46,81,128,134,72,74,54
2026-06-06 18:28:26.344,75,110,152,128,65,57,81,118,123,72,66,24
2026-06-06 18:28:26.409,75,120,152,128,65,57,81,118,123,72,66,24
2026-06-06 18:28:26.409,75,120,159,128,65,57,81,118,123,72,66,24
2026-06-06 18:28:26.410,75,120,159,128,74,67,81,109,113,72,56,18
2026-06-06 18:28:26.474,75,131,159,128,74,67,81,109,113,72,56,18
2026-06-06 18:28:26.475,75,131,143,128,74,67,81,109,113,72,56,18
2026-06-06 18:28:26.476,75,131,143,128,83,78,81,100,102,72,45,34
2026-06-06 18:28:26.543,75,125,143,128,83,78,81,100,102,72,45,34
2026-06-06 18:28:26.544,75,125,128,128,83,78,81,100,102,72,45,34
2026-06-06 18:28:26.545,75,125,128,128,79,44,81,104,136,72,51,49
2026-06-06 18:28:26.609,75,116,128,128,79,44,81,104,136,72,51,49
2026-06-06 18:28:26.610,75,116,118,128,79,44,81,104,136,72,51,49
2026-06-06 18:28:26.610,75,116,118,128,71,21,81,112,159,72,60,59
2026-06-06 18:28:26.673,75,107,118,128,71,21,81,112,159,72,60,59
2026-06-06 18:28:26.673,75,107,108,128,71,21,81,112,159,72,60,59
2026-06-06 18:28:26.674,75,107,108,128,61,20,81,122,160,72,69,69
2026-06-06 18:28:26.735,75,98,108,128,61,20,81,122,160,72,69,69
2026-06-06 18:28:26.736,75,98,97,128,61,20,81,122,160,72,69,69
2026-06-06 18:28:26.737,75,98,97,128,50,39,81,132,141,72,78,80
2026-06-06 18:28:26.802,75,105,97,128,50,39,81,132,141,72,78,80
2026-06-06 18:28:26.802,75,105,138,128,50,39,81,132,141,72,78,80
2026-06-06 18:28:26.803,75,105,138,128,59,50,81,124,130,72,71,39
2026-06-06 18:28:26.875,75,115,138,128,59,50,81,124,130,72,71,39
2026-06-06 18:28:26.876,75,115,159,128,59,50,81,124,130,72,71,39
2026-06-06 18:28:26.876,75,115,159,128,69,62,81,114,118,72,61,18
2026-06-06 18:28:26.939,75,125,159,128,69,62,81,114,118,72,61,18
2026-06-06 18:28:26.939,75,125,154,128,69,62,81,114,118,72,61,18
2026-06-06 18:28:26.940,75,125,154,128,78,72,81,105,108,72,51,23
2026-06-06 18:28:27.016,75,129,154,128,78,72,81,105,108,72,51,23
2026-06-06 18:28:27.016,75,129,133,128,78,72,81,105,108,72,51,23
2026-06-06 18:28:27.017,75,129,133,128,82,60,81,101,120,72,47,44
2026-06-06 18:28:27.092,75,118,133,128,82,60,81,101,120,72,47,44
2026-06-06 18:28:27.092,75,118,120,128,82,60,81,101,120,72,47,44
2026-06-06 18:28:27.093,75,118,120,128,73,25,81,110,155,72,58,57
2026-06-06 18:28:27.155,75,110,120,128,73,25,81,110,155,72,58,57
2026-06-06 18:28:27.155,75,110,110,128,73,25,81,110,155,72,58,57
2026-06-06 18:28:27.156,75,110,110,128,64,18,81,119,162,72,66,67
2026-06-06 18:28:27.219,75,101,110,128,64,18,81,119,162,72,66,67
2026-06-06 18:28:27.219,75,101,100,128,64,18,81,119,162,72,66,67
2026-06-06 18:28:27.220,75,101,100,128,53,32,81,130,148,72,75,77
2026-06-06 18:28:27.282,75,103,100,128,53,32,81,130,148,72,75,77
2026-06-06 18:28:27.282,75,103,127,128,53,32,81,130,148,72,75,77
2026-06-06 18:28:27.284,75,103,127,128,56,47,81,127,133,72,73,50
2026-06-06 18:28:27.346,75,111,127,128,56,47,81,127,133,72,73,50
2026-06-06 18:28:27.347,75,111,153,128,56,47,81,127,133,72,73,50
2026-06-06 18:28:27.347,75,111,153,128,65,57,81,118,123,72,65,24
2026-06-06 18:28:27.408,75,120,153,128,65,57,81,118,123,72,65,24
2026-06-06 18:28:27.409,75,120,159,128,65,57,81,118,123,72,65,24
2026-06-06 18:28:27.410,75,120,159,128,74,67,81,109,113,72,56,18
2026-06-06 18:28:27.472,75,130,159,128,74,67,81,109,113,72,56,18
2026-06-06 18:28:27.472,75,130,144,128,74,67,81,109,113,72,56,18
2026-06-06 18:28:27.473,75,130,144,128,83,78,81,100,102,72,46,33
2026-06-06 18:28:27.535,75,126,144,128,83,78,81,100,102,72,46,33
2026-06-06 18:28:27.536,75,126,130,128,83,78,81,100,102,72,46,33
2026-06-06 18:28:27.536,75,126,130,128,80,48,81,103,132,72,50,47
2026-06-06 18:28:27.598,75,118,130,128,80,48,81,103,132,72,50,47
2026-06-06 18:28:27.598,75,118,119,128,80,48,81,103,132,72,50,47
2026-06-06 18:28:27.599,75,118,119,128,72,23,81,111,157,72,58,58
2026-06-06 18:28:27.661,75,109,119,128,72,23,81,111,157,72,58,58
2026-06-06 18:28:27.662,75,109,109,128,72,23,81,111,157,72,58,58
2026-06-06 18:28:27.663,75,109,109,128,63,18,81,120,162,72,67,68
2026-06-06 18:28:27.724,75,100,109,128,63,18,81,120,162,72,67,68
2026-06-06 18:28:27.725,75,100,99,128,63,18,81,120,162,72,67,68
2026-06-06 18:28:27.726,75,100,99,128,52,34,81,131,146,72,76,78
2026-06-06 18:28:27.787,75,103,99,128,52,34,81,131,146,72,76,78
2026-06-06 18:28:27.788,75,103,130,128,52,34,81,131,146,72,76,78
2026-06-06 18:28:27.788,75,103,130,128,57,48,81,126,132,72,73,47
2026-06-06 18:28:27.851,75,111,130,128,57,48,81,126,132,72,73,47
2026-06-06 18:28:27.851,75,111,155,128,57,48,81,126,132,72,73,47
2026-06-06 18:28:27.852,75,111,155,128,66,58,81,117,122,72,65,22
2026-06-06 18:28:27.918,75,121,155,128,66,58,81,117,122,72,65,22
2026-06-06 18:28:27.919,75,121,158,128,66,58,81,117,122,72,65,22
2026-06-06 18:28:27.920,75,121,158,128,75,69,81,108,111,72,55,19
2026-06-06 18:28:27.990,75,132,158,128,75,69,81,108,111,72,55,19
2026-06-06 18:28:27.992,75,132,136,128,75,69,81,108,111,72,55,19
2026-06-06 18:28:27.993,75,132,136,128,85,77,81,98,103,72,44,40
2026-06-06 18:28:28.055,75,124,136,128,85,77,81,98,103,72,44,40
2026-06-06 18:28:28.056,75,124,126,128,85,77,81,98,103,72,44,40
2026-06-06 18:28:28.056,75,124,126,128,78,38,81,105,142,72,52,51
2026-06-06 18:28:28.125,75,114,126,128,78,38,81,105,142,72,52,51
2026-06-06 18:28:28.125,75,114,115,128,78,38,81,105,142,72,52,51
2026-06-06 18:28:28.126,75,114,115,128,68,18,81,115,162,72,62,62
2026-06-06 18:28:28.192,75,105,115,128,68,18,81,115,162,72,62,62
2026-06-06 18:28:28.193,75,105,104,128,68,18,81,115,162,72,62,62
2026-06-06 18:28:28.194,75,105,104,128,58,23,81,125,157,72,71,72
2026-06-06 18:28:28.257,75,100,104,128,58,23,81,125,157,72,71,72
2026-06-06 18:28:28.258,75,100,111,128,58,23,81,125,157,72,71,72
2026-06-06 18:28:28.259,75,100,111,128,53,43,81,130,137,72,76,66
2026-06-06 18:28:28.327,75,108,111,128,53,43,81,130,137,72,76,66
2026-06-06 18:28:28.327,75,108,148,128,53,43,81,130,137,72,76,66
2026-06-06 18:28:28.327,75,108,148,128,62,54,81,121,126,72,68,29
2026-06-06 18:28:28.395,75,117,148,128,62,54,81,121,126,72,68,29
2026-06-06 18:28:28.396,75,117,160,128,62,54,81,121,126,72,68,29
2026-06-06 18:28:28.396,75,117,160,128,72,65,81,111,115,72,59,18
2026-06-06 18:28:28.459,75,128,160,128,72,65,81,111,115,72,59,18
2026-06-06 18:28:28.461,75,128,149,128,72,65,81,111,115,72,59,18
2026-06-06 18:28:28.461,75,128,149,128,81,75,81,102,105,72,48,28
2026-06-06 18:28:28.524,75,128,131,128,81,75,81,102,105,72,48,28
2026-06-06 18:28:28.525,75,128,131,128,81,55,81,102,125,72,48,46
2026-06-06 18:28:28.593,75,118,131,128,81,55,81,102,125,72,48,46
2026-06-06 18:28:28.594,75,118,120,128,81,55,81,102,125,72,48,46
2026-06-06 18:28:28.594,75,118,120,128,73,24,81,110,156,72,58,57
2026-06-06 18:28:28.659,75,109,120,128,73,24,81,110,156,72,58,57
2026-06-06 18:28:28.660,75,109,110,128,73,24,81,110,156,72,58,57
2026-06-06 18:28:28.661,75,109,110,128,63,18,81,120,162,72,67,67
2026-06-06 18:28:28.724,75,100,110,128,63,18,81,120,162,72,67,67
2026-06-06 18:28:28.724,75,100,99,128,63,18,81,120,162,72,67,67
2026-06-06 18:28:28.725,75,100,99,128,53,34,81,130,146,72,76,78
2026-06-06 18:28:28.788,75,103,99,128,53,34,81,130,146,72,76,78
2026-06-06 18:28:28.789,75,103,131,128,53,34,81,130,146,72,76,78
2026-06-06 18:28:28.789,75,103,131,128,57,48,81,126,132,72,73,46
2026-06-06 18:28:28.852,75,111,131,128,57,48,81,126,132,72,73,46
2026-06-06 18:28:28.852,75,111,155,128,57,48,81,126,132,72,73,46
2026-06-06 18:28:28.853,75,111,155,128,66,58,81,117,122,72,65,22
2026-06-06 18:28:28.925,75,122,155,128,66,58,81,117,122,72,65,22
2026-06-06 18:28:28.926,75,122,157,128,66,58,81,117,122,72,65,22
2026-06-06 18:28:28.928,75,122,157,128,76,70,81,107,110,72,54,20
2026-06-06 18:28:28.993,75,132,157,128,76,70,81,107,110,72,54,20
2026-06-06 18:28:28.993,75,132,136,128,76,70,81,107,110,72,54,20
2026-06-06 18:28:28.994,75,132,136,128,85,77,81,98,103,72,44,41
2026-06-06 18:28:29.060,75,123,136,128,85,77,81,98,103,72,44,41
2026-06-06 18:28:29.061,75,123,126,128,85,77,81,98,103,72,44,41
2026-06-06 18:28:29.061,75,123,126,128,77,36,81,106,144,72,53,51
2026-06-06 18:28:29.141,75,123,126,128,77,37,81,106,143,72,53,51
2026-06-06 18:28:29.171,75,123,125,128,77,37,81,106,143,72,53,51
2026-06-06 18:28:29.172,75,123,125,128,76,37,81,107,143,72,53,52
2026-06-06 18:28:29.202,75,124,125,128,76,37,81,107,143,72,53,52
2026-06-06 18:28:29.203,75,124,125,128,75,38,81,108,142,72,52,52
2026-06-06 18:28:29.261,75,124,125,128,74,39,81,109,141,72,52,52
2026-06-06 18:28:29.293,75,124,125,128,73,39,81,110,141,72,52,52
2026-06-06 18:28:29.325,75,124,125,128,72,40,81,111,140,72,52,52
2026-06-06 18:28:29.358,75,124,125,128,72,41,81,111,139,72,52,52
2026-06-06 18:28:29.391,75,124,125,128,71,41,81,112,139,72,52,52
2026-06-06 18:28:29.425,75,125,125,128,71,41,81,112,139,72,52,52
2026-06-06 18:28:29.426,75,125,124,128,71,41,81,112,139,72,52,52
2026-06-06 18:28:29.426,75,125,124,128,70,42,81,113,138,72,51,53
2026-06-06 18:28:29.459,75,125,124,128,70,43,81,113,137,72,51,53
2026-06-06 18:28:29.493,75,125,124,128,69,43,81,114,137,72,51,53
2026-06-06 18:28:29.527,75,125,124,128,68,44,81,115,136,72,51,53
2026-06-06 18:28:29.559,75,125,124,128,67,44,81,116,136,72,51,53
2026-06-06 18:28:29.592,75,125,124,128,67,45,81,116,135,72,51,53
2026-06-06 18:28:29.626,75,126,124,128,67,45,81,116,135,72,51,53
2026-06-06 18:28:29.627,75,126,124,128,66,46,81,117,134,72,50,53
2026-06-06 18:28:29.658,75,126,124,128,65,46,81,118,134,72,50,53
2026-06-06 18:28:29.694,75,126,124,128,64,47,81,119,133,72,50,53
2026-06-06 18:28:29.726,75,126,123,128,64,47,81,119,133,72,50,53
2026-06-06 18:28:29.727,75,126,123,128,64,48,81,119,132,72,50,54
2026-06-06 18:28:29.759,75,126,123,128,63,48,81,120,132,72,50,54
2026-06-06 18:28:29.792,75,126,123,128,62,49,81,121,131,72,50,54
2026-06-06 18:28:29.826,75,127,123,128,62,49,81,121,131,72,50,54
2026-06-06 18:28:29.828,75,127,123,128,61,50,81,122,130,72,49,54
2026-06-06 18:28:29.891,75,127,123,128,60,51,81,123,129,72,49,54
2026-06-06 18:28:29.925,75,127,123,128,59,51,81,124,129,72,49,54
2026-06-06 18:28:29.959,75,127,123,128,58,52,81,125,128,72,49,54
2026-06-06 18:28:29.992,75,127,122,128,58,52,81,125,128,72,49,54
2026-06-06 18:28:29.992,75,127,122,128,58,53,81,125,127,72,49,55
2026-06-06 18:28:30.026,75,128,122,128,58,53,81,125,127,72,49,55
2026-06-06 18:28:30.027,75,128,122,128,57,53,81,126,127,72,48,55
2026-06-06 18:28:30.060,75,128,122,128,56,54,81,127,126,72,48,55
2026-06-06 18:28:30.092,75,128,122,128,56,55,81,127,125,72,48,55
2026-06-06 18:28:30.126,75,128,122,128,55,55,81,128,125,72,48,55
